  0
SECTION
  2
HEADER
  9
$ANGBASE
  50
0.0
  9
$ANGDIR
  70
1
  9
$MEASUREMENT
  70
0
  0
ENDSEC
  0
SECTION
  2
TABLES
  0
TABLE
  2
LTYPE
  70
4
  0
LTYPE
  5
40F
  2
CONTINUOUS
  70
0
  3
Solid line
  72
65
  73
0
  40
0.0
  0
LTYPE
  5
410
  2
DASHDOT
 70
0
  3
Dash Dot ____ _ ____ _
 72
65
 73
4
 40
2.0
 49
1.25
 49
-0.25
 49
0.25
 49
-0.25
  0
LTYPE
  5
411
  2
DASHED
 70
0
  3
Dashed __ __ __ __ __
 72
65
 73
2
 40
0.75
 49
0.5
 49
-0.25
  0
LTYPE
  5
43B
  2
DOTTED
 70
0
  3
Dotted .  .  .  .
 72
65
 73
2
 40
0.2
 49
0.0
 49
-0.2
  0
ENDTAB
  0
TABLE
  2
STYLE
  70
4
  0
STYLE
  2
KICAD
  70
0
  40
0
  41
1
  42
1
  50
0
  71
0
  3
isocp.shx
  0
STYLE
  2
KICADB
  70
0
  40
0
  41
1
  42
1
  50
0
  71
0
  3
isocp.shx
  0
STYLE
  2
KICADI
  70
0
  40
0
  41
1
  42
1
  50
15
  71
0
  3
isocp.shx
  0
STYLE
  2
KICADBI
  70
0
  40
0
  41
1
  42
1
  50
15
  71
0
  3
isocp.shx
  0
ENDTAB
  0
TABLE
  2
LAYER
  70
1
  0
LAYER
  2
BLACK
  70
0
  62
7
  6
CONTINUOUS
  0
ENDTAB
  0
ENDSEC
  0
SECTION
  2
ENTITIES
0
LINE
8
BLACK
6
CONTINUOUS
10
0.1511707086614173
20
-0.2883330708661417
11
0.1512687007874016
21
-0.2883736614173228
0
LINE
8
BLACK
6
CONTINUOUS
10
0.1512687007874016
20
-0.2883736614173228
11
0.1513745275590551
21
-0.2883811811023622
0
LINE
8
BLACK
6
CONTINUOUS
10
0.1513745275590551
20
-0.2883811811023622
11
0.1519151574803149
21
-0.2885880708661417
0
LINE
8
BLACK
6
CONTINUOUS
10
0.1519151574803149
20
-0.2885880708661417
11
0.1556646850393701
21
-0.2904628346456693
0
LINE
8
BLACK
6
CONTINUOUS
10
0.1556646850393701
20
-0.2904628346456693
11
0.1559126771653543
21
-0.2906188976377952
0
LINE
8
BLACK
6
CONTINUOUS
10
0.1559126771653543
20
-0.2906188976377952
11
0.1559846456692913
21
-0.2906487401574803
0
LINE
8
BLACK
6
CONTINUOUS
10
0.1559846456692913
20
-0.2906487401574803
11
0.1560655905511811
21
-0.2907151968503937
0
LINE
8
BLACK
6
CONTINUOUS
10
0.1560655905511811
20
-0.2907151968503937
11
0.1561545669291338
21
-0.2907711811023622
0
LINE
8
BLACK
6
CONTINUOUS
10
0.1561545669291338
20
-0.2907711811023622
11
0.1562057086614173
21
-0.2908301574803149
0
LINE
8
BLACK
6
CONTINUOUS
10
0.1562057086614173
20
-0.2908301574803149
11
0.1564320866141732
21
-0.2910159448818898
0
LINE
8
BLACK
6
CONTINUOUS
10
0.1564320866141732
20
-0.2910159448818898
11
0.1601816141732283
21
-0.2947654724409449
0
LINE
8
BLACK
6
CONTINUOUS
10
0.1601816141732283
20
-0.2947654724409449
11
0.1605488582677165
21
-0.2952129133858268
0
LINE
8
BLACK
6
CONTINUOUS
10
0.1605488582677165
20
-0.2952129133858268
11
0.160632874015748
21
-0.2954157874015748
0
LINE
8
BLACK
6
CONTINUOUS
10
0.160632874015748
20
-0.2954157874015748
11
0.1607635433070866
21
-0.2955921259842519
0
LINE
8
BLACK
6
CONTINUOUS
10
0.1607635433070866
20
-0.2955921259842519
11
0.1609583070866142
21
-0.2961372440944882
0
LINE
8
BLACK
6
CONTINUOUS
10
0.1609583070866142
20
-0.2961372440944882
11
0.1628330708661417
21
-0.3036362992125984
0
LINE
8
BLACK
6
CONTINUOUS
10
0.1628330708661417
20
-0.3036362992125984
11
0.1628478346456693
21
-0.3037361417322835
0
LINE
8
BLACK
6
CONTINUOUS
10
0.1628478346456693
20
-0.3037361417322835
11
0.1628644881889764
21
-0.3037763779527559
0
LINE
8
BLACK
6
CONTINUOUS
10
0.1628644881889764
20
-0.3037763779527559
11
0.1628858267716535
21
-0.3039933858267717
0
LINE
8
BLACK
6
CONTINUOUS
10
0.1628858267716535
20
-0.3039933858267717
11
0.1629177165354331
21
-0.3042088976377953
0
LINE
8
BLACK
6
CONTINUOUS
10
0.1629177165354331
20
-0.3042088976377953
11
0.1629112992125984
21
-0.3042518897637795
0
LINE
8
BLACK
6
CONTINUOUS
10
0.1629112992125984
20
-0.3042518897637795
11
0.162921220472441
21
-0.3043524409448819
0
LINE
8
BLACK
6
CONTINUOUS
10
0.162921220472441
20
-0.3043524409448819
11
0.162921220472441
21
-0.3174757874015748
0
LINE
8
BLACK
6
CONTINUOUS
10
0.162921220472441
20
-0.3174757874015748
11
0.1629112992125984
21
-0.3175762992125984
0
LINE
8
BLACK
6
CONTINUOUS
10
0.1629112992125984
20
-0.3175762992125984
11
0.1629177165354331
21
-0.3176193307086614
0
LINE
8
BLACK
6
CONTINUOUS
10
0.1629177165354331
20
-0.3176193307086614
11
0.1628858267716535
21
-0.3178348031496063
0
LINE
8
BLACK
6
CONTINUOUS
10
0.1628858267716535
20
-0.3178348031496063
11
0.1628644881889764
21
-0.3180518503937008
0
LINE
8
BLACK
6
CONTINUOUS
10
0.1628644881889764
20
-0.3180518503937008
11
0.1628478346456693
21
-0.3180920472440945
0
LINE
8
BLACK
6
CONTINUOUS
10
0.1628478346456693
20
-0.3180920472440945
11
0.1628330708661417
21
-0.3181919291338582
0
LINE
8
BLACK
6
CONTINUOUS
10
0.1628330708661417
20
-0.3181919291338582
11
0.1609583070866142
21
-0.3256909842519685
0
LINE
8
BLACK
6
CONTINUOUS
10
0.1609583070866142
20
-0.3256909842519685
11
0.1607635433070866
21
-0.3262361023622047
0
LINE
8
BLACK
6
CONTINUOUS
10
0.1607635433070866
20
-0.3262361023622047
11
0.1606328346456693
21
-0.3264124409448819
0
LINE
8
BLACK
6
CONTINUOUS
10
0.1606328346456693
20
-0.3264124409448819
11
0.1605488582677165
21
-0.3266152755905511
0
LINE
8
BLACK
6
CONTINUOUS
10
0.1605488582677165
20
-0.3266152755905511
11
0.1601816535433071
21
-0.3270627165354331
0
LINE
8
BLACK
6
CONTINUOUS
10
0.1601816535433071
20
-0.3270627165354331
11
0.1564320866141732
21
-0.3308123228346457
0
LINE
8
BLACK
6
CONTINUOUS
10
0.1564320866141732
20
-0.3308123228346457
11
0.1562057086614173
21
-0.3309980708661417
0
LINE
8
BLACK
6
CONTINUOUS
10
0.1562057086614173
20
-0.3309980708661417
11
0.1561545669291338
21
-0.3310570866141732
0
LINE
8
BLACK
6
CONTINUOUS
10
0.1561545669291338
20
-0.3310570866141732
11
0.1560655905511811
21
-0.331113031496063
0
LINE
8
BLACK
6
CONTINUOUS
10
0.1560655905511811
20
-0.331113031496063
11
0.1559846456692913
21
-0.3311795275590551
0
LINE
8
BLACK
6
CONTINUOUS
10
0.1559846456692913
20
-0.3311795275590551
11
0.1559126771653543
21
-0.3312093307086614
0
LINE
8
BLACK
6
CONTINUOUS
10
0.1559126771653543
20
-0.3312093307086614
11
0.1556646850393701
21
-0.3313654330708661
0
LINE
8
BLACK
6
CONTINUOUS
10
0.1556646850393701
20
-0.3313654330708661
11
0.1519151574803149
21
-0.3332401968503937
0
LINE
8
BLACK
6
CONTINUOUS
10
0.1519151574803149
20
-0.3332401968503937
11
0.1513745275590551
21
-0.3334470866141732
0
LINE
8
BLACK
6
CONTINUOUS
10
0.1513745275590551
20
-0.3334470866141732
11
0.1512687007874016
21
-0.3334545669291338
0
LINE
8
BLACK
6
CONTINUOUS
10
0.1512687007874016
20
-0.3334545669291338
11
0.1511707086614173
21
-0.3334951968503937
0
LINE
8
BLACK
6
CONTINUOUS
10
0.1511707086614173
20
-0.3334951968503937
11
0.1505946456692913
21
-0.3335519291338583
0
LINE
8
BLACK
6
CONTINUOUS
10
0.1505946456692913
20
-0.3335519291338583
11
0.1430955905511811
21
-0.3335519291338583
0
LINE
8
BLACK
6
CONTINUOUS
10
0.1430955905511811
20
-0.3335519291338583
11
0.1425195275590551
21
-0.3334951968503937
0
LINE
8
BLACK
6
CONTINUOUS
10
0.1425195275590551
20
-0.3334951968503937
11
0.1424215354330709
21
-0.3334546062992126
0
LINE
8
BLACK
6
CONTINUOUS
10
0.1424215354330709
20
-0.3334546062992126
11
0.1423156692913386
21
-0.3334470866141732
0
LINE
8
BLACK
6
CONTINUOUS
10
0.1423156692913386
20
-0.3334470866141732
11
0.1417750787401575
21
-0.3332401968503937
0
LINE
8
BLACK
6
CONTINUOUS
10
0.1417750787401575
20
-0.3332401968503937
11
0.139929094488189
21
-0.3323172047244095
0
LINE
8
BLACK
6
CONTINUOUS
10
0.139929094488189
20
-0.3323172047244095
11
0.1376844488188976
21
-0.3345618503937008
0
LINE
8
BLACK
6
CONTINUOUS
10
0.1376844488188976
20
-0.3345618503937008
11
0.1374580708661417
21
-0.3347475984251969
0
LINE
8
BLACK
6
CONTINUOUS
10
0.1374580708661417
20
-0.3347475984251969
11
0.1374069291338583
21
-0.3348066141732283
0
LINE
8
BLACK
6
CONTINUOUS
10
0.1374069291338583
20
-0.3348066141732283
11
0.1373179527559055
21
-0.3348625590551181
0
LINE
8
BLACK
6
CONTINUOUS
10
0.1373179527559055
20
-0.3348625590551181
11
0.1372370078740157
21
-0.3349290551181102
0
LINE
8
BLACK
6
CONTINUOUS
10
0.1372370078740157
20
-0.3349290551181102
11
0.1371650393700787
21
-0.3349588582677165
0
LINE
8
BLACK
6
CONTINUOUS
10
0.1371650393700787
20
-0.3349588582677165
11
0.1369170472440945
21
-0.3351149606299212
0
LINE
8
BLACK
6
CONTINUOUS
10
0.1369170472440945
20
-0.3351149606299212
11
0.1331675196850394
21
-0.3369897244094488
0
LINE
8
BLACK
6
CONTINUOUS
10
0.1331675196850394
20
-0.3369897244094488
11
0.1326268897637795
21
-0.3371966141732283
0
LINE
8
BLACK
6
CONTINUOUS
10
0.1326268897637795
20
-0.3371966141732283
11
0.1314776771653543
21
-0.3372782677165354
0
LINE
8
BLACK
6
CONTINUOUS
10
0.1314776771653543
20
-0.3372782677165354
11
0.1303847244094488
21
-0.336913937007874
0
LINE
8
BLACK
6
CONTINUOUS
10
0.1303847244094488
20
-0.336913937007874
11
0.1295143307086614
21
-0.336159094488189
0
LINE
8
BLACK
6
CONTINUOUS
10
0.1295143307086614
20
-0.336159094488189
11
0.128999094488189
21
-0.3351285826771653
0
LINE
8
BLACK
6
CONTINUOUS
10
0.128999094488189
20
-0.3351285826771653
11
0.1289174409448819
21
-0.3339793700787401
0
LINE
8
BLACK
6
CONTINUOUS
10
0.1289174409448819
20
-0.3339793700787401
11
0.1292817716535433
21
-0.3328864173228346
0
LINE
8
BLACK
6
CONTINUOUS
10
0.1292817716535433
20
-0.3328864173228346
11
0.1300366141732283
21
-0.3320160236220472
0
LINE
8
BLACK
6
CONTINUOUS
10
0.1300366141732283
20
-0.3320160236220472
11
0.1305264960629921
21
-0.3317076771653543
0
LINE
8
BLACK
6
CONTINUOUS
10
0.1305264960629921
20
-0.3317076771653543
11
0.1338474409448819
21
-0.3300472047244095
0
LINE
8
BLACK
6
CONTINUOUS
10
0.1338474409448819
20
-0.3300472047244095
11
0.1351702362204724
21
-0.3287243700787402
0
LINE
8
BLACK
6
CONTINUOUS
10
0.1351702362204724
20
-0.3287243700787402
11
0.1335086220472441
21
-0.3270627559055118
0
LINE
8
BLACK
6
CONTINUOUS
10
0.1335086220472441
20
-0.3270627559055118
11
0.1331413779527559
21
-0.3266152755905511
0
LINE
8
BLACK
6
CONTINUOUS
10
0.1331413779527559
20
-0.3266152755905511
11
0.1330573622047244
21
-0.3264124409448819
0
LINE
8
BLACK
6
CONTINUOUS
10
0.1330573622047244
20
-0.3264124409448819
11
0.1329266929133858
21
-0.3262361023622047
0
LINE
8
BLACK
6
CONTINUOUS
10
0.1329266929133858
20
-0.3262361023622047
11
0.1327319291338583
21
-0.3256909842519685
0
LINE
8
BLACK
6
CONTINUOUS
10
0.1327319291338583
20
-0.3256909842519685
11
0.1308571653543307
21
-0.3181919291338582
0
LINE
8
BLACK
6
CONTINUOUS
10
0.1308571653543307
20
-0.3181919291338582
11
0.1308423622047244
21
-0.3180920472440945
0
LINE
8
BLACK
6
CONTINUOUS
10
0.1308423622047244
20
-0.3180920472440945
11
0.130825748031496
21
-0.3180518503937008
0
LINE
8
BLACK
6
CONTINUOUS
10
0.130825748031496
20
-0.3180518503937008
11
0.1308043700787402
21
-0.3178348031496063
0
LINE
8
BLACK
6
CONTINUOUS
10
0.1308043700787402
20
-0.3178348031496063
11
0.1307725196850394
21
-0.3176193307086614
0
LINE
8
BLACK
6
CONTINUOUS
10
0.1307725196850394
20
-0.3176193307086614
11
0.1307788976377953
21
-0.3175762992125984
0
LINE
8
BLACK
6
CONTINUOUS
10
0.1307788976377953
20
-0.3175762992125984
11
0.1307690157480315
21
-0.3174757874015748
0
LINE
8
BLACK
6
CONTINUOUS
10
0.1307690157480315
20
-0.3174757874015748
11
0.1307690157480315
21
-0.3043524409448819
0
LINE
8
BLACK
6
CONTINUOUS
10
0.1307690157480315
20
-0.3043524409448819
11
0.1307788976377953
21
-0.3042518897637795
0
LINE
8
BLACK
6
CONTINUOUS
10
0.1307788976377953
20
-0.3042518897637795
11
0.1307725196850394
21
-0.3042088976377953
0
LINE
8
BLACK
6
CONTINUOUS
10
0.1307725196850394
20
-0.3042088976377953
11
0.1308043700787402
21
-0.3039933858267717
0
LINE
8
BLACK
6
CONTINUOUS
10
0.1308043700787402
20
-0.3039933858267717
11
0.130825748031496
21
-0.3037763779527559
0
LINE
8
BLACK
6
CONTINUOUS
10
0.130825748031496
20
-0.3037763779527559
11
0.1308423622047244
21
-0.3037361417322835
0
LINE
8
BLACK
6
CONTINUOUS
10
0.1308423622047244
20
-0.3037361417322835
11
0.1308571653543307
21
-0.3036362992125984
0
LINE
8
BLACK
6
CONTINUOUS
10
0.1308571653543307
20
-0.3036362992125984
11
0.1327319291338583
21
-0.2961372440944882
0
LINE
8
BLACK
6
CONTINUOUS
10
0.1327319291338583
20
-0.2961372440944882
11
0.1329266929133858
21
-0.2955921259842519
0
LINE
8
BLACK
6
CONTINUOUS
10
0.1329266929133858
20
-0.2955921259842519
11
0.1330574015748031
21
-0.2954156692913386
0
LINE
8
BLACK
6
CONTINUOUS
10
0.1330574015748031
20
-0.2954156692913386
11
0.1331414173228346
21
-0.2952129133858268
0
LINE
8
BLACK
6
CONTINUOUS
10
0.1331414173228346
20
-0.2952129133858268
11
0.1335086220472441
21
-0.2947654724409449
0
LINE
8
BLACK
6
CONTINUOUS
10
0.1335086220472441
20
-0.2947654724409449
11
0.1372581496062992
21
-0.2910159448818898
0
LINE
8
BLACK
6
CONTINUOUS
10
0.1372581496062992
20
-0.2910159448818898
11
0.1374845275590551
21
-0.2908300787401575
0
LINE
8
BLACK
6
CONTINUOUS
10
0.1374845275590551
20
-0.2908300787401575
11
0.1375356692913386
21
-0.2907711811023622
0
LINE
8
BLACK
6
CONTINUOUS
10
0.1375356692913386
20
-0.2907711811023622
11
0.1376244094488189
21
-0.2907152755905512
0
LINE
8
BLACK
6
CONTINUOUS
10
0.1376244094488189
20
-0.2907152755905512
11
0.1377055905511811
21
-0.2906487007874016
0
LINE
8
BLACK
6
CONTINUOUS
10
0.1377055905511811
20
-0.2906487007874016
11
0.1377777165354331
21
-0.2906188188976378
0
LINE
8
BLACK
6
CONTINUOUS
10
0.1377777165354331
20
-0.2906188188976378
11
0.1380255511811024
21
-0.2904628346456693
0
LINE
8
BLACK
6
CONTINUOUS
10
0.1380255511811024
20
-0.2904628346456693
11
0.1417750787401575
21
-0.2885880708661417
0
LINE
8
BLACK
6
CONTINUOUS
10
0.1417750787401575
20
-0.2885880708661417
11
0.1423156692913386
21
-0.2883811811023622
0
LINE
8
BLACK
6
CONTINUOUS
10
0.1423156692913386
20
-0.2883811811023622
11
0.1424215354330709
21
-0.2883736220472441
0
LINE
8
BLACK
6
CONTINUOUS
10
0.1424215354330709
20
-0.2883736220472441
11
0.1425195275590551
21
-0.2883330708661417
0
LINE
8
BLACK
6
CONTINUOUS
10
0.1425195275590551
20
-0.2883330708661417
11
0.1430955905511811
21
-0.2882763385826771
0
LINE
8
BLACK
6
CONTINUOUS
10
0.1430955905511811
20
-0.2882763385826771
11
0.1505946456692913
21
-0.2882763385826771
0
LINE
8
BLACK
6
CONTINUOUS
10
0.1505946456692913
20
-0.2882763385826771
11
0.1511707086614173
21
-0.2883330708661417
0
LINE
8
BLACK
6
CONTINUOUS
10
0.141095157480315
20
-0.2955305905511811
11
0.1382627559055118
21
-0.2983629527559055
0
LINE
8
BLACK
6
CONTINUOUS
10
0.1382627559055118
20
-0.2983629527559055
11
0.1366745275590551
21
-0.3047159842519685
0
LINE
8
BLACK
6
CONTINUOUS
10
0.1366745275590551
20
-0.3047159842519685
11
0.1366745275590551
21
-0.3171122440944882
0
LINE
8
BLACK
6
CONTINUOUS
10
0.1366745275590551
20
-0.3171122440944882
11
0.1382627559055118
21
-0.3234652362204724
0
LINE
8
BLACK
6
CONTINUOUS
10
0.1382627559055118
20
-0.3234652362204724
11
0.139346062992126
21
-0.3245485433070866
0
LINE
8
BLACK
6
CONTINUOUS
10
0.139346062992126
20
-0.3245485433070866
11
0.1428824409448819
21
-0.3210121653543307
0
LINE
8
BLACK
6
CONTINUOUS
10
0.1428824409448819
20
-0.3210121653543307
11
0.143108779527559
21
-0.3208263779527559
0
LINE
8
BLACK
6
CONTINUOUS
10
0.143108779527559
20
-0.3208263779527559
11
0.1431599606299213
21
-0.3207674015748032
0
LINE
8
BLACK
6
CONTINUOUS
10
0.1431599606299213
20
-0.3207674015748032
11
0.1432488976377953
21
-0.3207114173228346
0
LINE
8
BLACK
6
CONTINUOUS
10
0.1432488976377953
20
-0.3207114173228346
11
0.1433298818897638
21
-0.3206449606299213
0
LINE
8
BLACK
6
CONTINUOUS
10
0.1433298818897638
20
-0.3206449606299213
11
0.143401811023622
21
-0.3206151181102362
0
LINE
8
BLACK
6
CONTINUOUS
10
0.143401811023622
20
-0.3206151181102362
11
0.143649842519685
21
-0.3204590551181102
0
LINE
8
BLACK
6
CONTINUOUS
10
0.143649842519685
20
-0.3204590551181102
11
0.1473993700787402
21
-0.3185842913385827
0
LINE
8
BLACK
6
CONTINUOUS
10
0.1473993700787402
20
-0.3185842913385827
11
0.1479399606299213
21
-0.3183774015748032
0
LINE
8
BLACK
6
CONTINUOUS
10
0.1479399606299213
20
-0.3183774015748032
11
0.1480458267716535
21
-0.318369842519685
0
LINE
8
BLACK
6
CONTINUOUS
10
0.1480458267716535
20
-0.318369842519685
11
0.1481438188976378
21
-0.3183292913385827
0
LINE
8
BLACK
6
CONTINUOUS
10
0.1481438188976378
20
-0.3183292913385827
11
0.1487198818897638
21
-0.3182725590551181
0
LINE
8
BLACK
6
CONTINUOUS
10
0.1487198818897638
20
-0.3182725590551181
11
0.1524694094488189
21
-0.3182725590551181
0
LINE
8
BLACK
6
CONTINUOUS
10
0.1524694094488189
20
-0.3182725590551181
11
0.1530454724409449
21
-0.3183292913385827
0
LINE
8
BLACK
6
CONTINUOUS
10
0.1530454724409449
20
-0.3183292913385827
11
0.1541098818897638
21
-0.3187701968503937
0
LINE
8
BLACK
6
CONTINUOUS
10
0.1541098818897638
20
-0.3187701968503937
11
0.1549245275590551
21
-0.3195848425196851
0
LINE
8
BLACK
6
CONTINUOUS
10
0.1549245275590551
20
-0.3195848425196851
11
0.1553654330708661
21
-0.3206492519685039
0
LINE
8
BLACK
6
CONTINUOUS
10
0.1553654330708661
20
-0.3206492519685039
11
0.1553654330708661
21
-0.3218013779527559
0
LINE
8
BLACK
6
CONTINUOUS
10
0.1553654330708661
20
-0.3218013779527559
11
0.1549245275590551
21
-0.3228657874015748
0
LINE
8
BLACK
6
CONTINUOUS
10
0.1549245275590551
20
-0.3228657874015748
11
0.1541098818897638
21
-0.3236804330708661
0
LINE
8
BLACK
6
CONTINUOUS
10
0.1541098818897638
20
-0.3236804330708661
11
0.1530454724409449
21
-0.3241213385826772
0
LINE
8
BLACK
6
CONTINUOUS
10
0.1530454724409449
20
-0.3241213385826772
11
0.1524694094488189
21
-0.3241780708661417
0
LINE
8
BLACK
6
CONTINUOUS
10
0.1524694094488189
20
-0.3241780708661417
11
0.1494169291338583
21
-0.3241780708661417
0
LINE
8
BLACK
6
CONTINUOUS
10
0.1494169291338583
20
-0.3241780708661417
11
0.1467194488188976
21
-0.3255267716535433
0
LINE
8
BLACK
6
CONTINUOUS
10
0.1467194488188976
20
-0.3255267716535433
11
0.144599842519685
21
-0.3276464173228346
0
LINE
8
BLACK
6
CONTINUOUS
10
0.144599842519685
20
-0.3276464173228346
11
0.1498975984251968
21
-0.3276464173228346
0
LINE
8
BLACK
6
CONTINUOUS
10
0.1498975984251968
20
-0.3276464173228346
11
0.1525950393700787
21
-0.3262976771653543
0
LINE
8
BLACK
6
CONTINUOUS
10
0.1525950393700787
20
-0.3262976771653543
11
0.1554274409448819
21
-0.3234652362204724
0
LINE
8
BLACK
6
CONTINUOUS
10
0.1554274409448819
20
-0.3234652362204724
11
0.1570157086614173
21
-0.3171122440944882
0
LINE
8
BLACK
6
CONTINUOUS
10
0.1570157086614173
20
-0.3171122440944882
11
0.1570157086614173
21
-0.3047159842519685
0
LINE
8
BLACK
6
CONTINUOUS
10
0.1570157086614173
20
-0.3047159842519685
11
0.1554274409448819
21
-0.2983629527559055
0
LINE
8
BLACK
6
CONTINUOUS
10
0.1554274409448819
20
-0.2983629527559055
11
0.1525950787401575
21
-0.2955305905511811
0
LINE
8
BLACK
6
CONTINUOUS
10
0.1525950787401575
20
-0.2955305905511811
11
0.1498975984251968
21
-0.2941818503937008
0
LINE
8
BLACK
6
CONTINUOUS
10
0.1498975984251968
20
-0.2941818503937008
11
0.1437926377952756
21
-0.2941818503937008
0
LINE
8
BLACK
6
CONTINUOUS
10
0.1437926377952756
20
-0.2941818503937008
11
0.141095157480315
21
-0.2955305905511811
0
LINE
8
BLACK
6
CONTINUOUS
10
-0.1097110236220472
20
-0.2883330708661417
11
-0.1094217322834646
21
-0.2883330708661417
0
LINE
8
BLACK
6
CONTINUOUS
10
-0.1094217322834646
20
-0.2883330708661417
11
-0.1091516535433071
21
-0.2884449212598425
0
LINE
8
BLACK
6
CONTINUOUS
10
-0.1091516535433071
20
-0.2884449212598425
11
-0.108865
21
-0.2885022834645669
0
LINE
8
BLACK
6
CONTINUOUS
10
-0.108865
20
-0.2885022834645669
11
-0.1086246456692913
21
-0.2886632283464567
0
LINE
8
BLACK
6
CONTINUOUS
10
-0.1086246456692913
20
-0.2886632283464567
11
-0.1083573228346457
21
-0.2887739763779528
0
LINE
8
BLACK
6
CONTINUOUS
10
-0.1083573228346457
20
-0.2887739763779528
11
-0.1081506299212598
21
-0.2889806692913386
0
LINE
8
BLACK
6
CONTINUOUS
10
-0.1081506299212598
20
-0.2889806692913386
11
-0.1079077165354331
21
-0.2891433464566929
0
LINE
8
BLACK
6
CONTINUOUS
10
-0.1079077165354331
20
-0.2891433464566929
11
-0.1075447244094488
21
-0.2895865748031496
0
LINE
8
BLACK
6
CONTINUOUS
10
-0.1075447244094488
20
-0.2895865748031496
11
-0.1075426771653543
21
-0.2895886220472441
0
LINE
8
BLACK
6
CONTINUOUS
10
-0.1075426771653543
20
-0.2895886220472441
11
-0.1075423228346457
21
-0.2895894881889764
0
LINE
8
BLACK
6
CONTINUOUS
10
-0.1075423228346457
20
-0.2895894881889764
11
-0.1075409448818898
21
-0.2895911811023622
0
LINE
8
BLACK
6
CONTINUOUS
10
-0.1075409448818898
20
-0.2895911811023622
11
-0.1039536220472441
21
-0.2949722047244094
0
LINE
8
BLACK
6
CONTINUOUS
10
-0.1039536220472441
20
-0.2949722047244094
11
-0.1007496456692913
21
-0.2981761811023622
0
LINE
8
BLACK
6
CONTINUOUS
10
-0.1007496456692913
20
-0.2981761811023622
11
-0.0974287007874016
21
-0.2998366535433071
0
LINE
8
BLACK
6
CONTINUOUS
10
-0.0974287007874016
20
-0.2998366535433071
11
-0.0969388188976378
21
-0.300145
0
LINE
8
BLACK
6
CONTINUOUS
10
-0.0969388188976378
20
-0.300145
11
-0.0961839763779528
21
-0.3010153937007874
0
LINE
8
BLACK
6
CONTINUOUS
10
-0.0961839763779528
20
-0.3010153937007874
11
-0.0958196456692913
21
-0.3021083464566929
0
LINE
8
BLACK
6
CONTINUOUS
10
-0.0958196456692913
20
-0.3021083464566929
11
-0.0959012992125984
21
-0.3032575590551181
0
LINE
8
BLACK
6
CONTINUOUS
10
-0.0959012992125984
20
-0.3032575590551181
11
-0.0964165748031496
21
-0.3042880708661417
0
LINE
8
BLACK
6
CONTINUOUS
10
-0.0964165748031496
20
-0.3042880708661417
11
-0.0972869291338583
21
-0.3050429133858268
0
LINE
8
BLACK
6
CONTINUOUS
10
-0.0972869291338583
20
-0.3050429133858268
11
-0.0983799212598425
21
-0.3054072440944882
0
LINE
8
BLACK
6
CONTINUOUS
10
-0.0983799212598425
20
-0.3054072440944882
11
-0.0995291338582677
21
-0.3053255905511811
0
LINE
8
BLACK
6
CONTINUOUS
10
-0.0995291338582677
20
-0.3053255905511811
11
-0.1000697244094488
21
-0.3051187007874016
0
LINE
8
BLACK
6
CONTINUOUS
10
-0.1000697244094488
20
-0.3051187007874016
11
-0.1038192519685039
21
-0.303243937007874
0
LINE
8
BLACK
6
CONTINUOUS
10
-0.1038192519685039
20
-0.303243937007874
11
-0.1040670866141732
21
-0.3030879133858267
0
LINE
8
BLACK
6
CONTINUOUS
10
-0.1040670866141732
20
-0.3030879133858267
11
-0.1041392125984252
21
-0.3030580708661417
0
LINE
8
BLACK
6
CONTINUOUS
10
-0.1041392125984252
20
-0.3030580708661417
11
-0.1042203937007874
21
-0.3029914566929134
0
LINE
8
BLACK
6
CONTINUOUS
10
-0.1042203937007874
20
-0.3029914566929134
11
-0.1043091338582677
21
-0.3029355905511811
0
LINE
8
BLACK
6
CONTINUOUS
10
-0.1043091338582677
20
-0.3029355905511811
11
-0.1043602755905512
21
-0.3028766535433071
0
LINE
8
BLACK
6
CONTINUOUS
10
-0.1043602755905512
20
-0.3028766535433071
11
-0.1045866535433071
21
-0.3026908267716535
0
LINE
8
BLACK
6
CONTINUOUS
10
-0.1045866535433071
20
-0.3026908267716535
11
-0.1070450393700787
21
-0.3002324409448819
0
LINE
8
BLACK
6
CONTINUOUS
10
-0.1070450393700787
20
-0.3002324409448819
11
-0.1070450393700787
21
-0.3276464173228346
0
LINE
8
BLACK
6
CONTINUOUS
10
-0.1070450393700787
20
-0.3276464173228346
11
-0.0987492125984252
21
-0.3276464173228346
0
LINE
8
BLACK
6
CONTINUOUS
10
-0.0987492125984252
20
-0.3276464173228346
11
-0.0981731496062992
21
-0.3277031496062992
0
LINE
8
BLACK
6
CONTINUOUS
10
-0.0981731496062992
20
-0.3277031496062992
11
-0.0971087401574803
21
-0.3281440551181102
0
LINE
8
BLACK
6
CONTINUOUS
10
-0.0971087401574803
20
-0.3281440551181102
11
-0.096294094488189
21
-0.3289587007874016
0
LINE
8
BLACK
6
CONTINUOUS
10
-0.096294094488189
20
-0.3289587007874016
11
-0.095853188976378
21
-0.3300231102362204
0
LINE
8
BLACK
6
CONTINUOUS
10
-0.095853188976378
20
-0.3300231102362204
11
-0.095853188976378
21
-0.3311752362204725
0
LINE
8
BLACK
6
CONTINUOUS
10
-0.095853188976378
20
-0.3311752362204725
11
-0.096294094488189
21
-0.3322396456692913
0
LINE
8
BLACK
6
CONTINUOUS
10
-0.096294094488189
20
-0.3322396456692913
11
-0.0971087401574803
21
-0.3330542913385827
0
LINE
8
BLACK
6
CONTINUOUS
10
-0.0971087401574803
20
-0.3330542913385827
11
-0.0981731496062992
21
-0.3334951968503937
0
LINE
8
BLACK
6
CONTINUOUS
10
-0.0981731496062992
20
-0.3334951968503937
11
-0.0987492125984252
21
-0.3335519291338583
0
LINE
8
BLACK
6
CONTINUOUS
10
-0.0987492125984252
20
-0.3335519291338583
11
-0.1212463779527559
21
-0.3335519291338583
0
LINE
8
BLACK
6
CONTINUOUS
10
-0.1212463779527559
20
-0.3335519291338583
11
-0.1218224409448819
21
-0.3334951968503937
0
LINE
8
BLACK
6
CONTINUOUS
10
-0.1218224409448819
20
-0.3334951968503937
11
-0.1228868503937008
21
-0.3330542913385827
0
LINE
8
BLACK
6
CONTINUOUS
10
-0.1228868503937008
20
-0.3330542913385827
11
-0.1237014960629921
21
-0.3322396456692913
0
LINE
8
BLACK
6
CONTINUOUS
10
-0.1237014960629921
20
-0.3322396456692913
11
-0.1241424015748031
21
-0.3311752362204725
0
LINE
8
BLACK
6
CONTINUOUS
10
-0.1241424015748031
20
-0.3311752362204725
11
-0.1241424015748031
21
-0.3300231102362204
0
LINE
8
BLACK
6
CONTINUOUS
10
-0.1241424015748031
20
-0.3300231102362204
11
-0.1237014960629921
21
-0.3289587007874016
0
LINE
8
BLACK
6
CONTINUOUS
10
-0.1237014960629921
20
-0.3289587007874016
11
-0.1228868503937008
21
-0.3281440551181102
0
LINE
8
BLACK
6
CONTINUOUS
10
-0.1228868503937008
20
-0.3281440551181102
11
-0.1218224409448819
21
-0.3277031496062992
0
LINE
8
BLACK
6
CONTINUOUS
10
-0.1218224409448819
20
-0.3277031496062992
11
-0.1212463779527559
21
-0.3276464173228346
0
LINE
8
BLACK
6
CONTINUOUS
10
-0.1212463779527559
20
-0.3276464173228346
11
-0.1129505511811024
21
-0.3276464173228346
0
LINE
8
BLACK
6
CONTINUOUS
10
-0.1129505511811024
20
-0.3276464173228346
11
-0.1129505511811024
21
-0.291229094488189
0
LINE
8
BLACK
6
CONTINUOUS
10
-0.1129505511811024
20
-0.291229094488189
11
-0.1129503543307087
21
-0.2912270078740157
0
LINE
8
BLACK
6
CONTINUOUS
10
-0.1129503543307087
20
-0.2912270078740157
11
-0.1129505511811024
21
-0.2912259842519685
0
LINE
8
BLACK
6
CONTINUOUS
10
-0.1129505511811024
20
-0.2912259842519685
11
-0.1129499606299213
21
-0.2912229527559055
0
LINE
8
BLACK
6
CONTINUOUS
10
-0.1129499606299213
20
-0.2912229527559055
11
-0.1128938188976378
21
-0.290653031496063
0
LINE
8
BLACK
6
CONTINUOUS
10
-0.1128938188976378
20
-0.290653031496063
11
-0.112781968503937
21
-0.2903829133858268
0
LINE
8
BLACK
6
CONTINUOUS
10
-0.112781968503937
20
-0.2903829133858268
11
-0.1127246062992126
21
-0.2900962992125984
0
LINE
8
BLACK
6
CONTINUOUS
10
-0.1127246062992126
20
-0.2900962992125984
11
-0.1125636614173228
21
-0.289855905511811
0
LINE
8
BLACK
6
CONTINUOUS
10
-0.1125636614173228
20
-0.289855905511811
11
-0.1124529133858268
21
-0.2895886220472441
0
LINE
8
BLACK
6
CONTINUOUS
10
-0.1124529133858268
20
-0.2895886220472441
11
-0.1122462204724409
21
-0.2893818897637795
0
LINE
8
BLACK
6
CONTINUOUS
10
-0.1122462204724409
20
-0.2893818897637795
11
-0.1120835433070866
21
-0.2891390157480315
0
LINE
8
BLACK
6
CONTINUOUS
10
-0.1120835433070866
20
-0.2891390157480315
11
-0.1118428346456693
21
-0.2889785039370079
0
LINE
8
BLACK
6
CONTINUOUS
10
-0.1118428346456693
20
-0.2889785039370079
11
-0.1116382677165354
21
-0.2887739763779528
0
LINE
8
BLACK
6
CONTINUOUS
10
-0.1116382677165354
20
-0.2887739763779528
11
-0.1113681889763779
21
-0.2886620866141732
0
LINE
8
BLACK
6
CONTINUOUS
10
-0.1113681889763779
20
-0.2886620866141732
11
-0.1111249212598425
21
-0.2884999212598425
0
LINE
8
BLACK
6
CONTINUOUS
10
-0.1111249212598425
20
-0.2884999212598425
11
-0.1108411417322835
21
-0.2884437795275591
0
LINE
8
BLACK
6
CONTINUOUS
10
-0.1108411417322835
20
-0.2884437795275591
11
-0.1105738582677165
21
-0.2883330708661417
0
LINE
8
BLACK
6
CONTINUOUS
10
-0.1105738582677165
20
-0.2883330708661417
11
-0.1102814566929134
21
-0.2883330708661417
0
LINE
8
BLACK
6
CONTINUOUS
10
-0.1102814566929134
20
-0.2883330708661417
11
-0.1099946850393701
21
-0.2882763385826771
0
LINE
8
BLACK
6
CONTINUOUS
10
-0.1099946850393701
20
-0.2882763385826771
11
-0.1097110236220472
21
-0.2883330708661417
0
LINE
8
BLACK
6
CONTINUOUS
10
-0.0700516535433071
20
-0.2883330708661417
11
-0.0699536614173228
21
-0.2883736614173228
0
LINE
8
BLACK
6
CONTINUOUS
10
-0.0699536614173228
20
-0.2883736614173228
11
-0.0698478346456693
21
-0.2883811811023622
0
LINE
8
BLACK
6
CONTINUOUS
10
-0.0698478346456693
20
-0.2883811811023622
11
-0.0693072047244094
21
-0.2885880708661417
0
LINE
8
BLACK
6
CONTINUOUS
10
-0.0693072047244094
20
-0.2885880708661417
11
-0.0655576771653543
21
-0.2904628346456693
0
LINE
8
BLACK
6
CONTINUOUS
10
-0.0655576771653543
20
-0.2904628346456693
11
-0.0653096850393701
21
-0.2906188976377952
0
LINE
8
BLACK
6
CONTINUOUS
10
-0.0653096850393701
20
-0.2906188976377952
11
-0.0652377165354331
21
-0.2906487401574803
0
LINE
8
BLACK
6
CONTINUOUS
10
-0.0652377165354331
20
-0.2906487401574803
11
-0.0651567716535433
21
-0.2907151968503937
0
LINE
8
BLACK
6
CONTINUOUS
10
-0.0651567716535433
20
-0.2907151968503937
11
-0.0650677952755905
21
-0.2907711811023622
0
LINE
8
BLACK
6
CONTINUOUS
10
-0.0650677952755905
20
-0.2907711811023622
11
-0.0650166535433071
21
-0.2908301574803149
0
LINE
8
BLACK
6
CONTINUOUS
10
-0.0650166535433071
20
-0.2908301574803149
11
-0.0647902755905512
21
-0.2910159448818898
0
LINE
8
BLACK
6
CONTINUOUS
10
-0.0647902755905512
20
-0.2910159448818898
11
-0.0629155118110236
21
-0.2928907086614173
0
LINE
8
BLACK
6
CONTINUOUS
10
-0.0629155118110236
20
-0.2928907086614173
11
-0.0627297637795276
21
-0.2931170472440945
0
LINE
8
BLACK
6
CONTINUOUS
10
-0.0627297637795276
20
-0.2931170472440945
11
-0.0626707480314961
21
-0.2931682283464567
0
LINE
8
BLACK
6
CONTINUOUS
10
-0.0626707480314961
20
-0.2931682283464567
11
-0.0626148031496063
21
-0.2932571653543307
0
LINE
8
BLACK
6
CONTINUOUS
10
-0.0626148031496063
20
-0.2932571653543307
11
-0.0625483070866142
21
-0.2933381496062992
0
LINE
8
BLACK
6
CONTINUOUS
10
-0.0625483070866142
20
-0.2933381496062992
11
-0.0625185039370079
21
-0.2934100787401575
0
LINE
8
BLACK
6
CONTINUOUS
10
-0.0625185039370079
20
-0.2934100787401575
11
-0.0623624015748031
21
-0.2936581102362205
0
LINE
8
BLACK
6
CONTINUOUS
10
-0.0623624015748031
20
-0.2936581102362205
11
-0.0604876377952756
21
-0.2974076377952756
0
LINE
8
BLACK
6
CONTINUOUS
10
-0.0604876377952756
20
-0.2974076377952756
11
-0.0604715354330709
21
-0.2974497244094488
0
LINE
8
BLACK
6
CONTINUOUS
10
-0.0604715354330709
20
-0.2974497244094488
11
-0.0604588188976378
21
-0.2974668897637795
0
LINE
8
BLACK
6
CONTINUOUS
10
-0.0604588188976378
20
-0.2974668897637795
11
-0.0603725196850394
21
-0.2977084645669291
0
LINE
8
BLACK
6
CONTINUOUS
10
-0.0603725196850394
20
-0.2977084645669291
11
-0.0602807480314961
21
-0.2979482283464567
0
LINE
8
BLACK
6
CONTINUOUS
10
-0.0602807480314961
20
-0.2979482283464567
11
-0.0602792519685039
21
-0.2979694881889764
0
LINE
8
BLACK
6
CONTINUOUS
10
-0.0602792519685039
20
-0.2979694881889764
11
-0.0602640551181102
21
-0.2980120078740157
0
LINE
8
BLACK
6
CONTINUOUS
10
-0.0602640551181102
20
-0.2980120078740157
11
-0.0583892913385827
21
-0.305511062992126
0
LINE
8
BLACK
6
CONTINUOUS
10
-0.0583892913385827
20
-0.305511062992126
11
-0.0583745275590551
21
-0.305610905511811
0
LINE
8
BLACK
6
CONTINUOUS
10
-0.0583745275590551
20
-0.305610905511811
11
-0.058357874015748
21
-0.3056511417322835
0
LINE
8
BLACK
6
CONTINUOUS
10
-0.058357874015748
20
-0.3056511417322835
11
-0.0583365354330709
21
-0.3058681496062992
0
LINE
8
BLACK
6
CONTINUOUS
10
-0.0583365354330709
20
-0.3058681496062992
11
-0.0583046456692913
21
-0.3060836614173228
0
LINE
8
BLACK
6
CONTINUOUS
10
-0.0583046456692913
20
-0.3060836614173228
11
-0.058311062992126
21
-0.3061266535433071
0
LINE
8
BLACK
6
CONTINUOUS
10
-0.058311062992126
20
-0.3061266535433071
11
-0.0583011417322835
21
-0.3062272047244095
0
LINE
8
BLACK
6
CONTINUOUS
10
-0.0583011417322835
20
-0.3062272047244095
11
-0.0583011417322835
21
-0.3156010236220472
0
LINE
8
BLACK
6
CONTINUOUS
10
-0.0583011417322835
20
-0.3156010236220472
11
-0.058311062992126
21
-0.3157015354330708
0
LINE
8
BLACK
6
CONTINUOUS
10
-0.058311062992126
20
-0.3157015354330708
11
-0.0583046456692913
21
-0.3157445669291338
0
LINE
8
BLACK
6
CONTINUOUS
10
-0.0583046456692913
20
-0.3157445669291338
11
-0.0583365354330709
21
-0.3159600393700787
0
LINE
8
BLACK
6
CONTINUOUS
10
-0.0583365354330709
20
-0.3159600393700787
11
-0.058357874015748
21
-0.3161770866141732
0
LINE
8
BLACK
6
CONTINUOUS
10
-0.058357874015748
20
-0.3161770866141732
11
-0.0583745275590551
21
-0.3162172834645669
0
LINE
8
BLACK
6
CONTINUOUS
10
-0.0583745275590551
20
-0.3162172834645669
11
-0.0583892913385827
21
-0.3163171653543307
0
LINE
8
BLACK
6
CONTINUOUS
10
-0.0583892913385827
20
-0.3163171653543307
11
-0.0602640551181102
21
-0.323816220472441
0
LINE
8
BLACK
6
CONTINUOUS
10
-0.0602640551181102
20
-0.323816220472441
11
-0.0602792519685039
21
-0.3238587007874016
0
LINE
8
BLACK
6
CONTINUOUS
10
-0.0602792519685039
20
-0.3238587007874016
11
-0.0602807480314961
21
-0.32388
0
LINE
8
BLACK
6
CONTINUOUS
10
-0.0602807480314961
20
-0.32388
11
-0.0603725196850394
21
-0.3241197244094488
0
LINE
8
BLACK
6
CONTINUOUS
10
-0.0603725196850394
20
-0.3241197244094488
11
-0.0604588188976378
21
-0.3243613385826772
0
LINE
8
BLACK
6
CONTINUOUS
10
-0.0604588188976378
20
-0.3243613385826772
11
-0.0604715354330709
21
-0.3243784645669291
0
LINE
8
BLACK
6
CONTINUOUS
10
-0.0604715354330709
20
-0.3243784645669291
11
-0.0604876377952756
21
-0.3244205905511811
0
LINE
8
BLACK
6
CONTINUOUS
10
-0.0604876377952756
20
-0.3244205905511811
11
-0.0623624015748031
21
-0.3281701181102362
0
LINE
8
BLACK
6
CONTINUOUS
10
-0.0623624015748031
20
-0.3281701181102362
11
-0.0625184645669291
21
-0.3284179921259843
0
LINE
8
BLACK
6
CONTINUOUS
10
-0.0625184645669291
20
-0.3284179921259843
11
-0.0625482677165354
21
-0.3284900393700788
0
LINE
8
BLACK
6
CONTINUOUS
10
-0.0625482677165354
20
-0.3284900393700788
11
-0.0626148031496063
21
-0.328571062992126
0
LINE
8
BLACK
6
CONTINUOUS
10
-0.0626148031496063
20
-0.328571062992126
11
-0.0626707480314961
21
-0.32866
0
LINE
8
BLACK
6
CONTINUOUS
10
-0.0626707480314961
20
-0.32866
11
-0.0627297637795276
21
-0.3287111417322834
0
LINE
8
BLACK
6
CONTINUOUS
10
-0.0627297637795276
20
-0.3287111417322834
11
-0.0629155118110236
21
-0.3289375196850394
0
LINE
8
BLACK
6
CONTINUOUS
10
-0.0629155118110236
20
-0.3289375196850394
11
-0.0647902362204724
21
-0.3308122834645669
0
LINE
8
BLACK
6
CONTINUOUS
10
-0.0647902362204724
20
-0.3308122834645669
11
-0.0650166141732283
21
-0.330998031496063
0
LINE
8
BLACK
6
CONTINUOUS
10
-0.0650166141732283
20
-0.330998031496063
11
-0.0650677952755905
21
-0.3310570866141732
0
LINE
8
BLACK
6
CONTINUOUS
10
-0.0650677952755905
20
-0.3310570866141732
11
-0.0651567716535433
21
-0.3311130708661417
0
LINE
8
BLACK
6
CONTINUOUS
10
-0.0651567716535433
20
-0.3311130708661417
11
-0.0652377165354331
21
-0.3311795275590551
0
LINE
8
BLACK
6
CONTINUOUS
10
-0.0652377165354331
20
-0.3311795275590551
11
-0.0653096850393701
21
-0.3312093307086614
0
LINE
8
BLACK
6
CONTINUOUS
10
-0.0653096850393701
20
-0.3312093307086614
11
-0.0655576771653543
21
-0.3313654330708661
0
LINE
8
BLACK
6
CONTINUOUS
10
-0.0655576771653543
20
-0.3313654330708661
11
-0.0693072047244094
21
-0.3332401968503937
0
LINE
8
BLACK
6
CONTINUOUS
10
-0.0693072047244094
20
-0.3332401968503937
11
-0.0698478346456693
21
-0.3334470866141732
0
LINE
8
BLACK
6
CONTINUOUS
10
-0.0698478346456693
20
-0.3334470866141732
11
-0.0699536614173228
21
-0.3334545669291338
0
LINE
8
BLACK
6
CONTINUOUS
10
-0.0699536614173228
20
-0.3334545669291338
11
-0.0700516535433071
21
-0.3334951968503937
0
LINE
8
BLACK
6
CONTINUOUS
10
-0.0700516535433071
20
-0.3334951968503937
11
-0.0706277165354331
21
-0.3335519291338583
0
LINE
8
BLACK
6
CONTINUOUS
10
-0.0706277165354331
20
-0.3335519291338583
11
-0.0743772440944882
21
-0.3335519291338583
0
LINE
8
BLACK
6
CONTINUOUS
10
-0.0743772440944882
20
-0.3335519291338583
11
-0.0749533070866142
21
-0.3334951968503937
0
LINE
8
BLACK
6
CONTINUOUS
10
-0.0749533070866142
20
-0.3334951968503937
11
-0.0750512992125984
21
-0.3334546062992126
0
LINE
8
BLACK
6
CONTINUOUS
10
-0.0750512992125984
20
-0.3334546062992126
11
-0.0751571653543307
21
-0.3334470866141732
0
LINE
8
BLACK
6
CONTINUOUS
10
-0.0751571653543307
20
-0.3334470866141732
11
-0.0756977559055118
21
-0.3332401968503937
0
LINE
8
BLACK
6
CONTINUOUS
10
-0.0756977559055118
20
-0.3332401968503937
11
-0.0794472834645669
21
-0.3313654330708661
0
LINE
8
BLACK
6
CONTINUOUS
10
-0.0794472834645669
20
-0.3313654330708661
11
-0.0796953149606299
21
-0.3312093307086614
0
LINE
8
BLACK
6
CONTINUOUS
10
-0.0796953149606299
20
-0.3312093307086614
11
-0.0797672440944882
21
-0.3311795275590551
0
LINE
8
BLACK
6
CONTINUOUS
10
-0.0797672440944882
20
-0.3311795275590551
11
-0.0798482283464567
21
-0.3311130708661417
0
LINE
8
BLACK
6
CONTINUOUS
10
-0.0798482283464567
20
-0.3311130708661417
11
-0.0799371653543307
21
-0.3310570866141732
0
LINE
8
BLACK
6
CONTINUOUS
10
-0.0799371653543307
20
-0.3310570866141732
11
-0.0799883858267716
21
-0.330998031496063
0
LINE
8
BLACK
6
CONTINUOUS
10
-0.0799883858267716
20
-0.330998031496063
11
-0.0802147244094488
21
-0.3308122834645669
0
LINE
8
BLACK
6
CONTINUOUS
10
-0.0802147244094488
20
-0.3308122834645669
11
-0.0820894881889764
21
-0.3289374803149606
0
LINE
8
BLACK
6
CONTINUOUS
10
-0.0820894881889764
20
-0.3289374803149606
11
-0.0822752362204724
21
-0.3287111417322834
0
LINE
8
BLACK
6
CONTINUOUS
10
-0.0822752362204724
20
-0.3287111417322834
11
-0.0823342125984252
21
-0.32866
0
LINE
8
BLACK
6
CONTINUOUS
10
-0.0823342125984252
20
-0.32866
11
-0.0823901968503937
21
-0.328571062992126
0
LINE
8
BLACK
6
CONTINUOUS
10
-0.0823901968503937
20
-0.328571062992126
11
-0.0824566929133858
21
-0.3284900393700788
0
LINE
8
BLACK
6
CONTINUOUS
10
-0.0824566929133858
20
-0.3284900393700788
11
-0.0824865354330709
21
-0.3284179921259843
0
LINE
8
BLACK
6
CONTINUOUS
10
-0.0824865354330709
20
-0.3284179921259843
11
-0.0826425590551181
21
-0.3281701181102362
0
LINE
8
BLACK
6
CONTINUOUS
10
-0.0826425590551181
20
-0.3281701181102362
11
-0.0845173228346457
21
-0.3244205905511811
0
LINE
8
BLACK
6
CONTINUOUS
10
-0.0845173228346457
20
-0.3244205905511811
11
-0.0845334645669291
21
-0.3243784645669291
0
LINE
8
BLACK
6
CONTINUOUS
10
-0.0845334645669291
20
-0.3243784645669291
11
-0.0845461417322835
21
-0.3243613385826772
0
LINE
8
BLACK
6
CONTINUOUS
10
-0.0845461417322835
20
-0.3243613385826772
11
-0.0846325984251969
21
-0.3241193700787401
0
LINE
8
BLACK
6
CONTINUOUS
10
-0.0846325984251969
20
-0.3241193700787401
11
-0.0847242125984252
21
-0.3238799606299212
0
LINE
8
BLACK
6
CONTINUOUS
10
-0.0847242125984252
20
-0.3238799606299212
11
-0.0847257480314961
21
-0.3238587007874016
0
LINE
8
BLACK
6
CONTINUOUS
10
-0.0847257480314961
20
-0.3238587007874016
11
-0.084740905511811
21
-0.323816220472441
0
LINE
8
BLACK
6
CONTINUOUS
10
-0.084740905511811
20
-0.323816220472441
11
-0.0866156692913386
21
-0.3163171653543307
0
LINE
8
BLACK
6
CONTINUOUS
10
-0.0866156692913386
20
-0.3163171653543307
11
-0.0866304724409449
21
-0.3162172834645669
0
LINE
8
BLACK
6
CONTINUOUS
10
-0.0866304724409449
20
-0.3162172834645669
11
-0.0866470866141732
21
-0.3161770866141732
0
LINE
8
BLACK
6
CONTINUOUS
10
-0.0866470866141732
20
-0.3161770866141732
11
-0.0866684645669291
21
-0.3159600393700787
0
LINE
8
BLACK
6
CONTINUOUS
10
-0.0866684645669291
20
-0.3159600393700787
11
-0.0867003149606299
21
-0.3157445669291338
0
LINE
8
BLACK
6
CONTINUOUS
10
-0.0867003149606299
20
-0.3157445669291338
11
-0.086693937007874
21
-0.3157015354330708
0
LINE
8
BLACK
6
CONTINUOUS
10
-0.086693937007874
20
-0.3157015354330708
11
-0.0867038188976378
21
-0.3156010236220472
0
LINE
8
BLACK
6
CONTINUOUS
10
-0.0867038188976378
20
-0.3156010236220472
11
-0.0867038188976378
21
-0.3062272047244095
0
LINE
8
BLACK
6
CONTINUOUS
10
-0.0867038188976378
20
-0.3062272047244095
11
-0.086693937007874
21
-0.3061266535433071
0
LINE
8
BLACK
6
CONTINUOUS
10
-0.086693937007874
20
-0.3061266535433071
11
-0.0867003149606299
21
-0.3060836614173228
0
LINE
8
BLACK
6
CONTINUOUS
10
-0.0867003149606299
20
-0.3060836614173228
11
-0.0866684645669291
21
-0.3058681496062992
0
LINE
8
BLACK
6
CONTINUOUS
10
-0.0866684645669291
20
-0.3058681496062992
11
-0.0866470866141732
21
-0.3056511417322835
0
LINE
8
BLACK
6
CONTINUOUS
10
-0.0866470866141732
20
-0.3056511417322835
11
-0.0866304724409449
21
-0.305610905511811
0
LINE
8
BLACK
6
CONTINUOUS
10
-0.0866304724409449
20
-0.305610905511811
11
-0.0866156692913386
21
-0.305511062992126
0
LINE
8
BLACK
6
CONTINUOUS
10
-0.0866156692913386
20
-0.305511062992126
11
-0.084740905511811
21
-0.2980120078740157
0
LINE
8
BLACK
6
CONTINUOUS
10
-0.084740905511811
20
-0.2980120078740157
11
-0.0847257480314961
21
-0.2979694881889764
0
LINE
8
BLACK
6
CONTINUOUS
10
-0.0847257480314961
20
-0.2979694881889764
11
-0.0847242125984252
21
-0.2979482677165354
0
LINE
8
BLACK
6
CONTINUOUS
10
-0.0847242125984252
20
-0.2979482677165354
11
-0.0846325984251969
21
-0.2977088188976378
0
LINE
8
BLACK
6
CONTINUOUS
10
-0.0846325984251969
20
-0.2977088188976378
11
-0.0845461417322835
21
-0.2974668897637795
0
LINE
8
BLACK
6
CONTINUOUS
10
-0.0845461417322835
20
-0.2974668897637795
11
-0.0845334645669291
21
-0.2974497244094488
0
LINE
8
BLACK
6
CONTINUOUS
10
-0.0845334645669291
20
-0.2974497244094488
11
-0.0845173228346457
21
-0.2974076377952756
0
LINE
8
BLACK
6
CONTINUOUS
10
-0.0845173228346457
20
-0.2974076377952756
11
-0.0826425590551181
21
-0.2936581102362205
0
LINE
8
BLACK
6
CONTINUOUS
10
-0.0826425590551181
20
-0.2936581102362205
11
-0.0824864960629921
21
-0.2934100787401575
0
LINE
8
BLACK
6
CONTINUOUS
10
-0.0824864960629921
20
-0.2934100787401575
11
-0.0824566535433071
21
-0.2933381496062992
0
LINE
8
BLACK
6
CONTINUOUS
10
-0.0824566535433071
20
-0.2933381496062992
11
-0.0823901968503937
21
-0.2932571653543307
0
LINE
8
BLACK
6
CONTINUOUS
10
-0.0823901968503937
20
-0.2932571653543307
11
-0.0823342125984252
21
-0.2931682283464567
0
LINE
8
BLACK
6
CONTINUOUS
10
-0.0823342125984252
20
-0.2931682283464567
11
-0.0822752362204724
21
-0.2931170472440945
0
LINE
8
BLACK
6
CONTINUOUS
10
-0.0822752362204724
20
-0.2931170472440945
11
-0.0820894488188976
21
-0.2928907086614173
0
LINE
8
BLACK
6
CONTINUOUS
10
-0.0820894488188976
20
-0.2928907086614173
11
-0.0802146850393701
21
-0.2910159448818898
0
LINE
8
BLACK
6
CONTINUOUS
10
-0.0802146850393701
20
-0.2910159448818898
11
-0.0799883464566929
21
-0.2908301574803149
0
LINE
8
BLACK
6
CONTINUOUS
10
-0.0799883464566929
20
-0.2908301574803149
11
-0.0799371653543307
21
-0.2907711811023622
0
LINE
8
BLACK
6
CONTINUOUS
10
-0.0799371653543307
20
-0.2907711811023622
11
-0.0798482283464567
21
-0.2907151968503937
0
LINE
8
BLACK
6
CONTINUOUS
10
-0.0798482283464567
20
-0.2907151968503937
11
-0.0797672440944882
21
-0.2906487401574803
0
LINE
8
BLACK
6
CONTINUOUS
10
-0.0797672440944882
20
-0.2906487401574803
11
-0.0796953149606299
21
-0.2906188976377952
0
LINE
8
BLACK
6
CONTINUOUS
10
-0.0796953149606299
20
-0.2906188976377952
11
-0.0794472834645669
21
-0.2904628346456693
0
LINE
8
BLACK
6
CONTINUOUS
10
-0.0794472834645669
20
-0.2904628346456693
11
-0.0756977559055118
21
-0.2885880708661417
0
LINE
8
BLACK
6
CONTINUOUS
10
-0.0756977559055118
20
-0.2885880708661417
11
-0.0751571653543307
21
-0.2883811811023622
0
LINE
8
BLACK
6
CONTINUOUS
10
-0.0751571653543307
20
-0.2883811811023622
11
-0.0750512992125984
21
-0.2883736220472441
0
LINE
8
BLACK
6
CONTINUOUS
10
-0.0750512992125984
20
-0.2883736220472441
11
-0.0749533070866142
21
-0.2883330708661417
0
LINE
8
BLACK
6
CONTINUOUS
10
-0.0749533070866142
20
-0.2883330708661417
11
-0.0743772440944882
21
-0.2882763385826771
0
LINE
8
BLACK
6
CONTINUOUS
10
-0.0743772440944882
20
-0.2882763385826771
11
-0.0706277165354331
21
-0.2882763385826771
0
LINE
8
BLACK
6
CONTINUOUS
10
-0.0706277165354331
20
-0.2882763385826771
11
-0.0700516535433071
21
-0.2883330708661417
0
LINE
8
BLACK
6
CONTINUOUS
10
-0.0763776771653543
20
-0.2955305905511811
11
-0.0775748031496063
21
-0.2967277165354331
0
LINE
8
BLACK
6
CONTINUOUS
10
-0.0775748031496063
20
-0.2967277165354331
11
-0.0790903149606299
21
-0.2997587007874016
0
LINE
8
BLACK
6
CONTINUOUS
10
-0.0790903149606299
20
-0.2997587007874016
11
-0.0807983070866142
21
-0.3065907480314961
0
LINE
8
BLACK
6
CONTINUOUS
10
-0.0807983070866142
20
-0.3065907480314961
11
-0.0807983070866142
21
-0.3152374803149606
0
LINE
8
BLACK
6
CONTINUOUS
10
-0.0807983070866142
20
-0.3152374803149606
11
-0.0790903149606299
21
-0.3220695275590551
0
LINE
8
BLACK
6
CONTINUOUS
10
-0.0790903149606299
20
-0.3220695275590551
11
-0.0775748031496063
21
-0.3251005118110236
0
LINE
8
BLACK
6
CONTINUOUS
10
-0.0775748031496063
20
-0.3251005118110236
11
-0.0763776771653543
21
-0.3262976771653543
0
LINE
8
BLACK
6
CONTINUOUS
10
-0.0763776771653543
20
-0.3262976771653543
11
-0.0736801968503937
21
-0.3276464173228346
0
LINE
8
BLACK
6
CONTINUOUS
10
-0.0736801968503937
20
-0.3276464173228346
11
-0.0713247637795276
21
-0.3276464173228346
0
LINE
8
BLACK
6
CONTINUOUS
10
-0.0713247637795276
20
-0.3276464173228346
11
-0.0686273228346457
21
-0.3262976771653543
0
LINE
8
BLACK
6
CONTINUOUS
10
-0.0686273228346457
20
-0.3262976771653543
11
-0.0674301968503937
21
-0.3251005118110236
0
LINE
8
BLACK
6
CONTINUOUS
10
-0.0674301968503937
20
-0.3251005118110236
11
-0.0659146850393701
21
-0.3220695275590551
0
LINE
8
BLACK
6
CONTINUOUS
10
-0.0659146850393701
20
-0.3220695275590551
11
-0.0642066535433071
21
-0.3152374803149606
0
LINE
8
BLACK
6
CONTINUOUS
10
-0.0642066535433071
20
-0.3152374803149606
11
-0.0642066535433071
21
-0.3065907480314961
0
LINE
8
BLACK
6
CONTINUOUS
10
-0.0642066535433071
20
-0.3065907480314961
11
-0.0659146850393701
21
-0.2997587007874016
0
LINE
8
BLACK
6
CONTINUOUS
10
-0.0659146850393701
20
-0.2997587007874016
11
-0.067430157480315
21
-0.2967277165354331
0
LINE
8
BLACK
6
CONTINUOUS
10
-0.067430157480315
20
-0.2967277165354331
11
-0.0686272834645669
21
-0.2955305905511811
0
LINE
8
BLACK
6
CONTINUOUS
10
-0.0686272834645669
20
-0.2955305905511811
11
-0.0713247637795276
21
-0.2941818503937008
0
LINE
8
BLACK
6
CONTINUOUS
10
-0.0713247637795276
20
-0.2941818503937008
11
-0.0736801968503937
21
-0.2941818503937008
0
LINE
8
BLACK
6
CONTINUOUS
10
-0.0736801968503937
20
-0.2941818503937008
11
-0.0763776771653543
21
-0.2955305905511811
0
LINE
8
BLACK
6
CONTINUOUS
10
-0.0296171653543307
20
-0.2887739763779528
11
-0.0288025196850394
21
-0.2895886220472441
0
LINE
8
BLACK
6
CONTINUOUS
10
-0.0288025196850394
20
-0.2895886220472441
11
-0.0283616141732283
21
-0.290653031496063
0
LINE
8
BLACK
6
CONTINUOUS
10
-0.0283616141732283
20
-0.290653031496063
11
-0.0283048818897638
21
-0.291229094488189
0
LINE
8
BLACK
6
CONTINUOUS
10
-0.0283048818897638
20
-0.291229094488189
11
-0.0283048818897638
21
-0.3305991732283465
0
LINE
8
BLACK
6
CONTINUOUS
10
-0.0283048818897638
20
-0.3305991732283465
11
-0.0283616141732283
21
-0.3311752362204725
0
LINE
8
BLACK
6
CONTINUOUS
10
-0.0283616141732283
20
-0.3311752362204725
11
-0.0288025196850394
21
-0.3322396456692913
0
LINE
8
BLACK
6
CONTINUOUS
10
-0.0288025196850394
20
-0.3322396456692913
11
-0.0296171653543307
21
-0.3330542913385827
0
LINE
8
BLACK
6
CONTINUOUS
10
-0.0296171653543307
20
-0.3330542913385827
11
-0.0306815748031496
21
-0.3334951968503937
0
LINE
8
BLACK
6
CONTINUOUS
10
-0.0306815748031496
20
-0.3334951968503937
11
-0.0312576377952756
21
-0.3335519291338583
0
LINE
8
BLACK
6
CONTINUOUS
10
-0.0312576377952756
20
-0.3335519291338583
11
-0.0500052755905512
21
-0.3335519291338583
0
LINE
8
BLACK
6
CONTINUOUS
10
-0.0500052755905512
20
-0.3335519291338583
11
-0.0505813385826772
21
-0.3334951968503937
0
LINE
8
BLACK
6
CONTINUOUS
10
-0.0505813385826772
20
-0.3334951968503937
11
-0.0516457480314961
21
-0.3330542913385827
0
LINE
8
BLACK
6
CONTINUOUS
10
-0.0516457480314961
20
-0.3330542913385827
11
-0.0524603937007874
21
-0.3322396456692913
0
LINE
8
BLACK
6
CONTINUOUS
10
-0.0524603937007874
20
-0.3322396456692913
11
-0.0529012992125984
21
-0.3311752362204725
0
LINE
8
BLACK
6
CONTINUOUS
10
-0.0529012992125984
20
-0.3311752362204725
11
-0.0529012992125984
21
-0.3300231102362204
0
LINE
8
BLACK
6
CONTINUOUS
10
-0.0529012992125984
20
-0.3300231102362204
11
-0.0524603937007874
21
-0.3289587007874016
0
LINE
8
BLACK
6
CONTINUOUS
10
-0.0524603937007874
20
-0.3289587007874016
11
-0.0516457480314961
21
-0.3281440551181102
0
LINE
8
BLACK
6
CONTINUOUS
10
-0.0516457480314961
20
-0.3281440551181102
11
-0.0505813385826772
21
-0.3277031496062992
0
LINE
8
BLACK
6
CONTINUOUS
10
-0.0505813385826772
20
-0.3277031496062992
11
-0.0500052755905512
21
-0.3276464173228346
0
LINE
8
BLACK
6
CONTINUOUS
10
-0.0500052755905512
20
-0.3276464173228346
11
-0.0342103937007874
21
-0.3276464173228346
0
LINE
8
BLACK
6
CONTINUOUS
10
-0.0342103937007874
20
-0.3276464173228346
11
-0.0342103937007874
21
-0.291229094488189
0
LINE
8
BLACK
6
CONTINUOUS
10
-0.0342103937007874
20
-0.291229094488189
11
-0.0341536614173228
21
-0.290653031496063
0
LINE
8
BLACK
6
CONTINUOUS
10
-0.0341536614173228
20
-0.290653031496063
11
-0.0337127559055118
21
-0.2895886220472441
0
LINE
8
BLACK
6
CONTINUOUS
10
-0.0337127559055118
20
-0.2895886220472441
11
-0.0328981102362205
21
-0.2887739763779528
0
LINE
8
BLACK
6
CONTINUOUS
10
-0.0328981102362205
20
-0.2887739763779528
11
-0.0318337007874016
21
-0.2883330708661417
0
LINE
8
BLACK
6
CONTINUOUS
10
-0.0318337007874016
20
-0.2883330708661417
11
-0.0306815748031496
21
-0.2883330708661417
0
LINE
8
BLACK
6
CONTINUOUS
10
-0.0306815748031496
20
-0.2883330708661417
11
-0.0296171653543307
21
-0.2887739763779528
0
LINE
8
BLACK
6
CONTINUOUS
10
0.0424342913385827
20
-0.2883330708661417
11
0.0434987007874016
21
-0.2887739763779528
0
LINE
8
BLACK
6
CONTINUOUS
10
0.0434987007874016
20
-0.2887739763779528
11
0.0443133464566929
21
-0.2895886220472441
0
LINE
8
BLACK
6
CONTINUOUS
10
0.0443133464566929
20
-0.2895886220472441
11
0.0447542519685039
21
-0.290653031496063
0
LINE
8
BLACK
6
CONTINUOUS
10
0.0447542519685039
20
-0.290653031496063
11
0.0448109842519685
21
-0.291229094488189
0
LINE
8
BLACK
6
CONTINUOUS
10
0.0448109842519685
20
-0.291229094488189
11
0.0448109842519685
21
-0.3305991732283465
0
LINE
8
BLACK
6
CONTINUOUS
10
0.0448109842519685
20
-0.3305991732283465
11
0.0447542519685039
21
-0.3311752362204725
0
LINE
8
BLACK
6
CONTINUOUS
10
0.0447542519685039
20
-0.3311752362204725
11
0.0443133464566929
21
-0.3322396456692913
0
LINE
8
BLACK
6
CONTINUOUS
10
0.0443133464566929
20
-0.3322396456692913
11
0.0434987007874016
21
-0.3330542913385827
0
LINE
8
BLACK
6
CONTINUOUS
10
0.0434987007874016
20
-0.3330542913385827
11
0.0424342913385827
21
-0.3334951968503937
0
LINE
8
BLACK
6
CONTINUOUS
10
0.0424342913385827
20
-0.3334951968503937
11
0.0418582283464567
21
-0.3335519291338583
0
LINE
8
BLACK
6
CONTINUOUS
10
0.0418582283464567
20
-0.3335519291338583
11
0.0268601181102362
21
-0.3335519291338583
0
LINE
8
BLACK
6
CONTINUOUS
10
0.0268601181102362
20
-0.3335519291338583
11
0.0262840551181102
21
-0.3334951968503937
0
LINE
8
BLACK
6
CONTINUOUS
10
0.0262840551181102
20
-0.3334951968503937
11
0.026186062992126
21
-0.3334546062992126
0
LINE
8
BLACK
6
CONTINUOUS
10
0.026186062992126
20
-0.3334546062992126
11
0.0260801968503937
21
-0.3334470866141732
0
LINE
8
BLACK
6
CONTINUOUS
10
0.0260801968503937
20
-0.3334470866141732
11
0.0255396062992126
21
-0.3332401968503937
0
LINE
8
BLACK
6
CONTINUOUS
10
0.0255396062992126
20
-0.3332401968503937
11
0.0217900787401575
21
-0.3313654330708661
0
LINE
8
BLACK
6
CONTINUOUS
10
0.0217900787401575
20
-0.3313654330708661
11
0.0215420472440945
21
-0.3312093307086614
0
LINE
8
BLACK
6
CONTINUOUS
10
0.0215420472440945
20
-0.3312093307086614
11
0.0214701181102362
21
-0.3311795275590551
0
LINE
8
BLACK
6
CONTINUOUS
10
0.0214701181102362
20
-0.3311795275590551
11
0.0213891338582677
21
-0.3311130708661417
0
LINE
8
BLACK
6
CONTINUOUS
10
0.0213891338582677
20
-0.3311130708661417
11
0.0213001968503937
21
-0.3310570866141732
0
LINE
8
BLACK
6
CONTINUOUS
10
0.0213001968503937
20
-0.3310570866141732
11
0.0212489763779528
21
-0.330998031496063
0
LINE
8
BLACK
6
CONTINUOUS
10
0.0212489763779528
20
-0.330998031496063
11
0.0210226377952756
21
-0.3308122834645669
0
LINE
8
BLACK
6
CONTINUOUS
10
0.0210226377952756
20
-0.3308122834645669
11
0.019147874015748
21
-0.3289374803149606
0
LINE
8
BLACK
6
CONTINUOUS
10
0.019147874015748
20
-0.3289374803149606
11
0.018962125984252
21
-0.3287111417322834
0
LINE
8
BLACK
6
CONTINUOUS
10
0.018962125984252
20
-0.3287111417322834
11
0.0189031496062992
21
-0.32866
0
LINE
8
BLACK
6
CONTINUOUS
10
0.0189031496062992
20
-0.32866
11
0.0188471653543307
21
-0.328571062992126
0
LINE
8
BLACK
6
CONTINUOUS
10
0.0188471653543307
20
-0.328571062992126
11
0.0187806692913386
21
-0.3284900393700788
0
LINE
8
BLACK
6
CONTINUOUS
10
0.0187806692913386
20
-0.3284900393700788
11
0.0187508267716535
21
-0.3284179921259843
0
LINE
8
BLACK
6
CONTINUOUS
10
0.0187508267716535
20
-0.3284179921259843
11
0.0185948031496063
21
-0.3281701181102362
0
LINE
8
BLACK
6
CONTINUOUS
10
0.0185948031496063
20
-0.3281701181102362
11
0.0167200393700787
21
-0.3244205905511811
0
LINE
8
BLACK
6
CONTINUOUS
10
0.0167200393700787
20
-0.3244205905511811
11
0.0165131496062992
21
-0.3238799606299212
0
LINE
8
BLACK
6
CONTINUOUS
10
0.0165131496062992
20
-0.3238799606299212
11
0.0165056299212598
21
-0.3237741338582677
0
LINE
8
BLACK
6
CONTINUOUS
10
0.0165056299212598
20
-0.3237741338582677
11
0.0164650393700787
21
-0.3236761417322835
0
LINE
8
BLACK
6
CONTINUOUS
10
0.0164650393700787
20
-0.3236761417322835
11
0.0164083070866142
21
-0.3231000787401574
0
LINE
8
BLACK
6
CONTINUOUS
10
0.0164083070866142
20
-0.3231000787401574
11
0.0164083070866142
21
-0.3174757874015748
0
LINE
8
BLACK
6
CONTINUOUS
10
0.0164083070866142
20
-0.3174757874015748
11
0.0164650393700787
21
-0.3168997244094488
0
LINE
8
BLACK
6
CONTINUOUS
10
0.0164650393700787
20
-0.3168997244094488
11
0.0165056299212598
21
-0.3168016929133858
0
LINE
8
BLACK
6
CONTINUOUS
10
0.0165056299212598
20
-0.3168016929133858
11
0.0165131496062992
21
-0.316695905511811
0
LINE
8
BLACK
6
CONTINUOUS
10
0.0165131496062992
20
-0.316695905511811
11
0.0167200393700787
21
-0.3161552755905512
0
LINE
8
BLACK
6
CONTINUOUS
10
0.0167200393700787
20
-0.3161552755905512
11
0.0185948031496063
21
-0.3124057480314961
0
LINE
8
BLACK
6
CONTINUOUS
10
0.0185948031496063
20
-0.3124057480314961
11
0.0187508661417323
21
-0.3121577165354331
0
LINE
8
BLACK
6
CONTINUOUS
10
0.0187508661417323
20
-0.3121577165354331
11
0.0187807086614173
21
-0.3120857874015748
0
LINE
8
BLACK
6
CONTINUOUS
10
0.0187807086614173
20
-0.3120857874015748
11
0.0188471653543307
21
-0.3120048031496063
0
LINE
8
BLACK
6
CONTINUOUS
10
0.0188471653543307
20
-0.3120048031496063
11
0.0189031496062992
21
-0.3119158661417323
0
LINE
8
BLACK
6
CONTINUOUS
10
0.0189031496062992
20
-0.3119158661417323
11
0.018962125984252
21
-0.3118646850393701
0
LINE
8
BLACK
6
CONTINUOUS
10
0.018962125984252
20
-0.3118646850393701
11
0.0191479133858268
21
-0.3116383464566929
0
LINE
8
BLACK
6
CONTINUOUS
10
0.0191479133858268
20
-0.3116383464566929
11
0.0210226771653543
21
-0.3097635826771654
0
LINE
8
BLACK
6
CONTINUOUS
10
0.0210226771653543
20
-0.3097635826771654
11
0.0214701181102362
21
-0.3093963779527559
0
LINE
8
BLACK
6
CONTINUOUS
10
0.0214701181102362
20
-0.3093963779527559
11
0.0215680708661417
21
-0.3093557874015748
0
LINE
8
BLACK
6
CONTINUOUS
10
0.0215680708661417
20
-0.3093557874015748
11
0.0216482677165354
21
-0.3092862598425197
0
LINE
8
BLACK
6
CONTINUOUS
10
0.0216482677165354
20
-0.3092862598425197
11
0.021887125984252
21
-0.3091795669291338
0
LINE
8
BLACK
6
CONTINUOUS
10
0.021887125984252
20
-0.3091795669291338
11
0.0210226771653543
21
-0.3083151181102362
0
LINE
8
BLACK
6
CONTINUOUS
10
0.0210226771653543
20
-0.3083151181102362
11
0.0208368897637795
21
-0.3080887401574803
0
LINE
8
BLACK
6
CONTINUOUS
10
0.0208368897637795
20
-0.3080887401574803
11
0.0207779133858268
21
-0.3080375984251968
0
LINE
8
BLACK
6
CONTINUOUS
10
0.0207779133858268
20
-0.3080375984251968
11
0.0207219291338583
21
-0.3079486220472441
0
LINE
8
BLACK
6
CONTINUOUS
10
0.0207219291338583
20
-0.3079486220472441
11
0.0206554724409449
21
-0.3078676771653543
0
LINE
8
BLACK
6
CONTINUOUS
10
0.0206554724409449
20
-0.3078676771653543
11
0.0206256299212598
21
-0.3077957086614173
0
LINE
8
BLACK
6
CONTINUOUS
10
0.0206256299212598
20
-0.3077957086614173
11
0.0204695669291339
21
-0.3075477165354331
0
LINE
8
BLACK
6
CONTINUOUS
10
0.0204695669291339
20
-0.3075477165354331
11
0.0185948031496063
21
-0.3037981889763779
0
LINE
8
BLACK
6
CONTINUOUS
10
0.0185948031496063
20
-0.3037981889763779
11
0.0183879133858268
21
-0.3032575590551181
0
LINE
8
BLACK
6
CONTINUOUS
10
0.0183879133858268
20
-0.3032575590551181
11
0.0183803937007874
21
-0.3031517322834645
0
LINE
8
BLACK
6
CONTINUOUS
10
0.0183803937007874
20
-0.3031517322834645
11
0.0183398031496063
21
-0.3030537401574803
0
LINE
8
BLACK
6
CONTINUOUS
10
0.0183398031496063
20
-0.3030537401574803
11
0.0182830708661417
21
-0.3024776771653543
0
LINE
8
BLACK
6
CONTINUOUS
10
0.0182830708661417
20
-0.3024776771653543
11
0.0182830708661417
21
-0.2987281496062992
0
LINE
8
BLACK
6
CONTINUOUS
10
0.0182830708661417
20
-0.2987281496062992
11
0.0183398031496063
21
-0.2981520866141732
0
LINE
8
BLACK
6
CONTINUOUS
10
0.0183398031496063
20
-0.2981520866141732
11
0.0183803937007874
21
-0.2980540551181102
0
LINE
8
BLACK
6
CONTINUOUS
10
0.0183803937007874
20
-0.2980540551181102
11
0.0183879133858268
21
-0.2979482677165354
0
LINE
8
BLACK
6
CONTINUOUS
10
0.0183879133858268
20
-0.2979482677165354
11
0.0185948031496063
21
-0.2974076377952756
0
LINE
8
BLACK
6
CONTINUOUS
10
0.0185948031496063
20
-0.2974076377952756
11
0.0204695669291339
21
-0.2936581102362205
0
LINE
8
BLACK
6
CONTINUOUS
10
0.0204695669291339
20
-0.2936581102362205
11
0.0206256299212598
21
-0.2934100787401575
0
LINE
8
BLACK
6
CONTINUOUS
10
0.0206256299212598
20
-0.2934100787401575
11
0.0206554724409449
21
-0.2933381496062992
0
LINE
8
BLACK
6
CONTINUOUS
10
0.0206554724409449
20
-0.2933381496062992
11
0.0207219291338583
21
-0.2932571653543307
0
LINE
8
BLACK
6
CONTINUOUS
10
0.0207219291338583
20
-0.2932571653543307
11
0.0207779133858268
21
-0.2931682283464567
0
LINE
8
BLACK
6
CONTINUOUS
10
0.0207779133858268
20
-0.2931682283464567
11
0.0208368897637795
21
-0.2931170472440945
0
LINE
8
BLACK
6
CONTINUOUS
10
0.0208368897637795
20
-0.2931170472440945
11
0.0210226771653543
21
-0.2928907086614173
0
LINE
8
BLACK
6
CONTINUOUS
10
0.0210226771653543
20
-0.2928907086614173
11
0.0228974409448819
21
-0.2910159448818898
0
LINE
8
BLACK
6
CONTINUOUS
10
0.0228974409448819
20
-0.2910159448818898
11
0.0231237795275591
21
-0.2908301574803149
0
LINE
8
BLACK
6
CONTINUOUS
10
0.0231237795275591
20
-0.2908301574803149
11
0.0231749606299213
21
-0.2907711811023622
0
LINE
8
BLACK
6
CONTINUOUS
10
0.0231749606299213
20
-0.2907711811023622
11
0.0232638976377953
21
-0.2907151968503937
0
LINE
8
BLACK
6
CONTINUOUS
10
0.0232638976377953
20
-0.2907151968503937
11
0.0233448818897638
21
-0.2906487401574803
0
LINE
8
BLACK
6
CONTINUOUS
10
0.0233448818897638
20
-0.2906487401574803
11
0.023416811023622
21
-0.2906188976377952
0
LINE
8
BLACK
6
CONTINUOUS
10
0.023416811023622
20
-0.2906188976377952
11
0.023664842519685
21
-0.2904628346456693
0
LINE
8
BLACK
6
CONTINUOUS
10
0.023664842519685
20
-0.2904628346456693
11
0.0274143700787402
21
-0.2885880708661417
0
LINE
8
BLACK
6
CONTINUOUS
10
0.0274143700787402
20
-0.2885880708661417
11
0.0279549606299213
21
-0.2883811811023622
0
LINE
8
BLACK
6
CONTINUOUS
10
0.0279549606299213
20
-0.2883811811023622
11
0.0280608267716535
21
-0.2883736220472441
0
LINE
8
BLACK
6
CONTINUOUS
10
0.0280608267716535
20
-0.2883736220472441
11
0.0281588188976378
21
-0.2883330708661417
0
LINE
8
BLACK
6
CONTINUOUS
10
0.0281588188976378
20
-0.2883330708661417
11
0.0287348818897638
21
-0.2882763385826771
0
LINE
8
BLACK
6
CONTINUOUS
10
0.0287348818897638
20
-0.2882763385826771
11
0.0418582283464567
21
-0.2882763385826771
0
LINE
8
BLACK
6
CONTINUOUS
10
0.0418582283464567
20
-0.2882763385826771
11
0.0424342913385827
21
-0.2883330708661417
0
LINE
8
BLACK
6
CONTINUOUS
10
0.0247056299212598
20
-0.3144322834645669
11
0.0236625590551181
21
-0.3154753543307087
0
LINE
8
BLACK
6
CONTINUOUS
10
0.0236625590551181
20
-0.3154753543307087
11
0.0223138188976378
21
-0.3181728346456693
0
LINE
8
BLACK
6
CONTINUOUS
10
0.0223138188976378
20
-0.3181728346456693
11
0.0223138188976378
21
-0.322403031496063
0
LINE
8
BLACK
6
CONTINUOUS
10
0.0223138188976378
20
-0.322403031496063
11
0.0236625590551181
21
-0.3251005118110236
0
LINE
8
BLACK
6
CONTINUOUS
10
0.0236625590551181
20
-0.3251005118110236
11
0.0248596850393701
21
-0.3262976771653543
0
LINE
8
BLACK
6
CONTINUOUS
10
0.0248596850393701
20
-0.3262976771653543
11
0.0275571653543307
21
-0.3276464173228346
0
LINE
8
BLACK
6
CONTINUOUS
10
0.0275571653543307
20
-0.3276464173228346
11
0.0389054724409449
21
-0.3276464173228346
0
LINE
8
BLACK
6
CONTINUOUS
10
0.0389054724409449
20
-0.3276464173228346
11
0.0389054724409449
21
-0.3129294881889764
0
LINE
8
BLACK
6
CONTINUOUS
10
0.0389054724409449
20
-0.3129294881889764
11
0.0292140157480315
21
-0.3129294881889764
0
LINE
8
BLACK
6
CONTINUOUS
10
0.0292140157480315
20
-0.3129294881889764
11
0.0247056299212598
21
-0.3144322834645669
0
LINE
8
BLACK
6
CONTINUOUS
10
0.0267344488188976
20
-0.2955305905511811
11
0.0255373228346457
21
-0.2967277165354331
0
LINE
8
BLACK
6
CONTINUOUS
10
0.0255373228346457
20
-0.2967277165354331
11
0.0241885826771654
21
-0.2994251968503937
0
LINE
8
BLACK
6
CONTINUOUS
10
0.0241885826771654
20
-0.2994251968503937
11
0.0241885826771654
21
-0.3017806299212598
0
LINE
8
BLACK
6
CONTINUOUS
10
0.0241885826771654
20
-0.3017806299212598
11
0.0255373228346457
21
-0.3044781102362205
0
LINE
8
BLACK
6
CONTINUOUS
10
0.0255373228346457
20
-0.3044781102362205
11
0.0267344488188976
21
-0.3056752362204724
0
LINE
8
BLACK
6
CONTINUOUS
10
0.0267344488188976
20
-0.3056752362204724
11
0.0294319291338583
21
-0.3070239763779528
0
LINE
8
BLACK
6
CONTINUOUS
10
0.0294319291338583
20
-0.3070239763779528
11
0.0389054724409449
21
-0.3070239763779528
0
LINE
8
BLACK
6
CONTINUOUS
10
0.0389054724409449
20
-0.3070239763779528
11
0.0389054724409449
21
-0.2941818503937008
0
LINE
8
BLACK
6
CONTINUOUS
10
0.0389054724409449
20
-0.2941818503937008
11
0.0294319291338583
21
-0.2941818503937008
0
LINE
8
BLACK
6
CONTINUOUS
10
0.0294319291338583
20
-0.2941818503937008
11
0.0267344488188976
21
-0.2955305905511811
0
LINE
8
BLACK
6
CONTINUOUS
10
-0.1450488582677165
20
-0.2883662598425197
11
-0.1448384251968504
21
-0.2883812204724409
0
LINE
8
BLACK
6
CONTINUOUS
10
-0.1448384251968504
20
-0.2883812204724409
11
-0.1445073228346457
21
-0.2885467716535433
0
LINE
8
BLACK
6
CONTINUOUS
10
-0.1445073228346457
20
-0.2885467716535433
11
-0.144156062992126
21
-0.2886638582677165
0
LINE
8
BLACK
6
CONTINUOUS
10
-0.144156062992126
20
-0.2886638582677165
11
-0.1439967322834646
21
-0.2888020472440945
0
LINE
8
BLACK
6
CONTINUOUS
10
-0.1439967322834646
20
-0.2888020472440945
11
-0.1438079921259842
21
-0.2888964173228347
0
LINE
8
BLACK
6
CONTINUOUS
10
-0.1438079921259842
20
-0.2888964173228347
11
-0.1435653543307087
21
-0.2891761417322835
0
LINE
8
BLACK
6
CONTINUOUS
10
-0.1435653543307087
20
-0.2891761417322835
11
-0.1432856692913386
21
-0.2894187401574803
0
LINE
8
BLACK
6
CONTINUOUS
10
-0.1432856692913386
20
-0.2894187401574803
11
-0.1431913779527559
21
-0.2896073622047244
0
LINE
8
BLACK
6
CONTINUOUS
10
-0.1431913779527559
20
-0.2896073622047244
11
-0.1430531102362205
21
-0.2897667716535433
0
LINE
8
BLACK
6
CONTINUOUS
10
-0.1430531102362205
20
-0.2897667716535433
11
-0.142817125984252
21
-0.2902953543307086
0
LINE
8
BLACK
6
CONTINUOUS
10
-0.142817125984252
20
-0.2902953543307086
11
-0.1296937795275591
21
-0.3296654330708662
0
LINE
8
BLACK
6
CONTINUOUS
10
-0.1296937795275591
20
-0.3296654330708662
11
-0.1295654330708661
21
-0.330229842519685
0
LINE
8
BLACK
6
CONTINUOUS
10
-0.1295654330708661
20
-0.330229842519685
11
-0.129647125984252
21
-0.3313790551181102
0
LINE
8
BLACK
6
CONTINUOUS
10
-0.129647125984252
20
-0.3313790551181102
11
-0.1301623228346457
21
-0.3324095275590551
0
LINE
8
BLACK
6
CONTINUOUS
10
-0.1301623228346457
20
-0.3324095275590551
11
-0.1310327165354331
21
-0.3331644094488189
0
LINE
8
BLACK
6
CONTINUOUS
10
-0.1310327165354331
20
-0.3331644094488189
11
-0.1321257086614173
21
-0.3335287401574803
0
LINE
8
BLACK
6
CONTINUOUS
10
-0.1321257086614173
20
-0.3335287401574803
11
-0.1332749212598425
21
-0.3334470472440945
0
LINE
8
BLACK
6
CONTINUOUS
10
-0.1332749212598425
20
-0.3334470472440945
11
-0.1343053543307087
21
-0.332931811023622
0
LINE
8
BLACK
6
CONTINUOUS
10
-0.1343053543307087
20
-0.332931811023622
11
-0.1350602362204724
21
-0.3320614566929134
0
LINE
8
BLACK
6
CONTINUOUS
10
-0.1350602362204724
20
-0.3320614566929134
11
-0.1352962204724409
21
-0.3315329133858267
0
LINE
8
BLACK
6
CONTINUOUS
10
-0.1352962204724409
20
-0.3315329133858267
11
-0.1383727559055118
21
-0.3223033070866141
0
LINE
8
BLACK
6
CONTINUOUS
10
-0.1383727559055118
20
-0.3223033070866141
11
-0.152863937007874
21
-0.3223033070866141
0
LINE
8
BLACK
6
CONTINUOUS
10
-0.152863937007874
20
-0.3223033070866141
11
-0.1559404724409449
21
-0.3315329133858267
0
LINE
8
BLACK
6
CONTINUOUS
10
-0.1559404724409449
20
-0.3315329133858267
11
-0.1561764566929134
21
-0.3320614960629921
0
LINE
8
BLACK
6
CONTINUOUS
10
-0.1561764566929134
20
-0.3320614960629921
11
-0.1569313385826772
21
-0.3329318503937008
0
LINE
8
BLACK
6
CONTINUOUS
10
-0.1569313385826772
20
-0.3329318503937008
11
-0.1579617716535433
21
-0.3334470472440945
0
LINE
8
BLACK
6
CONTINUOUS
10
-0.1579617716535433
20
-0.3334470472440945
11
-0.1591109842519685
21
-0.3335287401574803
0
LINE
8
BLACK
6
CONTINUOUS
10
-0.1591109842519685
20
-0.3335287401574803
11
-0.1602040157480315
21
-0.3331644094488189
0
LINE
8
BLACK
6
CONTINUOUS
10
-0.1602040157480315
20
-0.3331644094488189
11
-0.1610743700787401
21
-0.3324095275590551
0
LINE
8
BLACK
6
CONTINUOUS
10
-0.1610743700787401
20
-0.3324095275590551
11
-0.1615895669291338
21
-0.331379094488189
0
LINE
8
BLACK
6
CONTINUOUS
10
-0.1615895669291338
20
-0.331379094488189
11
-0.1616712598425197
21
-0.3302298818897638
0
LINE
8
BLACK
6
CONTINUOUS
10
-0.1616712598425197
20
-0.3302298818897638
11
-0.1615429133858268
21
-0.3296654330708662
0
LINE
8
BLACK
6
CONTINUOUS
10
-0.1615429133858268
20
-0.3296654330708662
11
-0.1484195669291339
21
-0.2902953543307086
0
LINE
8
BLACK
6
CONTINUOUS
10
-0.1484195669291339
20
-0.2902953543307086
11
-0.1481835826771654
21
-0.2897668110236221
0
LINE
8
BLACK
6
CONTINUOUS
10
-0.1481835826771654
20
-0.2897668110236221
11
-0.1480453937007874
21
-0.2896074409448819
0
LINE
8
BLACK
6
CONTINUOUS
10
-0.1480453937007874
20
-0.2896074409448819
11
-0.1479510236220472
21
-0.2894187401574803
0
LINE
8
BLACK
6
CONTINUOUS
10
-0.1479510236220472
20
-0.2894187401574803
11
-0.1476711811023622
21
-0.2891759842519685
0
LINE
8
BLACK
6
CONTINUOUS
10
-0.1476711811023622
20
-0.2891759842519685
11
-0.1474287007874016
21
-0.2888964566929134
0
LINE
8
BLACK
6
CONTINUOUS
10
-0.1474287007874016
20
-0.2888964566929134
11
-0.147240157480315
21
-0.2888021653543307
0
LINE
8
BLACK
6
CONTINUOUS
10
-0.147240157480315
20
-0.2888021653543307
11
-0.1470806692913386
21
-0.2886638582677165
0
LINE
8
BLACK
6
CONTINUOUS
10
-0.1470806692913386
20
-0.2886638582677165
11
-0.1467292913385827
21
-0.2885467322834646
0
LINE
8
BLACK
6
CONTINUOUS
10
-0.1467292913385827
20
-0.2885467322834646
11
-0.1463982677165354
21
-0.2883812204724409
0
LINE
8
BLACK
6
CONTINUOUS
10
-0.1463982677165354
20
-0.2883812204724409
11
-0.146187874015748
21
-0.2883662598425197
0
LINE
8
BLACK
6
CONTINUOUS
10
-0.146187874015748
20
-0.2883662598425197
11
-0.1459876377952756
21
-0.2882995275590551
0
LINE
8
BLACK
6
CONTINUOUS
10
-0.1459876377952756
20
-0.2882995275590551
11
-0.1456183464566929
21
-0.2883257480314961
0
LINE
8
BLACK
6
CONTINUOUS
10
-0.1456183464566929
20
-0.2883257480314961
11
-0.1452490551181102
21
-0.2882995275590551
0
LINE
8
BLACK
6
CONTINUOUS
10
-0.1452490551181102
20
-0.2882995275590551
11
-0.1450488582677165
21
-0.2883662598425197
0
LINE
8
BLACK
6
CONTINUOUS
10
-0.1508954330708661
20
-0.3163977952755905
11
-0.1403412598425197
21
-0.3163977952755905
0
LINE
8
BLACK
6
CONTINUOUS
10
-0.1403412598425197
20
-0.3163977952755905
11
-0.1456183464566929
21
-0.3005664960629921
0
LINE
8
BLACK
6
CONTINUOUS
10
-0.1456183464566929
20
-0.3005664960629921
11
-0.1508954330708661
21
-0.3163977952755905
0
LINE
8
BLACK
6
CONTINUOUS
10
-0.0044414173228346
20
-0.2883662598425197
11
-0.0042309842519685
21
-0.2883812204724409
0
LINE
8
BLACK
6
CONTINUOUS
10
-0.0042309842519685
20
-0.2883812204724409
11
-0.0038998818897638
21
-0.2885467716535433
0
LINE
8
BLACK
6
CONTINUOUS
10
-0.0038998818897638
20
-0.2885467716535433
11
-0.0035486220472441
21
-0.2886638582677165
0
LINE
8
BLACK
6
CONTINUOUS
10
-0.0035486220472441
20
-0.2886638582677165
11
-0.0033892913385827
21
-0.2888020472440945
0
LINE
8
BLACK
6
CONTINUOUS
10
-0.0033892913385827
20
-0.2888020472440945
11
-0.0032005511811024
21
-0.2888964173228347
0
LINE
8
BLACK
6
CONTINUOUS
10
-0.0032005511811024
20
-0.2888964173228347
11
-0.0029579133858268
21
-0.2891761417322835
0
LINE
8
BLACK
6
CONTINUOUS
10
-0.0029579133858268
20
-0.2891761417322835
11
-0.0026782283464567
21
-0.2894187401574803
0
LINE
8
BLACK
6
CONTINUOUS
10
-0.0026782283464567
20
-0.2894187401574803
11
-0.002583937007874
21
-0.2896073622047244
0
LINE
8
BLACK
6
CONTINUOUS
10
-0.002583937007874
20
-0.2896073622047244
11
-0.0024456692913386
21
-0.2897667716535433
0
LINE
8
BLACK
6
CONTINUOUS
10
-0.0024456692913386
20
-0.2897667716535433
11
-0.0022096850393701
21
-0.2902953543307086
0
LINE
8
BLACK
6
CONTINUOUS
10
-0.0022096850393701
20
-0.2902953543307086
11
0.0109136614173228
21
-0.3296654330708662
0
LINE
8
BLACK
6
CONTINUOUS
10
0.0109136614173228
20
-0.3296654330708662
11
0.0110420078740157
21
-0.330229842519685
0
LINE
8
BLACK
6
CONTINUOUS
10
0.0110420078740157
20
-0.330229842519685
11
0.0109603149606299
21
-0.3313790551181102
0
LINE
8
BLACK
6
CONTINUOUS
10
0.0109603149606299
20
-0.3313790551181102
11
0.0104451181102362
21
-0.3324095275590551
0
LINE
8
BLACK
6
CONTINUOUS
10
0.0104451181102362
20
-0.3324095275590551
11
0.0095747244094488
21
-0.3331644094488189
0
LINE
8
BLACK
6
CONTINUOUS
10
0.0095747244094488
20
-0.3331644094488189
11
0.0084817322834646
21
-0.3335287401574803
0
LINE
8
BLACK
6
CONTINUOUS
10
0.0084817322834646
20
-0.3335287401574803
11
0.0073325196850394
21
-0.3334470472440945
0
LINE
8
BLACK
6
CONTINUOUS
10
0.0073325196850394
20
-0.3334470472440945
11
0.0063020866141732
21
-0.332931811023622
0
LINE
8
BLACK
6
CONTINUOUS
10
0.0063020866141732
20
-0.332931811023622
11
0.0055472047244094
21
-0.3320614566929134
0
LINE
8
BLACK
6
CONTINUOUS
10
0.0055472047244094
20
-0.3320614566929134
11
0.0053112204724409
21
-0.3315329133858267
0
LINE
8
BLACK
6
CONTINUOUS
10
0.0053112204724409
20
-0.3315329133858267
11
0.0022346850393701
21
-0.3223033070866141
0
LINE
8
BLACK
6
CONTINUOUS
10
0.0022346850393701
20
-0.3223033070866141
11
-0.0122564960629921
21
-0.3223033070866141
0
LINE
8
BLACK
6
CONTINUOUS
10
-0.0122564960629921
20
-0.3223033070866141
11
-0.015333031496063
21
-0.3315329133858267
0
LINE
8
BLACK
6
CONTINUOUS
10
-0.015333031496063
20
-0.3315329133858267
11
-0.0155690157480315
21
-0.3320614960629921
0
LINE
8
BLACK
6
CONTINUOUS
10
-0.0155690157480315
20
-0.3320614960629921
11
-0.0163238976377953
21
-0.3329318503937008
0
LINE
8
BLACK
6
CONTINUOUS
10
-0.0163238976377953
20
-0.3329318503937008
11
-0.0173543307086614
21
-0.3334470472440945
0
LINE
8
BLACK
6
CONTINUOUS
10
-0.0173543307086614
20
-0.3334470472440945
11
-0.0185035433070866
21
-0.3335287401574803
0
LINE
8
BLACK
6
CONTINUOUS
10
-0.0185035433070866
20
-0.3335287401574803
11
-0.0195965748031496
21
-0.3331644094488189
0
LINE
8
BLACK
6
CONTINUOUS
10
-0.0195965748031496
20
-0.3331644094488189
11
-0.0204669291338583
21
-0.3324095275590551
0
LINE
8
BLACK
6
CONTINUOUS
10
-0.0204669291338583
20
-0.3324095275590551
11
-0.020982125984252
21
-0.331379094488189
0
LINE
8
BLACK
6
CONTINUOUS
10
-0.020982125984252
20
-0.331379094488189
11
-0.0210638188976378
21
-0.3302298818897638
0
LINE
8
BLACK
6
CONTINUOUS
10
-0.0210638188976378
20
-0.3302298818897638
11
-0.0209354724409449
21
-0.3296654330708662
0
LINE
8
BLACK
6
CONTINUOUS
10
-0.0209354724409449
20
-0.3296654330708662
11
-0.007812125984252
21
-0.2902953543307086
0
LINE
8
BLACK
6
CONTINUOUS
10
-0.007812125984252
20
-0.2902953543307086
11
-0.0075761417322835
21
-0.2897668110236221
0
LINE
8
BLACK
6
CONTINUOUS
10
-0.0075761417322835
20
-0.2897668110236221
11
-0.0074379527559055
21
-0.2896074409448819
0
LINE
8
BLACK
6
CONTINUOUS
10
-0.0074379527559055
20
-0.2896074409448819
11
-0.0073435826771654
21
-0.2894187401574803
0
LINE
8
BLACK
6
CONTINUOUS
10
-0.0073435826771654
20
-0.2894187401574803
11
-0.0070637401574803
21
-0.2891759842519685
0
LINE
8
BLACK
6
CONTINUOUS
10
-0.0070637401574803
20
-0.2891759842519685
11
-0.0068212598425197
21
-0.2888964566929134
0
LINE
8
BLACK
6
CONTINUOUS
10
-0.0068212598425197
20
-0.2888964566929134
11
-0.0066327165354331
21
-0.2888021653543307
0
LINE
8
BLACK
6
CONTINUOUS
10
-0.0066327165354331
20
-0.2888021653543307
11
-0.0064732283464567
21
-0.2886638582677165
0
LINE
8
BLACK
6
CONTINUOUS
10
-0.0064732283464567
20
-0.2886638582677165
11
-0.0061218503937008
21
-0.2885467322834646
0
LINE
8
BLACK
6
CONTINUOUS
10
-0.0061218503937008
20
-0.2885467322834646
11
-0.0057908267716535
21
-0.2883812204724409
0
LINE
8
BLACK
6
CONTINUOUS
10
-0.0057908267716535
20
-0.2883812204724409
11
-0.0055804330708661
21
-0.2883662598425197
0
LINE
8
BLACK
6
CONTINUOUS
10
-0.0055804330708661
20
-0.2883662598425197
11
-0.0053801968503937
21
-0.2882995275590551
0
LINE
8
BLACK
6
CONTINUOUS
10
-0.0053801968503937
20
-0.2882995275590551
11
-0.005010905511811
21
-0.2883257480314961
0
LINE
8
BLACK
6
CONTINUOUS
10
-0.005010905511811
20
-0.2883257480314961
11
-0.0046416141732283
21
-0.2882995275590551
0
LINE
8
BLACK
6
CONTINUOUS
10
-0.0046416141732283
20
-0.2882995275590551
11
-0.0044414173228346
21
-0.2883662598425197
0
LINE
8
BLACK
6
CONTINUOUS
10
-0.0102879921259843
20
-0.3163977952755905
11
0.0002661811023622
21
-0.3163977952755905
0
LINE
8
BLACK
6
CONTINUOUS
10
0.0002661811023622
20
-0.3163977952755905
11
-0.005010905511811
21
-0.3005664960629921
0
LINE
8
BLACK
6
CONTINUOUS
10
-0.005010905511811
20
-0.3005664960629921
11
-0.0102879921259843
21
-0.3163977952755905
0
LINE
8
BLACK
6
CONTINUOUS
10
0.0622463779527559
20
-0.2887739763779528
11
0.0630610236220472
21
-0.2895886220472441
0
LINE
8
BLACK
6
CONTINUOUS
10
0.0630610236220472
20
-0.2895886220472441
11
0.0635019291338583
21
-0.290653031496063
0
LINE
8
BLACK
6
CONTINUOUS
10
0.0635019291338583
20
-0.290653031496063
11
0.0635586614173228
21
-0.291229094488189
0
LINE
8
BLACK
6
CONTINUOUS
10
0.0635586614173228
20
-0.291229094488189
11
0.0635586614173228
21
-0.3070239763779528
0
LINE
8
BLACK
6
CONTINUOUS
10
0.0635586614173228
20
-0.3070239763779528
11
0.0801503149606299
21
-0.3070239763779528
0
LINE
8
BLACK
6
CONTINUOUS
10
0.0801503149606299
20
-0.3070239763779528
11
0.0801503149606299
21
-0.291229094488189
0
LINE
8
BLACK
6
CONTINUOUS
10
0.0801503149606299
20
-0.291229094488189
11
0.0802070472440945
21
-0.290653031496063
0
LINE
8
BLACK
6
CONTINUOUS
10
0.0802070472440945
20
-0.290653031496063
11
0.0806479527559055
21
-0.2895886220472441
0
LINE
8
BLACK
6
CONTINUOUS
10
0.0806479527559055
20
-0.2895886220472441
11
0.0814625984251968
21
-0.2887739763779528
0
LINE
8
BLACK
6
CONTINUOUS
10
0.0814625984251968
20
-0.2887739763779528
11
0.0825270078740157
21
-0.2883330708661417
0
LINE
8
BLACK
6
CONTINUOUS
10
0.0825270078740157
20
-0.2883330708661417
11
0.0836791338582677
21
-0.2883330708661417
0
LINE
8
BLACK
6
CONTINUOUS
10
0.0836791338582677
20
-0.2883330708661417
11
0.0847435433070866
21
-0.2887739763779528
0
LINE
8
BLACK
6
CONTINUOUS
10
0.0847435433070866
20
-0.2887739763779528
11
0.0855581889763779
21
-0.2895886220472441
0
LINE
8
BLACK
6
CONTINUOUS
10
0.0855581889763779
20
-0.2895886220472441
11
0.085999094488189
21
-0.290653031496063
0
LINE
8
BLACK
6
CONTINUOUS
10
0.085999094488189
20
-0.290653031496063
11
0.0860558267716535
21
-0.291229094488189
0
LINE
8
BLACK
6
CONTINUOUS
10
0.0860558267716535
20
-0.291229094488189
11
0.0860558267716535
21
-0.3305991732283465
0
LINE
8
BLACK
6
CONTINUOUS
10
0.0860558267716535
20
-0.3305991732283465
11
0.085999094488189
21
-0.3311752362204725
0
LINE
8
BLACK
6
CONTINUOUS
10
0.085999094488189
20
-0.3311752362204725
11
0.0855581889763779
21
-0.3322396456692913
0
LINE
8
BLACK
6
CONTINUOUS
10
0.0855581889763779
20
-0.3322396456692913
11
0.0847435433070866
21
-0.3330542913385827
0
LINE
8
BLACK
6
CONTINUOUS
10
0.0847435433070866
20
-0.3330542913385827
11
0.0836791338582677
21
-0.3334951968503937
0
LINE
8
BLACK
6
CONTINUOUS
10
0.0836791338582677
20
-0.3334951968503937
11
0.0825270078740157
21
-0.3334951968503937
0
LINE
8
BLACK
6
CONTINUOUS
10
0.0825270078740157
20
-0.3334951968503937
11
0.0814625984251968
21
-0.3330542913385827
0
LINE
8
BLACK
6
CONTINUOUS
10
0.0814625984251968
20
-0.3330542913385827
11
0.0806479527559055
21
-0.3322396456692913
0
LINE
8
BLACK
6
CONTINUOUS
10
0.0806479527559055
20
-0.3322396456692913
11
0.0802070472440945
21
-0.3311752362204725
0
LINE
8
BLACK
6
CONTINUOUS
10
0.0802070472440945
20
-0.3311752362204725
11
0.0801503149606299
21
-0.3305991732283465
0
LINE
8
BLACK
6
CONTINUOUS
10
0.0801503149606299
20
-0.3305991732283465
11
0.0801503149606299
21
-0.3129294881889764
0
LINE
8
BLACK
6
CONTINUOUS
10
0.0801503149606299
20
-0.3129294881889764
11
0.0635586614173228
21
-0.3129294881889764
0
LINE
8
BLACK
6
CONTINUOUS
10
0.0635586614173228
20
-0.3129294881889764
11
0.0635586614173228
21
-0.3305991732283465
0
LINE
8
BLACK
6
CONTINUOUS
10
0.0635586614173228
20
-0.3305991732283465
11
0.0635019291338583
21
-0.3311752362204725
0
LINE
8
BLACK
6
CONTINUOUS
10
0.0635019291338583
20
-0.3311752362204725
11
0.0630610236220472
21
-0.3322396456692913
0
LINE
8
BLACK
6
CONTINUOUS
10
0.0630610236220472
20
-0.3322396456692913
11
0.0622463779527559
21
-0.3330542913385827
0
LINE
8
BLACK
6
CONTINUOUS
10
0.0622463779527559
20
-0.3330542913385827
11
0.061181968503937
21
-0.3334951968503937
0
LINE
8
BLACK
6
CONTINUOUS
10
0.061181968503937
20
-0.3334951968503937
11
0.060029842519685
21
-0.3334951968503937
0
LINE
8
BLACK
6
CONTINUOUS
10
0.060029842519685
20
-0.3334951968503937
11
0.0589654330708661
21
-0.3330542913385827
0
LINE
8
BLACK
6
CONTINUOUS
10
0.0589654330708661
20
-0.3330542913385827
11
0.0581507874015748
21
-0.3322396456692913
0
LINE
8
BLACK
6
CONTINUOUS
10
0.0581507874015748
20
-0.3322396456692913
11
0.0577098818897638
21
-0.3311752362204725
0
LINE
8
BLACK
6
CONTINUOUS
10
0.0577098818897638
20
-0.3311752362204725
11
0.0576531496062992
21
-0.3305991732283465
0
LINE
8
BLACK
6
CONTINUOUS
10
0.0576531496062992
20
-0.3305991732283465
11
0.0576531496062992
21
-0.291229094488189
0
LINE
8
BLACK
6
CONTINUOUS
10
0.0576531496062992
20
-0.291229094488189
11
0.0577098818897638
21
-0.290653031496063
0
LINE
8
BLACK
6
CONTINUOUS
10
0.0577098818897638
20
-0.290653031496063
11
0.0581507874015748
21
-0.2895886220472441
0
LINE
8
BLACK
6
CONTINUOUS
10
0.0581507874015748
20
-0.2895886220472441
11
0.0589654330708661
21
-0.2887739763779528
0
LINE
8
BLACK
6
CONTINUOUS
10
0.0589654330708661
20
-0.2887739763779528
11
0.060029842519685
21
-0.2883330708661417
0
LINE
8
BLACK
6
CONTINUOUS
10
0.060029842519685
20
-0.2883330708661417
11
0.061181968503937
21
-0.2883330708661417
0
LINE
8
BLACK
6
CONTINUOUS
10
0.061181968503937
20
-0.2883330708661417
11
0.0622463779527559
21
-0.2887739763779528
0
LINE
8
BLACK
6
CONTINUOUS
10
0.1174249212598425
20
-0.2883330708661417
11
0.1184893307086614
21
-0.2887739763779528
0
LINE
8
BLACK
6
CONTINUOUS
10
0.1184893307086614
20
-0.2887739763779528
11
0.1193039763779528
21
-0.2895886220472441
0
LINE
8
BLACK
6
CONTINUOUS
10
0.1193039763779528
20
-0.2895886220472441
11
0.1197448818897638
21
-0.290653031496063
0
LINE
8
BLACK
6
CONTINUOUS
10
0.1197448818897638
20
-0.290653031496063
11
0.1198016141732283
21
-0.291229094488189
0
LINE
8
BLACK
6
CONTINUOUS
10
0.1198016141732283
20
-0.291229094488189
11
0.1198016141732283
21
-0.3305991732283465
0
LINE
8
BLACK
6
CONTINUOUS
10
0.1198016141732283
20
-0.3305991732283465
11
0.1197448818897638
21
-0.3311752362204725
0
LINE
8
BLACK
6
CONTINUOUS
10
0.1197448818897638
20
-0.3311752362204725
11
0.1193039763779528
21
-0.3322396456692913
0
LINE
8
BLACK
6
CONTINUOUS
10
0.1193039763779528
20
-0.3322396456692913
11
0.1184893307086614
21
-0.3330542913385827
0
LINE
8
BLACK
6
CONTINUOUS
10
0.1184893307086614
20
-0.3330542913385827
11
0.1174249212598425
21
-0.3334951968503937
0
LINE
8
BLACK
6
CONTINUOUS
10
0.1174249212598425
20
-0.3334951968503937
11
0.1162727952755905
21
-0.3334951968503937
0
LINE
8
BLACK
6
CONTINUOUS
10
0.1162727952755905
20
-0.3334951968503937
11
0.1152083858267716
21
-0.3330542913385827
0
LINE
8
BLACK
6
CONTINUOUS
10
0.1152083858267716
20
-0.3330542913385827
11
0.1143937401574803
21
-0.3322396456692913
0
LINE
8
BLACK
6
CONTINUOUS
10
0.1143937401574803
20
-0.3322396456692913
11
0.1139528346456693
21
-0.3311752362204725
0
LINE
8
BLACK
6
CONTINUOUS
10
0.1139528346456693
20
-0.3311752362204725
11
0.1138961023622047
21
-0.3305991732283465
0
LINE
8
BLACK
6
CONTINUOUS
10
0.1138961023622047
20
-0.3305991732283465
11
0.1138961023622047
21
-0.3129294881889764
0
LINE
8
BLACK
6
CONTINUOUS
10
0.1138961023622047
20
-0.3129294881889764
11
0.1037255118110236
21
-0.3129294881889764
0
LINE
8
BLACK
6
CONTINUOUS
10
0.1037255118110236
20
-0.3129294881889764
11
0.1031494488188976
21
-0.3128727559055118
0
LINE
8
BLACK
6
CONTINUOUS
10
0.1031494488188976
20
-0.3128727559055118
11
0.1020850393700787
21
-0.3124318503937008
0
LINE
8
BLACK
6
CONTINUOUS
10
0.1020850393700787
20
-0.3124318503937008
11
0.1012703937007874
21
-0.3116172047244095
0
LINE
8
BLACK
6
CONTINUOUS
10
0.1012703937007874
20
-0.3116172047244095
11
0.1008294881889764
21
-0.3105527952755905
0
LINE
8
BLACK
6
CONTINUOUS
10
0.1008294881889764
20
-0.3105527952755905
11
0.1008294881889764
21
-0.3094006692913386
0
LINE
8
BLACK
6
CONTINUOUS
10
0.1008294881889764
20
-0.3094006692913386
11
0.1012703937007874
21
-0.3083362598425197
0
LINE
8
BLACK
6
CONTINUOUS
10
0.1012703937007874
20
-0.3083362598425197
11
0.1020850393700787
21
-0.3075216141732283
0
LINE
8
BLACK
6
CONTINUOUS
10
0.1020850393700787
20
-0.3075216141732283
11
0.1031494488188976
21
-0.3070807086614173
0
LINE
8
BLACK
6
CONTINUOUS
10
0.1031494488188976
20
-0.3070807086614173
11
0.1037255118110236
21
-0.3070239763779528
0
LINE
8
BLACK
6
CONTINUOUS
10
0.1037255118110236
20
-0.3070239763779528
11
0.1138961023622047
21
-0.3070239763779528
0
LINE
8
BLACK
6
CONTINUOUS
10
0.1138961023622047
20
-0.3070239763779528
11
0.1138961023622047
21
-0.2941818503937008
0
LINE
8
BLACK
6
CONTINUOUS
10
0.1138961023622047
20
-0.2941818503937008
11
0.0981012204724409
21
-0.2941818503937008
0
LINE
8
BLACK
6
CONTINUOUS
10
0.0981012204724409
20
-0.2941818503937008
11
0.097525157480315
21
-0.2941251181102362
0
LINE
8
BLACK
6
CONTINUOUS
10
0.097525157480315
20
-0.2941251181102362
11
0.0964607480314961
21
-0.2936842125984252
0
LINE
8
BLACK
6
CONTINUOUS
10
0.0964607480314961
20
-0.2936842125984252
11
0.0956461023622047
21
-0.2928695669291339
0
LINE
8
BLACK
6
CONTINUOUS
10
0.0956461023622047
20
-0.2928695669291339
11
0.0952051968503937
21
-0.2918051574803149
0
LINE
8
BLACK
6
CONTINUOUS
10
0.0952051968503937
20
-0.2918051574803149
11
0.0952051968503937
21
-0.290653031496063
0
LINE
8
BLACK
6
CONTINUOUS
10
0.0952051968503937
20
-0.290653031496063
11
0.0956461023622047
21
-0.2895886220472441
0
LINE
8
BLACK
6
CONTINUOUS
10
0.0956461023622047
20
-0.2895886220472441
11
0.0964607480314961
21
-0.2887739763779528
0
LINE
8
BLACK
6
CONTINUOUS
10
0.0964607480314961
20
-0.2887739763779528
11
0.097525157480315
21
-0.2883330708661417
0
LINE
8
BLACK
6
CONTINUOUS
10
0.097525157480315
20
-0.2883330708661417
11
0.0981012204724409
21
-0.2882763385826771
0
LINE
8
BLACK
6
CONTINUOUS
10
0.0981012204724409
20
-0.2882763385826771
11
0.1168488582677165
21
-0.2882763385826771
0
LINE
8
BLACK
6
CONTINUOUS
10
0.1168488582677165
20
-0.2882763385826771
11
0.1174249212598425
21
-0.2883330708661417
0
LINE
8
BLACK
6
CONTINUOUS
10
-0.3976653543307087
20
-0.2576773622047244
11
-0.3972179133858267
21
-0.2580445669291339
0
LINE
8
BLACK
6
CONTINUOUS
10
-0.3972179133858267
20
-0.2580445669291339
11
-0.369379094488189
21
-0.2858834251968504
0
LINE
8
BLACK
6
CONTINUOUS
10
-0.369379094488189
20
-0.2858834251968504
11
-0.3690120472440945
21
-0.2863306692913386
0
LINE
8
BLACK
6
CONTINUOUS
10
-0.3690120472440945
20
-0.2863306692913386
11
-0.3690118503937008
21
-0.2863308661417323
0
LINE
8
BLACK
6
CONTINUOUS
10
-0.3690118503937008
20
-0.2863308661417323
11
-0.3685709842519685
21
-0.2873952755905512
0
LINE
8
BLACK
6
CONTINUOUS
10
-0.3685709842519685
20
-0.2873952755905512
11
-0.3685709842519685
21
-0.2885473622047244
0
LINE
8
BLACK
6
CONTINUOUS
10
-0.3685709842519685
20
-0.2885473622047244
11
-0.3690118503937008
21
-0.289611811023622
0
LINE
8
BLACK
6
CONTINUOUS
10
-0.3690118503937008
20
-0.289611811023622
11
-0.369379094488189
21
-0.2900592519685039
0
LINE
8
BLACK
6
CONTINUOUS
10
-0.369379094488189
20
-0.2900592519685039
11
-0.3826356692913386
21
-0.3033158267716535
0
LINE
8
BLACK
6
CONTINUOUS
10
-0.3826356692913386
20
-0.3033158267716535
11
-0.3830831102362204
21
-0.303683031496063
0
LINE
8
BLACK
6
CONTINUOUS
10
-0.3830831102362204
20
-0.303683031496063
11
-0.3841475590551181
21
-0.304123937007874
0
LINE
8
BLACK
6
CONTINUOUS
10
-0.3841475590551181
20
-0.304123937007874
11
-0.3852996062992126
21
-0.304123937007874
0
LINE
8
BLACK
6
CONTINUOUS
10
-0.3852996062992126
20
-0.304123937007874
11
-0.3863640551181102
21
-0.303683031496063
0
LINE
8
BLACK
6
CONTINUOUS
10
-0.3863640551181102
20
-0.303683031496063
11
-0.3871787007874016
21
-0.3028683858267717
0
LINE
8
BLACK
6
CONTINUOUS
10
-0.3871787007874016
20
-0.3028683858267717
11
-0.3876196062992126
21
-0.301803937007874
0
LINE
8
BLACK
6
CONTINUOUS
10
-0.3876196062992126
20
-0.301803937007874
11
-0.3876196062992126
21
-0.3006518897637795
0
LINE
8
BLACK
6
CONTINUOUS
10
-0.3876196062992126
20
-0.3006518897637795
11
-0.3871787007874016
21
-0.2995874409448819
0
LINE
8
BLACK
6
CONTINUOUS
10
-0.3871787007874016
20
-0.2995874409448819
11
-0.3868114960629921
21
-0.29914
0
LINE
8
BLACK
6
CONTINUOUS
10
-0.3868114960629921
20
-0.29914
11
-0.3756428346456693
21
-0.2879712992125984
0
LINE
8
BLACK
6
CONTINUOUS
10
-0.3756428346456693
20
-0.2879712992125984
11
-0.4013937401574803
21
-0.2622203937007874
0
LINE
8
BLACK
6
CONTINUOUS
10
-0.4013937401574803
20
-0.2622203937007874
11
-0.4017609448818897
21
-0.2617729527559055
0
LINE
8
BLACK
6
CONTINUOUS
10
-0.4017609448818897
20
-0.2617729527559055
11
-0.4022018503937008
21
-0.2607085039370078
0
LINE
8
BLACK
6
CONTINUOUS
10
-0.4022018503937008
20
-0.2607085039370078
11
-0.4022018503937008
21
-0.2595564173228346
0
LINE
8
BLACK
6
CONTINUOUS
10
-0.4022018503937008
20
-0.2595564173228346
11
-0.4017609448818897
21
-0.2584920078740157
0
LINE
8
BLACK
6
CONTINUOUS
10
-0.4017609448818897
20
-0.2584920078740157
11
-0.4009462992125984
21
-0.2576773622047244
0
LINE
8
BLACK
6
CONTINUOUS
10
-0.4009462992125984
20
-0.2576773622047244
11
-0.3998818503937008
21
-0.2572364566929134
0
LINE
8
BLACK
6
CONTINUOUS
10
-0.3998818503937008
20
-0.2572364566929134
11
-0.3987297637795276
21
-0.2572364566929134
0
LINE
8
BLACK
6
CONTINUOUS
10
-0.3987297637795276
20
-0.2572364566929134
11
-0.3976653543307087
21
-0.2576773622047244
0
LINE
8
BLACK
6
CONTINUOUS
10
0.405213779527559
20
-0.2609684645669291
11
0.4060284645669291
21
-0.2617831496062992
0
LINE
8
BLACK
6
CONTINUOUS
10
0.4060284645669291
20
-0.2617831496062992
11
0.4064693307086614
21
-0.2628475590551181
0
LINE
8
BLACK
6
CONTINUOUS
10
0.4064693307086614
20
-0.2628475590551181
11
0.4064693307086614
21
-0.2639996456692913
0
LINE
8
BLACK
6
CONTINUOUS
10
0.4064693307086614
20
-0.2639996456692913
11
0.4060284645669291
21
-0.2650640551181102
0
LINE
8
BLACK
6
CONTINUOUS
10
0.4060284645669291
20
-0.2650640551181102
11
0.4056612204724409
21
-0.2655115354330709
0
LINE
8
BLACK
6
CONTINUOUS
10
0.4056612204724409
20
-0.2655115354330709
11
0.3778223622047244
21
-0.2933503543307087
0
LINE
8
BLACK
6
CONTINUOUS
10
0.3778223622047244
20
-0.2933503543307087
11
0.3773751181102362
21
-0.2937173622047244
0
LINE
8
BLACK
6
CONTINUOUS
10
0.3773751181102362
20
-0.2937173622047244
11
0.3773749212598425
21
-0.2937175984251968
0
LINE
8
BLACK
6
CONTINUOUS
10
0.3773749212598425
20
-0.2937175984251968
11
0.3763105118110236
21
-0.2941584645669291
0
LINE
8
BLACK
6
CONTINUOUS
10
0.3763105118110236
20
-0.2941584645669291
11
0.3751584251968504
21
-0.2941584645669291
0
LINE
8
BLACK
6
CONTINUOUS
10
0.3751584251968504
20
-0.2941584645669291
11
0.3751583858267716
21
-0.2941584645669291
0
LINE
8
BLACK
6
CONTINUOUS
10
0.3751583858267716
20
-0.2941584645669291
11
0.3748466141732283
21
-0.2940293307086614
0
LINE
8
BLACK
6
CONTINUOUS
10
0.3748466141732283
20
-0.2940293307086614
11
0.3740939763779528
21
-0.2937175984251968
0
LINE
8
BLACK
6
CONTINUOUS
10
0.3740939763779528
20
-0.2937175984251968
11
0.3736465354330709
21
-0.2933503543307087
0
LINE
8
BLACK
6
CONTINUOUS
10
0.3736465354330709
20
-0.2933503543307087
11
0.3603899606299212
21
-0.280093779527559
0
LINE
8
BLACK
6
CONTINUOUS
10
0.3603899606299212
20
-0.280093779527559
11
0.3600227559055118
21
-0.2796463385826772
0
LINE
8
BLACK
6
CONTINUOUS
10
0.3600227559055118
20
-0.2796463385826772
11
0.3595818503937008
21
-0.2785818897637795
0
LINE
8
BLACK
6
CONTINUOUS
10
0.3595818503937008
20
-0.2785818897637795
11
0.3595818503937008
21
-0.2774298425196851
0
LINE
8
BLACK
6
CONTINUOUS
10
0.3595818503937008
20
-0.2774298425196851
11
0.3600227559055118
21
-0.2763653937007874
0
LINE
8
BLACK
6
CONTINUOUS
10
0.3600227559055118
20
-0.2763653937007874
11
0.3608374015748032
21
-0.275550748031496
0
LINE
8
BLACK
6
CONTINUOUS
10
0.3608374015748032
20
-0.275550748031496
11
0.3619018503937008
21
-0.275109842519685
0
LINE
8
BLACK
6
CONTINUOUS
10
0.3619018503937008
20
-0.275109842519685
11
0.3630538976377953
21
-0.275109842519685
0
LINE
8
BLACK
6
CONTINUOUS
10
0.3630538976377953
20
-0.275109842519685
11
0.3641183464566929
21
-0.275550748031496
0
LINE
8
BLACK
6
CONTINUOUS
10
0.3641183464566929
20
-0.275550748031496
11
0.3645657874015748
21
-0.2759179527559055
0
LINE
8
BLACK
6
CONTINUOUS
10
0.3645657874015748
20
-0.2759179527559055
11
0.3757344488188976
21
-0.2870866141732283
0
LINE
8
BLACK
6
CONTINUOUS
10
0.3757344488188976
20
-0.2870866141732283
11
0.4014853937007874
21
-0.2613357086614173
0
LINE
8
BLACK
6
CONTINUOUS
10
0.4014853937007874
20
-0.2613357086614173
11
0.401932874015748
21
-0.2609684645669291
0
LINE
8
BLACK
6
CONTINUOUS
10
0.401932874015748
20
-0.2609684645669291
11
0.4029972834645669
21
-0.2605275984251968
0
LINE
8
BLACK
6
CONTINUOUS
10
0.4029972834645669
20
-0.2605275984251968
11
0.4041493700787401
21
-0.2605275984251968
0
LINE
8
BLACK
6
CONTINUOUS
10
0.4041493700787401
20
-0.2605275984251968
11
0.405213779527559
21
-0.2609684645669291
0
LINE
8
BLACK
6
CONTINUOUS
10
-0.3698498031496063
20
-0.2333465354330709
11
-0.3697720472440945
21
-0.2333410236220472
0
LINE
8
BLACK
6
CONTINUOUS
10
-0.3697720472440945
20
-0.2333410236220472
11
-0.3696698031496063
21
-0.2333642519685039
0
LINE
8
BLACK
6
CONTINUOUS
10
-0.3696698031496063
20
-0.2333642519685039
11
-0.3695652755905512
21
-0.2333745669291339
0
LINE
8
BLACK
6
CONTINUOUS
10
-0.3695652755905512
20
-0.2333745669291339
11
-0.369493188976378
21
-0.2334044094488189
0
LINE
8
BLACK
6
CONTINUOUS
10
-0.369493188976378
20
-0.2334044094488189
11
-0.3692075984251968
21
-0.2334693700787402
0
LINE
8
BLACK
6
CONTINUOUS
10
-0.3692075984251968
20
-0.2334693700787402
11
-0.3652306299212598
21
-0.2347950393700787
0
LINE
8
BLACK
6
CONTINUOUS
10
-0.3652306299212598
20
-0.2347950393700787
11
-0.3647020866141732
21
-0.2350310236220473
0
LINE
8
BLACK
6
CONTINUOUS
10
-0.3647020866141732
20
-0.2350310236220473
11
-0.364621968503937
21
-0.2351005118110236
0
LINE
8
BLACK
6
CONTINUOUS
10
-0.364621968503937
20
-0.2351005118110236
11
-0.3645238976377952
21
-0.2351411417322835
0
LINE
8
BLACK
6
CONTINUOUS
10
-0.3645238976377952
20
-0.2351411417322835
11
-0.3640764566929134
21
-0.2355083464566929
0
LINE
8
BLACK
6
CONTINUOUS
10
-0.3640764566929134
20
-0.2355083464566929
11
-0.3614251181102362
21
-0.2381596850393701
0
LINE
8
BLACK
6
CONTINUOUS
10
-0.3614251181102362
20
-0.2381596850393701
11
-0.361057874015748
21
-0.238607125984252
0
LINE
8
BLACK
6
CONTINUOUS
10
-0.361057874015748
20
-0.238607125984252
11
-0.3610172834645669
21
-0.238705157480315
0
LINE
8
BLACK
6
CONTINUOUS
10
-0.3610172834645669
20
-0.238705157480315
11
-0.3609477952755906
21
-0.2387852755905512
0
LINE
8
BLACK
6
CONTINUOUS
10
-0.3609477952755906
20
-0.2387852755905512
11
-0.360711811023622
21
-0.2393138582677165
0
LINE
8
BLACK
6
CONTINUOUS
10
-0.360711811023622
20
-0.2393138582677165
11
-0.3593861417322834
21
-0.2432907874015748
0
LINE
8
BLACK
6
CONTINUOUS
10
-0.3593861417322834
20
-0.2432907874015748
11
-0.3593212204724409
21
-0.2435764173228346
0
LINE
8
BLACK
6
CONTINUOUS
10
-0.3593212204724409
20
-0.2435764173228346
11
-0.3592913385826771
21
-0.2436485039370079
0
LINE
8
BLACK
6
CONTINUOUS
10
-0.3592913385826771
20
-0.2436485039370079
11
-0.359281062992126
21
-0.2437529527559055
0
LINE
8
BLACK
6
CONTINUOUS
10
-0.359281062992126
20
-0.2437529527559055
11
-0.3592577952755905
21
-0.2438552362204724
0
LINE
8
BLACK
6
CONTINUOUS
10
-0.3592577952755905
20
-0.2438552362204724
11
-0.3592633464566929
21
-0.2439329527559055
0
LINE
8
BLACK
6
CONTINUOUS
10
-0.3592633464566929
20
-0.2439329527559055
11
-0.3592346062992126
21
-0.2442245669291339
0
LINE
8
BLACK
6
CONTINUOUS
10
-0.3592346062992126
20
-0.2442245669291339
11
-0.3592346062992126
21
-0.2468758661417323
0
LINE
8
BLACK
6
CONTINUOUS
10
-0.3592346062992126
20
-0.2468758661417323
11
-0.3592633464566929
21
-0.2471674015748031
0
LINE
8
BLACK
6
CONTINUOUS
10
-0.3592633464566929
20
-0.2471674015748031
11
-0.3592577952755905
21
-0.2472451574803149
0
LINE
8
BLACK
6
CONTINUOUS
10
-0.3592577952755905
20
-0.2472451574803149
11
-0.359281062992126
21
-0.2473474015748031
0
LINE
8
BLACK
6
CONTINUOUS
10
-0.359281062992126
20
-0.2473474015748031
11
-0.3592913385826771
21
-0.2474519291338583
0
LINE
8
BLACK
6
CONTINUOUS
10
-0.3592913385826771
20
-0.2474519291338583
11
-0.3593212204724409
21
-0.2475240157480315
0
LINE
8
BLACK
6
CONTINUOUS
10
-0.3593212204724409
20
-0.2475240157480315
11
-0.3593861417322834
21
-0.2478096062992126
0
LINE
8
BLACK
6
CONTINUOUS
10
-0.3593861417322834
20
-0.2478096062992126
11
-0.360711811023622
21
-0.2517866141732283
0
LINE
8
BLACK
6
CONTINUOUS
10
-0.360711811023622
20
-0.2517866141732283
11
-0.3607302362204725
21
-0.2518277952755906
0
LINE
8
BLACK
6
CONTINUOUS
10
-0.3607302362204725
20
-0.2518277952755906
11
-0.3607333464566929
21
-0.2518488976377953
0
LINE
8
BLACK
6
CONTINUOUS
10
-0.3607333464566929
20
-0.2518488976377953
11
-0.3608430708661417
21
-0.2520805905511811
0
LINE
8
BLACK
6
CONTINUOUS
10
-0.3608430708661417
20
-0.2520805905511811
11
-0.3609477952755906
21
-0.2523151968503937
0
LINE
8
BLACK
6
CONTINUOUS
10
-0.3609477952755906
20
-0.2523151968503937
11
-0.360961811023622
21
-0.2523312992125984
0
LINE
8
BLACK
6
CONTINUOUS
10
-0.360961811023622
20
-0.2523312992125984
11
-0.360981062992126
21
-0.2523720472440945
0
LINE
8
BLACK
6
CONTINUOUS
10
-0.360981062992126
20
-0.2523720472440945
11
-0.3647912992125984
21
-0.2587224015748031
0
LINE
8
BLACK
6
CONTINUOUS
10
-0.3647912992125984
20
-0.2587224015748031
11
-0.3658629133858268
21
-0.2619372834645669
0
LINE
8
BLACK
6
CONTINUOUS
10
-0.3658629133858268
20
-0.2619372834645669
11
-0.3658629133858268
21
-0.2636303149606299
0
LINE
8
BLACK
6
CONTINUOUS
10
-0.3658629133858268
20
-0.2636303149606299
11
-0.3649092125984252
21
-0.2664914173228347
0
LINE
8
BLACK
6
CONTINUOUS
10
-0.3649092125984252
20
-0.2664914173228347
11
-0.3632436614173228
21
-0.268156968503937
0
LINE
8
BLACK
6
CONTINUOUS
10
-0.3632436614173228
20
-0.268156968503937
11
-0.3603825984251968
21
-0.2691106692913386
0
LINE
8
BLACK
6
CONTINUOUS
10
-0.3603825984251968
20
-0.2691106692913386
11
-0.3586895275590551
21
-0.2691106692913386
0
LINE
8
BLACK
6
CONTINUOUS
10
-0.3586895275590551
20
-0.2691106692913386
11
-0.3558284645669291
21
-0.2681569291338582
0
LINE
8
BLACK
6
CONTINUOUS
10
-0.3558284645669291
20
-0.2681569291338582
11
-0.3500318503937008
21
-0.2623603149606299
0
LINE
8
BLACK
6
CONTINUOUS
10
-0.3500318503937008
20
-0.2623603149606299
11
-0.3475948031496063
21
-0.2574862992125984
0
LINE
8
BLACK
6
CONTINUOUS
10
-0.3475948031496063
20
-0.2574862992125984
11
-0.3472864173228347
21
-0.2569964173228346
0
LINE
8
BLACK
6
CONTINUOUS
10
-0.3472864173228347
20
-0.2569964173228346
11
-0.346416062992126
21
-0.2562415748031496
0
LINE
8
BLACK
6
CONTINUOUS
10
-0.346416062992126
20
-0.2562415748031496
11
-0.3453230708661417
21
-0.2558772440944882
0
LINE
8
BLACK
6
CONTINUOUS
10
-0.3453230708661417
20
-0.2558772440944882
11
-0.3441738582677165
21
-0.2559588976377953
0
LINE
8
BLACK
6
CONTINUOUS
10
-0.3441738582677165
20
-0.2559588976377953
11
-0.3431433858267716
21
-0.2564741338582677
0
LINE
8
BLACK
6
CONTINUOUS
10
-0.3431433858267716
20
-0.2564741338582677
11
-0.3423885433070866
21
-0.2573445275590551
0
LINE
8
BLACK
6
CONTINUOUS
10
-0.3423885433070866
20
-0.2573445275590551
11
-0.3420242125984252
21
-0.2584374803149606
0
LINE
8
BLACK
6
CONTINUOUS
10
-0.3420242125984252
20
-0.2584374803149606
11
-0.3421058661417323
21
-0.2595866929133858
0
LINE
8
BLACK
6
CONTINUOUS
10
-0.3421058661417323
20
-0.2595866929133858
11
-0.3423127559055118
21
-0.2601273228346457
0
LINE
8
BLACK
6
CONTINUOUS
10
-0.3423127559055118
20
-0.2601273228346457
11
-0.344964094488189
21
-0.2654299606299212
0
LINE
8
BLACK
6
CONTINUOUS
10
-0.344964094488189
20
-0.2654299606299212
11
-0.3451201181102362
21
-0.2656777559055118
0
LINE
8
BLACK
6
CONTINUOUS
10
-0.3451201181102362
20
-0.2656777559055118
11
-0.3451499606299213
21
-0.2657498818897638
0
LINE
8
BLACK
6
CONTINUOUS
10
-0.3451499606299213
20
-0.2657498818897638
11
-0.3452166535433071
21
-0.265831062992126
0
LINE
8
BLACK
6
CONTINUOUS
10
-0.3452166535433071
20
-0.265831062992126
11
-0.3452724803149606
21
-0.265919842519685
0
LINE
8
BLACK
6
CONTINUOUS
10
-0.3452724803149606
20
-0.265919842519685
11
-0.3453313779527559
21
-0.2659708661417323
0
LINE
8
BLACK
6
CONTINUOUS
10
-0.3453313779527559
20
-0.2659708661417323
11
-0.3455172047244094
21
-0.2661973622047244
0
LINE
8
BLACK
6
CONTINUOUS
10
-0.3455172047244094
20
-0.2661973622047244
11
-0.3521455118110236
21
-0.2728256692913386
0
LINE
8
BLACK
6
CONTINUOUS
10
-0.3521455118110236
20
-0.2728256692913386
11
-0.3525929527559055
21
-0.273192874015748
0
LINE
8
BLACK
6
CONTINUOUS
10
-0.3525929527559055
20
-0.273192874015748
11
-0.3526910236220472
21
-0.2732334645669292
0
LINE
8
BLACK
6
CONTINUOUS
10
-0.3526910236220472
20
-0.2732334645669292
11
-0.3527711417322835
21
-0.2733029921259842
0
LINE
8
BLACK
6
CONTINUOUS
10
-0.3527711417322835
20
-0.2733029921259842
11
-0.3532996850393701
21
-0.2735389763779528
0
LINE
8
BLACK
6
CONTINUOUS
10
-0.3532996850393701
20
-0.2735389763779528
11
-0.3572766535433071
21
-0.2748646456692913
0
LINE
8
BLACK
6
CONTINUOUS
10
-0.3572766535433071
20
-0.2748646456692913
11
-0.3575622440944882
21
-0.2749295669291338
0
LINE
8
BLACK
6
CONTINUOUS
10
-0.3575622440944882
20
-0.2749295669291338
11
-0.3576343307086614
21
-0.2749594488188976
0
LINE
8
BLACK
6
CONTINUOUS
10
-0.3576343307086614
20
-0.2749594488188976
11
-0.3577388582677165
21
-0.2749697244094488
0
LINE
8
BLACK
6
CONTINUOUS
10
-0.3577388582677165
20
-0.2749697244094488
11
-0.3578411023622047
21
-0.2749929921259843
0
LINE
8
BLACK
6
CONTINUOUS
10
-0.3578411023622047
20
-0.2749929921259843
11
-0.3579188582677165
21
-0.2749874409448819
0
LINE
8
BLACK
6
CONTINUOUS
10
-0.3579188582677165
20
-0.2749874409448819
11
-0.3582103937007874
21
-0.2750161811023622
0
LINE
8
BLACK
6
CONTINUOUS
10
-0.3582103937007874
20
-0.2750161811023622
11
-0.3608617322834646
21
-0.2750161811023622
0
LINE
8
BLACK
6
CONTINUOUS
10
-0.3608617322834646
20
-0.2750161811023622
11
-0.3611533464566929
21
-0.2749874409448819
0
LINE
8
BLACK
6
CONTINUOUS
10
-0.3611533464566929
20
-0.2749874409448819
11
-0.361231062992126
21
-0.2749929921259843
0
LINE
8
BLACK
6
CONTINUOUS
10
-0.361231062992126
20
-0.2749929921259843
11
-0.3613333464566929
21
-0.2749697244094488
0
LINE
8
BLACK
6
CONTINUOUS
10
-0.3613333464566929
20
-0.2749697244094488
11
-0.3614377952755906
21
-0.2749594488188976
0
LINE
8
BLACK
6
CONTINUOUS
10
-0.3614377952755906
20
-0.2749594488188976
11
-0.3615098818897638
21
-0.2749295669291338
0
LINE
8
BLACK
6
CONTINUOUS
10
-0.3615098818897638
20
-0.2749295669291338
11
-0.3617955118110236
21
-0.2748646456692913
0
LINE
8
BLACK
6
CONTINUOUS
10
-0.3617955118110236
20
-0.2748646456692913
11
-0.3657724409448819
21
-0.2735389763779528
0
LINE
8
BLACK
6
CONTINUOUS
10
-0.3657724409448819
20
-0.2735389763779528
11
-0.3663010236220473
21
-0.2733029921259842
0
LINE
8
BLACK
6
CONTINUOUS
10
-0.3663010236220473
20
-0.2733029921259842
11
-0.3663812204724409
21
-0.2732334251968504
0
LINE
8
BLACK
6
CONTINUOUS
10
-0.3663812204724409
20
-0.2732334251968504
11
-0.3664791732283464
21
-0.273192874015748
0
LINE
8
BLACK
6
CONTINUOUS
10
-0.3664791732283464
20
-0.273192874015748
11
-0.3669266141732284
21
-0.2728256692913386
0
LINE
8
BLACK
6
CONTINUOUS
10
-0.3669266141732284
20
-0.2728256692913386
11
-0.3695779133858267
21
-0.2701743700787402
0
LINE
8
BLACK
6
CONTINUOUS
10
-0.3695779133858267
20
-0.2701743700787402
11
-0.3699451181102362
21
-0.2697269291338583
0
LINE
8
BLACK
6
CONTINUOUS
10
-0.3699451181102362
20
-0.2697269291338583
11
-0.369985748031496
21
-0.2696288582677165
0
LINE
8
BLACK
6
CONTINUOUS
10
-0.369985748031496
20
-0.2696288582677165
11
-0.3700552362204724
21
-0.2695487401574803
0
LINE
8
BLACK
6
CONTINUOUS
10
-0.3700552362204724
20
-0.2695487401574803
11
-0.370291220472441
21
-0.2690201968503937
0
LINE
8
BLACK
6
CONTINUOUS
10
-0.370291220472441
20
-0.2690201968503937
11
-0.3716168897637795
21
-0.265043188976378
0
LINE
8
BLACK
6
CONTINUOUS
10
-0.3716168897637795
20
-0.265043188976378
11
-0.3716818503937008
21
-0.2647575984251969
0
LINE
8
BLACK
6
CONTINUOUS
10
-0.3716818503937008
20
-0.2647575984251969
11
-0.3717116929133858
21
-0.2646855118110236
0
LINE
8
BLACK
6
CONTINUOUS
10
-0.3717116929133858
20
-0.2646855118110236
11
-0.3717220078740157
21
-0.2645809842519685
0
LINE
8
BLACK
6
CONTINUOUS
10
-0.3717220078740157
20
-0.2645809842519685
11
-0.3717452362204725
21
-0.2644787401574803
0
LINE
8
BLACK
6
CONTINUOUS
10
-0.3717452362204725
20
-0.2644787401574803
11
-0.3717397244094488
21
-0.2644009842519685
0
LINE
8
BLACK
6
CONTINUOUS
10
-0.3717397244094488
20
-0.2644009842519685
11
-0.3717684251968504
21
-0.2641094488188976
0
LINE
8
BLACK
6
CONTINUOUS
10
-0.3717684251968504
20
-0.2641094488188976
11
-0.3717684251968504
21
-0.2614581496062992
0
LINE
8
BLACK
6
CONTINUOUS
10
-0.3717684251968504
20
-0.2614581496062992
11
-0.3717397244094488
21
-0.2611665748031496
0
LINE
8
BLACK
6
CONTINUOUS
10
-0.3717397244094488
20
-0.2611665748031496
11
-0.3717452362204725
21
-0.2610888582677166
0
LINE
8
BLACK
6
CONTINUOUS
10
-0.3717452362204725
20
-0.2610888582677166
11
-0.3717220078740157
21
-0.2609865748031496
0
LINE
8
BLACK
6
CONTINUOUS
10
-0.3717220078740157
20
-0.2609865748031496
11
-0.3717116929133858
21
-0.2608820866141732
0
LINE
8
BLACK
6
CONTINUOUS
10
-0.3717116929133858
20
-0.2608820866141732
11
-0.3716818503937008
21
-0.2608099606299212
0
LINE
8
BLACK
6
CONTINUOUS
10
-0.3716818503937008
20
-0.2608099606299212
11
-0.3716168897637795
21
-0.2605244094488189
0
LINE
8
BLACK
6
CONTINUOUS
10
-0.3716168897637795
20
-0.2605244094488189
11
-0.370291220472441
21
-0.2565474409448819
0
LINE
8
BLACK
6
CONTINUOUS
10
-0.370291220472441
20
-0.2565474409448819
11
-0.3702728346456693
21
-0.2565062204724409
0
LINE
8
BLACK
6
CONTINUOUS
10
-0.3702728346456693
20
-0.2565062204724409
11
-0.3702696850393701
21
-0.256485157480315
0
LINE
8
BLACK
6
CONTINUOUS
10
-0.3702696850393701
20
-0.256485157480315
11
-0.3701598031496063
21
-0.2562530708661417
0
LINE
8
BLACK
6
CONTINUOUS
10
-0.3701598031496063
20
-0.2562530708661417
11
-0.3700552362204724
21
-0.2560188976377953
0
LINE
8
BLACK
6
CONTINUOUS
10
-0.3700552362204724
20
-0.2560188976377953
11
-0.3700412992125984
21
-0.2560027952755906
0
LINE
8
BLACK
6
CONTINUOUS
10
-0.3700412992125984
20
-0.2560027952755906
11
-0.370021968503937
21
-0.2559620078740157
0
LINE
8
BLACK
6
CONTINUOUS
10
-0.370021968503937
20
-0.2559620078740157
11
-0.3662117716535433
21
-0.2496115748031496
0
LINE
8
BLACK
6
CONTINUOUS
10
-0.3662117716535433
20
-0.2496115748031496
11
-0.3651401181102362
21
-0.2463967322834646
0
LINE
8
BLACK
6
CONTINUOUS
10
-0.3651401181102362
20
-0.2463967322834646
11
-0.3651401181102362
21
-0.2447037007874016
0
LINE
8
BLACK
6
CONTINUOUS
10
-0.3651401181102362
20
-0.2447037007874016
11
-0.3660938188976378
21
-0.2418426377952756
0
LINE
8
BLACK
6
CONTINUOUS
10
-0.3660938188976378
20
-0.2418426377952756
11
-0.3677594094488189
21
-0.2401770472440945
0
LINE
8
BLACK
6
CONTINUOUS
10
-0.3677594094488189
20
-0.2401770472440945
11
-0.3706204724409449
21
-0.2392233464566929
0
LINE
8
BLACK
6
CONTINUOUS
10
-0.3706204724409449
20
-0.2392233464566929
11
-0.3723135039370079
21
-0.2392233464566929
0
LINE
8
BLACK
6
CONTINUOUS
10
-0.3723135039370079
20
-0.2392233464566929
11
-0.3751746062992126
21
-0.2401770078740157
0
LINE
8
BLACK
6
CONTINUOUS
10
-0.3751746062992126
20
-0.2401770078740157
11
-0.3809712204724409
21
-0.2459736220472441
0
LINE
8
BLACK
6
CONTINUOUS
10
-0.3809712204724409
20
-0.2459736220472441
11
-0.3834082283464567
21
-0.2508477165354331
0
LINE
8
BLACK
6
CONTINUOUS
10
-0.3834082283464567
20
-0.2508477165354331
11
-0.3837166141732283
21
-0.2513375984251968
0
LINE
8
BLACK
6
CONTINUOUS
10
-0.3837166141732283
20
-0.2513375984251968
11
-0.384586968503937
21
-0.2520924409448819
0
LINE
8
BLACK
6
CONTINUOUS
10
-0.384586968503937
20
-0.2520924409448819
11
-0.3856799212598425
21
-0.2524567716535433
0
LINE
8
BLACK
6
CONTINUOUS
10
-0.3856799212598425
20
-0.2524567716535433
11
-0.3868291732283464
21
-0.2523751181102362
0
LINE
8
BLACK
6
CONTINUOUS
10
-0.3868291732283464
20
-0.2523751181102362
11
-0.3878596456692913
21
-0.251859842519685
0
LINE
8
BLACK
6
CONTINUOUS
10
-0.3878596456692913
20
-0.251859842519685
11
-0.3886144881889764
21
-0.2509894881889764
0
LINE
8
BLACK
6
CONTINUOUS
10
-0.3886144881889764
20
-0.2509894881889764
11
-0.3889788188976378
21
-0.2498965354330709
0
LINE
8
BLACK
6
CONTINUOUS
10
-0.3889788188976378
20
-0.2498965354330709
11
-0.3888971653543307
21
-0.2487472834645669
0
LINE
8
BLACK
6
CONTINUOUS
10
-0.3888971653543307
20
-0.2487472834645669
11
-0.3886902755905512
21
-0.2482066929133858
0
LINE
8
BLACK
6
CONTINUOUS
10
-0.3886902755905512
20
-0.2482066929133858
11
-0.386038937007874
21
-0.2429040551181102
0
LINE
8
BLACK
6
CONTINUOUS
10
-0.386038937007874
20
-0.2429040551181102
11
-0.3858829527559055
21
-0.2426562204724409
0
LINE
8
BLACK
6
CONTINUOUS
10
-0.3858829527559055
20
-0.2426562204724409
11
-0.3858530708661417
21
-0.2425841338582677
0
LINE
8
BLACK
6
CONTINUOUS
10
-0.3858530708661417
20
-0.2425841338582677
11
-0.3857864173228346
21
-0.2425029133858268
0
LINE
8
BLACK
6
CONTINUOUS
10
-0.3857864173228346
20
-0.2425029133858268
11
-0.3857305511811023
21
-0.2424141732283465
0
LINE
8
BLACK
6
CONTINUOUS
10
-0.3857305511811023
20
-0.2424141732283465
11
-0.3856716929133858
21
-0.2423631102362205
0
LINE
8
BLACK
6
CONTINUOUS
10
-0.3856716929133858
20
-0.2423631102362205
11
-0.3854858267716536
21
-0.2421366535433071
0
LINE
8
BLACK
6
CONTINUOUS
10
-0.3854858267716536
20
-0.2421366535433071
11
-0.3788575590551181
21
-0.2355083464566929
0
LINE
8
BLACK
6
CONTINUOUS
10
-0.3788575590551181
20
-0.2355083464566929
11
-0.3784101181102362
21
-0.2351411417322835
0
LINE
8
BLACK
6
CONTINUOUS
10
-0.3784101181102362
20
-0.2351411417322835
11
-0.3783121653543307
21
-0.2351005511811023
0
LINE
8
BLACK
6
CONTINUOUS
10
-0.3783121653543307
20
-0.2351005511811023
11
-0.378231968503937
21
-0.2350310236220473
0
LINE
8
BLACK
6
CONTINUOUS
10
-0.378231968503937
20
-0.2350310236220473
11
-0.3777033858267717
21
-0.2347950393700787
0
LINE
8
BLACK
6
CONTINUOUS
10
-0.3777033858267717
20
-0.2347950393700787
11
-0.3737263779527559
21
-0.2334693700787402
0
LINE
8
BLACK
6
CONTINUOUS
10
-0.3737263779527559
20
-0.2334693700787402
11
-0.3734408267716535
21
-0.2334044094488189
0
LINE
8
BLACK
6
CONTINUOUS
10
-0.3734408267716535
20
-0.2334044094488189
11
-0.3733687007874016
21
-0.2333745669291339
0
LINE
8
BLACK
6
CONTINUOUS
10
-0.3733687007874016
20
-0.2333745669291339
11
-0.3732642125984252
21
-0.2333642519685039
0
LINE
8
BLACK
6
CONTINUOUS
10
-0.3732642125984252
20
-0.2333642519685039
11
-0.3731619291338583
21
-0.2333410236220472
0
LINE
8
BLACK
6
CONTINUOUS
10
-0.3731619291338583
20
-0.2333410236220472
11
-0.3730842125984252
21
-0.2333465354330709
0
LINE
8
BLACK
6
CONTINUOUS
10
-0.3730842125984252
20
-0.2333465354330709
11
-0.3727926377952756
21
-0.2333178346456693
0
LINE
8
BLACK
6
CONTINUOUS
10
-0.3727926377952756
20
-0.2333178346456693
11
-0.3701413385826772
21
-0.2333178346456693
0
LINE
8
BLACK
6
CONTINUOUS
10
-0.3701413385826772
20
-0.2333178346456693
11
-0.3698498031496063
21
-0.2333465354330709
0
LINE
8
BLACK
6
CONTINUOUS
10
0.3826775590551181
20
-0.2384322440944882
11
0.3834922440944882
21
-0.2392469291338583
0
LINE
8
BLACK
6
CONTINUOUS
10
0.3834922440944882
20
-0.2392469291338583
11
0.3839331102362205
21
-0.2403113385826772
0
LINE
8
BLACK
6
CONTINUOUS
10
0.3839331102362205
20
-0.2403113385826772
11
0.3839331102362205
21
-0.2414634251968504
0
LINE
8
BLACK
6
CONTINUOUS
10
0.3839331102362205
20
-0.2414634251968504
11
0.3834922440944882
21
-0.2425278346456693
0
LINE
8
BLACK
6
CONTINUOUS
10
0.3834922440944882
20
-0.2425278346456693
11
0.383125
21
-0.2429753149606299
0
LINE
8
BLACK
6
CONTINUOUS
10
0.383125
20
-0.2429753149606299
11
0.3552861417322835
21
-0.2708141338582677
0
LINE
8
BLACK
6
CONTINUOUS
10
0.3552861417322835
20
-0.2708141338582677
11
0.3548388976377952
21
-0.2711811417322835
0
LINE
8
BLACK
6
CONTINUOUS
10
0.3548388976377952
20
-0.2711811417322835
11
0.3548387007874015
21
-0.2711813779527559
0
LINE
8
BLACK
6
CONTINUOUS
10
0.3548387007874015
20
-0.2711813779527559
11
0.3537742913385827
21
-0.2716222440944882
0
LINE
8
BLACK
6
CONTINUOUS
10
0.3537742913385827
20
-0.2716222440944882
11
0.3526222047244094
21
-0.2716222440944882
0
LINE
8
BLACK
6
CONTINUOUS
10
0.3526222047244094
20
-0.2716222440944882
11
0.3526221653543307
21
-0.2716222440944882
0
LINE
8
BLACK
6
CONTINUOUS
10
0.3526221653543307
20
-0.2716222440944882
11
0.3523103937007874
21
-0.2714931102362205
0
LINE
8
BLACK
6
CONTINUOUS
10
0.3523103937007874
20
-0.2714931102362205
11
0.3515577559055118
21
-0.2711813779527559
0
LINE
8
BLACK
6
CONTINUOUS
10
0.3515577559055118
20
-0.2711813779527559
11
0.3511103149606299
21
-0.2708141338582677
0
LINE
8
BLACK
6
CONTINUOUS
10
0.3511103149606299
20
-0.2708141338582677
11
0.3378537401574803
21
-0.2575575590551181
0
LINE
8
BLACK
6
CONTINUOUS
10
0.3378537401574803
20
-0.2575575590551181
11
0.3374865354330708
21
-0.2571101181102362
0
LINE
8
BLACK
6
CONTINUOUS
10
0.3374865354330708
20
-0.2571101181102362
11
0.3370456299212599
21
-0.2560456692913386
0
LINE
8
BLACK
6
CONTINUOUS
10
0.3370456299212599
20
-0.2560456692913386
11
0.3370456299212599
21
-0.2548936220472441
0
LINE
8
BLACK
6
CONTINUOUS
10
0.3370456299212599
20
-0.2548936220472441
11
0.3374865354330708
21
-0.2538291732283465
0
LINE
8
BLACK
6
CONTINUOUS
10
0.3374865354330708
20
-0.2538291732283465
11
0.3383011811023622
21
-0.2530145275590551
0
LINE
8
BLACK
6
CONTINUOUS
10
0.3383011811023622
20
-0.2530145275590551
11
0.3393656299212598
21
-0.2525736220472441
0
LINE
8
BLACK
6
CONTINUOUS
10
0.3393656299212598
20
-0.2525736220472441
11
0.3405176771653543
21
-0.2525736220472441
0
LINE
8
BLACK
6
CONTINUOUS
10
0.3405176771653543
20
-0.2525736220472441
11
0.341582125984252
21
-0.2530145275590551
0
LINE
8
BLACK
6
CONTINUOUS
10
0.341582125984252
20
-0.2530145275590551
11
0.3420295669291338
21
-0.2533817322834646
0
LINE
8
BLACK
6
CONTINUOUS
10
0.3420295669291338
20
-0.2533817322834646
11
0.3531982283464567
21
-0.2645503937007874
0
LINE
8
BLACK
6
CONTINUOUS
10
0.3531982283464567
20
-0.2645503937007874
11
0.3789491732283464
21
-0.2387994881889764
0
LINE
8
BLACK
6
CONTINUOUS
10
0.3789491732283464
20
-0.2387994881889764
11
0.3793966535433071
21
-0.2384322440944882
0
LINE
8
BLACK
6
CONTINUOUS
10
0.3793966535433071
20
-0.2384322440944882
11
0.380461062992126
21
-0.2379913779527559
0
LINE
8
BLACK
6
CONTINUOUS
10
0.380461062992126
20
-0.2379913779527559
11
0.3816131496062992
21
-0.2379913779527559
0
LINE
8
BLACK
6
CONTINUOUS
10
0.3816131496062992
20
-0.2379913779527559
11
0.3826775590551181
21
-0.2384322440944882
0
LINE
8
BLACK
6
CONTINUOUS
10
-0.4097470078740157
20
0.1887825984251968
11
-0.3287401574803149
21
0.1077757874015748
0
LINE
8
BLACK
6
CONTINUOUS
10
-0.3287401574803149
20
0.1077757874015748
11
-0.2477333464566929
21
0.1887825984251968
0
LINE
8
BLACK
6
CONTINUOUS
10
-0.2477333464566929
20
0.1887825984251968
11
-0.2469670078740157
21
0.1892946850393701
0
LINE
8
BLACK
6
CONTINUOUS
10
-0.2469670078740157
20
0.1892946850393701
11
-0.2451590157480315
21
0.1892946850393701
0
LINE
8
BLACK
6
CONTINUOUS
10
-0.2451590157480315
20
0.1892946850393701
11
-0.2438805905511811
21
0.1880162598425197
0
LINE
8
BLACK
6
CONTINUOUS
10
-0.2438805905511811
20
0.1880162598425197
11
-0.2438805905511811
21
0.1862082677165354
0
LINE
8
BLACK
6
CONTINUOUS
10
-0.2438805905511811
20
0.1862082677165354
11
-0.2443926771653543
21
0.1854419291338583
0
LINE
8
BLACK
6
CONTINUOUS
10
-0.2443926771653543
20
0.1854419291338583
11
-0.3263779527559055
21
0.1034566929133858
0
LINE
8
BLACK
6
CONTINUOUS
10
-0.3263779527559055
20
0.1034566929133858
11
-0.3263779527559055
21
0.0672710236220472
0
LINE
8
BLACK
6
CONTINUOUS
10
-0.3263779527559055
20
0.0672710236220472
11
-0.3220843700787401
21
0.0667057480314961
0
LINE
8
BLACK
6
CONTINUOUS
10
-0.3220843700787401
20
0.0667057480314961
11
-0.3177165354330709
21
0.0648965354330709
0
LINE
8
BLACK
6
CONTINUOUS
10
-0.3177165354330709
20
0.0648965354330709
11
-0.3139657874015748
21
0.0620184645669291
0
LINE
8
BLACK
6
CONTINUOUS
10
-0.3139657874015748
20
0.0620184645669291
11
-0.311087716535433
21
0.0582677165354331
0
LINE
8
BLACK
6
CONTINUOUS
10
-0.311087716535433
20
0.0582677165354331
11
-0.3092785039370078
21
0.0538998818897638
0
LINE
8
BLACK
6
CONTINUOUS
10
-0.3092785039370078
20
0.0538998818897638
11
-0.3086614173228346
21
0.0492125984251968
0
LINE
8
BLACK
6
CONTINUOUS
10
-0.3086614173228346
20
0.0492125984251968
11
-0.3092785039370078
21
0.0445253149606299
0
LINE
8
BLACK
6
CONTINUOUS
10
-0.3092785039370078
20
0.0445253149606299
11
-0.311087716535433
21
0.0401574803149606
0
LINE
8
BLACK
6
CONTINUOUS
10
-0.311087716535433
20
0.0401574803149606
11
-0.3139657874015748
21
0.0364067322834646
0
LINE
8
BLACK
6
CONTINUOUS
10
-0.3139657874015748
20
0.0364067322834646
11
-0.3177165354330709
21
0.0335286614173228
0
LINE
8
BLACK
6
CONTINUOUS
10
-0.3177165354330709
20
0.0335286614173228
11
-0.3178712992125984
21
0.0334645669291339
0
LINE
8
BLACK
6
CONTINUOUS
10
-0.3178712992125984
20
0.0334645669291339
11
-0.3177165354330709
21
0.0334004724409449
0
LINE
8
BLACK
6
CONTINUOUS
10
-0.3177165354330709
20
0.0334004724409449
11
-0.3139657874015748
21
0.0305224015748032
0
LINE
8
BLACK
6
CONTINUOUS
10
-0.3139657874015748
20
0.0305224015748032
11
-0.311087716535433
21
0.0267716535433071
0
LINE
8
BLACK
6
CONTINUOUS
10
-0.311087716535433
20
0.0267716535433071
11
-0.3092785039370078
21
0.0224038188976378
0
LINE
8
BLACK
6
CONTINUOUS
10
-0.3092785039370078
20
0.0224038188976378
11
-0.3086614173228346
21
0.0177165354330709
0
LINE
8
BLACK
6
CONTINUOUS
10
-0.3086614173228346
20
0.0177165354330709
11
-0.3092785039370078
21
0.0130292519685039
0
LINE
8
BLACK
6
CONTINUOUS
10
-0.3092785039370078
20
0.0130292519685039
11
-0.311087716535433
21
0.0086614173228346
0
LINE
8
BLACK
6
CONTINUOUS
10
-0.311087716535433
20
0.0086614173228346
11
-0.3139657874015748
21
0.0049106692913386
0
LINE
8
BLACK
6
CONTINUOUS
10
-0.3139657874015748
20
0.0049106692913386
11
-0.3177165354330709
21
0.0020325984251969
0
LINE
8
BLACK
6
CONTINUOUS
10
-0.3177165354330709
20
0.0020325984251969
11
-0.3178712992125984
21
0.0019685039370079
0
LINE
8
BLACK
6
CONTINUOUS
10
-0.3178712992125984
20
0.0019685039370079
11
-0.3177165354330709
21
0.0019044094488189
0
LINE
8
BLACK
6
CONTINUOUS
10
-0.3177165354330709
20
0.0019044094488189
11
-0.3139657874015748
21
-0.0009736614173228
0
LINE
8
BLACK
6
CONTINUOUS
10
-0.3139657874015748
20
-0.0009736614173228
11
-0.311087716535433
21
-0.0047244094488189
0
LINE
8
BLACK
6
CONTINUOUS
10
-0.311087716535433
20
-0.0047244094488189
11
-0.3092785039370078
21
-0.0090922440944882
0
LINE
8
BLACK
6
CONTINUOUS
10
-0.3092785039370078
20
-0.0090922440944882
11
-0.3086614173228346
21
-0.0137795275590551
0
LINE
8
BLACK
6
CONTINUOUS
10
-0.3086614173228346
20
-0.0137795275590551
11
-0.3092785039370078
21
-0.018466811023622
0
LINE
8
BLACK
6
CONTINUOUS
10
-0.3092785039370078
20
-0.018466811023622
11
-0.311087716535433
21
-0.0228346456692913
0
LINE
8
BLACK
6
CONTINUOUS
10
-0.311087716535433
20
-0.0228346456692913
11
-0.3139657874015748
21
-0.0265853937007874
0
LINE
8
BLACK
6
CONTINUOUS
10
-0.3139657874015748
20
-0.0265853937007874
11
-0.3177165354330709
21
-0.0294634645669291
0
LINE
8
BLACK
6
CONTINUOUS
10
-0.3177165354330709
20
-0.0294634645669291
11
-0.3178712992125984
21
-0.0295275590551181
0
LINE
8
BLACK
6
CONTINUOUS
10
-0.3178712992125984
20
-0.0295275590551181
11
-0.3177165354330709
21
-0.0295916535433071
0
LINE
8
BLACK
6
CONTINUOUS
10
-0.3177165354330709
20
-0.0295916535433071
11
-0.3139657874015748
21
-0.0324697244094488
0
LINE
8
BLACK
6
CONTINUOUS
10
-0.3139657874015748
20
-0.0324697244094488
11
-0.311087716535433
21
-0.0362204724409449
0
LINE
8
BLACK
6
CONTINUOUS
10
-0.311087716535433
20
-0.0362204724409449
11
-0.3092785039370078
21
-0.0405883070866142
0
LINE
8
BLACK
6
CONTINUOUS
10
-0.3092785039370078
20
-0.0405883070866142
11
-0.3086614173228346
21
-0.0452755905511811
0
LINE
8
BLACK
6
CONTINUOUS
10
-0.3086614173228346
20
-0.0452755905511811
11
-0.3092785039370078
21
-0.049962874015748
0
LINE
8
BLACK
6
CONTINUOUS
10
-0.3092785039370078
20
-0.049962874015748
11
-0.311087716535433
21
-0.0543307086614173
0
LINE
8
BLACK
6
CONTINUOUS
10
-0.311087716535433
20
-0.0543307086614173
11
-0.3139657874015748
21
-0.0580814566929134
0
LINE
8
BLACK
6
CONTINUOUS
10
-0.3139657874015748
20
-0.0580814566929134
11
-0.3177165354330709
21
-0.0609595275590551
0
LINE
8
BLACK
6
CONTINUOUS
10
-0.3177165354330709
20
-0.0609595275590551
11
-0.3220843700787401
21
-0.0627687401574803
0
LINE
8
BLACK
6
CONTINUOUS
10
-0.3220843700787401
20
-0.0627687401574803
11
-0.3244094488188976
21
-0.0630748031496063
0
LINE
8
BLACK
6
CONTINUOUS
10
-0.3244094488188976
20
-0.0630748031496063
11
-0.3244094488188976
21
-0.1012793307086614
0
LINE
8
BLACK
6
CONTINUOUS
10
-0.3244094488188976
20
-0.1012793307086614
11
-0.2424241732283464
21
-0.1832646062992126
0
LINE
8
BLACK
6
CONTINUOUS
10
-0.2424241732283464
20
-0.1832646062992126
11
-0.2419120866141732
21
-0.1840309448818898
0
LINE
8
BLACK
6
CONTINUOUS
10
-0.2419120866141732
20
-0.1840309448818898
11
-0.2419120866141732
21
-0.185838937007874
0
LINE
8
BLACK
6
CONTINUOUS
10
-0.2419120866141732
20
-0.185838937007874
11
-0.2431905118110236
21
-0.1871173622047244
0
LINE
8
BLACK
6
CONTINUOUS
10
-0.2431905118110236
20
-0.1871173622047244
11
-0.2449985039370079
21
-0.1871173622047244
0
LINE
8
BLACK
6
CONTINUOUS
10
-0.2449985039370079
20
-0.1871173622047244
11
-0.245764842519685
21
-0.1866052755905512
0
LINE
8
BLACK
6
CONTINUOUS
10
-0.245764842519685
20
-0.1866052755905512
11
-0.3267716535433071
21
-0.1055984251968504
0
LINE
8
BLACK
6
CONTINUOUS
10
-0.3267716535433071
20
-0.1055984251968504
11
-0.4077785039370079
21
-0.1866052755905512
0
LINE
8
BLACK
6
CONTINUOUS
10
-0.4077785039370079
20
-0.1866052755905512
11
-0.408544842519685
21
-0.1871173622047244
0
LINE
8
BLACK
6
CONTINUOUS
10
-0.408544842519685
20
-0.1871173622047244
11
-0.4103527952755905
21
-0.1871173622047244
0
LINE
8
BLACK
6
CONTINUOUS
10
-0.4103527952755905
20
-0.1871173622047244
11
-0.4116312204724409
21
-0.185838937007874
0
LINE
8
BLACK
6
CONTINUOUS
10
-0.4116312204724409
20
-0.185838937007874
11
-0.4116312204724409
21
-0.1840309842519685
0
LINE
8
BLACK
6
CONTINUOUS
10
-0.4116312204724409
20
-0.1840309842519685
11
-0.4111191338582677
21
-0.1832646456692913
0
LINE
8
BLACK
6
CONTINUOUS
10
-0.4111191338582677
20
-0.1832646456692913
11
-0.3291338582677165
21
-0.1012793307086614
0
LINE
8
BLACK
6
CONTINUOUS
10
-0.3291338582677165
20
-0.1012793307086614
11
-0.3291338582677165
21
-0.0628877165354331
0
LINE
8
BLACK
6
CONTINUOUS
10
-0.3291338582677165
20
-0.0628877165354331
11
-0.3289540551181102
21
-0.0619837401574803
0
LINE
8
BLACK
6
CONTINUOUS
10
-0.3289540551181102
20
-0.0619837401574803
11
-0.3288944094488189
21
-0.0619240551181102
0
LINE
8
BLACK
6
CONTINUOUS
10
-0.3288944094488189
20
-0.0619240551181102
11
-0.3290182283464567
21
-0.0617535826771654
0
LINE
8
BLACK
6
CONTINUOUS
10
-0.3290182283464567
20
-0.0617535826771654
11
-0.3290182283464567
21
-0.0602936614173228
0
LINE
8
BLACK
6
CONTINUOUS
10
-0.3290182283464567
20
-0.0602936614173228
11
-0.3281601181102362
21
-0.0591125590551181
0
LINE
8
BLACK
6
CONTINUOUS
10
-0.3281601181102362
20
-0.0591125590551181
11
-0.3267716535433071
21
-0.0586614173228346
0
LINE
8
BLACK
6
CONTINUOUS
10
-0.3267716535433071
20
-0.0586614173228346
11
-0.3246515354330708
21
-0.0586614173228346
0
LINE
8
BLACK
6
CONTINUOUS
10
-0.3246515354330708
20
-0.0586614173228346
11
-0.3206188582677165
21
-0.0573511023622047
0
LINE
8
BLACK
6
CONTINUOUS
10
-0.3206188582677165
20
-0.0573511023622047
11
-0.3171884645669291
21
-0.0548587795275591
0
LINE
8
BLACK
6
CONTINUOUS
10
-0.3171884645669291
20
-0.0548587795275591
11
-0.3146961417322834
21
-0.0514283858267717
0
LINE
8
BLACK
6
CONTINUOUS
10
-0.3146961417322834
20
-0.0514283858267717
11
-0.3133858267716536
21
-0.0473957086614173
0
LINE
8
BLACK
6
CONTINUOUS
10
-0.3133858267716536
20
-0.0473957086614173
11
-0.3133858267716536
21
-0.0431554724409449
0
LINE
8
BLACK
6
CONTINUOUS
10
-0.3133858267716536
20
-0.0431554724409449
11
-0.3146961417322834
21
-0.0391227952755906
0
LINE
8
BLACK
6
CONTINUOUS
10
-0.3146961417322834
20
-0.0391227952755906
11
-0.3171884645669291
21
-0.0356924015748031
0
LINE
8
BLACK
6
CONTINUOUS
10
-0.3171884645669291
20
-0.0356924015748031
11
-0.3206188582677165
21
-0.0332000787401575
0
LINE
8
BLACK
6
CONTINUOUS
10
-0.3206188582677165
20
-0.0332000787401575
11
-0.3246515354330708
21
-0.0318897637795276
0
LINE
8
BLACK
6
CONTINUOUS
10
-0.3246515354330708
20
-0.0318897637795276
11
-0.3267716535433071
21
-0.0318897637795276
0
LINE
8
BLACK
6
CONTINUOUS
10
-0.3267716535433071
20
-0.0318897637795276
11
-0.3281601181102362
21
-0.0314386220472441
0
LINE
8
BLACK
6
CONTINUOUS
10
-0.3281601181102362
20
-0.0314386220472441
11
-0.3290182283464567
21
-0.0302575196850394
0
LINE
8
BLACK
6
CONTINUOUS
10
-0.3290182283464567
20
-0.0302575196850394
11
-0.3290182283464567
21
-0.0287975984251969
0
LINE
8
BLACK
6
CONTINUOUS
10
-0.3290182283464567
20
-0.0287975984251969
11
-0.3281601181102362
21
-0.0276164960629921
0
LINE
8
BLACK
6
CONTINUOUS
10
-0.3281601181102362
20
-0.0276164960629921
11
-0.3267716535433071
21
-0.0271653543307087
0
LINE
8
BLACK
6
CONTINUOUS
10
-0.3267716535433071
20
-0.0271653543307087
11
-0.3246515354330708
21
-0.0271653543307087
0
LINE
8
BLACK
6
CONTINUOUS
10
-0.3246515354330708
20
-0.0271653543307087
11
-0.3206188582677165
21
-0.0258550393700787
0
LINE
8
BLACK
6
CONTINUOUS
10
-0.3206188582677165
20
-0.0258550393700787
11
-0.3171884645669291
21
-0.0233627165354331
0
LINE
8
BLACK
6
CONTINUOUS
10
-0.3171884645669291
20
-0.0233627165354331
11
-0.3146961417322834
21
-0.0199323228346457
0
LINE
8
BLACK
6
CONTINUOUS
10
-0.3146961417322834
20
-0.0199323228346457
11
-0.3133858267716536
21
-0.0158996456692913
0
LINE
8
BLACK
6
CONTINUOUS
10
-0.3133858267716536
20
-0.0158996456692913
11
-0.3133858267716536
21
-0.0116594094488189
0
LINE
8
BLACK
6
CONTINUOUS
10
-0.3133858267716536
20
-0.0116594094488189
11
-0.3146961417322834
21
-0.0076267322834646
0
LINE
8
BLACK
6
CONTINUOUS
10
-0.3146961417322834
20
-0.0076267322834646
11
-0.3171884645669291
21
-0.0041963385826772
0
LINE
8
BLACK
6
CONTINUOUS
10
-0.3171884645669291
20
-0.0041963385826772
11
-0.3206188582677165
21
-0.0017040157480315
0
LINE
8
BLACK
6
CONTINUOUS
10
-0.3206188582677165
20
-0.0017040157480315
11
-0.3246515354330708
21
-0.0003937007874016
0
LINE
8
BLACK
6
CONTINUOUS
10
-0.3246515354330708
20
-0.0003937007874016
11
-0.3267716535433071
21
-0.0003937007874016
0
LINE
8
BLACK
6
CONTINUOUS
10
-0.3267716535433071
20
-0.0003937007874016
11
-0.3281601181102362
21
0.0000574409448819
0
LINE
8
BLACK
6
CONTINUOUS
10
-0.3281601181102362
20
0.0000574409448819
11
-0.3290182283464567
21
0.0012385433070866
0
LINE
8
BLACK
6
CONTINUOUS
10
-0.3290182283464567
20
0.0012385433070866
11
-0.3290182283464567
21
0.0026984645669291
0
LINE
8
BLACK
6
CONTINUOUS
10
-0.3290182283464567
20
0.0026984645669291
11
-0.3281601181102362
21
0.0038795669291339
0
LINE
8
BLACK
6
CONTINUOUS
10
-0.3281601181102362
20
0.0038795669291339
11
-0.3267716535433071
21
0.0043307086614173
0
LINE
8
BLACK
6
CONTINUOUS
10
-0.3267716535433071
20
0.0043307086614173
11
-0.3246515354330708
21
0.0043307086614173
0
LINE
8
BLACK
6
CONTINUOUS
10
-0.3246515354330708
20
0.0043307086614173
11
-0.3206188582677165
21
0.0056410236220472
0
LINE
8
BLACK
6
CONTINUOUS
10
-0.3206188582677165
20
0.0056410236220472
11
-0.3171884645669291
21
0.0081333464566929
0
LINE
8
BLACK
6
CONTINUOUS
10
-0.3171884645669291
20
0.0081333464566929
11
-0.3146961417322834
21
0.0115637401574803
0
LINE
8
BLACK
6
CONTINUOUS
10
-0.3146961417322834
20
0.0115637401574803
11
-0.3133858267716536
21
0.0155964173228346
0
LINE
8
BLACK
6
CONTINUOUS
10
-0.3133858267716536
20
0.0155964173228346
11
-0.3133858267716536
21
0.0198366535433071
0
LINE
8
BLACK
6
CONTINUOUS
10
-0.3133858267716536
20
0.0198366535433071
11
-0.3146961417322834
21
0.0238693307086614
0
LINE
8
BLACK
6
CONTINUOUS
10
-0.3146961417322834
20
0.0238693307086614
11
-0.3171884645669291
21
0.0272997244094488
0
LINE
8
BLACK
6
CONTINUOUS
10
-0.3171884645669291
20
0.0272997244094488
11
-0.3206188582677165
21
0.0297920472440945
0
LINE
8
BLACK
6
CONTINUOUS
10
-0.3206188582677165
20
0.0297920472440945
11
-0.3246515354330708
21
0.0311023622047244
0
LINE
8
BLACK
6
CONTINUOUS
10
-0.3246515354330708
20
0.0311023622047244
11
-0.3267716535433071
21
0.0311023622047244
0
LINE
8
BLACK
6
CONTINUOUS
10
-0.3267716535433071
20
0.0311023622047244
11
-0.3281601181102362
21
0.0315535039370079
0
LINE
8
BLACK
6
CONTINUOUS
10
-0.3281601181102362
20
0.0315535039370079
11
-0.3290182283464567
21
0.0327346062992126
0
LINE
8
BLACK
6
CONTINUOUS
10
-0.3290182283464567
20
0.0327346062992126
11
-0.3290182283464567
21
0.0341945275590551
0
LINE
8
BLACK
6
CONTINUOUS
10
-0.3290182283464567
20
0.0341945275590551
11
-0.3281601181102362
21
0.0353756299212598
0
LINE
8
BLACK
6
CONTINUOUS
10
-0.3281601181102362
20
0.0353756299212598
11
-0.3267716535433071
21
0.0358267716535433
0
LINE
8
BLACK
6
CONTINUOUS
10
-0.3267716535433071
20
0.0358267716535433
11
-0.3246515354330708
21
0.0358267716535433
0
LINE
8
BLACK
6
CONTINUOUS
10
-0.3246515354330708
20
0.0358267716535433
11
-0.3206188582677165
21
0.0371370866141732
0
LINE
8
BLACK
6
CONTINUOUS
10
-0.3206188582677165
20
0.0371370866141732
11
-0.3171884645669291
21
0.0396294094488189
0
LINE
8
BLACK
6
CONTINUOUS
10
-0.3171884645669291
20
0.0396294094488189
11
-0.3146961417322834
21
0.0430598031496063
0
LINE
8
BLACK
6
CONTINUOUS
10
-0.3146961417322834
20
0.0430598031496063
11
-0.3133858267716536
21
0.0470924803149606
0
LINE
8
BLACK
6
CONTINUOUS
10
-0.3133858267716536
20
0.0470924803149606
11
-0.3133858267716536
21
0.0513327165354331
0
LINE
8
BLACK
6
CONTINUOUS
10
-0.3133858267716536
20
0.0513327165354331
11
-0.3146961417322834
21
0.0553653937007874
0
LINE
8
BLACK
6
CONTINUOUS
10
-0.3146961417322834
20
0.0553653937007874
11
-0.3171884645669291
21
0.0587957874015748
0
LINE
8
BLACK
6
CONTINUOUS
10
-0.3171884645669291
20
0.0587957874015748
11
-0.3206188582677165
21
0.0612881102362205
0
LINE
8
BLACK
6
CONTINUOUS
10
-0.3206188582677165
20
0.0612881102362205
11
-0.3246515354330708
21
0.0625984251968504
0
LINE
8
BLACK
6
CONTINUOUS
10
-0.3246515354330708
20
0.0625984251968504
11
-0.3267716535433071
21
0.0625984251968504
0
LINE
8
BLACK
6
CONTINUOUS
10
-0.3267716535433071
20
0.0625984251968504
11
-0.3277896456692913
21
0.0629292125984252
0
LINE
8
BLACK
6
CONTINUOUS
10
-0.3277896456692913
20
0.0629292125984252
11
-0.3278361811023622
21
0.0628826377952756
0
LINE
8
BLACK
6
CONTINUOUS
10
-0.3278361811023622
20
0.0628826377952756
11
-0.3296441338582677
21
0.0628826377952756
0
LINE
8
BLACK
6
CONTINUOUS
10
-0.3296441338582677
20
0.0628826377952756
11
-0.3309225590551181
21
0.064161062992126
0
LINE
8
BLACK
6
CONTINUOUS
10
-0.3309225590551181
20
0.064161062992126
11
-0.3311023622047244
21
0.0650650393700787
0
LINE
8
BLACK
6
CONTINUOUS
10
-0.3311023622047244
20
0.0650650393700787
11
-0.3311023622047244
21
0.1034566929133858
0
LINE
8
BLACK
6
CONTINUOUS
10
-0.3311023622047244
20
0.1034566929133858
11
-0.4130876377952756
21
0.185441968503937
0
LINE
8
BLACK
6
CONTINUOUS
10
-0.4130876377952756
20
0.185441968503937
11
-0.4135997244094488
21
0.1862083070866142
0
LINE
8
BLACK
6
CONTINUOUS
10
-0.4135997244094488
20
0.1862083070866142
11
-0.4135997244094488
21
0.1880162598425197
0
LINE
8
BLACK
6
CONTINUOUS
10
-0.4135997244094488
20
0.1880162598425197
11
-0.4123212992125984
21
0.1892946850393701
0
LINE
8
BLACK
6
CONTINUOUS
10
-0.4123212992125984
20
0.1892946850393701
11
-0.4105133464566929
21
0.1892946850393701
0
LINE
8
BLACK
6
CONTINUOUS
10
-0.4105133464566929
20
0.1892946850393701
11
-0.4097470078740157
21
0.1887825984251968
0
LINE
8
BLACK
6
CONTINUOUS
10
-0.3648881102362205
20
-0.0551716141732283
11
-0.3647682283464567
21
-0.0557742519685039
0
LINE
8
BLACK
6
CONTINUOUS
10
-0.3647682283464567
20
-0.0557742519685039
11
-0.3647682283464567
21
-0.0620525196850394
0
LINE
8
BLACK
6
CONTINUOUS
10
-0.3647682283464567
20
-0.0620525196850394
11
-0.3613807874015748
21
-0.0590885433070866
0
LINE
8
BLACK
6
CONTINUOUS
10
-0.3613807874015748
20
-0.0590885433070866
11
-0.3609927559055118
21
-0.0588650787401575
0
LINE
8
BLACK
6
CONTINUOUS
10
-0.3609927559055118
20
-0.0588650787401575
11
-0.3609464173228346
21
-0.0588187795275591
0
LINE
8
BLACK
6
CONTINUOUS
10
-0.3609464173228346
20
-0.0588187795275591
11
-0.3609123228346456
21
-0.0588187795275591
0
LINE
8
BLACK
6
CONTINUOUS
10
-0.3609123228346456
20
-0.0588187795275591
11
-0.3608483070866141
21
-0.0587819291338583
0
LINE
8
BLACK
6
CONTINUOUS
10
-0.3608483070866141
20
-0.0587819291338583
11
-0.3602954330708661
21
-0.0588187795275591
0
LINE
8
BLACK
6
CONTINUOUS
10
-0.3602954330708661
20
-0.0588187795275591
11
-0.3597411417322834
21
-0.0588187795275591
0
LINE
8
BLACK
6
CONTINUOUS
10
-0.3597411417322834
20
-0.0588187795275591
11
-0.3597015748031496
21
-0.0588583464566929
0
LINE
8
BLACK
6
CONTINUOUS
10
-0.3597015748031496
20
-0.0588583464566929
11
-0.3596456692913386
21
-0.0588620866141732
0
LINE
8
BLACK
6
CONTINUOUS
10
-0.3596456692913386
20
-0.0588620866141732
11
-0.3592806692913386
21
-0.0592792519685039
0
LINE
8
BLACK
6
CONTINUOUS
10
-0.3592806692913386
20
-0.0592792519685039
11
-0.3588888582677165
21
-0.059671062992126
0
LINE
8
BLACK
6
CONTINUOUS
10
-0.3588888582677165
20
-0.059671062992126
11
-0.3588744488188976
21
-0.0597435039370079
0
LINE
8
BLACK
6
CONTINUOUS
10
-0.3588744488188976
20
-0.0597435039370079
11
-0.3588520078740157
21
-0.0597691732283465
0
LINE
8
BLACK
6
CONTINUOUS
10
-0.3588520078740157
20
-0.0597691732283465
11
-0.3588563779527559
21
-0.0598344094488189
0
LINE
8
BLACK
6
CONTINUOUS
10
-0.3588563779527559
20
-0.0598344094488189
11
-0.3587689763779527
21
-0.0602737007874016
0
LINE
8
BLACK
6
CONTINUOUS
10
-0.3587689763779527
20
-0.0602737007874016
11
-0.3587689763779527
21
-0.0621516141732283
0
LINE
8
BLACK
6
CONTINUOUS
10
-0.3587689763779527
20
-0.0621516141732283
11
-0.3582996062992126
21
-0.0630903543307087
0
LINE
8
BLACK
6
CONTINUOUS
10
-0.3582996062992126
20
-0.0630903543307087
11
-0.3579111023622047
21
-0.0634788976377953
0
LINE
8
BLACK
6
CONTINUOUS
10
-0.3579111023622047
20
-0.0634788976377953
11
-0.3569723622047244
21
-0.0639482283464567
0
LINE
8
BLACK
6
CONTINUOUS
10
-0.3569723622047244
20
-0.0639482283464567
11
-0.3539663385826772
21
-0.0639482283464567
0
LINE
8
BLACK
6
CONTINUOUS
10
-0.3539663385826772
20
-0.0639482283464567
11
-0.3530276377952756
21
-0.0634788582677165
0
LINE
8
BLACK
6
CONTINUOUS
10
-0.3530276377952756
20
-0.0634788582677165
11
-0.3526391732283464
21
-0.0630903937007874
0
LINE
8
BLACK
6
CONTINUOUS
10
-0.3526391732283464
20
-0.0630903937007874
11
-0.3521698031496063
21
-0.0621516929133858
0
LINE
8
BLACK
6
CONTINUOUS
10
-0.3521698031496063
20
-0.0621516929133858
11
-0.3521698031496063
21
-0.0583956692913386
0
LINE
8
BLACK
6
CONTINUOUS
10
-0.3521698031496063
20
-0.0583956692913386
11
-0.3526391732283464
21
-0.057456968503937
0
LINE
8
BLACK
6
CONTINUOUS
10
-0.3526391732283464
20
-0.057456968503937
11
-0.3532083464566929
21
-0.0568877952755905
0
LINE
8
BLACK
6
CONTINUOUS
10
-0.3532083464566929
20
-0.0568877952755905
11
-0.3535497244094488
21
-0.0563768897637795
0
LINE
8
BLACK
6
CONTINUOUS
10
-0.3535497244094488
20
-0.0563768897637795
11
-0.3535497244094488
21
-0.0551716141732283
0
LINE
8
BLACK
6
CONTINUOUS
10
-0.3535497244094488
20
-0.0551716141732283
11
-0.3526974409448819
21
-0.0543193307086614
0
LINE
8
BLACK
6
CONTINUOUS
10
-0.3526974409448819
20
-0.0543193307086614
11
-0.3514921653543307
21
-0.0543193307086614
0
LINE
8
BLACK
6
CONTINUOUS
10
-0.3514921653543307
20
-0.0543193307086614
11
-0.3509812598425197
21
-0.0546607086614173
0
LINE
8
BLACK
6
CONTINUOUS
10
-0.3509812598425197
20
-0.0546607086614173
11
-0.3502313385826771
21
-0.0554106299212598
0
LINE
8
BLACK
6
CONTINUOUS
10
-0.3502313385826771
20
-0.0554106299212598
11
-0.3500911417322835
21
-0.0556204724409449
0
LINE
8
BLACK
6
CONTINUOUS
10
-0.3500911417322835
20
-0.0556204724409449
11
-0.3499363385826771
21
-0.0558199212598425
0
LINE
8
BLACK
6
CONTINUOUS
10
-0.3499363385826771
20
-0.0558199212598425
11
-0.3491864566929134
21
-0.0573197244094488
0
LINE
8
BLACK
6
CONTINUOUS
10
-0.3491864566929134
20
-0.0573197244094488
11
-0.3491656299212598
21
-0.0573957874015748
0
LINE
8
BLACK
6
CONTINUOUS
10
-0.3491656299212598
20
-0.0573957874015748
11
-0.3491400787401575
21
-0.0574213385826772
0
LINE
8
BLACK
6
CONTINUOUS
10
-0.3491400787401575
20
-0.0574213385826772
11
-0.3490908267716535
21
-0.057668937007874
0
LINE
8
BLACK
6
CONTINUOUS
10
-0.3490908267716535
20
-0.057668937007874
11
-0.3490241732283464
21
-0.0579123228346457
0
LINE
8
BLACK
6
CONTINUOUS
10
-0.3490241732283464
20
-0.0579123228346457
11
-0.3490356299212599
21
-0.0579465748031496
0
LINE
8
BLACK
6
CONTINUOUS
10
-0.3490356299212599
20
-0.0579465748031496
11
-0.3490201968503937
21
-0.0580239763779528
0
LINE
8
BLACK
6
CONTINUOUS
10
-0.3490201968503937
20
-0.0580239763779528
11
-0.3490201968503937
21
-0.0625234251968504
0
LINE
8
BLACK
6
CONTINUOUS
10
-0.3490201968503937
20
-0.0625234251968504
11
-0.3490356299212599
21
-0.0626007874015748
0
LINE
8
BLACK
6
CONTINUOUS
10
-0.3490356299212599
20
-0.0626007874015748
11
-0.3490241732283464
21
-0.0626350787401575
0
LINE
8
BLACK
6
CONTINUOUS
10
-0.3490241732283464
20
-0.0626350787401575
11
-0.3490908267716535
21
-0.0628784251968504
0
LINE
8
BLACK
6
CONTINUOUS
10
-0.3490908267716535
20
-0.0628784251968504
11
-0.3491400787401575
21
-0.063126062992126
0
LINE
8
BLACK
6
CONTINUOUS
10
-0.3491400787401575
20
-0.063126062992126
11
-0.3491656299212598
21
-0.0631515748031496
0
LINE
8
BLACK
6
CONTINUOUS
10
-0.3491656299212598
20
-0.0631515748031496
11
-0.3491864566929134
21
-0.0632276771653543
0
LINE
8
BLACK
6
CONTINUOUS
10
-0.3491864566929134
20
-0.0632276771653543
11
-0.3499363385826771
21
-0.0647274803149606
0
LINE
8
BLACK
6
CONTINUOUS
10
-0.3499363385826771
20
-0.0647274803149606
11
-0.3500911417322835
21
-0.0649268897637795
0
LINE
8
BLACK
6
CONTINUOUS
10
-0.3500911417322835
20
-0.0649268897637795
11
-0.3502313385826771
21
-0.0651367716535433
0
LINE
8
BLACK
6
CONTINUOUS
10
-0.3502313385826771
20
-0.0651367716535433
11
-0.3509812598425197
21
-0.0658866929133858
0
LINE
8
BLACK
6
CONTINUOUS
10
-0.3509812598425197
20
-0.0658866929133858
11
-0.3511911023622047
21
-0.0660268503937008
0
LINE
8
BLACK
6
CONTINUOUS
10
-0.3511911023622047
20
-0.0660268503937008
11
-0.3513905511811024
21
-0.0661816929133858
0
LINE
8
BLACK
6
CONTINUOUS
10
-0.3513905511811024
20
-0.0661816929133858
11
-0.3528903543307086
21
-0.0669315748031496
0
LINE
8
BLACK
6
CONTINUOUS
10
-0.3528903543307086
20
-0.0669315748031496
11
-0.3529664566929134
21
-0.0669524015748031
0
LINE
8
BLACK
6
CONTINUOUS
10
-0.3529664566929134
20
-0.0669524015748031
11
-0.352991968503937
21
-0.0669779527559055
0
LINE
8
BLACK
6
CONTINUOUS
10
-0.352991968503937
20
-0.0669779527559055
11
-0.3532396850393701
21
-0.0670272047244094
0
LINE
8
BLACK
6
CONTINUOUS
10
-0.3532396850393701
20
-0.0670272047244094
11
-0.3534829921259842
21
-0.0670938582677165
0
LINE
8
BLACK
6
CONTINUOUS
10
-0.3534829921259842
20
-0.0670938582677165
11
-0.3535172440944882
21
-0.0670824409448819
0
LINE
8
BLACK
6
CONTINUOUS
10
-0.3535172440944882
20
-0.0670824409448819
11
-0.3535946062992126
21
-0.0670978346456693
0
LINE
8
BLACK
6
CONTINUOUS
10
-0.3535946062992126
20
-0.0670978346456693
11
-0.3573441338582677
21
-0.0670978346456693
0
LINE
8
BLACK
6
CONTINUOUS
10
-0.3573441338582677
20
-0.0670978346456693
11
-0.3574215354330709
21
-0.0670824409448819
0
LINE
8
BLACK
6
CONTINUOUS
10
-0.3574215354330709
20
-0.0670824409448819
11
-0.357455748031496
21
-0.0670938582677165
0
LINE
8
BLACK
6
CONTINUOUS
10
-0.357455748031496
20
-0.0670938582677165
11
-0.357699094488189
21
-0.0670272047244094
0
LINE
8
BLACK
6
CONTINUOUS
10
-0.357699094488189
20
-0.0670272047244094
11
-0.3579467716535433
21
-0.0669779527559055
0
LINE
8
BLACK
6
CONTINUOUS
10
-0.3579467716535433
20
-0.0669779527559055
11
-0.3579723228346456
21
-0.0669524015748031
0
LINE
8
BLACK
6
CONTINUOUS
10
-0.3579723228346456
20
-0.0669524015748031
11
-0.3580483858267716
21
-0.0669315748031496
0
LINE
8
BLACK
6
CONTINUOUS
10
-0.3580483858267716
20
-0.0669315748031496
11
-0.3595482283464567
21
-0.0661816929133858
0
LINE
8
BLACK
6
CONTINUOUS
10
-0.3595482283464567
20
-0.0661816929133858
11
-0.3597477559055118
21
-0.0660268503937008
0
LINE
8
BLACK
6
CONTINUOUS
10
-0.3597477559055118
20
-0.0660268503937008
11
-0.3599575590551181
21
-0.0658866535433071
0
LINE
8
BLACK
6
CONTINUOUS
10
-0.3599575590551181
20
-0.0658866535433071
11
-0.3607074409448819
21
-0.0651367716535433
0
LINE
8
BLACK
6
CONTINUOUS
10
-0.3607074409448819
20
-0.0651367716535433
11
-0.3608475984251969
21
-0.064926968503937
0
LINE
8
BLACK
6
CONTINUOUS
10
-0.3608475984251969
20
-0.064926968503937
11
-0.3610024015748031
21
-0.0647275196850394
0
LINE
8
BLACK
6
CONTINUOUS
10
-0.3610024015748031
20
-0.0647275196850394
11
-0.3616233070866142
21
-0.0634857874015748
0
LINE
8
BLACK
6
CONTINUOUS
10
-0.3616233070866142
20
-0.0634857874015748
11
-0.3653060236220472
21
-0.066708188976378
0
LINE
8
BLACK
6
CONTINUOUS
10
-0.3653060236220472
20
-0.066708188976378
11
-0.365694094488189
21
-0.0669316141732283
0
LINE
8
BLACK
6
CONTINUOUS
10
-0.365694094488189
20
-0.0669316141732283
11
-0.3657403937007874
21
-0.0669779527559055
0
LINE
8
BLACK
6
CONTINUOUS
10
-0.3657403937007874
20
-0.0669779527559055
11
-0.3657744881889763
21
-0.0669779527559055
0
LINE
8
BLACK
6
CONTINUOUS
10
-0.3657744881889763
20
-0.0669779527559055
11
-0.3658385039370078
21
-0.0670148031496063
0
LINE
8
BLACK
6
CONTINUOUS
10
-0.3658385039370078
20
-0.0670148031496063
11
-0.3663913779527559
21
-0.0669779527559055
0
LINE
8
BLACK
6
CONTINUOUS
10
-0.3663913779527559
20
-0.0669779527559055
11
-0.3669456692913386
21
-0.0669779527559055
0
LINE
8
BLACK
6
CONTINUOUS
10
-0.3669456692913386
20
-0.0669779527559055
11
-0.3669852755905512
21
-0.0669383464566929
0
LINE
8
BLACK
6
CONTINUOUS
10
-0.3669852755905512
20
-0.0669383464566929
11
-0.3670411417322835
21
-0.0669346456692913
0
LINE
8
BLACK
6
CONTINUOUS
10
-0.3670411417322835
20
-0.0669346456692913
11
-0.3674061811023622
21
-0.0665174409448819
0
LINE
8
BLACK
6
CONTINUOUS
10
-0.3674061811023622
20
-0.0665174409448819
11
-0.3677979527559055
21
-0.0661256692913386
0
LINE
8
BLACK
6
CONTINUOUS
10
-0.3677979527559055
20
-0.0661256692913386
11
-0.3678124015748032
21
-0.0660531889763779
0
LINE
8
BLACK
6
CONTINUOUS
10
-0.3678124015748032
20
-0.0660531889763779
11
-0.3678348031496063
21
-0.0660275590551181
0
LINE
8
BLACK
6
CONTINUOUS
10
-0.3678348031496063
20
-0.0660275590551181
11
-0.3678304724409449
21
-0.0659622834645669
0
LINE
8
BLACK
6
CONTINUOUS
10
-0.3678304724409449
20
-0.0659622834645669
11
-0.3679178346456693
21
-0.065523031496063
0
LINE
8
BLACK
6
CONTINUOUS
10
-0.3679178346456693
20
-0.065523031496063
11
-0.3679178346456693
21
-0.0557742519685039
0
LINE
8
BLACK
6
CONTINUOUS
10
-0.3679178346456693
20
-0.0557742519685039
11
-0.3677979527559055
21
-0.0551716141732283
0
LINE
8
BLACK
6
CONTINUOUS
10
-0.3677979527559055
20
-0.0551716141732283
11
-0.3669456692913386
21
-0.0543193307086614
0
LINE
8
BLACK
6
CONTINUOUS
10
-0.3669456692913386
20
-0.0543193307086614
11
-0.3657403937007874
21
-0.0543193307086614
0
LINE
8
BLACK
6
CONTINUOUS
10
-0.3657403937007874
20
-0.0543193307086614
11
-0.3648881102362205
21
-0.0551716141732283
0
LINE
8
BLACK
6
CONTINUOUS
10
-0.3022456299212599
20
0.067143031496063
11
-0.3009672047244095
21
0.0658646062992126
0
LINE
8
BLACK
6
CONTINUOUS
10
-0.3009672047244095
20
0.0658646062992126
11
-0.3007874015748032
21
0.0649606299212598
0
LINE
8
BLACK
6
CONTINUOUS
10
-0.3007874015748032
20
0.0649606299212598
11
-0.3007874015748032
21
-0.0610236220472441
0
LINE
8
BLACK
6
CONTINUOUS
10
-0.3007874015748032
20
-0.0610236220472441
11
-0.3009672047244095
21
-0.0619275984251969
0
LINE
8
BLACK
6
CONTINUOUS
10
-0.3009672047244095
20
-0.0619275984251969
11
-0.3022456299212599
21
-0.0632060236220472
0
LINE
8
BLACK
6
CONTINUOUS
10
-0.3022456299212599
20
-0.0632060236220472
11
-0.3031496062992126
21
-0.0633858267716535
0
LINE
8
BLACK
6
CONTINUOUS
10
-0.3031496062992126
20
-0.0633858267716535
11
-0.3040535826771654
21
-0.0632060236220472
0
LINE
8
BLACK
6
CONTINUOUS
10
-0.3040535826771654
20
-0.0632060236220472
11
-0.3053320078740158
21
-0.0619275984251969
0
LINE
8
BLACK
6
CONTINUOUS
10
-0.3053320078740158
20
-0.0619275984251969
11
-0.305511811023622
21
-0.0610236220472441
0
LINE
8
BLACK
6
CONTINUOUS
10
-0.305511811023622
20
-0.0610236220472441
11
-0.305511811023622
21
0.0649606299212598
0
LINE
8
BLACK
6
CONTINUOUS
10
-0.305511811023622
20
0.0649606299212598
11
-0.3053320078740158
21
0.0658646062992126
0
LINE
8
BLACK
6
CONTINUOUS
10
-0.3053320078740158
20
0.0658646062992126
11
-0.3040535826771654
21
0.067143031496063
0
LINE
8
BLACK
6
CONTINUOUS
10
-0.3040535826771654
20
0.067143031496063
11
-0.3031496062992126
21
0.0673228346456693
0
LINE
8
BLACK
6
CONTINUOUS
10
-0.3031496062992126
20
0.0673228346456693
11
-0.3022456299212599
21
0.067143031496063
0
LINE
8
BLACK
6
CONTINUOUS
10
-0.2943716141732283
20
0.067143031496063
11
-0.2930931889763779
21
0.0658646062992126
0
LINE
8
BLACK
6
CONTINUOUS
10
-0.2930931889763779
20
0.0658646062992126
11
-0.2929133858267716
21
0.0649606299212598
0
LINE
8
BLACK
6
CONTINUOUS
10
-0.2929133858267716
20
0.0649606299212598
11
-0.2929133858267716
21
-0.0610236220472441
0
LINE
8
BLACK
6
CONTINUOUS
10
-0.2929133858267716
20
-0.0610236220472441
11
-0.2930931889763779
21
-0.0619275984251969
0
LINE
8
BLACK
6
CONTINUOUS
10
-0.2930931889763779
20
-0.0619275984251969
11
-0.2943716141732283
21
-0.0632060236220472
0
LINE
8
BLACK
6
CONTINUOUS
10
-0.2943716141732283
20
-0.0632060236220472
11
-0.2952755905511811
21
-0.0633858267716535
0
LINE
8
BLACK
6
CONTINUOUS
10
-0.2952755905511811
20
-0.0633858267716535
11
-0.2961795669291338
21
-0.0632060236220472
0
LINE
8
BLACK
6
CONTINUOUS
10
-0.2961795669291338
20
-0.0632060236220472
11
-0.2974579921259842
21
-0.0619275984251969
0
LINE
8
BLACK
6
CONTINUOUS
10
-0.2974579921259842
20
-0.0619275984251969
11
-0.2976377952755905
21
-0.0610236220472441
0
LINE
8
BLACK
6
CONTINUOUS
10
-0.2976377952755905
20
-0.0610236220472441
11
-0.2976377952755905
21
0.0649606299212598
0
LINE
8
BLACK
6
CONTINUOUS
10
-0.2976377952755905
20
0.0649606299212598
11
-0.2974579921259842
21
0.0658646062992126
0
LINE
8
BLACK
6
CONTINUOUS
10
-0.2974579921259842
20
0.0658646062992126
11
-0.2961795669291338
21
0.067143031496063
0
LINE
8
BLACK
6
CONTINUOUS
10
-0.2961795669291338
20
0.067143031496063
11
-0.2952755905511811
21
0.0673228346456693
0
LINE
8
BLACK
6
CONTINUOUS
10
-0.2952755905511811
20
0.0673228346456693
11
-0.2943716141732283
21
0.067143031496063
0
LINE
8
BLACK
6
CONTINUOUS
10
-0.1511962204724409
20
0.1002476377952756
11
-0.1443582677165354
21
0.0982853543307087
0
LINE
8
BLACK
6
CONTINUOUS
10
-0.1443582677165354
20
0.0982853543307087
11
-0.138042125984252
21
0.0950120866141732
0
LINE
8
BLACK
6
CONTINUOUS
10
-0.138042125984252
20
0.0950120866141732
11
-0.1324961811023622
21
0.0905566535433071
0
LINE
8
BLACK
6
CONTINUOUS
10
-0.1324961811023622
20
0.0905566535433071
11
-0.1279387007874016
21
0.0850942913385827
0
LINE
8
BLACK
6
CONTINUOUS
10
-0.1279387007874016
20
0.0850942913385827
11
-0.124548937007874
21
0.0788398818897638
0
LINE
8
BLACK
6
CONTINUOUS
10
-0.124548937007874
20
0.0788398818897638
11
-0.1224601968503937
21
0.0720394881889764
0
LINE
8
BLACK
6
CONTINUOUS
10
-0.1224601968503937
20
0.0720394881889764
11
-0.1217547244094488
21
0.0649606299212598
0
LINE
8
BLACK
6
CONTINUOUS
10
-0.1217547244094488
20
0.0649606299212598
11
-0.1224601968503937
21
0.0578817716535433
0
LINE
8
BLACK
6
CONTINUOUS
10
-0.1224601968503937
20
0.0578817716535433
11
-0.124548937007874
21
0.0510813779527559
0
LINE
8
BLACK
6
CONTINUOUS
10
-0.124548937007874
20
0.0510813779527559
11
-0.1279387007874016
21
0.044826968503937
0
LINE
8
BLACK
6
CONTINUOUS
10
-0.1279387007874016
20
0.044826968503937
11
-0.1324961811023622
21
0.0393646062992126
0
LINE
8
BLACK
6
CONTINUOUS
10
-0.1324961811023622
20
0.0393646062992126
11
-0.138042125984252
21
0.0349091732283465
0
LINE
8
BLACK
6
CONTINUOUS
10
-0.138042125984252
20
0.0349091732283465
11
-0.1443582677165354
21
0.031635905511811
0
LINE
8
BLACK
6
CONTINUOUS
10
-0.1443582677165354
20
0.031635905511811
11
-0.1511962204724409
21
0.0296736220472441
0
LINE
8
BLACK
6
CONTINUOUS
10
-0.1511962204724409
20
0.0296736220472441
11
-0.1571909842519685
21
0.0291882677165354
0
LINE
8
BLACK
6
CONTINUOUS
10
-0.1571909842519685
20
0.0291882677165354
11
-0.1571909842519685
21
-0.0610236220472441
0
LINE
8
BLACK
6
CONTINUOUS
10
-0.1571909842519685
20
-0.0610236220472441
11
-0.1573707874015748
21
-0.0619275984251969
0
LINE
8
BLACK
6
CONTINUOUS
10
-0.1573707874015748
20
-0.0619275984251969
11
-0.1586492125984252
21
-0.0632060236220472
0
LINE
8
BLACK
6
CONTINUOUS
10
-0.1586492125984252
20
-0.0632060236220472
11
-0.1595531889763779
21
-0.0633858267716535
0
LINE
8
BLACK
6
CONTINUOUS
10
-0.1595531889763779
20
-0.0633858267716535
11
-0.2716535433070866
21
-0.0633858267716535
0
LINE
8
BLACK
6
CONTINUOUS
10
-0.2716535433070866
20
-0.0633858267716535
11
-0.2763408267716536
21
-0.0627687401574803
0
LINE
8
BLACK
6
CONTINUOUS
10
-0.2763408267716536
20
-0.0627687401574803
11
-0.2807086614173228
21
-0.0609595275590551
0
LINE
8
BLACK
6
CONTINUOUS
10
-0.2807086614173228
20
-0.0609595275590551
11
-0.2844594094488189
21
-0.0580814566929134
0
LINE
8
BLACK
6
CONTINUOUS
10
-0.2844594094488189
20
-0.0580814566929134
11
-0.2873374803149606
21
-0.0543307086614173
0
LINE
8
BLACK
6
CONTINUOUS
10
-0.2873374803149606
20
-0.0543307086614173
11
-0.2891466929133858
21
-0.049962874015748
0
LINE
8
BLACK
6
CONTINUOUS
10
-0.2891466929133858
20
-0.049962874015748
11
-0.2897637795275591
21
-0.0452755905511811
0
LINE
8
BLACK
6
CONTINUOUS
10
-0.2897637795275591
20
-0.0452755905511811
11
-0.2891466929133858
21
-0.0405883070866142
0
LINE
8
BLACK
6
CONTINUOUS
10
-0.2891466929133858
20
-0.0405883070866142
11
-0.2873374803149606
21
-0.0362204724409449
0
LINE
8
BLACK
6
CONTINUOUS
10
-0.2873374803149606
20
-0.0362204724409449
11
-0.2844594094488189
21
-0.0324697244094488
0
LINE
8
BLACK
6
CONTINUOUS
10
-0.2844594094488189
20
-0.0324697244094488
11
-0.2807086614173228
21
-0.0295916535433071
0
LINE
8
BLACK
6
CONTINUOUS
10
-0.2807086614173228
20
-0.0295916535433071
11
-0.280553937007874
21
-0.0295275590551181
0
LINE
8
BLACK
6
CONTINUOUS
10
-0.280553937007874
20
-0.0295275590551181
11
-0.2807086614173228
21
-0.0294634645669291
0
LINE
8
BLACK
6
CONTINUOUS
10
-0.2807086614173228
20
-0.0294634645669291
11
-0.2844594094488189
21
-0.0265853937007874
0
LINE
8
BLACK
6
CONTINUOUS
10
-0.2844594094488189
20
-0.0265853937007874
11
-0.2873374803149606
21
-0.0228346456692913
0
LINE
8
BLACK
6
CONTINUOUS
10
-0.2873374803149606
20
-0.0228346456692913
11
-0.2891466929133858
21
-0.018466811023622
0
LINE
8
BLACK
6
CONTINUOUS
10
-0.2891466929133858
20
-0.018466811023622
11
-0.2897637795275591
21
-0.0137795275590551
0
LINE
8
BLACK
6
CONTINUOUS
10
-0.2897637795275591
20
-0.0137795275590551
11
-0.2891466929133858
21
-0.0090922440944882
0
LINE
8
BLACK
6
CONTINUOUS
10
-0.2891466929133858
20
-0.0090922440944882
11
-0.2873374803149606
21
-0.0047244094488189
0
LINE
8
BLACK
6
CONTINUOUS
10
-0.2873374803149606
20
-0.0047244094488189
11
-0.2844594094488189
21
-0.0009736614173228
0
LINE
8
BLACK
6
CONTINUOUS
10
-0.2844594094488189
20
-0.0009736614173228
11
-0.2807086614173228
21
0.0019044094488189
0
LINE
8
BLACK
6
CONTINUOUS
10
-0.2807086614173228
20
0.0019044094488189
11
-0.280553937007874
21
0.0019685039370079
0
LINE
8
BLACK
6
CONTINUOUS
10
-0.280553937007874
20
0.0019685039370079
11
-0.2807086614173228
21
0.0020325984251969
0
LINE
8
BLACK
6
CONTINUOUS
10
-0.2807086614173228
20
0.0020325984251969
11
-0.2844594094488189
21
0.0049106692913386
0
LINE
8
BLACK
6
CONTINUOUS
10
-0.2844594094488189
20
0.0049106692913386
11
-0.2873374803149606
21
0.0086614173228346
0
LINE
8
BLACK
6
CONTINUOUS
10
-0.2873374803149606
20
0.0086614173228346
11
-0.2891466929133858
21
0.0130292519685039
0
LINE
8
BLACK
6
CONTINUOUS
10
-0.2891466929133858
20
0.0130292519685039
11
-0.2897637795275591
21
0.0177165354330709
0
LINE
8
BLACK
6
CONTINUOUS
10
-0.2897637795275591
20
0.0177165354330709
11
-0.2891466929133858
21
0.0224038188976378
0
LINE
8
BLACK
6
CONTINUOUS
10
-0.2891466929133858
20
0.0224038188976378
11
-0.2873374803149606
21
0.0267716535433071
0
LINE
8
BLACK
6
CONTINUOUS
10
-0.2873374803149606
20
0.0267716535433071
11
-0.2844594094488189
21
0.0305224015748032
0
LINE
8
BLACK
6
CONTINUOUS
10
-0.2844594094488189
20
0.0305224015748032
11
-0.2807086614173228
21
0.0334004724409449
0
LINE
8
BLACK
6
CONTINUOUS
10
-0.2807086614173228
20
0.0334004724409449
11
-0.280553937007874
21
0.0334645669291339
0
LINE
8
BLACK
6
CONTINUOUS
10
-0.280553937007874
20
0.0334645669291339
11
-0.2807086614173228
21
0.0335286614173228
0
LINE
8
BLACK
6
CONTINUOUS
10
-0.2807086614173228
20
0.0335286614173228
11
-0.2844594094488189
21
0.0364067322834646
0
LINE
8
BLACK
6
CONTINUOUS
10
-0.2844594094488189
20
0.0364067322834646
11
-0.2873374803149606
21
0.0401574803149606
0
LINE
8
BLACK
6
CONTINUOUS
10
-0.2873374803149606
20
0.0401574803149606
11
-0.2891466929133858
21
0.0445253149606299
0
LINE
8
BLACK
6
CONTINUOUS
10
-0.2891466929133858
20
0.0445253149606299
11
-0.2897637795275591
21
0.0492125984251968
0
LINE
8
BLACK
6
CONTINUOUS
10
-0.2897637795275591
20
0.0492125984251968
11
-0.2891466929133858
21
0.0538998818897638
0
LINE
8
BLACK
6
CONTINUOUS
10
-0.2891466929133858
20
0.0538998818897638
11
-0.2873374803149606
21
0.0582677165354331
0
LINE
8
BLACK
6
CONTINUOUS
10
-0.2873374803149606
20
0.0582677165354331
11
-0.2844594094488189
21
0.0620184645669291
0
LINE
8
BLACK
6
CONTINUOUS
10
-0.2844594094488189
20
0.0620184645669291
11
-0.2807086614173228
21
0.0648965354330709
0
LINE
8
BLACK
6
CONTINUOUS
10
-0.2807086614173228
20
0.0648965354330709
11
-0.2763408267716536
21
0.0667057480314961
0
LINE
8
BLACK
6
CONTINUOUS
10
-0.2763408267716536
20
0.0667057480314961
11
-0.2716535433070866
21
0.0673228346456693
0
LINE
8
BLACK
6
CONTINUOUS
10
-0.2716535433070866
20
0.0673228346456693
11
-0.1672466535433071
21
0.0673228346456693
0
LINE
8
BLACK
6
CONTINUOUS
10
-0.1672466535433071
20
0.0673228346456693
11
-0.1669373622047244
21
0.068877874015748
0
LINE
8
BLACK
6
CONTINUOUS
10
-0.1669373622047244
20
0.068877874015748
11
-0.1647184251968504
21
0.0721987401574803
0
LINE
8
BLACK
6
CONTINUOUS
10
-0.1647184251968504
20
0.0721987401574803
11
-0.1613975590551181
21
0.0744176771653543
0
LINE
8
BLACK
6
CONTINUOUS
10
-0.1613975590551181
20
0.0744176771653543
11
-0.1574803149606299
21
0.0751968503937008
0
LINE
8
BLACK
6
CONTINUOUS
10
-0.1574803149606299
20
0.0751968503937008
11
-0.1535630708661417
21
0.0744176771653543
0
LINE
8
BLACK
6
CONTINUOUS
10
-0.1535630708661417
20
0.0744176771653543
11
-0.1502422047244094
21
0.0721987401574803
0
LINE
8
BLACK
6
CONTINUOUS
10
-0.1502422047244094
20
0.0721987401574803
11
-0.1480232677165354
21
0.068877874015748
0
LINE
8
BLACK
6
CONTINUOUS
10
-0.1480232677165354
20
0.068877874015748
11
-0.147244094488189
21
0.0649606299212598
0
LINE
8
BLACK
6
CONTINUOUS
10
-0.147244094488189
20
0.0649606299212598
11
-0.1480232677165354
21
0.0610433858267716
0
LINE
8
BLACK
6
CONTINUOUS
10
-0.1480232677165354
20
0.0610433858267716
11
-0.1502422047244094
21
0.0577225196850394
0
LINE
8
BLACK
6
CONTINUOUS
10
-0.1502422047244094
20
0.0577225196850394
11
-0.1535630708661417
21
0.0555035826771654
0
LINE
8
BLACK
6
CONTINUOUS
10
-0.1535630708661417
20
0.0555035826771654
11
-0.1574803149606299
21
0.0547244094488189
0
LINE
8
BLACK
6
CONTINUOUS
10
-0.1574803149606299
20
0.0547244094488189
11
-0.1613975590551181
21
0.0555035826771654
0
LINE
8
BLACK
6
CONTINUOUS
10
-0.1613975590551181
20
0.0555035826771654
11
-0.1647184251968504
21
0.0577225196850394
0
LINE
8
BLACK
6
CONTINUOUS
10
-0.1647184251968504
20
0.0577225196850394
11
-0.1669373622047244
21
0.0610433858267716
0
LINE
8
BLACK
6
CONTINUOUS
10
-0.1669373622047244
20
0.0610433858267716
11
-0.1672466535433071
21
0.0625984251968504
0
LINE
8
BLACK
6
CONTINUOUS
10
-0.1672466535433071
20
0.0625984251968504
11
-0.2716535433070866
21
0.0625984251968504
0
LINE
8
BLACK
6
CONTINUOUS
10
-0.2716535433070866
20
0.0625984251968504
11
-0.2737736614173228
21
0.0625984251968504
0
LINE
8
BLACK
6
CONTINUOUS
10
-0.2737736614173228
20
0.0625984251968504
11
-0.2778063385826772
21
0.0612881102362205
0
LINE
8
BLACK
6
CONTINUOUS
10
-0.2778063385826772
20
0.0612881102362205
11
-0.2812367322834646
21
0.0587957874015748
0
LINE
8
BLACK
6
CONTINUOUS
10
-0.2812367322834646
20
0.0587957874015748
11
-0.2837290551181103
21
0.0553653937007874
0
LINE
8
BLACK
6
CONTINUOUS
10
-0.2837290551181103
20
0.0553653937007874
11
-0.2850393700787401
21
0.0513327165354331
0
LINE
8
BLACK
6
CONTINUOUS
10
-0.2850393700787401
20
0.0513327165354331
11
-0.2850393700787401
21
0.0470924803149606
0
LINE
8
BLACK
6
CONTINUOUS
10
-0.2850393700787401
20
0.0470924803149606
11
-0.2837290551181103
21
0.0430598031496063
0
LINE
8
BLACK
6
CONTINUOUS
10
-0.2837290551181103
20
0.0430598031496063
11
-0.2812367322834646
21
0.0396294094488189
0
LINE
8
BLACK
6
CONTINUOUS
10
-0.2812367322834646
20
0.0396294094488189
11
-0.2778063385826772
21
0.0371370866141732
0
LINE
8
BLACK
6
CONTINUOUS
10
-0.2778063385826772
20
0.0371370866141732
11
-0.2737736614173228
21
0.0358267716535433
0
LINE
8
BLACK
6
CONTINUOUS
10
-0.2737736614173228
20
0.0358267716535433
11
-0.2716535433070866
21
0.0358267716535433
0
LINE
8
BLACK
6
CONTINUOUS
10
-0.2716535433070866
20
0.0358267716535433
11
-0.2702650787401575
21
0.0353756299212598
0
LINE
8
BLACK
6
CONTINUOUS
10
-0.2702650787401575
20
0.0353756299212598
11
-0.269406968503937
21
0.0341945275590551
0
LINE
8
BLACK
6
CONTINUOUS
10
-0.269406968503937
20
0.0341945275590551
11
-0.269406968503937
21
0.0327346062992126
0
LINE
8
BLACK
6
CONTINUOUS
10
-0.269406968503937
20
0.0327346062992126
11
-0.2702650787401575
21
0.0315535039370079
0
LINE
8
BLACK
6
CONTINUOUS
10
-0.2702650787401575
20
0.0315535039370079
11
-0.2716535433070866
21
0.0311023622047244
0
LINE
8
BLACK
6
CONTINUOUS
10
-0.2716535433070866
20
0.0311023622047244
11
-0.2737736614173228
21
0.0311023622047244
0
LINE
8
BLACK
6
CONTINUOUS
10
-0.2737736614173228
20
0.0311023622047244
11
-0.2778063385826772
21
0.0297920472440945
0
LINE
8
BLACK
6
CONTINUOUS
10
-0.2778063385826772
20
0.0297920472440945
11
-0.2812367322834646
21
0.0272997244094488
0
LINE
8
BLACK
6
CONTINUOUS
10
-0.2812367322834646
20
0.0272997244094488
11
-0.2837290551181103
21
0.0238693307086614
0
LINE
8
BLACK
6
CONTINUOUS
10
-0.2837290551181103
20
0.0238693307086614
11
-0.2850393700787401
21
0.0198366535433071
0
LINE
8
BLACK
6
CONTINUOUS
10
-0.2850393700787401
20
0.0198366535433071
11
-0.2850393700787401
21
0.0155964173228346
0
LINE
8
BLACK
6
CONTINUOUS
10
-0.2850393700787401
20
0.0155964173228346
11
-0.2837290551181103
21
0.0115637401574803
0
LINE
8
BLACK
6
CONTINUOUS
10
-0.2837290551181103
20
0.0115637401574803
11
-0.2812367322834646
21
0.0081333464566929
0
LINE
8
BLACK
6
CONTINUOUS
10
-0.2812367322834646
20
0.0081333464566929
11
-0.2778063385826772
21
0.0056410236220472
0
LINE
8
BLACK
6
CONTINUOUS
10
-0.2778063385826772
20
0.0056410236220472
11
-0.2737736614173228
21
0.0043307086614173
0
LINE
8
BLACK
6
CONTINUOUS
10
-0.2737736614173228
20
0.0043307086614173
11
-0.2716535433070866
21
0.0043307086614173
0
LINE
8
BLACK
6
CONTINUOUS
10
-0.2716535433070866
20
0.0043307086614173
11
-0.2702650787401575
21
0.0038795669291339
0
LINE
8
BLACK
6
CONTINUOUS
10
-0.2702650787401575
20
0.0038795669291339
11
-0.269406968503937
21
0.0026984645669291
0
LINE
8
BLACK
6
CONTINUOUS
10
-0.269406968503937
20
0.0026984645669291
11
-0.269406968503937
21
0.0012385433070866
0
LINE
8
BLACK
6
CONTINUOUS
10
-0.269406968503937
20
0.0012385433070866
11
-0.2702650787401575
21
0.0000574409448819
0
LINE
8
BLACK
6
CONTINUOUS
10
-0.2702650787401575
20
0.0000574409448819
11
-0.2716535433070866
21
-0.0003937007874016
0
LINE
8
BLACK
6
CONTINUOUS
10
-0.2716535433070866
20
-0.0003937007874016
11
-0.2737736614173228
21
-0.0003937007874016
0
LINE
8
BLACK
6
CONTINUOUS
10
-0.2737736614173228
20
-0.0003937007874016
11
-0.2778063385826772
21
-0.0017040157480315
0
LINE
8
BLACK
6
CONTINUOUS
10
-0.2778063385826772
20
-0.0017040157480315
11
-0.2812367322834646
21
-0.0041963385826772
0
LINE
8
BLACK
6
CONTINUOUS
10
-0.2812367322834646
20
-0.0041963385826772
11
-0.2837290551181103
21
-0.0076267322834646
0
LINE
8
BLACK
6
CONTINUOUS
10
-0.2837290551181103
20
-0.0076267322834646
11
-0.2850393700787401
21
-0.0116594094488189
0
LINE
8
BLACK
6
CONTINUOUS
10
-0.2850393700787401
20
-0.0116594094488189
11
-0.2850393700787401
21
-0.0158996456692913
0
LINE
8
BLACK
6
CONTINUOUS
10
-0.2850393700787401
20
-0.0158996456692913
11
-0.2837290551181103
21
-0.0199323228346457
0
LINE
8
BLACK
6
CONTINUOUS
10
-0.2837290551181103
20
-0.0199323228346457
11
-0.2812367322834646
21
-0.0233627165354331
0
LINE
8
BLACK
6
CONTINUOUS
10
-0.2812367322834646
20
-0.0233627165354331
11
-0.2778063385826772
21
-0.0258550393700787
0
LINE
8
BLACK
6
CONTINUOUS
10
-0.2778063385826772
20
-0.0258550393700787
11
-0.2737736614173228
21
-0.0271653543307087
0
LINE
8
BLACK
6
CONTINUOUS
10
-0.2737736614173228
20
-0.0271653543307087
11
-0.2716535433070866
21
-0.0271653543307087
0
LINE
8
BLACK
6
CONTINUOUS
10
-0.2716535433070866
20
-0.0271653543307087
11
-0.2702650787401575
21
-0.0276164960629921
0
LINE
8
BLACK
6
CONTINUOUS
10
-0.2702650787401575
20
-0.0276164960629921
11
-0.269406968503937
21
-0.0287975984251969
0
LINE
8
BLACK
6
CONTINUOUS
10
-0.269406968503937
20
-0.0287975984251969
11
-0.269406968503937
21
-0.0302575196850394
0
LINE
8
BLACK
6
CONTINUOUS
10
-0.269406968503937
20
-0.0302575196850394
11
-0.2702650787401575
21
-0.0314386220472441
0
LINE
8
BLACK
6
CONTINUOUS
10
-0.2702650787401575
20
-0.0314386220472441
11
-0.2716535433070866
21
-0.0318897637795276
0
LINE
8
BLACK
6
CONTINUOUS
10
-0.2716535433070866
20
-0.0318897637795276
11
-0.2737736614173228
21
-0.0318897637795276
0
LINE
8
BLACK
6
CONTINUOUS
10
-0.2737736614173228
20
-0.0318897637795276
11
-0.2778063385826772
21
-0.0332000787401575
0
LINE
8
BLACK
6
CONTINUOUS
10
-0.2778063385826772
20
-0.0332000787401575
11
-0.2812367322834646
21
-0.0356924015748031
0
LINE
8
BLACK
6
CONTINUOUS
10
-0.2812367322834646
20
-0.0356924015748031
11
-0.2837290551181103
21
-0.0391227952755906
0
LINE
8
BLACK
6
CONTINUOUS
10
-0.2837290551181103
20
-0.0391227952755906
11
-0.2850393700787401
21
-0.0431554724409449
0
LINE
8
BLACK
6
CONTINUOUS
10
-0.2850393700787401
20
-0.0431554724409449
11
-0.2850393700787401
21
-0.0473957086614173
0
LINE
8
BLACK
6
CONTINUOUS
10
-0.2850393700787401
20
-0.0473957086614173
11
-0.2837290551181103
21
-0.0514283858267717
0
LINE
8
BLACK
6
CONTINUOUS
10
-0.2837290551181103
20
-0.0514283858267717
11
-0.2812367322834646
21
-0.0548587795275591
0
LINE
8
BLACK
6
CONTINUOUS
10
-0.2812367322834646
20
-0.0548587795275591
11
-0.2778063385826772
21
-0.0573511023622047
0
LINE
8
BLACK
6
CONTINUOUS
10
-0.2778063385826772
20
-0.0573511023622047
11
-0.2737736614173228
21
-0.0586614173228346
0
LINE
8
BLACK
6
CONTINUOUS
10
-0.2737736614173228
20
-0.0586614173228346
11
-0.2716535433070866
21
-0.0586614173228346
0
LINE
8
BLACK
6
CONTINUOUS
10
-0.2716535433070866
20
-0.0586614173228346
11
-0.1619153937007874
21
-0.0586614173228346
0
LINE
8
BLACK
6
CONTINUOUS
10
-0.1619153937007874
20
-0.0586614173228346
11
-0.1619153937007874
21
0.0295275590551181
0
LINE
8
BLACK
6
CONTINUOUS
10
-0.1619153937007874
20
0.0295275590551181
11
-0.1619151181102362
21
0.0295291338582677
0
LINE
8
BLACK
6
CONTINUOUS
10
-0.1619151181102362
20
0.0295291338582677
11
-0.1653515354330709
21
0.029936062992126
0
LINE
8
BLACK
6
CONTINUOUS
10
-0.1653515354330709
20
0.029936062992126
11
-0.1721120472440945
21
0.0321504724409449
0
LINE
8
BLACK
6
CONTINUOUS
10
-0.1721120472440945
20
0.0321504724409449
11
-0.1783025196850394
21
0.0356556299212598
0
LINE
8
BLACK
6
CONTINUOUS
10
-0.1783025196850394
20
0.0356556299212598
11
-0.1836794488188976
21
0.0403135826771654
0
LINE
8
BLACK
6
CONTINUOUS
10
-0.1836794488188976
20
0.0403135826771654
11
-0.1880313385826771
21
0.0459411417322835
0
LINE
8
BLACK
6
CONTINUOUS
10
-0.1880313385826771
20
0.0459411417322835
11
-0.1911869291338583
21
0.0523168897637795
0
LINE
8
BLACK
6
CONTINUOUS
10
-0.1911869291338583
20
0.0523168897637795
11
-0.1912542125984252
21
0.0537752755905512
0
LINE
8
BLACK
6
CONTINUOUS
10
-0.1912542125984252
20
0.0537752755905512
11
-0.1904514173228346
21
0.0549946456692913
0
LINE
8
BLACK
6
CONTINUOUS
10
-0.1904514173228346
20
0.0549946456692913
11
-0.1890852362204724
21
0.0555092913385827
0
LINE
8
BLACK
6
CONTINUOUS
10
-0.1890852362204724
20
0.0555092913385827
11
-0.1876774409448819
21
0.0551226377952756
0
LINE
8
BLACK
6
CONTINUOUS
10
-0.1876774409448819
20
0.0551226377952756
11
-0.1867658267716535
21
0.0539823228346457
0
LINE
8
BLACK
6
CONTINUOUS
10
-0.1867658267716535
20
0.0539823228346457
11
-0.1867657874015748
21
0.0539823228346457
0
LINE
8
BLACK
6
CONTINUOUS
10
-0.1867657874015748
20
0.0539823228346457
11
-0.1855909842519685
21
0.0508506692913386
0
LINE
8
BLACK
6
CONTINUOUS
10
-0.1855909842519685
20
0.0508506692913386
11
-0.1819574409448819
21
0.0452340157480315
0
LINE
8
BLACK
6
CONTINUOUS
10
-0.1819574409448819
20
0.0452340157480315
11
-0.1772142519685039
21
0.0405168503937008
0
LINE
8
BLACK
6
CONTINUOUS
10
-0.1772142519685039
20
0.0405168503937008
11
-0.1715776377952756
21
0.0369143700787402
0
LINE
8
BLACK
6
CONTINUOUS
10
-0.1715776377952756
20
0.0369143700787402
11
-0.1653046456692913
21
0.0345907480314961
0
LINE
8
BLACK
6
CONTINUOUS
10
-0.1653046456692913
20
0.0345907480314961
11
-0.1586813385826772
21
0.0336520078740157
0
LINE
8
BLACK
6
CONTINUOUS
10
-0.1586813385826772
20
0.0336520078740157
11
-0.1520097244094488
21
0.0341409448818898
0
LINE
8
BLACK
6
CONTINUOUS
10
-0.1520097244094488
20
0.0341409448818898
11
-0.1455940157480315
21
0.0360352362204724
0
LINE
8
BLACK
6
CONTINUOUS
10
-0.1455940157480315
20
0.0360352362204724
11
-0.1397268110236221
21
0.0392485039370079
0
LINE
8
BLACK
6
CONTINUOUS
10
-0.1397268110236221
20
0.0392485039370079
11
-0.1346756299212598
21
0.0436342913385827
0
LINE
8
BLACK
6
CONTINUOUS
10
-0.1346756299212598
20
0.0436342913385827
11
-0.1306707874015748
21
0.0489925196850394
0
LINE
8
BLACK
6
CONTINUOUS
10
-0.1306707874015748
20
0.0489925196850394
11
-0.1278949212598425
21
0.0550788976377953
0
LINE
8
BLACK
6
CONTINUOUS
10
-0.1278949212598425
20
0.0550788976377953
11
-0.1264745669291339
21
0.0616158661417323
0
LINE
8
BLACK
6
CONTINUOUS
10
-0.1264745669291339
20
0.0616158661417323
11
-0.1264745669291339
21
0.0683053937007874
0
LINE
8
BLACK
6
CONTINUOUS
10
-0.1264745669291339
20
0.0683053937007874
11
-0.1278949212598425
21
0.0748423622047244
0
LINE
8
BLACK
6
CONTINUOUS
10
-0.1278949212598425
20
0.0748423622047244
11
-0.1306707874015748
21
0.0809287401574803
0
LINE
8
BLACK
6
CONTINUOUS
10
-0.1306707874015748
20
0.0809287401574803
11
-0.1346756299212598
21
0.086286968503937
0
LINE
8
BLACK
6
CONTINUOUS
10
-0.1346756299212598
20
0.086286968503937
11
-0.1397268110236221
21
0.0906727559055118
0
LINE
8
BLACK
6
CONTINUOUS
10
-0.1397268110236221
20
0.0906727559055118
11
-0.1455940157480315
21
0.0938860236220472
0
LINE
8
BLACK
6
CONTINUOUS
10
-0.1455940157480315
20
0.0938860236220472
11
-0.1520097244094488
21
0.0957803149606299
0
LINE
8
BLACK
6
CONTINUOUS
10
-0.1520097244094488
20
0.0957803149606299
11
-0.1586813385826772
21
0.0962692519685039
0
LINE
8
BLACK
6
CONTINUOUS
10
-0.1586813385826772
20
0.0962692519685039
11
-0.1653046456692913
21
0.0953305118110236
0
LINE
8
BLACK
6
CONTINUOUS
10
-0.1653046456692913
20
0.0953305118110236
11
-0.1715776377952756
21
0.0930068897637795
0
LINE
8
BLACK
6
CONTINUOUS
10
-0.1715776377952756
20
0.0930068897637795
11
-0.1772142519685039
21
0.0894044094488189
0
LINE
8
BLACK
6
CONTINUOUS
10
-0.1772142519685039
20
0.0894044094488189
11
-0.1819574409448819
21
0.0846872440944882
0
LINE
8
BLACK
6
CONTINUOUS
10
-0.1819574409448819
20
0.0846872440944882
11
-0.1855909842519685
21
0.0790705905511811
0
LINE
8
BLACK
6
CONTINUOUS
10
-0.1855909842519685
20
0.0790705905511811
11
-0.1867657874015748
21
0.075938937007874
0
LINE
8
BLACK
6
CONTINUOUS
10
-0.1867657874015748
20
0.075938937007874
11
-0.1867658267716535
21
0.075938937007874
0
LINE
8
BLACK
6
CONTINUOUS
10
-0.1867658267716535
20
0.075938937007874
11
-0.1876774409448819
21
0.0747986220472441
0
LINE
8
BLACK
6
CONTINUOUS
10
-0.1876774409448819
20
0.0747986220472441
11
-0.1890852362204724
21
0.074411968503937
0
LINE
8
BLACK
6
CONTINUOUS
10
-0.1890852362204724
20
0.074411968503937
11
-0.1904514173228346
21
0.0749266141732284
0
LINE
8
BLACK
6
CONTINUOUS
10
-0.1904514173228346
20
0.0749266141732284
11
-0.1912542125984252
21
0.0761459842519685
0
LINE
8
BLACK
6
CONTINUOUS
10
-0.1912542125984252
20
0.0761459842519685
11
-0.1911869291338583
21
0.0776043700787402
0
LINE
8
BLACK
6
CONTINUOUS
10
-0.1911869291338583
20
0.0776043700787402
11
-0.1880313385826771
21
0.0839801181102362
0
LINE
8
BLACK
6
CONTINUOUS
10
-0.1880313385826771
20
0.0839801181102362
11
-0.1836794488188976
21
0.0896076771653543
0
LINE
8
BLACK
6
CONTINUOUS
10
-0.1836794488188976
20
0.0896076771653543
11
-0.1783025196850394
21
0.0942656299212598
0
LINE
8
BLACK
6
CONTINUOUS
10
-0.1783025196850394
20
0.0942656299212598
11
-0.1721120472440945
21
0.0977707874015748
0
LINE
8
BLACK
6
CONTINUOUS
10
-0.1721120472440945
20
0.0977707874015748
11
-0.1653515354330709
21
0.0999851968503937
0
LINE
8
BLACK
6
CONTINUOUS
10
-0.1653515354330709
20
0.0999851968503937
11
-0.158286968503937
21
0.1008217716535433
0
LINE
8
BLACK
6
CONTINUOUS
10
-0.158286968503937
20
0.1008217716535433
11
-0.1511962204724409
21
0.1002476377952756
0
LINE
8
BLACK
6
CONTINUOUS
10
-0.1603334251968504
20
0.0699024015748032
11
-0.1624220866141732
21
0.0678137401574803
0
LINE
8
BLACK
6
CONTINUOUS
10
-0.1624220866141732
20
0.0678137401574803
11
-0.1631719291338583
21
0.0650153149606299
0
LINE
8
BLACK
6
CONTINUOUS
10
-0.1631719291338583
20
0.0650153149606299
11
-0.1631719291338583
21
0.0649059842519685
0
LINE
8
BLACK
6
CONTINUOUS
10
-0.1631719291338583
20
0.0649059842519685
11
-0.1624220866141732
21
0.0621074803149606
0
LINE
8
BLACK
6
CONTINUOUS
10
-0.1624220866141732
20
0.0621074803149606
11
-0.1603334645669291
21
0.0600188582677165
0
LINE
8
BLACK
6
CONTINUOUS
10
-0.1603334645669291
20
0.0600188582677165
11
-0.1574803149606299
21
0.0592543700787402
0
LINE
8
BLACK
6
CONTINUOUS
10
-0.1574803149606299
20
0.0592543700787402
11
-0.1546271653543307
21
0.0600188582677165
0
LINE
8
BLACK
6
CONTINUOUS
10
-0.1546271653543307
20
0.0600188582677165
11
-0.1525385433070866
21
0.0621074803149606
0
LINE
8
BLACK
6
CONTINUOUS
10
-0.1525385433070866
20
0.0621074803149606
11
-0.1517740551181102
21
0.0649606299212598
0
LINE
8
BLACK
6
CONTINUOUS
10
-0.1517740551181102
20
0.0649606299212598
11
-0.1525385433070866
21
0.0678137401574803
0
LINE
8
BLACK
6
CONTINUOUS
10
-0.1525385433070866
20
0.0678137401574803
11
-0.1546271653543307
21
0.0699024015748032
0
LINE
8
BLACK
6
CONTINUOUS
10
-0.1546271653543307
20
0.0699024015748032
11
-0.1574803149606299
21
0.0706668897637795
0
LINE
8
BLACK
6
CONTINUOUS
10
-0.1574803149606299
20
0.0706668897637795
11
-0.1603334251968504
21
0.0699024015748032
0
LINE
8
BLACK
6
CONTINUOUS
10
0.0061194094488189
20
0.0993291732283465
11
0.0062992125984252
21
0.0984251968503937
0
LINE
8
BLACK
6
CONTINUOUS
10
0.0062992125984252
20
0.0984251968503937
11
0.0062992125984252
21
0.0669291338582677
0
LINE
8
BLACK
6
CONTINUOUS
10
0.0062992125984252
20
0.0669291338582677
11
0.0061194094488189
21
0.066025157480315
0
LINE
8
BLACK
6
CONTINUOUS
10
0.0061194094488189
20
0.066025157480315
11
0.0048409842519685
21
0.0647467322834646
0
LINE
8
BLACK
6
CONTINUOUS
10
0.0048409842519685
20
0.0647467322834646
11
0.0039370078740157
21
0.0645669291338583
0
LINE
8
BLACK
6
CONTINUOUS
10
0.0039370078740157
20
0.0645669291338583
11
-0.0015748031496063
21
0.0645669291338583
0
LINE
8
BLACK
6
CONTINUOUS
10
-0.0015748031496063
20
0.0645669291338583
11
-0.0015748031496063
21
-0.0566929133858268
0
LINE
8
BLACK
6
CONTINUOUS
10
-0.0015748031496063
20
-0.0566929133858268
11
0.0039370078740157
21
-0.0566929133858268
0
LINE
8
BLACK
6
CONTINUOUS
10
0.0039370078740157
20
-0.0566929133858268
11
0.0048409842519685
21
-0.0568727165354331
0
LINE
8
BLACK
6
CONTINUOUS
10
0.0048409842519685
20
-0.0568727165354331
11
0.0061194094488189
21
-0.0581511417322835
0
LINE
8
BLACK
6
CONTINUOUS
10
0.0061194094488189
20
-0.0581511417322835
11
0.0061194094488189
21
-0.059959094488189
0
LINE
8
BLACK
6
CONTINUOUS
10
0.0061194094488189
20
-0.059959094488189
11
0.0048409842519685
21
-0.0612375196850394
0
LINE
8
BLACK
6
CONTINUOUS
10
0.0048409842519685
20
-0.0612375196850394
11
0.0039370078740157
21
-0.0614173228346457
0
LINE
8
BLACK
6
CONTINUOUS
10
0.0039370078740157
20
-0.0614173228346457
11
-0.0039370078740157
21
-0.0614173228346457
0
LINE
8
BLACK
6
CONTINUOUS
10
-0.0039370078740157
20
-0.0614173228346457
11
-0.0048409842519685
21
-0.0612375196850394
0
LINE
8
BLACK
6
CONTINUOUS
10
-0.0048409842519685
20
-0.0612375196850394
11
-0.0061194094488189
21
-0.059959094488189
0
LINE
8
BLACK
6
CONTINUOUS
10
-0.0061194094488189
20
-0.059959094488189
11
-0.0062992125984252
21
-0.0590551181102362
0
LINE
8
BLACK
6
CONTINUOUS
10
-0.0062992125984252
20
-0.0590551181102362
11
-0.0062992125984252
21
0.0669291338582677
0
LINE
8
BLACK
6
CONTINUOUS
10
-0.0062992125984252
20
0.0669291338582677
11
-0.0061194094488189
21
0.0678331102362205
0
LINE
8
BLACK
6
CONTINUOUS
10
-0.0061194094488189
20
0.0678331102362205
11
-0.0048409842519685
21
0.0691115354330709
0
LINE
8
BLACK
6
CONTINUOUS
10
-0.0048409842519685
20
0.0691115354330709
11
-0.0039370078740157
21
0.0692913385826772
0
LINE
8
BLACK
6
CONTINUOUS
10
-0.0039370078740157
20
0.0692913385826772
11
0.0015748031496063
21
0.0692913385826772
0
LINE
8
BLACK
6
CONTINUOUS
10
0.0015748031496063
20
0.0692913385826772
11
0.0015748031496063
21
0.0984251968503937
0
LINE
8
BLACK
6
CONTINUOUS
10
0.0015748031496063
20
0.0984251968503937
11
0.0017546062992126
21
0.0993291732283465
0
LINE
8
BLACK
6
CONTINUOUS
10
0.0017546062992126
20
0.0993291732283465
11
0.003033031496063
21
0.1006075984251968
0
LINE
8
BLACK
6
CONTINUOUS
10
0.003033031496063
20
0.1006075984251968
11
0.0048409842519685
21
0.1006075984251968
0
LINE
8
BLACK
6
CONTINUOUS
10
0.0048409842519685
20
0.1006075984251968
11
0.0061194094488189
21
0.0993291732283465
0
LINE
8
BLACK
6
CONTINUOUS
10
0.1623212992125984
20
0.0691115354330709
11
0.1635997244094488
21
0.0678331102362205
0
LINE
8
BLACK
6
CONTINUOUS
10
0.1635997244094488
20
0.0678331102362205
11
0.1637795275590551
21
0.0669291338582677
0
LINE
8
BLACK
6
CONTINUOUS
10
0.1637795275590551
20
0.0669291338582677
11
0.1637795275590551
21
-0.0590551181102362
0
LINE
8
BLACK
6
CONTINUOUS
10
0.1637795275590551
20
-0.0590551181102362
11
0.1635997244094488
21
-0.059959094488189
0
LINE
8
BLACK
6
CONTINUOUS
10
0.1635997244094488
20
-0.059959094488189
11
0.1623212992125984
21
-0.0612375196850394
0
LINE
8
BLACK
6
CONTINUOUS
10
0.1623212992125984
20
-0.0612375196850394
11
0.1614173228346457
21
-0.0614173228346457
0
LINE
8
BLACK
6
CONTINUOUS
10
0.1614173228346457
20
-0.0614173228346457
11
0.1535433070866142
21
-0.0614173228346457
0
LINE
8
BLACK
6
CONTINUOUS
10
0.1535433070866142
20
-0.0614173228346457
11
0.1526393307086614
21
-0.0612375196850394
0
LINE
8
BLACK
6
CONTINUOUS
10
0.1526393307086614
20
-0.0612375196850394
11
0.151360905511811
21
-0.059959094488189
0
LINE
8
BLACK
6
CONTINUOUS
10
0.151360905511811
20
-0.059959094488189
11
0.151360905511811
21
-0.0581511417322835
0
LINE
8
BLACK
6
CONTINUOUS
10
0.151360905511811
20
-0.0581511417322835
11
0.1526393307086614
21
-0.0568727165354331
0
LINE
8
BLACK
6
CONTINUOUS
10
0.1526393307086614
20
-0.0568727165354331
11
0.1535433070866142
21
-0.0566929133858268
0
LINE
8
BLACK
6
CONTINUOUS
10
0.1535433070866142
20
-0.0566929133858268
11
0.1590551181102362
21
-0.0566929133858268
0
LINE
8
BLACK
6
CONTINUOUS
10
0.1590551181102362
20
-0.0566929133858268
11
0.1590551181102362
21
0.0645669291338583
0
LINE
8
BLACK
6
CONTINUOUS
10
0.1590551181102362
20
0.0645669291338583
11
0.1535433070866142
21
0.0645669291338583
0
LINE
8
BLACK
6
CONTINUOUS
10
0.1535433070866142
20
0.0645669291338583
11
0.1526393307086614
21
0.0647467322834646
0
LINE
8
BLACK
6
CONTINUOUS
10
0.1526393307086614
20
0.0647467322834646
11
0.151360905511811
21
0.066025157480315
0
LINE
8
BLACK
6
CONTINUOUS
10
0.151360905511811
20
0.066025157480315
11
0.151360905511811
21
0.0678331102362205
0
LINE
8
BLACK
6
CONTINUOUS
10
0.151360905511811
20
0.0678331102362205
11
0.1526393307086614
21
0.0691115354330709
0
LINE
8
BLACK
6
CONTINUOUS
10
0.1526393307086614
20
0.0691115354330709
11
0.1535433070866142
21
0.0692913385826772
0
LINE
8
BLACK
6
CONTINUOUS
10
0.1535433070866142
20
0.0692913385826772
11
0.1614173228346457
21
0.0692913385826772
0
LINE
8
BLACK
6
CONTINUOUS
10
0.1614173228346457
20
0.0692913385826772
11
0.1623212992125984
21
0.0691115354330709
0
LINE
8
BLACK
6
CONTINUOUS
10
-0.3346551968503937
20
-0.0442876771653543
11
-0.3329072834645669
21
-0.0464794881889764
0
LINE
8
BLACK
6
CONTINUOUS
10
-0.3329072834645669
20
-0.0464794881889764
11
-0.3322834645669291
21
-0.0492125984251968
0
LINE
8
BLACK
6
CONTINUOUS
10
-0.3322834645669291
20
-0.0492125984251968
11
-0.3329072834645669
21
-0.0519457086614173
0
LINE
8
BLACK
6
CONTINUOUS
10
-0.3329072834645669
20
-0.0519457086614173
11
-0.3346551968503937
21
-0.0541375196850394
0
LINE
8
BLACK
6
CONTINUOUS
10
-0.3346551968503937
20
-0.0541375196850394
11
-0.3371809842519685
21
-0.0553538582677165
0
LINE
8
BLACK
6
CONTINUOUS
10
-0.3371809842519685
20
-0.0553538582677165
11
-0.3399843700787402
21
-0.0553538582677165
0
LINE
8
BLACK
6
CONTINUOUS
10
-0.3399843700787402
20
-0.0553538582677165
11
-0.3425101574803149
21
-0.0541375196850394
0
LINE
8
BLACK
6
CONTINUOUS
10
-0.3425101574803149
20
-0.0541375196850394
11
-0.3442580708661417
21
-0.0519457086614173
0
LINE
8
BLACK
6
CONTINUOUS
10
-0.3442580708661417
20
-0.0519457086614173
11
-0.3448818897637795
21
-0.0492125984251968
0
LINE
8
BLACK
6
CONTINUOUS
10
-0.3448818897637795
20
-0.0492125984251968
11
-0.3442580708661417
21
-0.0464794881889764
0
LINE
8
BLACK
6
CONTINUOUS
10
-0.3442580708661417
20
-0.0464794881889764
11
-0.3425101574803149
21
-0.0442876771653543
0
LINE
8
BLACK
6
CONTINUOUS
10
-0.3425101574803149
20
-0.0442876771653543
11
-0.3399843700787402
21
-0.0430713385826772
0
LINE
8
BLACK
6
CONTINUOUS
10
-0.3399843700787402
20
-0.0430713385826772
11
-0.3371809842519685
21
-0.0430713385826772
0
LINE
8
BLACK
6
CONTINUOUS
10
-0.3371809842519685
20
-0.0430713385826772
11
-0.3346551968503937
21
-0.0442876771653543
0
LINE
8
BLACK
6
CONTINUOUS
10
-0.3397879921259843
20
-0.0504179133858268
11
-0.3385826771653543
21
-0.0509171653543307
0
LINE
8
BLACK
6
CONTINUOUS
10
-0.3385826771653543
20
-0.0509171653543307
11
-0.3373773622047244
21
-0.0504179133858268
0
LINE
8
BLACK
6
CONTINUOUS
10
-0.3373773622047244
20
-0.0504179133858268
11
-0.3368781102362204
21
-0.0492125984251968
0
LINE
8
BLACK
6
CONTINUOUS
10
-0.3368781102362204
20
-0.0492125984251968
11
-0.3373773622047244
21
-0.0480072834645669
0
LINE
8
BLACK
6
CONTINUOUS
10
-0.3373773622047244
20
-0.0480072834645669
11
-0.3385826771653543
21
-0.047508031496063
0
LINE
8
BLACK
6
CONTINUOUS
10
-0.3385826771653543
20
-0.047508031496063
11
-0.3397879921259843
21
-0.0480072834645669
0
LINE
8
BLACK
6
CONTINUOUS
10
-0.3397879921259843
20
-0.0480072834645669
11
-0.3402872440944882
21
-0.0492125984251968
0
LINE
8
BLACK
6
CONTINUOUS
10
-0.3402872440944882
20
-0.0492125984251968
11
-0.3397879921259843
21
-0.0504179133858268
0
LINE
8
BLACK
6
CONTINUOUS
10
-0.3606538976377953
20
-0.0404942519685039
11
-0.3602727559055118
21
-0.0416377165354331
0
LINE
8
BLACK
6
CONTINUOUS
10
-0.3602727559055118
20
-0.0416377165354331
11
-0.3604350393700788
21
-0.0422303543307087
0
LINE
8
BLACK
6
CONTINUOUS
10
-0.3604350393700788
20
-0.0422303543307087
11
-0.3611849606299212
21
-0.043730157480315
0
LINE
8
BLACK
6
CONTINUOUS
10
-0.3611849606299212
20
-0.043730157480315
11
-0.3613398031496063
21
-0.0439296062992126
0
LINE
8
BLACK
6
CONTINUOUS
10
-0.3613398031496063
20
-0.0439296062992126
11
-0.3614799606299213
21
-0.0441394488188976
0
LINE
8
BLACK
6
CONTINUOUS
10
-0.3614799606299213
20
-0.0441394488188976
11
-0.3617912204724409
21
-0.0444507086614173
0
LINE
8
BLACK
6
CONTINUOUS
10
-0.3617912204724409
20
-0.0444507086614173
11
-0.3521698031496063
21
-0.0444507086614173
0
LINE
8
BLACK
6
CONTINUOUS
10
-0.3521698031496063
20
-0.0444507086614173
11
-0.3521698031496063
21
-0.041526062992126
0
LINE
8
BLACK
6
CONTINUOUS
10
-0.3521698031496063
20
-0.041526062992126
11
-0.3520499212598425
21
-0.0409234251968504
0
LINE
8
BLACK
6
CONTINUOUS
10
-0.3520499212598425
20
-0.0409234251968504
11
-0.3511976377952756
21
-0.0400711417322835
0
LINE
8
BLACK
6
CONTINUOUS
10
-0.3511976377952756
20
-0.0400711417322835
11
-0.3499923622047244
21
-0.0400711417322835
0
LINE
8
BLACK
6
CONTINUOUS
10
-0.3499923622047244
20
-0.0400711417322835
11
-0.3491400787401575
21
-0.0409234251968504
0
LINE
8
BLACK
6
CONTINUOUS
10
-0.3491400787401575
20
-0.0409234251968504
11
-0.3490201968503937
21
-0.041526062992126
0
LINE
8
BLACK
6
CONTINUOUS
10
-0.3490201968503937
20
-0.041526062992126
11
-0.3490201968503937
21
-0.0505249212598425
0
LINE
8
BLACK
6
CONTINUOUS
10
-0.3490201968503937
20
-0.0505249212598425
11
-0.3491400787401575
21
-0.0511275590551181
0
LINE
8
BLACK
6
CONTINUOUS
10
-0.3491400787401575
20
-0.0511275590551181
11
-0.3499923622047244
21
-0.051979842519685
0
LINE
8
BLACK
6
CONTINUOUS
10
-0.3499923622047244
20
-0.051979842519685
11
-0.3511976377952756
21
-0.051979842519685
0
LINE
8
BLACK
6
CONTINUOUS
10
-0.3511976377952756
20
-0.051979842519685
11
-0.3520499212598425
21
-0.0511275590551181
0
LINE
8
BLACK
6
CONTINUOUS
10
-0.3520499212598425
20
-0.0511275590551181
11
-0.3521698031496063
21
-0.0505249212598425
0
LINE
8
BLACK
6
CONTINUOUS
10
-0.3521698031496063
20
-0.0505249212598425
11
-0.3521698031496063
21
-0.0476003149606299
0
LINE
8
BLACK
6
CONTINUOUS
10
-0.3521698031496063
20
-0.0476003149606299
11
-0.366343031496063
21
-0.0476003149606299
0
LINE
8
BLACK
6
CONTINUOUS
10
-0.366343031496063
20
-0.0476003149606299
11
-0.3669456692913386
21
-0.0474804330708661
0
LINE
8
BLACK
6
CONTINUOUS
10
-0.3669456692913386
20
-0.0474804330708661
11
-0.3670603543307087
21
-0.0473657480314961
0
LINE
8
BLACK
6
CONTINUOUS
10
-0.3670603543307087
20
-0.0473657480314961
11
-0.3672192913385827
21
-0.0473339763779528
0
LINE
8
BLACK
6
CONTINUOUS
10
-0.3672192913385827
20
-0.0473339763779528
11
-0.3674736614173228
21
-0.0469524409448819
0
LINE
8
BLACK
6
CONTINUOUS
10
-0.3674736614173228
20
-0.0469524409448819
11
-0.3677979527559055
21
-0.0466281496062992
0
LINE
8
BLACK
6
CONTINUOUS
10
-0.3677979527559055
20
-0.0466281496062992
11
-0.3677979527559055
21
-0.0464659842519685
0
LINE
8
BLACK
6
CONTINUOUS
10
-0.3677979527559055
20
-0.0464659842519685
11
-0.367887874015748
21
-0.0463311417322835
0
LINE
8
BLACK
6
CONTINUOUS
10
-0.367887874015748
20
-0.0463311417322835
11
-0.3677979527559055
21
-0.0458815354330709
0
LINE
8
BLACK
6
CONTINUOUS
10
-0.3677979527559055
20
-0.0458815354330709
11
-0.3677979527559055
21
-0.045422874015748
0
LINE
8
BLACK
6
CONTINUOUS
10
-0.3677979527559055
20
-0.045422874015748
11
-0.3676833070866142
21
-0.0453081889763779
0
LINE
8
BLACK
6
CONTINUOUS
10
-0.3676833070866142
20
-0.0453081889763779
11
-0.3676514960629921
21
-0.0451492519685039
0
LINE
8
BLACK
6
CONTINUOUS
10
-0.3676514960629921
20
-0.0451492519685039
11
-0.3672165748031496
21
-0.0447151968503937
0
LINE
8
BLACK
6
CONTINUOUS
10
-0.3672165748031496
20
-0.0447151968503937
11
-0.3650965748031496
21
-0.043301811023622
0
LINE
8
BLACK
6
CONTINUOUS
10
-0.3650965748031496
20
-0.043301811023622
11
-0.3638877559055118
21
-0.0420929921259843
0
LINE
8
BLACK
6
CONTINUOUS
10
-0.3638877559055118
20
-0.0420929921259843
11
-0.3632521259842519
21
-0.0408217716535433
0
LINE
8
BLACK
6
CONTINUOUS
10
-0.3632521259842519
20
-0.0408217716535433
11
-0.3628753937007874
21
-0.0403363779527559
0
LINE
8
BLACK
6
CONTINUOUS
10
-0.3628753937007874
20
-0.0403363779527559
11
-0.3617319291338583
21
-0.0399552362204724
0
LINE
8
BLACK
6
CONTINUOUS
10
-0.3617319291338583
20
-0.0399552362204724
11
-0.3606538976377953
21
-0.0404942519685039
0
LINE
8
BLACK
6
CONTINUOUS
10
-0.3551393307086614
20
-0.0221757874015748
11
-0.3550194488188976
21
-0.0227784251968504
0
LINE
8
BLACK
6
CONTINUOUS
10
-0.3550194488188976
20
-0.0227784251968504
11
-0.3550194488188976
21
-0.0347769291338583
0
LINE
8
BLACK
6
CONTINUOUS
10
-0.3550194488188976
20
-0.0347769291338583
11
-0.3551393307086614
21
-0.0353795669291339
0
LINE
8
BLACK
6
CONTINUOUS
10
-0.3551393307086614
20
-0.0353795669291339
11
-0.3559916141732283
21
-0.0362318503937008
0
LINE
8
BLACK
6
CONTINUOUS
10
-0.3559916141732283
20
-0.0362318503937008
11
-0.3571968897637795
21
-0.0362318503937008
0
LINE
8
BLACK
6
CONTINUOUS
10
-0.3571968897637795
20
-0.0362318503937008
11
-0.3580491732283465
21
-0.0353795669291339
0
LINE
8
BLACK
6
CONTINUOUS
10
-0.3580491732283465
20
-0.0353795669291339
11
-0.3581690551181102
21
-0.0347769291338583
0
LINE
8
BLACK
6
CONTINUOUS
10
-0.3581690551181102
20
-0.0347769291338583
11
-0.3581690551181102
21
-0.0227784251968504
0
LINE
8
BLACK
6
CONTINUOUS
10
-0.3581690551181102
20
-0.0227784251968504
11
-0.3580491732283465
21
-0.0221757874015748
0
LINE
8
BLACK
6
CONTINUOUS
10
-0.3580491732283465
20
-0.0221757874015748
11
-0.3571968897637795
21
-0.0213235039370079
0
LINE
8
BLACK
6
CONTINUOUS
10
-0.3571968897637795
20
-0.0213235039370079
11
-0.3559916141732283
21
-0.0213235039370079
0
LINE
8
BLACK
6
CONTINUOUS
10
-0.3559916141732283
20
-0.0213235039370079
11
-0.3551393307086614
21
-0.0221757874015748
0
LINE
8
BLACK
6
CONTINUOUS
10
-0.0239650787401575
20
0.0058874409448819
11
-0.0231503937007874
21
0.0050727952755906
0
LINE
8
BLACK
6
CONTINUOUS
10
-0.0231503937007874
20
0.0050727952755906
11
-0.022893937007874
21
0.0044535826771654
0
LINE
8
BLACK
6
CONTINUOUS
10
-0.022893937007874
20
0.0044535826771654
11
-0.0227095275590551
21
0.0040083858267717
0
LINE
8
BLACK
6
CONTINUOUS
10
-0.0227095275590551
20
0.0040083858267717
11
-0.0226527952755906
21
0.0034323228346457
0
LINE
8
BLACK
6
CONTINUOUS
10
-0.0226527952755906
20
0.0034323228346457
11
-0.0226527952755906
21
-0.0209396062992126
0
LINE
8
BLACK
6
CONTINUOUS
10
-0.0226527952755906
20
-0.0209396062992126
11
-0.0227095275590551
21
-0.0215156692913386
0
LINE
8
BLACK
6
CONTINUOUS
10
-0.0227095275590551
20
-0.0215156692913386
11
-0.0231504330708661
21
-0.0225800787401575
0
LINE
8
BLACK
6
CONTINUOUS
10
-0.0231504330708661
20
-0.0225800787401575
11
-0.0239650787401575
21
-0.0233947244094488
0
LINE
8
BLACK
6
CONTINUOUS
10
-0.0239650787401575
20
-0.0233947244094488
11
-0.0250294881889764
21
-0.0238356299212598
0
LINE
8
BLACK
6
CONTINUOUS
10
-0.0250294881889764
20
-0.0238356299212598
11
-0.0261816141732283
21
-0.0238356299212598
0
LINE
8
BLACK
6
CONTINUOUS
10
-0.0261816141732283
20
-0.0238356299212598
11
-0.0272460236220472
21
-0.0233947244094488
0
LINE
8
BLACK
6
CONTINUOUS
10
-0.0272460236220472
20
-0.0233947244094488
11
-0.0280606692913386
21
-0.0225800787401575
0
LINE
8
BLACK
6
CONTINUOUS
10
-0.0280606692913386
20
-0.0225800787401575
11
-0.0285015748031496
21
-0.0215156692913386
0
LINE
8
BLACK
6
CONTINUOUS
10
-0.0285015748031496
20
-0.0215156692913386
11
-0.0285583070866142
21
-0.0209396062992126
0
LINE
8
BLACK
6
CONTINUOUS
10
-0.0285583070866142
20
-0.0209396062992126
11
-0.0285583070866142
21
-0.0036962204724409
0
LINE
8
BLACK
6
CONTINUOUS
10
-0.0285583070866142
20
-0.0036962204724409
11
-0.046014842519685
21
-0.0211527559055118
0
LINE
8
BLACK
6
CONTINUOUS
10
-0.046014842519685
20
-0.0211527559055118
11
-0.0464622834645669
21
-0.0215199606299213
0
LINE
8
BLACK
6
CONTINUOUS
10
-0.0464622834645669
20
-0.0215199606299213
11
-0.0465603543307087
21
-0.0215605511811024
0
LINE
8
BLACK
6
CONTINUOUS
10
-0.0465603543307087
20
-0.0215605511811024
11
-0.0466404724409449
21
-0.0216300787401575
0
LINE
8
BLACK
6
CONTINUOUS
10
-0.0466404724409449
20
-0.0216300787401575
11
-0.0471690157480315
21
-0.021866062992126
0
LINE
8
BLACK
6
CONTINUOUS
10
-0.0471690157480315
20
-0.021866062992126
11
-0.0527933070866142
21
-0.0237408267716535
0
LINE
8
BLACK
6
CONTINUOUS
10
-0.0527933070866142
20
-0.0237408267716535
11
-0.0530788976377953
21
-0.0238057480314961
0
LINE
8
BLACK
6
CONTINUOUS
10
-0.0530788976377953
20
-0.0238057480314961
11
-0.0531509842519685
21
-0.0238356299212598
0
LINE
8
BLACK
6
CONTINUOUS
10
-0.0531509842519685
20
-0.0238356299212598
11
-0.0532555118110236
21
-0.023845905511811
0
LINE
8
BLACK
6
CONTINUOUS
10
-0.0532555118110236
20
-0.023845905511811
11
-0.0533577559055118
21
-0.0238691732283465
0
LINE
8
BLACK
6
CONTINUOUS
10
-0.0533577559055118
20
-0.0238691732283465
11
-0.0534355118110236
21
-0.0238636220472441
0
LINE
8
BLACK
6
CONTINUOUS
10
-0.0534355118110236
20
-0.0238636220472441
11
-0.0537270472440945
21
-0.0238923622047244
0
LINE
8
BLACK
6
CONTINUOUS
10
-0.0537270472440945
20
-0.0238923622047244
11
-0.0574765748031496
21
-0.0238923622047244
0
LINE
8
BLACK
6
CONTINUOUS
10
-0.0574765748031496
20
-0.0238923622047244
11
-0.0580526377952756
21
-0.0238356299212598
0
LINE
8
BLACK
6
CONTINUOUS
10
-0.0580526377952756
20
-0.0238356299212598
11
-0.0581506299212598
21
-0.0237950393700787
0
LINE
8
BLACK
6
CONTINUOUS
10
-0.0581506299212598
20
-0.0237950393700787
11
-0.0582564960629921
21
-0.0237875196850394
0
LINE
8
BLACK
6
CONTINUOUS
10
-0.0582564960629921
20
-0.0237875196850394
11
-0.0587970866141732
21
-0.0235806299212598
0
LINE
8
BLACK
6
CONTINUOUS
10
-0.0587970866141732
20
-0.0235806299212598
11
-0.0625466141732283
21
-0.0217058661417323
0
LINE
8
BLACK
6
CONTINUOUS
10
-0.0625466141732283
20
-0.0217058661417323
11
-0.0627946456692913
21
-0.0215497637795276
0
LINE
8
BLACK
6
CONTINUOUS
10
-0.0627946456692913
20
-0.0215497637795276
11
-0.0628665748031496
21
-0.0215199606299213
0
LINE
8
BLACK
6
CONTINUOUS
10
-0.0628665748031496
20
-0.0215199606299213
11
-0.0629475590551181
21
-0.0214534645669291
0
LINE
8
BLACK
6
CONTINUOUS
10
-0.0629475590551181
20
-0.0214534645669291
11
-0.0630364960629921
21
-0.0213975196850394
0
LINE
8
BLACK
6
CONTINUOUS
10
-0.0630364960629921
20
-0.0213975196850394
11
-0.0630876771653543
21
-0.0213385039370079
0
LINE
8
BLACK
6
CONTINUOUS
10
-0.0630876771653543
20
-0.0213385039370079
11
-0.0633140157480315
21
-0.0211527559055118
0
LINE
8
BLACK
6
CONTINUOUS
10
-0.0633140157480315
20
-0.0211527559055118
11
-0.0651887795275591
21
-0.0192779921259843
0
LINE
8
BLACK
6
CONTINUOUS
10
-0.0651887795275591
20
-0.0192779921259843
11
-0.0653745669291339
21
-0.0190516141732283
0
LINE
8
BLACK
6
CONTINUOUS
10
-0.0653745669291339
20
-0.0190516141732283
11
-0.0654335433070866
21
-0.0190004724409449
0
LINE
8
BLACK
6
CONTINUOUS
10
-0.0654335433070866
20
-0.0190004724409449
11
-0.0654895275590551
21
-0.0189114960629921
0
LINE
8
BLACK
6
CONTINUOUS
10
-0.0654895275590551
20
-0.0189114960629921
11
-0.0655559842519685
21
-0.0188305511811024
0
LINE
8
BLACK
6
CONTINUOUS
10
-0.0655559842519685
20
-0.0188305511811024
11
-0.0655858267716535
21
-0.0187585826771654
0
LINE
8
BLACK
6
CONTINUOUS
10
-0.0655858267716535
20
-0.0187585826771654
11
-0.0657418897637795
21
-0.0185105905511811
0
LINE
8
BLACK
6
CONTINUOUS
10
-0.0657418897637795
20
-0.0185105905511811
11
-0.0676166535433071
21
-0.014761062992126
0
LINE
8
BLACK
6
CONTINUOUS
10
-0.0676166535433071
20
-0.014761062992126
11
-0.0678235433070866
21
-0.0142204330708661
0
LINE
8
BLACK
6
CONTINUOUS
10
-0.0678235433070866
20
-0.0142204330708661
11
-0.067831062992126
21
-0.0141146062992126
0
LINE
8
BLACK
6
CONTINUOUS
10
-0.067831062992126
20
-0.0141146062992126
11
-0.0678716535433071
21
-0.0140166141732283
0
LINE
8
BLACK
6
CONTINUOUS
10
-0.0678716535433071
20
-0.0140166141732283
11
-0.0679283858267717
21
-0.0134405511811024
0
LINE
8
BLACK
6
CONTINUOUS
10
-0.0679283858267717
20
-0.0134405511811024
11
-0.0679283858267717
21
-0.0040667322834646
0
LINE
8
BLACK
6
CONTINUOUS
10
-0.0679283858267717
20
-0.0040667322834646
11
-0.0678716535433071
21
-0.0034906692913386
0
LINE
8
BLACK
6
CONTINUOUS
10
-0.0678716535433071
20
-0.0034906692913386
11
-0.067831062992126
21
-0.0033926377952756
0
LINE
8
BLACK
6
CONTINUOUS
10
-0.067831062992126
20
-0.0033926377952756
11
-0.0678235433070866
21
-0.0032868503937008
0
LINE
8
BLACK
6
CONTINUOUS
10
-0.0678235433070866
20
-0.0032868503937008
11
-0.0676166535433071
21
-0.0027462204724409
0
LINE
8
BLACK
6
CONTINUOUS
10
-0.0676166535433071
20
-0.0027462204724409
11
-0.0657418897637795
21
0.0010033070866142
0
LINE
8
BLACK
6
CONTINUOUS
10
-0.0657418897637795
20
0.0010033070866142
11
-0.0655858267716535
21
0.0012513385826772
0
LINE
8
BLACK
6
CONTINUOUS
10
-0.0655858267716535
20
0.0012513385826772
11
-0.0655559842519685
21
0.0013232677165354
0
LINE
8
BLACK
6
CONTINUOUS
10
-0.0655559842519685
20
0.0013232677165354
11
-0.0654895275590551
21
0.0014042519685039
0
LINE
8
BLACK
6
CONTINUOUS
10
-0.0654895275590551
20
0.0014042519685039
11
-0.0654335433070866
21
0.001493188976378
0
LINE
8
BLACK
6
CONTINUOUS
10
-0.0654335433070866
20
0.001493188976378
11
-0.0653745669291339
21
0.0015443700787402
0
LINE
8
BLACK
6
CONTINUOUS
10
-0.0653745669291339
20
0.0015443700787402
11
-0.0651887795275591
21
0.0017707086614173
0
LINE
8
BLACK
6
CONTINUOUS
10
-0.0651887795275591
20
0.0017707086614173
11
-0.0633140157480315
21
0.0036454724409449
0
LINE
8
BLACK
6
CONTINUOUS
10
-0.0633140157480315
20
0.0036454724409449
11
-0.0628665748031496
21
0.0040126771653543
0
LINE
8
BLACK
6
CONTINUOUS
10
-0.0628665748031496
20
0.0040126771653543
11
-0.0618021653543307
21
0.0044535826771654
0
LINE
8
BLACK
6
CONTINUOUS
10
-0.0618021653543307
20
0.0044535826771654
11
-0.0606500787401575
21
0.0044535826771654
0
LINE
8
BLACK
6
CONTINUOUS
10
-0.0606500787401575
20
0.0044535826771654
11
-0.0595856692913386
21
0.0040126771653543
0
LINE
8
BLACK
6
CONTINUOUS
10
-0.0595856692913386
20
0.0040126771653543
11
-0.0587709842519685
21
0.0031979921259843
0
LINE
8
BLACK
6
CONTINUOUS
10
-0.0587709842519685
20
0.0031979921259843
11
-0.0583300787401575
21
0.0021335826771654
0
LINE
8
BLACK
6
CONTINUOUS
10
-0.0583300787401575
20
0.0021335826771654
11
-0.0583300787401575
21
0.0009814960629921
0
LINE
8
BLACK
6
CONTINUOUS
10
-0.0583300787401575
20
0.0009814960629921
11
-0.0587709842519685
21
-0.0000829133858268
0
LINE
8
BLACK
6
CONTINUOUS
10
-0.0587709842519685
20
-0.0000829133858268
11
-0.059138188976378
21
-0.0005303543307087
0
LINE
8
BLACK
6
CONTINUOUS
10
-0.059138188976378
20
-0.0005303543307087
11
-0.0606741338582677
21
-0.0020662992125984
0
LINE
8
BLACK
6
CONTINUOUS
10
-0.0606741338582677
20
-0.0020662992125984
11
-0.062022874015748
21
-0.0047637795275591
0
LINE
8
BLACK
6
CONTINUOUS
10
-0.062022874015748
20
-0.0047637795275591
11
-0.062022874015748
21
-0.0127435039370079
0
LINE
8
BLACK
6
CONTINUOUS
10
-0.062022874015748
20
-0.0127435039370079
11
-0.0606741338582677
21
-0.0154409842519685
0
LINE
8
BLACK
6
CONTINUOUS
10
-0.0606741338582677
20
-0.0154409842519685
11
-0.0594770078740157
21
-0.0166381102362205
0
LINE
8
BLACK
6
CONTINUOUS
10
-0.0594770078740157
20
-0.0166381102362205
11
-0.0567795275590551
21
-0.0179868503937008
0
LINE
8
BLACK
6
CONTINUOUS
10
-0.0567795275590551
20
-0.0179868503937008
11
-0.0542061811023622
21
-0.0179868503937008
0
LINE
8
BLACK
6
CONTINUOUS
10
-0.0542061811023622
20
-0.0179868503937008
11
-0.0496977952755906
21
-0.0164840157480315
0
LINE
8
BLACK
6
CONTINUOUS
10
-0.0496977952755906
20
-0.0164840157480315
11
-0.0276934645669291
21
0.0055202362204724
0
LINE
8
BLACK
6
CONTINUOUS
10
-0.0276934645669291
20
0.0055202362204724
11
-0.0272460236220472
21
0.0058874803149606
0
LINE
8
BLACK
6
CONTINUOUS
10
-0.0272460236220472
20
0.0058874803149606
11
-0.0264933858267717
21
0.0061992519685039
0
LINE
8
BLACK
6
CONTINUOUS
10
-0.0264933858267717
20
0.0061992519685039
11
-0.0261816141732283
21
0.0063283464566929
0
LINE
8
BLACK
6
CONTINUOUS
10
-0.0261816141732283
20
0.0063283464566929
11
-0.0250294881889764
21
0.0063283464566929
0
LINE
8
BLACK
6
CONTINUOUS
10
-0.0250294881889764
20
0.0063283464566929
11
-0.0239650787401575
21
0.0058874409448819
0
LINE
8
BLACK
6
CONTINUOUS
10
-0.3606538976377953
20
-0.0059985826771654
11
-0.3602727559055118
21
-0.0071420472440945
0
LINE
8
BLACK
6
CONTINUOUS
10
-0.3602727559055118
20
-0.0071420472440945
11
-0.3604350393700788
21
-0.0077346850393701
0
LINE
8
BLACK
6
CONTINUOUS
10
-0.3604350393700788
20
-0.0077346850393701
11
-0.3611849606299212
21
-0.0092344881889764
0
LINE
8
BLACK
6
CONTINUOUS
10
-0.3611849606299212
20
-0.0092344881889764
11
-0.3613398031496063
21
-0.009433937007874
0
LINE
8
BLACK
6
CONTINUOUS
10
-0.3613398031496063
20
-0.009433937007874
11
-0.3614799606299213
21
-0.0096437795275591
0
LINE
8
BLACK
6
CONTINUOUS
10
-0.3614799606299213
20
-0.0096437795275591
11
-0.3617912204724409
21
-0.0099550393700787
0
LINE
8
BLACK
6
CONTINUOUS
10
-0.3617912204724409
20
-0.0099550393700787
11
-0.3521698031496063
21
-0.0099550393700787
0
LINE
8
BLACK
6
CONTINUOUS
10
-0.3521698031496063
20
-0.0099550393700787
11
-0.3521698031496063
21
-0.0070303937007874
0
LINE
8
BLACK
6
CONTINUOUS
10
-0.3521698031496063
20
-0.0070303937007874
11
-0.3520499212598425
21
-0.0064277559055118
0
LINE
8
BLACK
6
CONTINUOUS
10
-0.3520499212598425
20
-0.0064277559055118
11
-0.3511976377952756
21
-0.0055754724409449
0
LINE
8
BLACK
6
CONTINUOUS
10
-0.3511976377952756
20
-0.0055754724409449
11
-0.3499923622047244
21
-0.0055754724409449
0
LINE
8
BLACK
6
CONTINUOUS
10
-0.3499923622047244
20
-0.0055754724409449
11
-0.3491400787401575
21
-0.0064277559055118
0
LINE
8
BLACK
6
CONTINUOUS
10
-0.3491400787401575
20
-0.0064277559055118
11
-0.3490201968503937
21
-0.0070303937007874
0
LINE
8
BLACK
6
CONTINUOUS
10
-0.3490201968503937
20
-0.0070303937007874
11
-0.3490201968503937
21
-0.0160292519685039
0
LINE
8
BLACK
6
CONTINUOUS
10
-0.3490201968503937
20
-0.0160292519685039
11
-0.3491400787401575
21
-0.0166318897637795
0
LINE
8
BLACK
6
CONTINUOUS
10
-0.3491400787401575
20
-0.0166318897637795
11
-0.3499923622047244
21
-0.0174841732283465
0
LINE
8
BLACK
6
CONTINUOUS
10
-0.3499923622047244
20
-0.0174841732283465
11
-0.3511976377952756
21
-0.0174841732283465
0
LINE
8
BLACK
6
CONTINUOUS
10
-0.3511976377952756
20
-0.0174841732283465
11
-0.3520499212598425
21
-0.0166318897637795
0
LINE
8
BLACK
6
CONTINUOUS
10
-0.3520499212598425
20
-0.0166318897637795
11
-0.3521698031496063
21
-0.0160292519685039
0
LINE
8
BLACK
6
CONTINUOUS
10
-0.3521698031496063
20
-0.0160292519685039
11
-0.3521698031496063
21
-0.0131046456692913
0
LINE
8
BLACK
6
CONTINUOUS
10
-0.3521698031496063
20
-0.0131046456692913
11
-0.366343031496063
21
-0.0131046456692913
0
LINE
8
BLACK
6
CONTINUOUS
10
-0.366343031496063
20
-0.0131046456692913
11
-0.3669456692913386
21
-0.0129847637795276
0
LINE
8
BLACK
6
CONTINUOUS
10
-0.3669456692913386
20
-0.0129847637795276
11
-0.3670603543307087
21
-0.0128700787401575
0
LINE
8
BLACK
6
CONTINUOUS
10
-0.3670603543307087
20
-0.0128700787401575
11
-0.3672192913385827
21
-0.0128383070866142
0
LINE
8
BLACK
6
CONTINUOUS
10
-0.3672192913385827
20
-0.0128383070866142
11
-0.3674736614173228
21
-0.0124567716535433
0
LINE
8
BLACK
6
CONTINUOUS
10
-0.3674736614173228
20
-0.0124567716535433
11
-0.3677979527559055
21
-0.0121324803149606
0
LINE
8
BLACK
6
CONTINUOUS
10
-0.3677979527559055
20
-0.0121324803149606
11
-0.3677979527559055
21
-0.0119703149606299
0
LINE
8
BLACK
6
CONTINUOUS
10
-0.3677979527559055
20
-0.0119703149606299
11
-0.367887874015748
21
-0.0118354724409449
0
LINE
8
BLACK
6
CONTINUOUS
10
-0.367887874015748
20
-0.0118354724409449
11
-0.3677979527559055
21
-0.0113858661417323
0
LINE
8
BLACK
6
CONTINUOUS
10
-0.3677979527559055
20
-0.0113858661417323
11
-0.3677979527559055
21
-0.0109272047244094
0
LINE
8
BLACK
6
CONTINUOUS
10
-0.3677979527559055
20
-0.0109272047244094
11
-0.3676833070866142
21
-0.0108125196850394
0
LINE
8
BLACK
6
CONTINUOUS
10
-0.3676833070866142
20
-0.0108125196850394
11
-0.3676514960629921
21
-0.0106535826771654
0
LINE
8
BLACK
6
CONTINUOUS
10
-0.3676514960629921
20
-0.0106535826771654
11
-0.3672165748031496
21
-0.0102195275590551
0
LINE
8
BLACK
6
CONTINUOUS
10
-0.3672165748031496
20
-0.0102195275590551
11
-0.3650965748031496
21
-0.0088061417322835
0
LINE
8
BLACK
6
CONTINUOUS
10
-0.3650965748031496
20
-0.0088061417322835
11
-0.3638877559055118
21
-0.0075973228346457
0
LINE
8
BLACK
6
CONTINUOUS
10
-0.3638877559055118
20
-0.0075973228346457
11
-0.3632521259842519
21
-0.0063261023622047
0
LINE
8
BLACK
6
CONTINUOUS
10
-0.3632521259842519
20
-0.0063261023622047
11
-0.3628753937007874
21
-0.0058407086614173
0
LINE
8
BLACK
6
CONTINUOUS
10
-0.3628753937007874
20
-0.0058407086614173
11
-0.3617319291338583
21
-0.0054595669291339
0
LINE
8
BLACK
6
CONTINUOUS
10
-0.3617319291338583
20
-0.0054595669291339
11
-0.3606538976377953
21
-0.0059985826771654
0
LINE
8
BLACK
6
CONTINUOUS
10
-0.3551393307086614
20
0.0123198818897638
11
-0.3550194488188976
21
0.0117172440944882
0
LINE
8
BLACK
6
CONTINUOUS
10
-0.3550194488188976
20
0.0117172440944882
11
-0.3550194488188976
21
-0.0002812598425197
0
LINE
8
BLACK
6
CONTINUOUS
10
-0.3550194488188976
20
-0.0002812598425197
11
-0.3551393307086614
21
-0.0008838976377953
0
LINE
8
BLACK
6
CONTINUOUS
10
-0.3551393307086614
20
-0.0008838976377953
11
-0.3559916141732283
21
-0.0017361811023622
0
LINE
8
BLACK
6
CONTINUOUS
10
-0.3559916141732283
20
-0.0017361811023622
11
-0.3571968897637795
21
-0.0017361811023622
0
LINE
8
BLACK
6
CONTINUOUS
10
-0.3571968897637795
20
-0.0017361811023622
11
-0.3580491732283465
21
-0.0008838976377953
0
LINE
8
BLACK
6
CONTINUOUS
10
-0.3580491732283465
20
-0.0008838976377953
11
-0.3581690551181102
21
-0.0002812598425197
0
LINE
8
BLACK
6
CONTINUOUS
10
-0.3581690551181102
20
-0.0002812598425197
11
-0.3581690551181102
21
0.0117172440944882
0
LINE
8
BLACK
6
CONTINUOUS
10
-0.3581690551181102
20
0.0117172440944882
11
-0.3580491732283465
21
0.0123198818897638
0
LINE
8
BLACK
6
CONTINUOUS
10
-0.3580491732283465
20
0.0123198818897638
11
-0.3571968897637795
21
0.0131721653543307
0
LINE
8
BLACK
6
CONTINUOUS
10
-0.3571968897637795
20
0.0131721653543307
11
-0.3559916141732283
21
0.0131721653543307
0
LINE
8
BLACK
6
CONTINUOUS
10
-0.3559916141732283
20
0.0131721653543307
11
-0.3551393307086614
21
0.0123198818897638
0
LINE
8
BLACK
6
CONTINUOUS
10
-0.063335157480315
20
0.0377584645669291
11
-0.0625205118110236
21
0.0369438188976378
0
LINE
8
BLACK
6
CONTINUOUS
10
-0.0625205118110236
20
0.0369438188976378
11
-0.0620796062992126
21
0.0358794094488189
0
LINE
8
BLACK
6
CONTINUOUS
10
-0.0620796062992126
20
0.0358794094488189
11
-0.062022874015748
21
0.0353033464566929
0
LINE
8
BLACK
6
CONTINUOUS
10
-0.062022874015748
20
0.0353033464566929
11
-0.062022874015748
21
0.0270075196850394
0
LINE
8
BLACK
6
CONTINUOUS
10
-0.062022874015748
20
0.0270075196850394
11
-0.0256055511811024
21
0.0270075196850394
0
LINE
8
BLACK
6
CONTINUOUS
10
-0.0256055511811024
20
0.0270075196850394
11
-0.0250294881889764
21
0.0269507874015748
0
LINE
8
BLACK
6
CONTINUOUS
10
-0.0250294881889764
20
0.0269507874015748
11
-0.0239650787401575
21
0.0265098818897638
0
LINE
8
BLACK
6
CONTINUOUS
10
-0.0239650787401575
20
0.0265098818897638
11
-0.0231504330708661
21
0.0256952362204724
0
LINE
8
BLACK
6
CONTINUOUS
10
-0.0231504330708661
20
0.0256952362204724
11
-0.0227095275590551
21
0.0246308267716535
0
LINE
8
BLACK
6
CONTINUOUS
10
-0.0227095275590551
20
0.0246308267716535
11
-0.0227095275590551
21
0.0234787007874016
0
LINE
8
BLACK
6
CONTINUOUS
10
-0.0227095275590551
20
0.0234787007874016
11
-0.0231504330708661
21
0.0224142913385827
0
LINE
8
BLACK
6
CONTINUOUS
10
-0.0231504330708661
20
0.0224142913385827
11
-0.0239650787401575
21
0.0215996456692913
0
LINE
8
BLACK
6
CONTINUOUS
10
-0.0239650787401575
20
0.0215996456692913
11
-0.0250294881889764
21
0.0211587401574803
0
LINE
8
BLACK
6
CONTINUOUS
10
-0.0250294881889764
20
0.0211587401574803
11
-0.0256055511811024
21
0.0211020078740157
0
LINE
8
BLACK
6
CONTINUOUS
10
-0.0256055511811024
20
0.0211020078740157
11
-0.062022874015748
21
0.0211020078740157
0
LINE
8
BLACK
6
CONTINUOUS
10
-0.062022874015748
20
0.0211020078740157
11
-0.062022874015748
21
0.0128061811023622
0
LINE
8
BLACK
6
CONTINUOUS
10
-0.062022874015748
20
0.0128061811023622
11
-0.0620796062992126
21
0.0122301181102362
0
LINE
8
BLACK
6
CONTINUOUS
10
-0.0620796062992126
20
0.0122301181102362
11
-0.0625205118110236
21
0.0111657086614173
0
LINE
8
BLACK
6
CONTINUOUS
10
-0.0625205118110236
20
0.0111657086614173
11
-0.063335157480315
21
0.010351062992126
0
LINE
8
BLACK
6
CONTINUOUS
10
-0.063335157480315
20
0.010351062992126
11
-0.0643995669291339
21
0.009910157480315
0
LINE
8
BLACK
6
CONTINUOUS
10
-0.0643995669291339
20
0.009910157480315
11
-0.0655516929133858
21
0.009910157480315
0
LINE
8
BLACK
6
CONTINUOUS
10
-0.0655516929133858
20
0.009910157480315
11
-0.0666161023622047
21
0.010351062992126
0
LINE
8
BLACK
6
CONTINUOUS
10
-0.0666161023622047
20
0.010351062992126
11
-0.0674307480314961
21
0.0111657086614173
0
LINE
8
BLACK
6
CONTINUOUS
10
-0.0674307480314961
20
0.0111657086614173
11
-0.0678716535433071
21
0.0122301181102362
0
LINE
8
BLACK
6
CONTINUOUS
10
-0.0678716535433071
20
0.0122301181102362
11
-0.0679283858267717
21
0.0128061811023622
0
LINE
8
BLACK
6
CONTINUOUS
10
-0.0679283858267717
20
0.0128061811023622
11
-0.0679283858267717
21
0.0353033464566929
0
LINE
8
BLACK
6
CONTINUOUS
10
-0.0679283858267717
20
0.0353033464566929
11
-0.0678716535433071
21
0.0358794094488189
0
LINE
8
BLACK
6
CONTINUOUS
10
-0.0678716535433071
20
0.0358794094488189
11
-0.0674307480314961
21
0.0369438188976378
0
LINE
8
BLACK
6
CONTINUOUS
10
-0.0674307480314961
20
0.0369438188976378
11
-0.0666161023622047
21
0.0377584645669291
0
LINE
8
BLACK
6
CONTINUOUS
10
-0.0666161023622047
20
0.0377584645669291
11
-0.0655516929133858
21
0.0381993700787402
0
LINE
8
BLACK
6
CONTINUOUS
10
-0.0655516929133858
20
0.0381993700787402
11
-0.0643995669291339
21
0.0381993700787402
0
LINE
8
BLACK
6
CONTINUOUS
10
-0.0643995669291339
20
0.0381993700787402
11
-0.063335157480315
21
0.0377584645669291
0
LINE
8
BLACK
6
CONTINUOUS
10
-0.3606538976377953
20
0.0284970866141732
11
-0.3602727559055118
21
0.0273536220472441
0
LINE
8
BLACK
6
CONTINUOUS
10
-0.3602727559055118
20
0.0273536220472441
11
-0.3604350393700788
21
0.0267609842519685
0
LINE
8
BLACK
6
CONTINUOUS
10
-0.3604350393700788
20
0.0267609842519685
11
-0.3611849606299212
21
0.0252611811023622
0
LINE
8
BLACK
6
CONTINUOUS
10
-0.3611849606299212
20
0.0252611811023622
11
-0.3613398031496063
21
0.0250617322834646
0
LINE
8
BLACK
6
CONTINUOUS
10
-0.3613398031496063
20
0.0250617322834646
11
-0.3614799606299213
21
0.0248518897637795
0
LINE
8
BLACK
6
CONTINUOUS
10
-0.3614799606299213
20
0.0248518897637795
11
-0.3617912204724409
21
0.0245406299212598
0
LINE
8
BLACK
6
CONTINUOUS
10
-0.3617912204724409
20
0.0245406299212598
11
-0.3521698031496063
21
0.0245406299212598
0
LINE
8
BLACK
6
CONTINUOUS
10
-0.3521698031496063
20
0.0245406299212598
11
-0.3521698031496063
21
0.0274652755905512
0
LINE
8
BLACK
6
CONTINUOUS
10
-0.3521698031496063
20
0.0274652755905512
11
-0.3520499212598425
21
0.0280679133858268
0
LINE
8
BLACK
6
CONTINUOUS
10
-0.3520499212598425
20
0.0280679133858268
11
-0.3511976377952756
21
0.0289201968503937
0
LINE
8
BLACK
6
CONTINUOUS
10
-0.3511976377952756
20
0.0289201968503937
11
-0.3499923622047244
21
0.0289201968503937
0
LINE
8
BLACK
6
CONTINUOUS
10
-0.3499923622047244
20
0.0289201968503937
11
-0.3491400787401575
21
0.0280679133858268
0
LINE
8
BLACK
6
CONTINUOUS
10
-0.3491400787401575
20
0.0280679133858268
11
-0.3490201968503937
21
0.0274652755905512
0
LINE
8
BLACK
6
CONTINUOUS
10
-0.3490201968503937
20
0.0274652755905512
11
-0.3490201968503937
21
0.0184664173228346
0
LINE
8
BLACK
6
CONTINUOUS
10
-0.3490201968503937
20
0.0184664173228346
11
-0.3491400787401575
21
0.0178637795275591
0
LINE
8
BLACK
6
CONTINUOUS
10
-0.3491400787401575
20
0.0178637795275591
11
-0.3499923622047244
21
0.0170114960629921
0
LINE
8
BLACK
6
CONTINUOUS
10
-0.3499923622047244
20
0.0170114960629921
11
-0.3511976377952756
21
0.0170114960629921
0
LINE
8
BLACK
6
CONTINUOUS
10
-0.3511976377952756
20
0.0170114960629921
11
-0.3520499212598425
21
0.0178637795275591
0
LINE
8
BLACK
6
CONTINUOUS
10
-0.3520499212598425
20
0.0178637795275591
11
-0.3521698031496063
21
0.0184664173228346
0
LINE
8
BLACK
6
CONTINUOUS
10
-0.3521698031496063
20
0.0184664173228346
11
-0.3521698031496063
21
0.0213910236220472
0
LINE
8
BLACK
6
CONTINUOUS
10
-0.3521698031496063
20
0.0213910236220472
11
-0.366343031496063
21
0.0213910236220472
0
LINE
8
BLACK
6
CONTINUOUS
10
-0.366343031496063
20
0.0213910236220472
11
-0.3669456692913386
21
0.021510905511811
0
LINE
8
BLACK
6
CONTINUOUS
10
-0.3669456692913386
20
0.021510905511811
11
-0.3670603543307087
21
0.0216255905511811
0
LINE
8
BLACK
6
CONTINUOUS
10
-0.3670603543307087
20
0.0216255905511811
11
-0.3672192913385827
21
0.0216573622047244
0
LINE
8
BLACK
6
CONTINUOUS
10
-0.3672192913385827
20
0.0216573622047244
11
-0.3674736614173228
21
0.0220388976377953
0
LINE
8
BLACK
6
CONTINUOUS
10
-0.3674736614173228
20
0.0220388976377953
11
-0.3677979527559055
21
0.022363188976378
0
LINE
8
BLACK
6
CONTINUOUS
10
-0.3677979527559055
20
0.022363188976378
11
-0.3677979527559055
21
0.0225253543307087
0
LINE
8
BLACK
6
CONTINUOUS
10
-0.3677979527559055
20
0.0225253543307087
11
-0.367887874015748
21
0.0226601968503937
0
LINE
8
BLACK
6
CONTINUOUS
10
-0.367887874015748
20
0.0226601968503937
11
-0.3677979527559055
21
0.0231098031496063
0
LINE
8
BLACK
6
CONTINUOUS
10
-0.3677979527559055
20
0.0231098031496063
11
-0.3677979527559055
21
0.0235684645669291
0
LINE
8
BLACK
6
CONTINUOUS
10
-0.3677979527559055
20
0.0235684645669291
11
-0.3676833070866142
21
0.0236831496062992
0
LINE
8
BLACK
6
CONTINUOUS
10
-0.3676833070866142
20
0.0236831496062992
11
-0.3676514960629921
21
0.0238420866141732
0
LINE
8
BLACK
6
CONTINUOUS
10
-0.3676514960629921
20
0.0238420866141732
11
-0.3672165748031496
21
0.0242761417322835
0
LINE
8
BLACK
6
CONTINUOUS
10
-0.3672165748031496
20
0.0242761417322835
11
-0.3650965748031496
21
0.0256895275590551
0
LINE
8
BLACK
6
CONTINUOUS
10
-0.3650965748031496
20
0.0256895275590551
11
-0.3638877559055118
21
0.0268983464566929
0
LINE
8
BLACK
6
CONTINUOUS
10
-0.3638877559055118
20
0.0268983464566929
11
-0.3632521259842519
21
0.0281695669291339
0
LINE
8
BLACK
6
CONTINUOUS
10
-0.3632521259842519
20
0.0281695669291339
11
-0.3628753937007874
21
0.0286549606299213
0
LINE
8
BLACK
6
CONTINUOUS
10
-0.3628753937007874
20
0.0286549606299213
11
-0.3617319291338583
21
0.0290361023622047
0
LINE
8
BLACK
6
CONTINUOUS
10
-0.3617319291338583
20
0.0290361023622047
11
-0.3606538976377953
21
0.0284970866141732
0
LINE
8
BLACK
6
CONTINUOUS
10
-0.3571549606299212
20
0.0447505118110236
11
-0.3569621653543307
21
0.0447411023622047
0
LINE
8
BLACK
6
CONTINUOUS
10
-0.3569621653543307
20
0.0447411023622047
11
-0.3539625590551181
21
0.0439911811023622
0
LINE
8
BLACK
6
CONTINUOUS
10
-0.3539625590551181
20
0.0439911811023622
11
-0.3538064960629921
21
0.0439174803149606
0
LINE
8
BLACK
6
CONTINUOUS
10
-0.3538064960629921
20
0.0439174803149606
11
-0.3536402755905512
21
0.0438719291338583
0
LINE
8
BLACK
6
CONTINUOUS
10
-0.3536402755905512
20
0.0438719291338583
11
-0.3521404724409449
21
0.0431220472440945
0
LINE
8
BLACK
6
CONTINUOUS
10
-0.3521404724409449
20
0.0431220472440945
11
-0.3519412204724409
21
0.0429674409448819
0
LINE
8
BLACK
6
CONTINUOUS
10
-0.3519412204724409
20
0.0429674409448819
11
-0.3517311811023622
21
0.0428270866141732
0
LINE
8
BLACK
6
CONTINUOUS
10
-0.3517311811023622
20
0.0428270866141732
11
-0.3502313385826771
21
0.0413272834645669
0
LINE
8
BLACK
6
CONTINUOUS
10
-0.3502313385826771
20
0.0413272834645669
11
-0.3501874803149606
21
0.0412616141732283
0
LINE
8
BLACK
6
CONTINUOUS
10
-0.3501874803149606
20
0.0412616141732283
11
-0.3501551968503937
21
0.0412454724409449
0
LINE
8
BLACK
6
CONTINUOUS
10
-0.3501551968503937
20
0.0412454724409449
11
-0.3500302755905512
21
0.0410263385826772
0
LINE
8
BLACK
6
CONTINUOUS
10
-0.3500302755905512
20
0.0410263385826772
11
-0.34989
21
0.0408163779527559
0
LINE
8
BLACK
6
CONTINUOUS
10
-0.34989
20
0.0408163779527559
11
-0.34989
21
0.0407802755905512
0
LINE
8
BLACK
6
CONTINUOUS
10
-0.34989
20
0.0407802755905512
11
-0.349850905511811
21
0.0407116929133858
0
LINE
8
BLACK
6
CONTINUOUS
10
-0.349850905511811
20
0.0407116929133858
11
-0.3491009842519685
21
0.038461968503937
0
LINE
8
BLACK
6
CONTINUOUS
10
-0.3491009842519685
20
0.038461968503937
11
-0.3490694488188976
21
0.0382113779527559
0
LINE
8
BLACK
6
CONTINUOUS
10
-0.3490694488188976
20
0.0382113779527559
11
-0.3490201968503937
21
0.0379639763779528
0
LINE
8
BLACK
6
CONTINUOUS
10
-0.3490201968503937
20
0.0379639763779528
11
-0.3490201968503937
21
0.0364641338582677
0
LINE
8
BLACK
6
CONTINUOUS
10
-0.3490201968503937
20
0.0364641338582677
11
-0.3490694881889764
21
0.0362164566929134
0
LINE
8
BLACK
6
CONTINUOUS
10
-0.3490694881889764
20
0.0362164566929134
11
-0.3491010236220473
21
0.0359661417322835
0
LINE
8
BLACK
6
CONTINUOUS
10
-0.3491010236220473
20
0.0359661417322835
11
-0.349850905511811
21
0.0337164566929134
0
LINE
8
BLACK
6
CONTINUOUS
10
-0.349850905511811
20
0.0337164566929134
11
-0.3498899606299212
21
0.0336479527559055
0
LINE
8
BLACK
6
CONTINUOUS
10
-0.3498899606299212
20
0.0336479527559055
11
-0.3498899606299212
21
0.033611811023622
0
LINE
8
BLACK
6
CONTINUOUS
10
-0.3498899606299212
20
0.033611811023622
11
-0.3500301968503937
21
0.0334020078740157
0
LINE
8
BLACK
6
CONTINUOUS
10
-0.3500301968503937
20
0.0334020078740157
11
-0.3501551968503937
21
0.0331826377952756
0
LINE
8
BLACK
6
CONTINUOUS
10
-0.3501551968503937
20
0.0331826377952756
11
-0.3501875590551181
21
0.0331664960629921
0
LINE
8
BLACK
6
CONTINUOUS
10
-0.3501875590551181
20
0.0331664960629921
11
-0.3502313385826771
21
0.033100905511811
0
LINE
8
BLACK
6
CONTINUOUS
10
-0.3502313385826771
20
0.033100905511811
11
-0.3509812598425197
21
0.0323509842519685
0
LINE
8
BLACK
6
CONTINUOUS
10
-0.3509812598425197
20
0.0323509842519685
11
-0.3514921653543307
21
0.0320096062992126
0
LINE
8
BLACK
6
CONTINUOUS
10
-0.3514921653543307
20
0.0320096062992126
11
-0.3526974409448819
21
0.0320096062992126
0
LINE
8
BLACK
6
CONTINUOUS
10
-0.3526974409448819
20
0.0320096062992126
11
-0.3535497244094488
21
0.0328618897637795
0
LINE
8
BLACK
6
CONTINUOUS
10
-0.3535497244094488
20
0.0328618897637795
11
-0.3535497244094488
21
0.0340671653543307
0
LINE
8
BLACK
6
CONTINUOUS
10
-0.3535497244094488
20
0.0340671653543307
11
-0.3532083464566929
21
0.0345780708661417
0
LINE
8
BLACK
6
CONTINUOUS
10
-0.3532083464566929
20
0.0345780708661417
11
-0.3527213385826772
21
0.0350651181102362
0
LINE
8
BLACK
6
CONTINUOUS
10
-0.3527213385826772
20
0.0350651181102362
11
-0.3521698031496063
21
0.0367196456692913
0
LINE
8
BLACK
6
CONTINUOUS
10
-0.3521698031496063
20
0.0367196456692913
11
-0.3521698031496063
21
0.0377085039370079
0
LINE
8
BLACK
6
CONTINUOUS
10
-0.3521698031496063
20
0.0377085039370079
11
-0.3527212992125984
21
0.0393629921259843
0
LINE
8
BLACK
6
CONTINUOUS
10
-0.3527212992125984
20
0.0393629921259843
11
-0.3537776377952756
21
0.0404192913385827
0
LINE
8
BLACK
6
CONTINUOUS
10
-0.3537776377952756
20
0.0404192913385827
11
-0.3548940551181102
21
0.0409775196850394
0
LINE
8
BLACK
6
CONTINUOUS
10
-0.3548940551181102
20
0.0409775196850394
11
-0.3575380708661417
21
0.0416385039370079
0
LINE
8
BLACK
6
CONTINUOUS
10
-0.3575380708661417
20
0.0416385039370079
11
-0.3593999212598425
21
0.0416385039370079
0
LINE
8
BLACK
6
CONTINUOUS
10
-0.3593999212598425
20
0.0416385039370079
11
-0.3620440157480315
21
0.0409774803149606
0
LINE
8
BLACK
6
CONTINUOUS
10
-0.3620440157480315
20
0.0409774803149606
11
-0.3631604330708662
21
0.0404192913385827
0
LINE
8
BLACK
6
CONTINUOUS
10
-0.3631604330708662
20
0.0404192913385827
11
-0.3642167322834646
21
0.039363031496063
0
LINE
8
BLACK
6
CONTINUOUS
10
-0.3642167322834646
20
0.039363031496063
11
-0.3647682283464567
21
0.0377084645669291
0
LINE
8
BLACK
6
CONTINUOUS
10
-0.3647682283464567
20
0.0377084645669291
11
-0.3647682283464567
21
0.0367197244094488
0
LINE
8
BLACK
6
CONTINUOUS
10
-0.3647682283464567
20
0.0367197244094488
11
-0.3642166929133858
21
0.035065157480315
0
LINE
8
BLACK
6
CONTINUOUS
10
-0.3642166929133858
20
0.035065157480315
11
-0.3637296456692913
21
0.0345780708661417
0
LINE
8
BLACK
6
CONTINUOUS
10
-0.3637296456692913
20
0.0345780708661417
11
-0.3633883070866142
21
0.0340671653543307
0
LINE
8
BLACK
6
CONTINUOUS
10
-0.3633883070866142
20
0.0340671653543307
11
-0.3633883464566929
21
0.0328618503937008
0
LINE
8
BLACK
6
CONTINUOUS
10
-0.3633883464566929
20
0.0328618503937008
11
-0.3642406299212598
21
0.0320096062992126
0
LINE
8
BLACK
6
CONTINUOUS
10
-0.3642406299212598
20
0.0320096062992126
11
-0.3654459448818898
21
0.0320096456692913
0
LINE
8
BLACK
6
CONTINUOUS
10
-0.3654459448818898
20
0.0320096456692913
11
-0.365956811023622
21
0.0323510236220472
0
LINE
8
BLACK
6
CONTINUOUS
10
-0.365956811023622
20
0.0323510236220472
11
-0.3667066929133858
21
0.033100905511811
0
LINE
8
BLACK
6
CONTINUOUS
10
-0.3667066929133858
20
0.033100905511811
11
-0.3667505118110236
21
0.0331665354330709
0
LINE
8
BLACK
6
CONTINUOUS
10
-0.3667505118110236
20
0.0331665354330709
11
-0.3667827952755905
21
0.0331826377952756
0
LINE
8
BLACK
6
CONTINUOUS
10
-0.3667827952755905
20
0.0331826377952756
11
-0.3669078346456693
21
0.0334020078740157
0
LINE
8
BLACK
6
CONTINUOUS
10
-0.3669078346456693
20
0.0334020078740157
11
-0.367048031496063
21
0.0336118503937008
0
LINE
8
BLACK
6
CONTINUOUS
10
-0.367048031496063
20
0.0336118503937008
11
-0.367048031496063
21
0.0336479527559055
0
LINE
8
BLACK
6
CONTINUOUS
10
-0.367048031496063
20
0.0336479527559055
11
-0.3670870866141732
21
0.0337164566929134
0
LINE
8
BLACK
6
CONTINUOUS
10
-0.3670870866141732
20
0.0337164566929134
11
-0.3678370078740157
21
0.0359661023622047
0
LINE
8
BLACK
6
CONTINUOUS
10
-0.3678370078740157
20
0.0359661023622047
11
-0.3678685826771653
21
0.0362164960629921
0
LINE
8
BLACK
6
CONTINUOUS
10
-0.3678685826771653
20
0.0362164960629921
11
-0.3679178346456693
21
0.0364641338582677
0
LINE
8
BLACK
6
CONTINUOUS
10
-0.3679178346456693
20
0.0364641338582677
11
-0.3679178346456693
21
0.0379639763779528
0
LINE
8
BLACK
6
CONTINUOUS
10
-0.3679178346456693
20
0.0379639763779528
11
-0.3678685826771653
21
0.0382116929133858
0
LINE
8
BLACK
6
CONTINUOUS
10
-0.3678685826771653
20
0.0382116929133858
11
-0.3678370078740157
21
0.038461968503937
0
LINE
8
BLACK
6
CONTINUOUS
10
-0.3678370078740157
20
0.038461968503937
11
-0.3670870866141732
21
0.0407116929133858
0
LINE
8
BLACK
6
CONTINUOUS
10
-0.3670870866141732
20
0.0407116929133858
11
-0.367048031496063
21
0.0407802362204724
0
LINE
8
BLACK
6
CONTINUOUS
10
-0.367048031496063
20
0.0407802362204724
11
-0.367048031496063
21
0.0408163385826772
0
LINE
8
BLACK
6
CONTINUOUS
10
-0.367048031496063
20
0.0408163385826772
11
-0.3669078346456693
21
0.0410261811023622
0
LINE
8
BLACK
6
CONTINUOUS
10
-0.3669078346456693
20
0.0410261811023622
11
-0.3667827952755905
21
0.0412455118110236
0
LINE
8
BLACK
6
CONTINUOUS
10
-0.3667827952755905
20
0.0412455118110236
11
-0.3667504724409449
21
0.0412616929133858
0
LINE
8
BLACK
6
CONTINUOUS
10
-0.3667504724409449
20
0.0412616929133858
11
-0.3667066535433071
21
0.0413272440944882
0
LINE
8
BLACK
6
CONTINUOUS
10
-0.3667066535433071
20
0.0413272440944882
11
-0.3652068897637795
21
0.0428270472440945
0
LINE
8
BLACK
6
CONTINUOUS
10
-0.3652068897637795
20
0.0428270472440945
11
-0.3649969291338583
21
0.0429673622047244
0
LINE
8
BLACK
6
CONTINUOUS
10
-0.3649969291338583
20
0.0429673622047244
11
-0.3647975590551181
21
0.0431220472440945
0
LINE
8
BLACK
6
CONTINUOUS
10
-0.3647975590551181
20
0.0431220472440945
11
-0.3632977559055118
21
0.0438719291338583
0
LINE
8
BLACK
6
CONTINUOUS
10
-0.3632977559055118
20
0.0438719291338583
11
-0.3631315354330709
21
0.0439174803149606
0
LINE
8
BLACK
6
CONTINUOUS
10
-0.3631315354330709
20
0.0439174803149606
11
-0.3629754724409449
21
0.0439911811023622
0
LINE
8
BLACK
6
CONTINUOUS
10
-0.3629754724409449
20
0.0439911811023622
11
-0.3599757874015748
21
0.0447411023622047
0
LINE
8
BLACK
6
CONTINUOUS
10
-0.3599757874015748
20
0.0447411023622047
11
-0.3597830708661417
21
0.0447505118110236
0
LINE
8
BLACK
6
CONTINUOUS
10
-0.3597830708661417
20
0.0447505118110236
11
-0.3595938582677165
21
0.0447881102362205
0
LINE
8
BLACK
6
CONTINUOUS
10
-0.3595938582677165
20
0.0447881102362205
11
-0.3573441338582677
21
0.0447881102362205
0
LINE
8
BLACK
6
CONTINUOUS
10
-0.3573441338582677
20
0.0447881102362205
11
-0.3571549606299212
21
0.0447505118110236
0
LINE
8
BLACK
6
CONTINUOUS
10
-0.3648881102362205
20
0.0573142519685039
11
-0.3647682283464567
21
0.0567116141732283
0
LINE
8
BLACK
6
CONTINUOUS
10
-0.3647682283464567
20
0.0567116141732283
11
-0.3647682283464567
21
0.0537870078740157
0
LINE
8
BLACK
6
CONTINUOUS
10
-0.3647682283464567
20
0.0537870078740157
11
-0.350595
21
0.0537870078740157
0
LINE
8
BLACK
6
CONTINUOUS
10
-0.350595
20
0.0537870078740157
11
-0.3499923622047244
21
0.053667125984252
0
LINE
8
BLACK
6
CONTINUOUS
10
-0.3499923622047244
20
0.053667125984252
11
-0.3491400787401575
21
0.052814842519685
0
LINE
8
BLACK
6
CONTINUOUS
10
-0.3491400787401575
20
0.052814842519685
11
-0.3491400787401575
21
0.0516095669291339
0
LINE
8
BLACK
6
CONTINUOUS
10
-0.3491400787401575
20
0.0516095669291339
11
-0.3499923622047244
21
0.0507572834645669
0
LINE
8
BLACK
6
CONTINUOUS
10
-0.3499923622047244
20
0.0507572834645669
11
-0.350595
21
0.0506374015748031
0
LINE
8
BLACK
6
CONTINUOUS
10
-0.350595
20
0.0506374015748031
11
-0.3647682283464567
21
0.0506374015748031
0
LINE
8
BLACK
6
CONTINUOUS
10
-0.3647682283464567
20
0.0506374015748031
11
-0.3647682283464567
21
0.0477127559055118
0
LINE
8
BLACK
6
CONTINUOUS
10
-0.3647682283464567
20
0.0477127559055118
11
-0.3648881102362205
21
0.0471101181102362
0
LINE
8
BLACK
6
CONTINUOUS
10
-0.3648881102362205
20
0.0471101181102362
11
-0.3657403937007874
21
0.0462578346456693
0
LINE
8
BLACK
6
CONTINUOUS
10
-0.3657403937007874
20
0.0462578346456693
11
-0.3669456692913386
21
0.0462578346456693
0
LINE
8
BLACK
6
CONTINUOUS
10
-0.3669456692913386
20
0.0462578346456693
11
-0.3677979527559055
21
0.0471101181102362
0
LINE
8
BLACK
6
CONTINUOUS
10
-0.3677979527559055
20
0.0471101181102362
11
-0.3679178346456693
21
0.0477127559055118
0
LINE
8
BLACK
6
CONTINUOUS
10
-0.3679178346456693
20
0.0477127559055118
11
-0.3679178346456693
21
0.0567116141732283
0
LINE
8
BLACK
6
CONTINUOUS
10
-0.3679178346456693
20
0.0567116141732283
11
-0.3677979527559055
21
0.0573142519685039
0
LINE
8
BLACK
6
CONTINUOUS
10
-0.3677979527559055
20
0.0573142519685039
11
-0.3669456692913386
21
0.0581665354330709
0
LINE
8
BLACK
6
CONTINUOUS
10
-0.3669456692913386
20
0.0581665354330709
11
-0.3657403937007874
21
0.0581665354330709
0
LINE
8
BLACK
6
CONTINUOUS
10
-0.3657403937007874
20
0.0581665354330709
11
-0.3648881102362205
21
0.0573142519685039
0
LINE
8
BLACK
6
CONTINUOUS
10
-0.3346551968503937
20
0.0580745275590551
11
-0.3329072834645669
21
0.0558827165354331
0
LINE
8
BLACK
6
CONTINUOUS
10
-0.3329072834645669
20
0.0558827165354331
11
-0.3322834645669291
21
0.0531496062992126
0
LINE
8
BLACK
6
CONTINUOUS
10
-0.3322834645669291
20
0.0531496062992126
11
-0.3329072834645669
21
0.0504164960629921
0
LINE
8
BLACK
6
CONTINUOUS
10
-0.3329072834645669
20
0.0504164960629921
11
-0.3346551968503937
21
0.0482246850393701
0
LINE
8
BLACK
6
CONTINUOUS
10
-0.3346551968503937
20
0.0482246850393701
11
-0.3371809842519685
21
0.0470083464566929
0
LINE
8
BLACK
6
CONTINUOUS
10
-0.3371809842519685
20
0.0470083464566929
11
-0.3399843700787402
21
0.0470083464566929
0
LINE
8
BLACK
6
CONTINUOUS
10
-0.3399843700787402
20
0.0470083464566929
11
-0.3425101574803149
21
0.0482246850393701
0
LINE
8
BLACK
6
CONTINUOUS
10
-0.3425101574803149
20
0.0482246850393701
11
-0.3442580708661417
21
0.0504164960629921
0
LINE
8
BLACK
6
CONTINUOUS
10
-0.3442580708661417
20
0.0504164960629921
11
-0.3448818897637795
21
0.0531496062992126
0
LINE
8
BLACK
6
CONTINUOUS
10
-0.3448818897637795
20
0.0531496062992126
11
-0.3442580708661417
21
0.0558827165354331
0
LINE
8
BLACK
6
CONTINUOUS
10
-0.3442580708661417
20
0.0558827165354331
11
-0.3425101574803149
21
0.0580745275590551
0
LINE
8
BLACK
6
CONTINUOUS
10
-0.3425101574803149
20
0.0580745275590551
11
-0.3399843700787402
21
0.0592908661417323
0
LINE
8
BLACK
6
CONTINUOUS
10
-0.3399843700787402
20
0.0592908661417323
11
-0.3371809842519685
21
0.0592908661417323
0
LINE
8
BLACK
6
CONTINUOUS
10
-0.3371809842519685
20
0.0592908661417323
11
-0.3346551968503937
21
0.0580745275590551
0
LINE
8
BLACK
6
CONTINUOUS
10
-0.3397879921259843
20
0.0519442913385827
11
-0.3385826771653543
21
0.0514450393700787
0
LINE
8
BLACK
6
CONTINUOUS
10
-0.3385826771653543
20
0.0514450393700787
11
-0.3373773622047244
21
0.0519442913385827
0
LINE
8
BLACK
6
CONTINUOUS
10
-0.3373773622047244
20
0.0519442913385827
11
-0.3368781102362204
21
0.0531496062992126
0
LINE
8
BLACK
6
CONTINUOUS
10
-0.3368781102362204
20
0.0531496062992126
11
-0.3373773622047244
21
0.0543549212598425
0
LINE
8
BLACK
6
CONTINUOUS
10
-0.3373773622047244
20
0.0543549212598425
11
-0.3385826771653543
21
0.0548541732283465
0
LINE
8
BLACK
6
CONTINUOUS
10
-0.3385826771653543
20
0.0548541732283465
11
-0.3397879921259843
21
0.0543549212598425
0
LINE
8
BLACK
6
CONTINUOUS
10
-0.3397879921259843
20
0.0543549212598425
11
-0.3402872440944882
21
0.0531496062992126
0
LINE
8
BLACK
6
CONTINUOUS
10
-0.3402872440944882
20
0.0531496062992126
11
-0.3397879921259843
21
0.0519442913385827
0
LINE
8
BLACK
6
CONTINUOUS
10
-0.3499923622047244
20
0.0701650393700787
11
-0.3491400787401575
21
0.0693127559055118
0
LINE
8
BLACK
6
CONTINUOUS
10
-0.3491400787401575
20
0.0693127559055118
11
-0.3490201968503937
21
0.0687101181102362
0
LINE
8
BLACK
6
CONTINUOUS
10
-0.3490201968503937
20
0.0687101181102362
11
-0.3490201968503937
21
0.061211062992126
0
LINE
8
BLACK
6
CONTINUOUS
10
-0.3490201968503937
20
0.061211062992126
11
-0.3491400787401575
21
0.0606084251968504
0
LINE
8
BLACK
6
CONTINUOUS
10
-0.3491400787401575
20
0.0606084251968504
11
-0.3499923622047244
21
0.0597561417322835
0
LINE
8
BLACK
6
CONTINUOUS
10
-0.3499923622047244
20
0.0597561417322835
11
-0.3511976377952756
21
0.0597561417322835
0
LINE
8
BLACK
6
CONTINUOUS
10
-0.3511976377952756
20
0.0597561417322835
11
-0.3520499212598425
21
0.0606084251968504
0
LINE
8
BLACK
6
CONTINUOUS
10
-0.3520499212598425
20
0.0606084251968504
11
-0.3521698031496063
21
0.061211062992126
0
LINE
8
BLACK
6
CONTINUOUS
10
-0.3521698031496063
20
0.061211062992126
11
-0.3521698031496063
21
0.0671353149606299
0
LINE
8
BLACK
6
CONTINUOUS
10
-0.3521698031496063
20
0.0671353149606299
11
-0.3572691732283464
21
0.0671353149606299
0
LINE
8
BLACK
6
CONTINUOUS
10
-0.3572691732283464
20
0.0671353149606299
11
-0.3572691732283464
21
0.0634607874015748
0
LINE
8
BLACK
6
CONTINUOUS
10
-0.3572691732283464
20
0.0634607874015748
11
-0.3573890551181103
21
0.0628581496062992
0
LINE
8
BLACK
6
CONTINUOUS
10
-0.3573890551181103
20
0.0628581496062992
11
-0.3582413385826771
21
0.0620058661417323
0
LINE
8
BLACK
6
CONTINUOUS
10
-0.3582413385826771
20
0.0620058661417323
11
-0.3594466141732283
21
0.0620058661417323
0
LINE
8
BLACK
6
CONTINUOUS
10
-0.3594466141732283
20
0.0620058661417323
11
-0.3602988976377953
21
0.0628581496062992
0
LINE
8
BLACK
6
CONTINUOUS
10
-0.3602988976377953
20
0.0628581496062992
11
-0.3604187795275591
21
0.0634607874015748
0
LINE
8
BLACK
6
CONTINUOUS
10
-0.3604187795275591
20
0.0634607874015748
11
-0.3604187795275591
21
0.0671353149606299
0
LINE
8
BLACK
6
CONTINUOUS
10
-0.3604187795275591
20
0.0671353149606299
11
-0.3647682283464567
21
0.0671353149606299
0
LINE
8
BLACK
6
CONTINUOUS
10
-0.3647682283464567
20
0.0671353149606299
11
-0.3647682283464567
21
0.061211062992126
0
LINE
8
BLACK
6
CONTINUOUS
10
-0.3647682283464567
20
0.061211062992126
11
-0.3648881102362205
21
0.0606084251968504
0
LINE
8
BLACK
6
CONTINUOUS
10
-0.3648881102362205
20
0.0606084251968504
11
-0.3657403937007874
21
0.0597561417322835
0
LINE
8
BLACK
6
CONTINUOUS
10
-0.3657403937007874
20
0.0597561417322835
11
-0.3669456692913386
21
0.0597561417322835
0
LINE
8
BLACK
6
CONTINUOUS
10
-0.3669456692913386
20
0.0597561417322835
11
-0.3677979527559055
21
0.0606084251968504
0
LINE
8
BLACK
6
CONTINUOUS
10
-0.3677979527559055
20
0.0606084251968504
11
-0.3679178346456693
21
0.061211062992126
0
LINE
8
BLACK
6
CONTINUOUS
10
-0.3679178346456693
20
0.061211062992126
11
-0.3679178346456693
21
0.0687101181102362
0
LINE
8
BLACK
6
CONTINUOUS
10
-0.3679178346456693
20
0.0687101181102362
11
-0.3677979527559055
21
0.0693127559055118
0
LINE
8
BLACK
6
CONTINUOUS
10
-0.3677979527559055
20
0.0693127559055118
11
-0.3669456692913386
21
0.0701650393700787
0
LINE
8
BLACK
6
CONTINUOUS
10
-0.3669456692913386
20
0.0701650393700787
11
-0.366343031496063
21
0.0702849212598425
0
LINE
8
BLACK
6
CONTINUOUS
10
-0.366343031496063
20
0.0702849212598425
11
-0.350595
21
0.0702849212598425
0
LINE
8
BLACK
6
CONTINUOUS
10
-0.350595
20
0.0702849212598425
11
-0.3499923622047244
21
0.0701650393700787
0
LINE
8
BLACK
6
CONTINUOUS
10
0.1032661811023622
20
0.0691115354330709
11
0.1045446062992126
21
0.0678331102362205
0
LINE
8
BLACK
6
CONTINUOUS
10
0.1045446062992126
20
0.0678331102362205
11
0.1045446062992126
21
0.066025157480315
0
LINE
8
BLACK
6
CONTINUOUS
10
0.1045446062992126
20
0.066025157480315
11
0.1032661811023622
21
0.0647467322834646
0
LINE
8
BLACK
6
CONTINUOUS
10
0.1032661811023622
20
0.0647467322834646
11
0.1023622047244094
21
0.0645669291338583
0
LINE
8
BLACK
6
CONTINUOUS
10
0.1023622047244094
20
0.0645669291338583
11
0.0551181102362205
21
0.0645669291338583
0
LINE
8
BLACK
6
CONTINUOUS
10
0.0551181102362205
20
0.0645669291338583
11
0.0542141338582677
21
0.0647467322834646
0
LINE
8
BLACK
6
CONTINUOUS
10
0.0542141338582677
20
0.0647467322834646
11
0.0529357086614173
21
0.066025157480315
0
LINE
8
BLACK
6
CONTINUOUS
10
0.0529357086614173
20
0.066025157480315
11
0.0529357086614173
21
0.0678331102362205
0
LINE
8
BLACK
6
CONTINUOUS
10
0.0529357086614173
20
0.0678331102362205
11
0.0542141338582677
21
0.0691115354330709
0
LINE
8
BLACK
6
CONTINUOUS
10
0.0542141338582677
20
0.0691115354330709
11
0.0551181102362205
21
0.0692913385826772
0
LINE
8
BLACK
6
CONTINUOUS
10
0.0551181102362205
20
0.0692913385826772
11
0.1023622047244094
21
0.0692913385826772
0
LINE
8
BLACK
6
CONTINUOUS
10
0.1023622047244094
20
0.0692913385826772
11
0.1032661811023622
21
0.0691115354330709
0
LINE
8
BLACK
6
CONTINUOUS
10
0.2163346456692913
20
0.4243226377952756
11
0.2167820866141732
21
0.4239554330708661
0
LINE
8
BLACK
6
CONTINUOUS
10
0.2167820866141732
20
0.4239554330708661
11
0.244620905511811
21
0.3961165748031496
0
LINE
8
BLACK
6
CONTINUOUS
10
0.244620905511811
20
0.3961165748031496
11
0.2449879527559055
21
0.3956693307086614
0
LINE
8
BLACK
6
CONTINUOUS
10
0.2449879527559055
20
0.3956693307086614
11
0.2449881496062992
21
0.3956691338582677
0
LINE
8
BLACK
6
CONTINUOUS
10
0.2449881496062992
20
0.3956691338582677
11
0.2454290157480315
21
0.3946047244094488
0
LINE
8
BLACK
6
CONTINUOUS
10
0.2454290157480315
20
0.3946047244094488
11
0.2454290157480315
21
0.3934526377952756
0
LINE
8
BLACK
6
CONTINUOUS
10
0.2454290157480315
20
0.3934526377952756
11
0.2449881496062992
21
0.3923881889763779
0
LINE
8
BLACK
6
CONTINUOUS
10
0.2449881496062992
20
0.3923881889763779
11
0.244620905511811
21
0.391940748031496
0
LINE
8
BLACK
6
CONTINUOUS
10
0.244620905511811
20
0.391940748031496
11
0.2313643307086614
21
0.3786841732283465
0
LINE
8
BLACK
6
CONTINUOUS
10
0.2313643307086614
20
0.3786841732283465
11
0.2309168897637795
21
0.378316968503937
0
LINE
8
BLACK
6
CONTINUOUS
10
0.2309168897637795
20
0.378316968503937
11
0.2298524409448819
21
0.3778760629921259
0
LINE
8
BLACK
6
CONTINUOUS
10
0.2298524409448819
20
0.3778760629921259
11
0.2287003937007874
21
0.3778760629921259
0
LINE
8
BLACK
6
CONTINUOUS
10
0.2287003937007874
20
0.3778760629921259
11
0.2276359448818898
21
0.378316968503937
0
LINE
8
BLACK
6
CONTINUOUS
10
0.2276359448818898
20
0.378316968503937
11
0.2268212992125984
21
0.3791316141732283
0
LINE
8
BLACK
6
CONTINUOUS
10
0.2268212992125984
20
0.3791316141732283
11
0.2263803937007874
21
0.380196062992126
0
LINE
8
BLACK
6
CONTINUOUS
10
0.2263803937007874
20
0.380196062992126
11
0.2263803937007874
21
0.3813481102362205
0
LINE
8
BLACK
6
CONTINUOUS
10
0.2263803937007874
20
0.3813481102362205
11
0.2268212992125984
21
0.3824125590551181
0
LINE
8
BLACK
6
CONTINUOUS
10
0.2268212992125984
20
0.3824125590551181
11
0.2271885039370079
21
0.38286
0
LINE
8
BLACK
6
CONTINUOUS
10
0.2271885039370079
20
0.38286
11
0.2383571653543307
21
0.3940287007874015
0
LINE
8
BLACK
6
CONTINUOUS
10
0.2383571653543307
20
0.3940287007874015
11
0.2126062598425197
21
0.4197796062992126
0
LINE
8
BLACK
6
CONTINUOUS
10
0.2126062598425197
20
0.4197796062992126
11
0.2122390551181102
21
0.4202270472440945
0
LINE
8
BLACK
6
CONTINUOUS
10
0.2122390551181102
20
0.4202270472440945
11
0.2117981496062992
21
0.4212914960629921
0
LINE
8
BLACK
6
CONTINUOUS
10
0.2117981496062992
20
0.4212914960629921
11
0.2117981496062992
21
0.4224435826771654
0
LINE
8
BLACK
6
CONTINUOUS
10
0.2117981496062992
20
0.4224435826771654
11
0.2122390551181102
21
0.4235079921259842
0
LINE
8
BLACK
6
CONTINUOUS
10
0.2122390551181102
20
0.4235079921259842
11
0.2130537007874016
21
0.4243226377952756
0
LINE
8
BLACK
6
CONTINUOUS
10
0.2130537007874016
20
0.4243226377952756
11
0.2141181496062992
21
0.4247635433070866
0
LINE
8
BLACK
6
CONTINUOUS
10
0.2141181496062992
20
0.4247635433070866
11
0.2152702362204724
21
0.4247635433070866
0
LINE
8
BLACK
6
CONTINUOUS
10
0.2152702362204724
20
0.4247635433070866
11
0.2163346456692913
21
0.4243226377952756
0
LINE
8
BLACK
6
CONTINUOUS
10
-0.2147862204724409
20
0.4370315354330709
11
-0.2139715354330708
21
0.4362168503937008
0
LINE
8
BLACK
6
CONTINUOUS
10
-0.2139715354330708
20
0.4362168503937008
11
-0.2135306692913386
21
0.4351524409448819
0
LINE
8
BLACK
6
CONTINUOUS
10
-0.2135306692913386
20
0.4351524409448819
11
-0.2135306692913386
21
0.4340003543307087
0
LINE
8
BLACK
6
CONTINUOUS
10
-0.2135306692913386
20
0.4340003543307087
11
-0.2139715354330708
21
0.4329359448818897
0
LINE
8
BLACK
6
CONTINUOUS
10
-0.2139715354330708
20
0.4329359448818897
11
-0.2143387795275591
21
0.4324884645669291
0
LINE
8
BLACK
6
CONTINUOUS
10
-0.2143387795275591
20
0.4324884645669291
11
-0.2421776377952756
21
0.4046496456692913
0
LINE
8
BLACK
6
CONTINUOUS
10
-0.2421776377952756
20
0.4046496456692913
11
-0.2426248818897638
21
0.4042826377952756
0
LINE
8
BLACK
6
CONTINUOUS
10
-0.2426248818897638
20
0.4042826377952756
11
-0.2426250787401575
21
0.4042824015748032
0
LINE
8
BLACK
6
CONTINUOUS
10
-0.2426250787401575
20
0.4042824015748032
11
-0.2436894881889764
21
0.4038415354330708
0
LINE
8
BLACK
6
CONTINUOUS
10
-0.2436894881889764
20
0.4038415354330708
11
-0.2448415748031496
21
0.4038415354330708
0
LINE
8
BLACK
6
CONTINUOUS
10
-0.2448415748031496
20
0.4038415354330708
11
-0.2448416141732283
21
0.4038415354330708
0
LINE
8
BLACK
6
CONTINUOUS
10
-0.2448416141732283
20
0.4038415354330708
11
-0.2451533858267717
21
0.4039706692913386
0
LINE
8
BLACK
6
CONTINUOUS
10
-0.2451533858267717
20
0.4039706692913386
11
-0.2459060236220472
21
0.4042824015748032
0
LINE
8
BLACK
6
CONTINUOUS
10
-0.2459060236220472
20
0.4042824015748032
11
-0.2463534645669291
21
0.4046496456692913
0
LINE
8
BLACK
6
CONTINUOUS
10
-0.2463534645669291
20
0.4046496456692913
11
-0.2596100393700788
21
0.4179062204724409
0
LINE
8
BLACK
6
CONTINUOUS
10
-0.2596100393700788
20
0.4179062204724409
11
-0.2599772440944882
21
0.4183536614173228
0
LINE
8
BLACK
6
CONTINUOUS
10
-0.2599772440944882
20
0.4183536614173228
11
-0.2604181496062992
21
0.4194181102362204
0
LINE
8
BLACK
6
CONTINUOUS
10
-0.2604181496062992
20
0.4194181102362204
11
-0.2604181496062992
21
0.420570157480315
0
LINE
8
BLACK
6
CONTINUOUS
10
-0.2604181496062992
20
0.420570157480315
11
-0.2599772440944882
21
0.4216346062992126
0
LINE
8
BLACK
6
CONTINUOUS
10
-0.2599772440944882
20
0.4216346062992126
11
-0.2591625984251968
21
0.4224492519685039
0
LINE
8
BLACK
6
CONTINUOUS
10
-0.2591625984251968
20
0.4224492519685039
11
-0.2580981496062992
21
0.4228901574803149
0
LINE
8
BLACK
6
CONTINUOUS
10
-0.2580981496062992
20
0.4228901574803149
11
-0.2569461023622047
21
0.4228901574803149
0
LINE
8
BLACK
6
CONTINUOUS
10
-0.2569461023622047
20
0.4228901574803149
11
-0.2558816535433071
21
0.4224492519685039
0
LINE
8
BLACK
6
CONTINUOUS
10
-0.2558816535433071
20
0.4224492519685039
11
-0.2554342125984252
21
0.4220820472440945
0
LINE
8
BLACK
6
CONTINUOUS
10
-0.2554342125984252
20
0.4220820472440945
11
-0.2442655511811024
21
0.4109133858267717
0
LINE
8
BLACK
6
CONTINUOUS
10
-0.2442655511811024
20
0.4109133858267717
11
-0.2185146062992126
21
0.4366642913385826
0
LINE
8
BLACK
6
CONTINUOUS
10
-0.2185146062992126
20
0.4366642913385826
11
-0.218067125984252
21
0.4370315354330709
0
LINE
8
BLACK
6
CONTINUOUS
10
-0.218067125984252
20
0.4370315354330709
11
-0.2170027165354331
21
0.4374724015748032
0
LINE
8
BLACK
6
CONTINUOUS
10
-0.2170027165354331
20
0.4374724015748032
11
-0.2158506299212598
21
0.4374724015748032
0
LINE
8
BLACK
6
CONTINUOUS
10
-0.2158506299212598
20
0.4374724015748032
11
-0.2147862204724409
21
0.4370315354330709
0
LINE
8
BLACK
6
CONTINUOUS
10
0.2441501968503937
20
0.4486534645669291
11
0.2442279527559055
21
0.4486589763779528
0
LINE
8
BLACK
6
CONTINUOUS
10
0.2442279527559055
20
0.4486589763779528
11
0.2443301968503937
21
0.448635748031496
0
LINE
8
BLACK
6
CONTINUOUS
10
0.2443301968503937
20
0.448635748031496
11
0.2444347244094488
21
0.4486254330708661
0
LINE
8
BLACK
6
CONTINUOUS
10
0.2444347244094488
20
0.4486254330708661
11
0.244506811023622
21
0.4485955905511811
0
LINE
8
BLACK
6
CONTINUOUS
10
0.244506811023622
20
0.4485955905511811
11
0.2447924015748031
21
0.4485306299212598
0
LINE
8
BLACK
6
CONTINUOUS
10
0.2447924015748031
20
0.4485306299212598
11
0.2487693700787401
21
0.4472049606299213
0
LINE
8
BLACK
6
CONTINUOUS
10
0.2487693700787401
20
0.4472049606299213
11
0.2492979133858268
21
0.4469689763779527
0
LINE
8
BLACK
6
CONTINUOUS
10
0.2492979133858268
20
0.4469689763779527
11
0.249378031496063
21
0.4468994881889763
0
LINE
8
BLACK
6
CONTINUOUS
10
0.249378031496063
20
0.4468994881889763
11
0.2494761023622047
21
0.4468588582677165
0
LINE
8
BLACK
6
CONTINUOUS
10
0.2494761023622047
20
0.4468588582677165
11
0.2499235433070866
21
0.4464916535433071
0
LINE
8
BLACK
6
CONTINUOUS
10
0.2499235433070866
20
0.4464916535433071
11
0.2525748818897638
21
0.4438403149606299
0
LINE
8
BLACK
6
CONTINUOUS
10
0.2525748818897638
20
0.4438403149606299
11
0.252942125984252
21
0.443392874015748
0
LINE
8
BLACK
6
CONTINUOUS
10
0.252942125984252
20
0.443392874015748
11
0.2529827165354331
21
0.443294842519685
0
LINE
8
BLACK
6
CONTINUOUS
10
0.2529827165354331
20
0.443294842519685
11
0.2530522047244094
21
0.4432147244094488
0
LINE
8
BLACK
6
CONTINUOUS
10
0.2530522047244094
20
0.4432147244094488
11
0.2532881889763779
21
0.4426861417322834
0
LINE
8
BLACK
6
CONTINUOUS
10
0.2532881889763779
20
0.4426861417322834
11
0.2546138582677165
21
0.4387092125984252
0
LINE
8
BLACK
6
CONTINUOUS
10
0.2546138582677165
20
0.4387092125984252
11
0.2546787795275591
21
0.4384235826771654
0
LINE
8
BLACK
6
CONTINUOUS
10
0.2546787795275591
20
0.4384235826771654
11
0.2547086614173228
21
0.4383514960629921
0
LINE
8
BLACK
6
CONTINUOUS
10
0.2547086614173228
20
0.4383514960629921
11
0.254718937007874
21
0.4382470472440945
0
LINE
8
BLACK
6
CONTINUOUS
10
0.254718937007874
20
0.4382470472440945
11
0.2547422047244094
21
0.4381447637795275
0
LINE
8
BLACK
6
CONTINUOUS
10
0.2547422047244094
20
0.4381447637795275
11
0.2547366535433071
21
0.4380670472440945
0
LINE
8
BLACK
6
CONTINUOUS
10
0.2547366535433071
20
0.4380670472440945
11
0.2547653937007874
21
0.4377754330708661
0
LINE
8
BLACK
6
CONTINUOUS
10
0.2547653937007874
20
0.4377754330708661
11
0.2547653937007874
21
0.4351241338582677
0
LINE
8
BLACK
6
CONTINUOUS
10
0.2547653937007874
20
0.4351241338582677
11
0.2547366535433071
21
0.4348325984251968
0
LINE
8
BLACK
6
CONTINUOUS
10
0.2547366535433071
20
0.4348325984251968
11
0.2547422047244094
21
0.434754842519685
0
LINE
8
BLACK
6
CONTINUOUS
10
0.2547422047244094
20
0.434754842519685
11
0.254718937007874
21
0.4346525984251968
0
LINE
8
BLACK
6
CONTINUOUS
10
0.254718937007874
20
0.4346525984251968
11
0.2547086614173228
21
0.4345480708661417
0
LINE
8
BLACK
6
CONTINUOUS
10
0.2547086614173228
20
0.4345480708661417
11
0.2546787795275591
21
0.4344759842519685
0
LINE
8
BLACK
6
CONTINUOUS
10
0.2546787795275591
20
0.4344759842519685
11
0.2546138582677165
21
0.4341903937007874
0
LINE
8
BLACK
6
CONTINUOUS
10
0.2546138582677165
20
0.4341903937007874
11
0.2532881889763779
21
0.4302133858267717
0
LINE
8
BLACK
6
CONTINUOUS
10
0.2532881889763779
20
0.4302133858267717
11
0.2532697637795275
21
0.4301722047244094
0
LINE
8
BLACK
6
CONTINUOUS
10
0.2532697637795275
20
0.4301722047244094
11
0.2532666535433071
21
0.4301511023622047
0
LINE
8
BLACK
6
CONTINUOUS
10
0.2532666535433071
20
0.4301511023622047
11
0.2531569291338583
21
0.4299194094488189
0
LINE
8
BLACK
6
CONTINUOUS
10
0.2531569291338583
20
0.4299194094488189
11
0.2530522047244094
21
0.4296848031496063
0
LINE
8
BLACK
6
CONTINUOUS
10
0.2530522047244094
20
0.4296848031496063
11
0.2530381889763779
21
0.4296687007874015
0
LINE
8
BLACK
6
CONTINUOUS
10
0.2530381889763779
20
0.4296687007874015
11
0.253018937007874
21
0.4296279527559055
0
LINE
8
BLACK
6
CONTINUOUS
10
0.253018937007874
20
0.4296279527559055
11
0.2492087007874016
21
0.4232775984251969
0
LINE
8
BLACK
6
CONTINUOUS
10
0.2492087007874016
20
0.4232775984251969
11
0.2481370866141732
21
0.420062716535433
0
LINE
8
BLACK
6
CONTINUOUS
10
0.2481370866141732
20
0.420062716535433
11
0.2481370866141732
21
0.4183696850393701
0
LINE
8
BLACK
6
CONTINUOUS
10
0.2481370866141732
20
0.4183696850393701
11
0.2490907874015748
21
0.4155085826771653
0
LINE
8
BLACK
6
CONTINUOUS
10
0.2490907874015748
20
0.4155085826771653
11
0.2507563385826772
21
0.413843031496063
0
LINE
8
BLACK
6
CONTINUOUS
10
0.2507563385826772
20
0.413843031496063
11
0.2536174015748032
21
0.4128893307086614
0
LINE
8
BLACK
6
CONTINUOUS
10
0.2536174015748032
20
0.4128893307086614
11
0.2553104724409449
21
0.4128893307086614
0
LINE
8
BLACK
6
CONTINUOUS
10
0.2553104724409449
20
0.4128893307086614
11
0.2581715354330709
21
0.4138430708661417
0
LINE
8
BLACK
6
CONTINUOUS
10
0.2581715354330709
20
0.4138430708661417
11
0.2639681496062992
21
0.41963968503937
0
LINE
8
BLACK
6
CONTINUOUS
10
0.2639681496062992
20
0.41963968503937
11
0.2664051968503937
21
0.4245137007874016
0
LINE
8
BLACK
6
CONTINUOUS
10
0.2664051968503937
20
0.4245137007874016
11
0.2667135826771653
21
0.4250035826771654
0
LINE
8
BLACK
6
CONTINUOUS
10
0.2667135826771653
20
0.4250035826771654
11
0.267583937007874
21
0.4257584251968504
0
LINE
8
BLACK
6
CONTINUOUS
10
0.267583937007874
20
0.4257584251968504
11
0.2686769291338583
21
0.4261227559055118
0
LINE
8
BLACK
6
CONTINUOUS
10
0.2686769291338583
20
0.4261227559055118
11
0.2698261417322835
21
0.4260411023622047
0
LINE
8
BLACK
6
CONTINUOUS
10
0.2698261417322835
20
0.4260411023622047
11
0.2708566141732283
21
0.4255258661417323
0
LINE
8
BLACK
6
CONTINUOUS
10
0.2708566141732283
20
0.4255258661417323
11
0.2716114566929134
21
0.4246554724409449
0
LINE
8
BLACK
6
CONTINUOUS
10
0.2716114566929134
20
0.4246554724409449
11
0.2719757874015748
21
0.4235625196850394
0
LINE
8
BLACK
6
CONTINUOUS
10
0.2719757874015748
20
0.4235625196850394
11
0.2718941338582677
21
0.4224133070866142
0
LINE
8
BLACK
6
CONTINUOUS
10
0.2718941338582677
20
0.4224133070866142
11
0.2716872440944882
21
0.4218726771653543
0
LINE
8
BLACK
6
CONTINUOUS
10
0.2716872440944882
20
0.4218726771653543
11
0.269035905511811
21
0.4165700393700787
0
LINE
8
BLACK
6
CONTINUOUS
10
0.269035905511811
20
0.4165700393700787
11
0.2688798818897637
21
0.4163222440944882
0
LINE
8
BLACK
6
CONTINUOUS
10
0.2688798818897637
20
0.4163222440944882
11
0.2688500393700787
21
0.4162501181102362
0
LINE
8
BLACK
6
CONTINUOUS
10
0.2688500393700787
20
0.4162501181102362
11
0.2687833464566929
21
0.416168937007874
0
LINE
8
BLACK
6
CONTINUOUS
10
0.2687833464566929
20
0.416168937007874
11
0.2687275196850394
21
0.416080157480315
0
LINE
8
BLACK
6
CONTINUOUS
10
0.2687275196850394
20
0.416080157480315
11
0.2686686220472441
21
0.4160291338582677
0
LINE
8
BLACK
6
CONTINUOUS
10
0.2686686220472441
20
0.4160291338582677
11
0.2684827952755905
21
0.4158026377952756
0
LINE
8
BLACK
6
CONTINUOUS
10
0.2684827952755905
20
0.4158026377952756
11
0.2618544881889764
21
0.4091743307086614
0
LINE
8
BLACK
6
CONTINUOUS
10
0.2618544881889764
20
0.4091743307086614
11
0.2614070472440945
21
0.408807125984252
0
LINE
8
BLACK
6
CONTINUOUS
10
0.2614070472440945
20
0.408807125984252
11
0.2613089763779528
21
0.4087665354330708
0
LINE
8
BLACK
6
CONTINUOUS
10
0.2613089763779528
20
0.4087665354330708
11
0.2612288582677165
21
0.4086970078740157
0
LINE
8
BLACK
6
CONTINUOUS
10
0.2612288582677165
20
0.4086970078740157
11
0.2607003149606299
21
0.4084610236220472
0
LINE
8
BLACK
6
CONTINUOUS
10
0.2607003149606299
20
0.4084610236220472
11
0.2567233464566929
21
0.4071353543307086
0
LINE
8
BLACK
6
CONTINUOUS
10
0.2567233464566929
20
0.4071353543307086
11
0.2564377559055118
21
0.4070704330708662
0
LINE
8
BLACK
6
CONTINUOUS
10
0.2564377559055118
20
0.4070704330708662
11
0.2563656692913386
21
0.4070405511811023
0
LINE
8
BLACK
6
CONTINUOUS
10
0.2563656692913386
20
0.4070405511811023
11
0.2562611417322835
21
0.4070302755905512
0
LINE
8
BLACK
6
CONTINUOUS
10
0.2562611417322835
20
0.4070302755905512
11
0.2561588976377953
21
0.4070070078740157
0
LINE
8
BLACK
6
CONTINUOUS
10
0.2561588976377953
20
0.4070070078740157
11
0.2560811417322835
21
0.4070125590551181
0
LINE
8
BLACK
6
CONTINUOUS
10
0.2560811417322835
20
0.4070125590551181
11
0.2557896062992126
21
0.4069838188976378
0
LINE
8
BLACK
6
CONTINUOUS
10
0.2557896062992126
20
0.4069838188976378
11
0.2531382677165354
21
0.4069838188976378
0
LINE
8
BLACK
6
CONTINUOUS
10
0.2531382677165354
20
0.4069838188976378
11
0.2528466535433071
21
0.4070125590551181
0
LINE
8
BLACK
6
CONTINUOUS
10
0.2528466535433071
20
0.4070125590551181
11
0.252768937007874
21
0.4070070078740157
0
LINE
8
BLACK
6
CONTINUOUS
10
0.252768937007874
20
0.4070070078740157
11
0.2526666535433071
21
0.4070302755905512
0
LINE
8
BLACK
6
CONTINUOUS
10
0.2526666535433071
20
0.4070302755905512
11
0.2525622047244094
21
0.4070405511811023
0
LINE
8
BLACK
6
CONTINUOUS
10
0.2525622047244094
20
0.4070405511811023
11
0.2524901181102362
21
0.4070704330708662
0
LINE
8
BLACK
6
CONTINUOUS
10
0.2524901181102362
20
0.4070704330708662
11
0.2522044881889764
21
0.4071353543307086
0
LINE
8
BLACK
6
CONTINUOUS
10
0.2522044881889764
20
0.4071353543307086
11
0.2482275590551181
21
0.4084610236220472
0
LINE
8
BLACK
6
CONTINUOUS
10
0.2482275590551181
20
0.4084610236220472
11
0.2476989763779527
21
0.4086970078740157
0
LINE
8
BLACK
6
CONTINUOUS
10
0.2476989763779527
20
0.4086970078740157
11
0.2476187795275591
21
0.4087665748031496
0
LINE
8
BLACK
6
CONTINUOUS
10
0.2476187795275591
20
0.4087665748031496
11
0.2475208267716535
21
0.408807125984252
0
LINE
8
BLACK
6
CONTINUOUS
10
0.2475208267716535
20
0.408807125984252
11
0.2470733858267717
21
0.4091743307086614
0
LINE
8
BLACK
6
CONTINUOUS
10
0.2470733858267717
20
0.4091743307086614
11
0.2444220866141732
21
0.4118256299212598
0
LINE
8
BLACK
6
CONTINUOUS
10
0.2444220866141732
20
0.4118256299212598
11
0.2440548818897638
21
0.4122730708661417
0
LINE
8
BLACK
6
CONTINUOUS
10
0.2440548818897638
20
0.4122730708661417
11
0.2440142519685039
21
0.4123711417322835
0
LINE
8
BLACK
6
CONTINUOUS
10
0.2440142519685039
20
0.4123711417322835
11
0.2439447637795276
21
0.4124512598425197
0
LINE
8
BLACK
6
CONTINUOUS
10
0.2439447637795276
20
0.4124512598425197
11
0.243708779527559
21
0.4129798031496063
0
LINE
8
BLACK
6
CONTINUOUS
10
0.243708779527559
20
0.4129798031496063
11
0.2423831102362205
21
0.416956811023622
0
LINE
8
BLACK
6
CONTINUOUS
10
0.2423831102362205
20
0.416956811023622
11
0.2423181496062992
21
0.4172424015748031
0
LINE
8
BLACK
6
CONTINUOUS
10
0.2423181496062992
20
0.4172424015748031
11
0.2422883070866142
21
0.4173144881889764
0
LINE
8
BLACK
6
CONTINUOUS
10
0.2422883070866142
20
0.4173144881889764
11
0.2422779921259842
21
0.4174190157480315
0
LINE
8
BLACK
6
CONTINUOUS
10
0.2422779921259842
20
0.4174190157480315
11
0.2422547637795276
21
0.4175212598425197
0
LINE
8
BLACK
6
CONTINUOUS
10
0.2422547637795276
20
0.4175212598425197
11
0.2422602755905512
21
0.4175990157480315
0
LINE
8
BLACK
6
CONTINUOUS
10
0.2422602755905512
20
0.4175990157480315
11
0.2422315748031496
21
0.4178905511811024
0
LINE
8
BLACK
6
CONTINUOUS
10
0.2422315748031496
20
0.4178905511811024
11
0.2422315748031496
21
0.4205418503937008
0
LINE
8
BLACK
6
CONTINUOUS
10
0.2422315748031496
20
0.4205418503937008
11
0.2422602755905512
21
0.4208334251968504
0
LINE
8
BLACK
6
CONTINUOUS
10
0.2422602755905512
20
0.4208334251968504
11
0.2422547637795276
21
0.4209111417322834
0
LINE
8
BLACK
6
CONTINUOUS
10
0.2422547637795276
20
0.4209111417322834
11
0.2422779921259842
21
0.4210134251968504
0
LINE
8
BLACK
6
CONTINUOUS
10
0.2422779921259842
20
0.4210134251968504
11
0.2422883070866142
21
0.4211179133858268
0
LINE
8
BLACK
6
CONTINUOUS
10
0.2422883070866142
20
0.4211179133858268
11
0.2423181496062992
21
0.4211900393700787
0
LINE
8
BLACK
6
CONTINUOUS
10
0.2423181496062992
20
0.4211900393700787
11
0.2423831102362205
21
0.4214755905511811
0
LINE
8
BLACK
6
CONTINUOUS
10
0.2423831102362205
20
0.4214755905511811
11
0.243708779527559
21
0.4254525590551181
0
LINE
8
BLACK
6
CONTINUOUS
10
0.243708779527559
20
0.4254525590551181
11
0.2437271653543307
21
0.4254937795275591
0
LINE
8
BLACK
6
CONTINUOUS
10
0.2437271653543307
20
0.4254937795275591
11
0.2437303149606299
21
0.425514842519685
0
LINE
8
BLACK
6
CONTINUOUS
10
0.2437303149606299
20
0.425514842519685
11
0.2438401968503937
21
0.4257469291338583
0
LINE
8
BLACK
6
CONTINUOUS
10
0.2438401968503937
20
0.4257469291338583
11
0.2439447637795276
21
0.4259811023622047
0
LINE
8
BLACK
6
CONTINUOUS
10
0.2439447637795276
20
0.4259811023622047
11
0.2439587007874016
21
0.4259972047244094
0
LINE
8
BLACK
6
CONTINUOUS
10
0.2439587007874016
20
0.4259972047244094
11
0.243978031496063
21
0.4260379921259843
0
LINE
8
BLACK
6
CONTINUOUS
10
0.243978031496063
20
0.4260379921259843
11
0.2477882283464567
21
0.4323884251968504
0
LINE
8
BLACK
6
CONTINUOUS
10
0.2477882283464567
20
0.4323884251968504
11
0.2488598818897638
21
0.4356032677165354
0
LINE
8
BLACK
6
CONTINUOUS
10
0.2488598818897638
20
0.4356032677165354
11
0.2488598818897638
21
0.4372962992125984
0
LINE
8
BLACK
6
CONTINUOUS
10
0.2488598818897638
20
0.4372962992125984
11
0.2479061811023622
21
0.4401573622047244
0
LINE
8
BLACK
6
CONTINUOUS
10
0.2479061811023622
20
0.4401573622047244
11
0.2462405905511811
21
0.4418229527559055
0
LINE
8
BLACK
6
CONTINUOUS
10
0.2462405905511811
20
0.4418229527559055
11
0.2433795275590551
21
0.4427766535433071
0
LINE
8
BLACK
6
CONTINUOUS
10
0.2433795275590551
20
0.4427766535433071
11
0.2416864960629921
21
0.4427766535433071
0
LINE
8
BLACK
6
CONTINUOUS
10
0.2416864960629921
20
0.4427766535433071
11
0.2388253937007874
21
0.4418229921259842
0
LINE
8
BLACK
6
CONTINUOUS
10
0.2388253937007874
20
0.4418229921259842
11
0.233028779527559
21
0.4360263779527559
0
LINE
8
BLACK
6
CONTINUOUS
10
0.233028779527559
20
0.4360263779527559
11
0.2305917716535433
21
0.4311522834645669
0
LINE
8
BLACK
6
CONTINUOUS
10
0.2305917716535433
20
0.4311522834645669
11
0.2302833858267717
21
0.4306624015748031
0
LINE
8
BLACK
6
CONTINUOUS
10
0.2302833858267717
20
0.4306624015748031
11
0.229413031496063
21
0.4299075590551181
0
LINE
8
BLACK
6
CONTINUOUS
10
0.229413031496063
20
0.4299075590551181
11
0.2283200787401575
21
0.4295432283464567
0
LINE
8
BLACK
6
CONTINUOUS
10
0.2283200787401575
20
0.4295432283464567
11
0.2271708267716535
21
0.4296248818897638
0
LINE
8
BLACK
6
CONTINUOUS
10
0.2271708267716535
20
0.4296248818897638
11
0.2261403543307086
21
0.430140157480315
0
LINE
8
BLACK
6
CONTINUOUS
10
0.2261403543307086
20
0.430140157480315
11
0.2253855118110236
21
0.4310105118110236
0
LINE
8
BLACK
6
CONTINUOUS
10
0.2253855118110236
20
0.4310105118110236
11
0.2250211811023622
21
0.4321034645669291
0
LINE
8
BLACK
6
CONTINUOUS
10
0.2250211811023622
20
0.4321034645669291
11
0.2251028346456693
21
0.4332527165354331
0
LINE
8
BLACK
6
CONTINUOUS
10
0.2251028346456693
20
0.4332527165354331
11
0.2253097244094488
21
0.4337933070866142
0
LINE
8
BLACK
6
CONTINUOUS
10
0.2253097244094488
20
0.4337933070866142
11
0.227961062992126
21
0.4390959448818897
0
LINE
8
BLACK
6
CONTINUOUS
10
0.227961062992126
20
0.4390959448818897
11
0.2281170472440945
21
0.439343779527559
0
LINE
8
BLACK
6
CONTINUOUS
10
0.2281170472440945
20
0.439343779527559
11
0.2281469291338583
21
0.4394158661417323
0
LINE
8
BLACK
6
CONTINUOUS
10
0.2281469291338583
20
0.4394158661417323
11
0.2282135826771653
21
0.4394970866141732
0
LINE
8
BLACK
6
CONTINUOUS
10
0.2282135826771653
20
0.4394970866141732
11
0.2282694488188976
21
0.4395858267716535
0
LINE
8
BLACK
6
CONTINUOUS
10
0.2282694488188976
20
0.4395858267716535
11
0.2283283070866142
21
0.4396368897637795
0
LINE
8
BLACK
6
CONTINUOUS
10
0.2283283070866142
20
0.4396368897637795
11
0.2285141732283464
21
0.4398633464566929
0
LINE
8
BLACK
6
CONTINUOUS
10
0.2285141732283464
20
0.4398633464566929
11
0.2351424409448819
21
0.4464916535433071
0
LINE
8
BLACK
6
CONTINUOUS
10
0.2351424409448819
20
0.4464916535433071
11
0.2355898818897638
21
0.4468588582677165
0
LINE
8
BLACK
6
CONTINUOUS
10
0.2355898818897638
20
0.4468588582677165
11
0.2356878346456693
21
0.4468994488188976
0
LINE
8
BLACK
6
CONTINUOUS
10
0.2356878346456693
20
0.4468994488188976
11
0.235768031496063
21
0.4469689763779527
0
LINE
8
BLACK
6
CONTINUOUS
10
0.235768031496063
20
0.4469689763779527
11
0.2362966141732283
21
0.4472049606299213
0
LINE
8
BLACK
6
CONTINUOUS
10
0.2362966141732283
20
0.4472049606299213
11
0.2402736220472441
21
0.4485306299212598
0
LINE
8
BLACK
6
CONTINUOUS
10
0.2402736220472441
20
0.4485306299212598
11
0.2405591732283464
21
0.4485955905511811
0
LINE
8
BLACK
6
CONTINUOUS
10
0.2405591732283464
20
0.4485955905511811
11
0.2406312992125984
21
0.4486254330708661
0
LINE
8
BLACK
6
CONTINUOUS
10
0.2406312992125984
20
0.4486254330708661
11
0.2407357874015748
21
0.448635748031496
0
LINE
8
BLACK
6
CONTINUOUS
10
0.2407357874015748
20
0.448635748031496
11
0.2408380708661417
21
0.4486589763779528
0
LINE
8
BLACK
6
CONTINUOUS
10
0.2408380708661417
20
0.4486589763779528
11
0.2409157874015748
21
0.4486534645669291
0
LINE
8
BLACK
6
CONTINUOUS
10
0.2409157874015748
20
0.4486534645669291
11
0.2412073622047244
21
0.4486821653543307
0
LINE
8
BLACK
6
CONTINUOUS
10
0.2412073622047244
20
0.4486821653543307
11
0.2438586614173228
21
0.4486821653543307
0
LINE
8
BLACK
6
CONTINUOUS
10
0.2438586614173228
20
0.4486821653543307
11
0.2441501968503937
21
0.4486534645669291
0
LINE
8
BLACK
6
CONTINUOUS
10
-0.2373224409448819
20
0.4595677559055118
11
-0.2365077559055118
21
0.4587530708661417
0
LINE
8
BLACK
6
CONTINUOUS
10
-0.2365077559055118
20
0.4587530708661417
11
-0.2360668897637795
21
0.4576886614173228
0
LINE
8
BLACK
6
CONTINUOUS
10
-0.2360668897637795
20
0.4576886614173228
11
-0.2360668897637795
21
0.4565365748031496
0
LINE
8
BLACK
6
CONTINUOUS
10
-0.2360668897637795
20
0.4565365748031496
11
-0.2365077559055118
21
0.4554721653543307
0
LINE
8
BLACK
6
CONTINUOUS
10
-0.2365077559055118
20
0.4554721653543307
11
-0.236875
21
0.45502468503937
0
LINE
8
BLACK
6
CONTINUOUS
10
-0.236875
20
0.45502468503937
11
-0.2647138582677165
21
0.4271858661417323
0
LINE
8
BLACK
6
CONTINUOUS
10
-0.2647138582677165
20
0.4271858661417323
11
-0.2651611023622047
21
0.4268188582677165
0
LINE
8
BLACK
6
CONTINUOUS
10
-0.2651611023622047
20
0.4268188582677165
11
-0.2651612992125984
21
0.4268186220472441
0
LINE
8
BLACK
6
CONTINUOUS
10
-0.2651612992125984
20
0.4268186220472441
11
-0.2662257086614173
21
0.4263777559055118
0
LINE
8
BLACK
6
CONTINUOUS
10
-0.2662257086614173
20
0.4263777559055118
11
-0.2673777952755905
21
0.4263777559055118
0
LINE
8
BLACK
6
CONTINUOUS
10
-0.2673777952755905
20
0.4263777559055118
11
-0.2673778346456693
21
0.4263777559055118
0
LINE
8
BLACK
6
CONTINUOUS
10
-0.2673778346456693
20
0.4263777559055118
11
-0.2676896062992126
21
0.4265068897637795
0
LINE
8
BLACK
6
CONTINUOUS
10
-0.2676896062992126
20
0.4265068897637795
11
-0.2684422440944882
21
0.4268186220472441
0
LINE
8
BLACK
6
CONTINUOUS
10
-0.2684422440944882
20
0.4268186220472441
11
-0.2688896850393701
21
0.4271858661417323
0
LINE
8
BLACK
6
CONTINUOUS
10
-0.2688896850393701
20
0.4271858661417323
11
-0.2821462598425197
21
0.4404424409448819
0
LINE
8
BLACK
6
CONTINUOUS
10
-0.2821462598425197
20
0.4404424409448819
11
-0.2825134645669291
21
0.4408898818897637
0
LINE
8
BLACK
6
CONTINUOUS
10
-0.2825134645669291
20
0.4408898818897637
11
-0.2829543700787401
21
0.4419543307086614
0
LINE
8
BLACK
6
CONTINUOUS
10
-0.2829543700787401
20
0.4419543307086614
11
-0.2829543700787401
21
0.4431063779527559
0
LINE
8
BLACK
6
CONTINUOUS
10
-0.2829543700787401
20
0.4431063779527559
11
-0.2825134645669291
21
0.4441708267716535
0
LINE
8
BLACK
6
CONTINUOUS
10
-0.2825134645669291
20
0.4441708267716535
11
-0.2816988188976378
21
0.4449854724409449
0
LINE
8
BLACK
6
CONTINUOUS
10
-0.2816988188976378
20
0.4449854724409449
11
-0.2806343700787401
21
0.4454263779527559
0
LINE
8
BLACK
6
CONTINUOUS
10
-0.2806343700787401
20
0.4454263779527559
11
-0.2794823228346456
21
0.4454263779527559
0
LINE
8
BLACK
6
CONTINUOUS
10
-0.2794823228346456
20
0.4454263779527559
11
-0.278417874015748
21
0.4449854724409449
0
LINE
8
BLACK
6
CONTINUOUS
10
-0.278417874015748
20
0.4449854724409449
11
-0.2779704330708662
21
0.4446182677165354
0
LINE
8
BLACK
6
CONTINUOUS
10
-0.2779704330708662
20
0.4446182677165354
11
-0.2668017716535433
21
0.4334496062992126
0
LINE
8
BLACK
6
CONTINUOUS
10
-0.2668017716535433
20
0.4334496062992126
11
-0.2410508267716535
21
0.4592005118110236
0
LINE
8
BLACK
6
CONTINUOUS
10
-0.2410508267716535
20
0.4592005118110236
11
-0.2406033464566929
21
0.4595677559055118
0
LINE
8
BLACK
6
CONTINUOUS
10
-0.2406033464566929
20
0.4595677559055118
11
-0.239538937007874
21
0.4600086220472441
0
LINE
8
BLACK
6
CONTINUOUS
10
-0.239538937007874
20
0.4600086220472441
11
-0.2383868503937008
21
0.4600086220472441
0
LINE
8
BLACK
6
CONTINUOUS
10
-0.2383868503937008
20
0.4600086220472441
11
-0.2373224409448819
21
0.4595677559055118
0
CIRCLE
8
BLACK
10
-0.4724409448818898
20
0.
40
0.0068897637795276
0
CIRCLE
8
BLACK
10
0.
20
-0.4724409448818898
40
0.0068897637795276
0
CIRCLE
8
BLACK
10
0.4251968503937008
20
0.0039370078740157
40
0.0068897637795276
0
CIRCLE
8
BLACK
10
0.3251968503937008
20
0.1039370078740157
40
0.0068897637795276
0
CIRCLE
8
BLACK
10
0.3251968503937008
20
-0.0960629921259843
40
0.0068897637795276
0
CIRCLE
8
BLACK
10
0.5251968503937008
20
0.1039370078740157
40
0.0068897637795276
0
CIRCLE
8
BLACK
10
0.5251968503937008
20
-0.0960629921259843
40
0.0068897637795276
0
CIRCLE
8
BLACK
10
-0.1771653543307087
20
0.2204724409448819
40
0.0068897637795276
0
CIRCLE
8
BLACK
10
0.
20
0.4724409448818898
40
0.0068897637795276
0
CIRCLE
8
BLACK
10
0.1771653543307087
20
-0.2125984251968504
40
0.0068897637795276
0
CIRCLE
8
BLACK
10
-0.1771653543307087
20
-0.2125984251968504
40
0.0068897637795276
0
CIRCLE
8
BLACK
10
0.1771653543307087
20
0.2204724409448819
40
0.0068897637795276
  0
ENDSEC
  0
EOF
