  0
SECTION
  2
HEADER
  9
$ANGBASE
  50
0.0
  9
$ANGDIR
  70
1
  9
$MEASUREMENT
  70
0
  0
ENDSEC
  0
SECTION
  2
TABLES
  0
TABLE
  2
LTYPE
  70
4
  0
LTYPE
  5
40F
  2
CONTINUOUS
  70
0
  3
Solid line
  72
65
  73
0
  40
0.0
  0
LTYPE
  5
410
  2
DASHDOT
 70
0
  3
Dash Dot ____ _ ____ _
 72
65
 73
4
 40
2.0
 49
1.25
 49
-0.25
 49
0.25
 49
-0.25
  0
LTYPE
  5
411
  2
DASHED
 70
0
  3
Dashed __ __ __ __ __
 72
65
 73
2
 40
0.75
 49
0.5
 49
-0.25
  0
LTYPE
  5
43B
  2
DOTTED
 70
0
  3
Dotted .  .  .  .
 72
65
 73
2
 40
0.2
 49
0.0
 49
-0.2
  0
ENDTAB
  0
TABLE
  2
STYLE
  70
4
  0
STYLE
  2
KICAD
  70
0
  40
0
  41
1
  42
1
  50
0
  71
0
  3
isocp.shx
  0
STYLE
  2
KICADB
  70
0
  40
0
  41
1
  42
1
  50
0
  71
0
  3
isocp.shx
  0
STYLE
  2
KICADI
  70
0
  40
0
  41
1
  42
1
  50
15
  71
0
  3
isocp.shx
  0
STYLE
  2
KICADBI
  70
0
  40
0
  41
1
  42
1
  50
15
  71
0
  3
isocp.shx
  0
ENDTAB
  0
TABLE
  2
LAYER
  70
1
  0
LAYER
  2
BLACK
  70
0
  62
7
  6
CONTINUOUS
  0
ENDTAB
  0
ENDSEC
  0
SECTION
  2
ENTITIES
0
LINE
8
BLACK
6
CONTINUOUS
10
0.3979341338582677
20
-0.2536888188976378
11
0.3987488188976378
21
-0.2545035039370079
0
LINE
8
BLACK
6
CONTINUOUS
10
0.3987488188976378
20
-0.2545035039370079
11
0.3991896850393701
21
-0.2555679133858267
0
LINE
8
BLACK
6
CONTINUOUS
10
0.3991896850393701
20
-0.2555679133858267
11
0.3991896850393701
21
-0.25672
0
LINE
8
BLACK
6
CONTINUOUS
10
0.3991896850393701
20
-0.25672
11
0.3987488188976378
21
-0.2577844094488189
0
LINE
8
BLACK
6
CONTINUOUS
10
0.3987488188976378
20
-0.2577844094488189
11
0.3983815748031496
21
-0.2582318897637795
0
LINE
8
BLACK
6
CONTINUOUS
10
0.3983815748031496
20
-0.2582318897637795
11
0.3726306299212598
21
-0.2839827952755906
0
LINE
8
BLACK
6
CONTINUOUS
10
0.3726306299212598
20
-0.2839827952755906
11
0.3837993307086614
21
-0.2951514960629921
0
LINE
8
BLACK
6
CONTINUOUS
10
0.3837993307086614
20
-0.2951514960629921
11
0.3841665748031496
21
-0.295598937007874
0
LINE
8
BLACK
6
CONTINUOUS
10
0.3841665748031496
20
-0.295598937007874
11
0.3846074409448819
21
-0.2966633858267717
0
LINE
8
BLACK
6
CONTINUOUS
10
0.3846074409448819
20
-0.2966633858267717
11
0.3846074409448819
21
-0.2978154724409449
0
LINE
8
BLACK
6
CONTINUOUS
10
0.3846074409448819
20
-0.2978154724409449
11
0.3841665748031496
21
-0.2988798818897638
0
LINE
8
BLACK
6
CONTINUOUS
10
0.3841665748031496
20
-0.2988798818897638
11
0.3833518897637795
21
-0.2996945669291339
0
LINE
8
BLACK
6
CONTINUOUS
10
0.3833518897637795
20
-0.2996945669291339
11
0.3822874803149606
21
-0.3001354330708662
0
LINE
8
BLACK
6
CONTINUOUS
10
0.3822874803149606
20
-0.3001354330708662
11
0.3811353937007874
21
-0.3001354330708662
0
LINE
8
BLACK
6
CONTINUOUS
10
0.3811353937007874
20
-0.3001354330708662
11
0.3800709448818897
21
-0.2996945669291339
0
LINE
8
BLACK
6
CONTINUOUS
10
0.3800709448818897
20
-0.2996945669291339
11
0.3796235039370079
21
-0.2993273228346456
0
LINE
8
BLACK
6
CONTINUOUS
10
0.3796235039370079
20
-0.2993273228346456
11
0.3663669291338583
21
-0.2860707480314961
0
LINE
8
BLACK
6
CONTINUOUS
10
0.3663669291338583
20
-0.2860707480314961
11
0.3659997244094488
21
-0.2856233070866142
0
LINE
8
BLACK
6
CONTINUOUS
10
0.3659997244094488
20
-0.2856233070866142
11
0.3655588188976378
21
-0.2845588582677165
0
LINE
8
BLACK
6
CONTINUOUS
10
0.3655588188976378
20
-0.2845588582677165
11
0.3655588188976378
21
-0.283406811023622
0
LINE
8
BLACK
6
CONTINUOUS
10
0.3655588188976378
20
-0.283406811023622
11
0.3659997244094488
21
-0.2823423622047244
0
LINE
8
BLACK
6
CONTINUOUS
10
0.3659997244094488
20
-0.2823423622047244
11
0.3663669291338583
21
-0.2818949212598425
0
LINE
8
BLACK
6
CONTINUOUS
10
0.3663669291338583
20
-0.2818949212598425
11
0.3942057480314961
21
-0.254056062992126
0
LINE
8
BLACK
6
CONTINUOUS
10
0.3942057480314961
20
-0.254056062992126
11
0.3946532283464567
21
-0.2536888188976378
0
LINE
8
BLACK
6
CONTINUOUS
10
0.3946532283464567
20
-0.2536888188976378
11
0.3957176377952756
21
-0.2532479527559055
0
LINE
8
BLACK
6
CONTINUOUS
10
0.3957176377952756
20
-0.2532479527559055
11
0.3968697244094488
21
-0.2532479527559055
0
LINE
8
BLACK
6
CONTINUOUS
10
0.3968697244094488
20
-0.2532479527559055
11
0.3979341338582677
21
-0.2536888188976378
0
LINE
8
BLACK
6
CONTINUOUS
10
-0.3912152362204724
20
-0.2515902362204724
11
-0.390344842519685
21
-0.2523450787401575
0
LINE
8
BLACK
6
CONTINUOUS
10
-0.390344842519685
20
-0.2523450787401575
11
-0.3898296062992126
21
-0.2533755511811023
0
LINE
8
BLACK
6
CONTINUOUS
10
-0.3898296062992126
20
-0.2533755511811023
11
-0.3897479527559055
21
-0.2545247637795275
0
LINE
8
BLACK
6
CONTINUOUS
10
-0.3897479527559055
20
-0.2545247637795275
11
-0.3901122834645669
21
-0.2556177559055118
0
LINE
8
BLACK
6
CONTINUOUS
10
-0.3901122834645669
20
-0.2556177559055118
11
-0.3908671259842519
21
-0.2564881102362205
0
LINE
8
BLACK
6
CONTINUOUS
10
-0.3908671259842519
20
-0.2564881102362205
11
-0.3913570078740157
21
-0.2567964960629921
0
LINE
8
BLACK
6
CONTINUOUS
10
-0.3913570078740157
20
-0.2567964960629921
11
-0.3962311023622047
21
-0.2592335039370079
0
LINE
8
BLACK
6
CONTINUOUS
10
-0.3962311023622047
20
-0.2592335039370079
11
-0.4020277165354331
21
-0.2650301181102362
0
LINE
8
BLACK
6
CONTINUOUS
10
-0.4020277165354331
20
-0.2650301181102362
11
-0.4029813779527559
21
-0.267891220472441
0
LINE
8
BLACK
6
CONTINUOUS
10
-0.4029813779527559
20
-0.267891220472441
11
-0.4029813779527559
21
-0.2695842125984252
0
LINE
8
BLACK
6
CONTINUOUS
10
-0.4029813779527559
20
-0.2695842125984252
11
-0.4020276771653543
21
-0.2724453149606299
0
LINE
8
BLACK
6
CONTINUOUS
10
-0.4020276771653543
20
-0.2724453149606299
11
-0.4003620866141732
21
-0.274110905511811
0
LINE
8
BLACK
6
CONTINUOUS
10
-0.4003620866141732
20
-0.274110905511811
11
-0.3975010236220473
21
-0.2750646062992126
0
LINE
8
BLACK
6
CONTINUOUS
10
-0.3975010236220473
20
-0.2750646062992126
11
-0.3958079921259842
21
-0.2750646062992126
0
LINE
8
BLACK
6
CONTINUOUS
10
-0.3958079921259842
20
-0.2750646062992126
11
-0.3925931496062992
21
-0.2739929527559055
0
LINE
8
BLACK
6
CONTINUOUS
10
-0.3925931496062992
20
-0.2739929527559055
11
-0.3862427165354331
21
-0.2701827559055118
0
LINE
8
BLACK
6
CONTINUOUS
10
-0.3862427165354331
20
-0.2701827559055118
11
-0.3862020078740158
21
-0.2701634645669291
0
LINE
8
BLACK
6
CONTINUOUS
10
-0.3862020078740158
20
-0.2701634645669291
11
-0.3861858661417323
21
-0.2701494881889764
0
LINE
8
BLACK
6
CONTINUOUS
10
-0.3861858661417323
20
-0.2701494881889764
11
-0.3859512992125984
21
-0.2700447244094488
0
LINE
8
BLACK
6
CONTINUOUS
10
-0.3859512992125984
20
-0.2700447244094488
11
-0.3857195669291338
21
-0.2699350393700787
0
LINE
8
BLACK
6
CONTINUOUS
10
-0.3857195669291338
20
-0.2699350393700787
11
-0.3856985039370079
21
-0.2699318897637795
0
LINE
8
BLACK
6
CONTINUOUS
10
-0.3856985039370079
20
-0.2699318897637795
11
-0.3856572834645669
21
-0.2699135039370079
0
LINE
8
BLACK
6
CONTINUOUS
10
-0.3856572834645669
20
-0.2699135039370079
11
-0.3816803543307086
21
-0.2685878346456693
0
LINE
8
BLACK
6
CONTINUOUS
10
-0.3816803543307086
20
-0.2685878346456693
11
-0.3813947244094488
21
-0.268522874015748
0
LINE
8
BLACK
6
CONTINUOUS
10
-0.3813947244094488
20
-0.268522874015748
11
-0.3813226377952756
21
-0.268493031496063
0
LINE
8
BLACK
6
CONTINUOUS
10
-0.3813226377952756
20
-0.268493031496063
11
-0.3812181889763779
21
-0.268482716535433
0
LINE
8
BLACK
6
CONTINUOUS
10
-0.3812181889763779
20
-0.268482716535433
11
-0.381115905511811
21
-0.2684594881889764
0
LINE
8
BLACK
6
CONTINUOUS
10
-0.381115905511811
20
-0.2684594881889764
11
-0.3810381889763779
21
-0.268465
0
LINE
8
BLACK
6
CONTINUOUS
10
-0.3810381889763779
20
-0.268465
11
-0.3807465748031496
21
-0.2684362992125984
0
LINE
8
BLACK
6
CONTINUOUS
10
-0.3807465748031496
20
-0.2684362992125984
11
-0.3780952755905512
21
-0.2684362992125984
0
LINE
8
BLACK
6
CONTINUOUS
10
-0.3780952755905512
20
-0.2684362992125984
11
-0.3778037401574803
21
-0.268465
0
LINE
8
BLACK
6
CONTINUOUS
10
-0.3778037401574803
20
-0.268465
11
-0.3777259842519685
21
-0.2684594881889764
0
LINE
8
BLACK
6
CONTINUOUS
10
-0.3777259842519685
20
-0.2684594881889764
11
-0.3776237401574803
21
-0.268482716535433
0
LINE
8
BLACK
6
CONTINUOUS
10
-0.3776237401574803
20
-0.268482716535433
11
-0.3775192125984252
21
-0.268493031496063
0
LINE
8
BLACK
6
CONTINUOUS
10
-0.3775192125984252
20
-0.268493031496063
11
-0.377447125984252
21
-0.268522874015748
0
LINE
8
BLACK
6
CONTINUOUS
10
-0.377447125984252
20
-0.268522874015748
11
-0.3771615354330708
21
-0.2685878346456693
0
LINE
8
BLACK
6
CONTINUOUS
10
-0.3771615354330708
20
-0.2685878346456693
11
-0.3731845275590551
21
-0.2699135039370079
0
LINE
8
BLACK
6
CONTINUOUS
10
-0.3731845275590551
20
-0.2699135039370079
11
-0.3726559842519685
21
-0.2701494881889764
0
LINE
8
BLACK
6
CONTINUOUS
10
-0.3726559842519685
20
-0.2701494881889764
11
-0.3725758661417323
21
-0.2702189763779527
0
LINE
8
BLACK
6
CONTINUOUS
10
-0.3725758661417323
20
-0.2702189763779527
11
-0.3724777952755906
21
-0.2702596062992126
0
LINE
8
BLACK
6
CONTINUOUS
10
-0.3724777952755906
20
-0.2702596062992126
11
-0.3720303543307086
21
-0.270626811023622
0
LINE
8
BLACK
6
CONTINUOUS
10
-0.3720303543307086
20
-0.270626811023622
11
-0.3693790551181103
21
-0.2732781102362205
0
LINE
8
BLACK
6
CONTINUOUS
10
-0.3693790551181103
20
-0.2732781102362205
11
-0.3690118503937008
21
-0.2737255511811024
0
LINE
8
BLACK
6
CONTINUOUS
10
-0.3690118503937008
20
-0.2737255511811024
11
-0.3689712992125984
21
-0.2738235039370079
0
LINE
8
BLACK
6
CONTINUOUS
10
-0.3689712992125984
20
-0.2738235039370079
11
-0.3689017322834646
21
-0.2739037007874016
0
LINE
8
BLACK
6
CONTINUOUS
10
-0.3689017322834646
20
-0.2739037007874016
11
-0.368665748031496
21
-0.2744322834645669
0
LINE
8
BLACK
6
CONTINUOUS
10
-0.368665748031496
20
-0.2744322834645669
11
-0.3673400787401574
21
-0.2784092125984252
0
LINE
8
BLACK
6
CONTINUOUS
10
-0.3673400787401574
20
-0.2784092125984252
11
-0.367275157480315
21
-0.278694842519685
0
LINE
8
BLACK
6
CONTINUOUS
10
-0.367275157480315
20
-0.278694842519685
11
-0.3672452755905511
21
-0.2787669291338583
0
LINE
8
BLACK
6
CONTINUOUS
10
-0.3672452755905511
20
-0.2787669291338583
11
-0.367235
21
-0.2788713779527559
0
LINE
8
BLACK
6
CONTINUOUS
10
-0.367235
20
-0.2788713779527559
11
-0.3672117322834645
21
-0.2789736614173228
0
LINE
8
BLACK
6
CONTINUOUS
10
-0.3672117322834645
20
-0.2789736614173228
11
-0.3672172834645669
21
-0.2790513779527559
0
LINE
8
BLACK
6
CONTINUOUS
10
-0.3672172834645669
20
-0.2790513779527559
11
-0.3671885433070866
21
-0.2793429921259842
0
LINE
8
BLACK
6
CONTINUOUS
10
-0.3671885433070866
20
-0.2793429921259842
11
-0.3671885433070866
21
-0.2819943307086614
0
LINE
8
BLACK
6
CONTINUOUS
10
-0.3671885433070866
20
-0.2819943307086614
11
-0.3672172834645669
21
-0.282285905511811
0
LINE
8
BLACK
6
CONTINUOUS
10
-0.3672172834645669
20
-0.282285905511811
11
-0.3672117322834645
21
-0.2823636614173228
0
LINE
8
BLACK
6
CONTINUOUS
10
-0.3672117322834645
20
-0.2823636614173228
11
-0.367235
21
-0.282465905511811
0
LINE
8
BLACK
6
CONTINUOUS
10
-0.367235
20
-0.282465905511811
11
-0.3672452755905511
21
-0.2825703937007874
0
LINE
8
BLACK
6
CONTINUOUS
10
-0.3672452755905511
20
-0.2825703937007874
11
-0.367275157480315
21
-0.2826424409448819
0
LINE
8
BLACK
6
CONTINUOUS
10
-0.367275157480315
20
-0.2826424409448819
11
-0.3673400787401574
21
-0.2829281102362204
0
LINE
8
BLACK
6
CONTINUOUS
10
-0.3673400787401574
20
-0.2829281102362204
11
-0.368665748031496
21
-0.2869050393700787
0
LINE
8
BLACK
6
CONTINUOUS
10
-0.368665748031496
20
-0.2869050393700787
11
-0.3689017322834646
21
-0.2874336220472441
0
LINE
8
BLACK
6
CONTINUOUS
10
-0.3689017322834646
20
-0.2874336220472441
11
-0.3689712598425197
21
-0.2875137401574803
0
LINE
8
BLACK
6
CONTINUOUS
10
-0.3689712598425197
20
-0.2875137401574803
11
-0.369011811023622
21
-0.2876117322834645
0
LINE
8
BLACK
6
CONTINUOUS
10
-0.369011811023622
20
-0.2876117322834645
11
-0.3693790551181103
21
-0.2880592125984252
0
LINE
8
BLACK
6
CONTINUOUS
10
-0.3693790551181103
20
-0.2880592125984252
11
-0.3760073622047244
21
-0.2946875196850394
0
LINE
8
BLACK
6
CONTINUOUS
10
-0.3760073622047244
20
-0.2946875196850394
11
-0.3762338582677165
21
-0.2948733464566929
0
LINE
8
BLACK
6
CONTINUOUS
10
-0.3762338582677165
20
-0.2948733464566929
11
-0.3762848818897638
21
-0.2949322440944882
0
LINE
8
BLACK
6
CONTINUOUS
10
-0.3762848818897638
20
-0.2949322440944882
11
-0.3763736614173228
21
-0.2949881102362205
0
LINE
8
BLACK
6
CONTINUOUS
10
-0.3763736614173228
20
-0.2949881102362205
11
-0.3764548031496063
21
-0.2950547244094488
0
LINE
8
BLACK
6
CONTINUOUS
10
-0.3764548031496063
20
-0.2950547244094488
11
-0.3765268897637795
21
-0.2950845669291339
0
LINE
8
BLACK
6
CONTINUOUS
10
-0.3765268897637795
20
-0.2950845669291339
11
-0.3767747637795276
21
-0.2952406299212598
0
LINE
8
BLACK
6
CONTINUOUS
10
-0.3767747637795276
20
-0.2952406299212598
11
-0.3820774015748031
21
-0.297891968503937
0
LINE
8
BLACK
6
CONTINUOUS
10
-0.3820774015748031
20
-0.297891968503937
11
-0.3826179921259842
21
-0.2980988582677165
0
LINE
8
BLACK
6
CONTINUOUS
10
-0.3826179921259842
20
-0.2980988582677165
11
-0.3837672440944882
21
-0.2981805118110236
0
LINE
8
BLACK
6
CONTINUOUS
10
-0.3837672440944882
20
-0.2981805118110236
11
-0.3848601968503937
21
-0.2978161811023622
0
LINE
8
BLACK
6
CONTINUOUS
10
-0.3848601968503937
20
-0.2978161811023622
11
-0.3857305511811023
21
-0.2970613385826771
0
LINE
8
BLACK
6
CONTINUOUS
10
-0.3857305511811023
20
-0.2970613385826771
11
-0.3862458267716535
21
-0.2960308661417323
0
LINE
8
BLACK
6
CONTINUOUS
10
-0.3862458267716535
20
-0.2960308661417323
11
-0.3863274803149606
21
-0.2948816141732283
0
LINE
8
BLACK
6
CONTINUOUS
10
-0.3863274803149606
20
-0.2948816141732283
11
-0.3859631496062992
21
-0.2937886614173228
0
LINE
8
BLACK
6
CONTINUOUS
10
-0.3859631496062992
20
-0.2937886614173228
11
-0.3852083070866142
21
-0.2929183070866141
0
LINE
8
BLACK
6
CONTINUOUS
10
-0.3852083070866142
20
-0.2929183070866141
11
-0.3847184251968504
21
-0.2926099212598425
0
LINE
8
BLACK
6
CONTINUOUS
10
-0.3847184251968504
20
-0.2926099212598425
11
-0.3798444094488189
21
-0.290172874015748
0
LINE
8
BLACK
6
CONTINUOUS
10
-0.3798444094488189
20
-0.290172874015748
11
-0.3740477559055118
21
-0.2843762204724409
0
LINE
8
BLACK
6
CONTINUOUS
10
-0.3740477559055118
20
-0.2843762204724409
11
-0.3730940551181102
21
-0.281515157480315
0
LINE
8
BLACK
6
CONTINUOUS
10
-0.3730940551181102
20
-0.281515157480315
11
-0.3730940551181102
21
-0.2798221259842519
0
LINE
8
BLACK
6
CONTINUOUS
10
-0.3730940551181102
20
-0.2798221259842519
11
-0.3740477559055118
21
-0.276961062992126
0
LINE
8
BLACK
6
CONTINUOUS
10
-0.3740477559055118
20
-0.276961062992126
11
-0.3757133070866142
21
-0.2752955118110236
0
LINE
8
BLACK
6
CONTINUOUS
10
-0.3757133070866142
20
-0.2752955118110236
11
-0.3785744094488189
21
-0.274341811023622
0
LINE
8
BLACK
6
CONTINUOUS
10
-0.3785744094488189
20
-0.274341811023622
11
-0.3802674409448819
21
-0.274341811023622
0
LINE
8
BLACK
6
CONTINUOUS
10
-0.3802674409448819
20
-0.274341811023622
11
-0.3834822834645669
21
-0.2754134251968504
0
LINE
8
BLACK
6
CONTINUOUS
10
-0.3834822834645669
20
-0.2754134251968504
11
-0.3898326771653543
21
-0.2792236614173229
0
LINE
8
BLACK
6
CONTINUOUS
10
-0.3898326771653543
20
-0.2792236614173229
11
-0.3898735039370079
21
-0.2792429527559055
0
LINE
8
BLACK
6
CONTINUOUS
10
-0.3898735039370079
20
-0.2792429527559055
11
-0.3898895669291338
21
-0.2792569291338582
0
LINE
8
BLACK
6
CONTINUOUS
10
-0.3898895669291338
20
-0.2792569291338582
11
-0.3901237795275591
21
-0.2793614566929134
0
LINE
8
BLACK
6
CONTINUOUS
10
-0.3901237795275591
20
-0.2793614566929134
11
-0.3903558267716535
21
-0.2794713779527559
0
LINE
8
BLACK
6
CONTINUOUS
10
-0.3903558267716535
20
-0.2794713779527559
11
-0.3903769291338582
21
-0.2794744881889764
0
LINE
8
BLACK
6
CONTINUOUS
10
-0.3903769291338582
20
-0.2794744881889764
11
-0.3904181102362205
21
-0.2794929133858268
0
LINE
8
BLACK
6
CONTINUOUS
10
-0.3904181102362205
20
-0.2794929133858268
11
-0.3943951181102362
21
-0.2808185826771654
0
LINE
8
BLACK
6
CONTINUOUS
10
-0.3943951181102362
20
-0.2808185826771654
11
-0.3946807086614173
21
-0.2808835039370079
0
LINE
8
BLACK
6
CONTINUOUS
10
-0.3946807086614173
20
-0.2808835039370079
11
-0.3947527952755905
21
-0.2809133858267717
0
LINE
8
BLACK
6
CONTINUOUS
10
-0.3947527952755905
20
-0.2809133858267717
11
-0.3948573228346456
21
-0.2809236614173228
0
LINE
8
BLACK
6
CONTINUOUS
10
-0.3948573228346456
20
-0.2809236614173228
11
-0.3949595669291339
21
-0.2809469291338583
0
LINE
8
BLACK
6
CONTINUOUS
10
-0.3949595669291339
20
-0.2809469291338583
11
-0.3950373228346457
21
-0.2809413779527559
0
LINE
8
BLACK
6
CONTINUOUS
10
-0.3950373228346457
20
-0.2809413779527559
11
-0.3953288582677165
21
-0.2809701181102362
0
LINE
8
BLACK
6
CONTINUOUS
10
-0.3953288582677165
20
-0.2809701181102362
11
-0.397980157480315
21
-0.2809701181102362
0
LINE
8
BLACK
6
CONTINUOUS
10
-0.397980157480315
20
-0.2809701181102362
11
-0.3982717716535433
21
-0.2809413779527559
0
LINE
8
BLACK
6
CONTINUOUS
10
-0.3982717716535433
20
-0.2809413779527559
11
-0.3983494881889764
21
-0.2809469291338583
0
LINE
8
BLACK
6
CONTINUOUS
10
-0.3983494881889764
20
-0.2809469291338583
11
-0.3984517716535433
21
-0.2809236614173228
0
LINE
8
BLACK
6
CONTINUOUS
10
-0.3984517716535433
20
-0.2809236614173228
11
-0.3985562204724409
21
-0.2809133858267717
0
LINE
8
BLACK
6
CONTINUOUS
10
-0.3985562204724409
20
-0.2809133858267717
11
-0.3986283070866142
21
-0.2808835039370079
0
LINE
8
BLACK
6
CONTINUOUS
10
-0.3986283070866142
20
-0.2808835039370079
11
-0.398913937007874
21
-0.2808185826771654
0
LINE
8
BLACK
6
CONTINUOUS
10
-0.398913937007874
20
-0.2808185826771654
11
-0.4028908661417323
21
-0.2794929133858268
0
LINE
8
BLACK
6
CONTINUOUS
10
-0.4028908661417323
20
-0.2794929133858268
11
-0.4034194488188976
21
-0.2792569291338582
0
LINE
8
BLACK
6
CONTINUOUS
10
-0.4034194488188976
20
-0.2792569291338582
11
-0.4034995669291339
21
-0.2791874409448819
0
LINE
8
BLACK
6
CONTINUOUS
10
-0.4034995669291339
20
-0.2791874409448819
11
-0.4035975984251968
21
-0.2791468503937008
0
LINE
8
BLACK
6
CONTINUOUS
10
-0.4035975984251968
20
-0.2791468503937008
11
-0.4040450393700787
21
-0.2787796062992126
0
LINE
8
BLACK
6
CONTINUOUS
10
-0.4040450393700787
20
-0.2787796062992126
11
-0.4066963779527559
21
-0.2761282677165354
0
LINE
8
BLACK
6
CONTINUOUS
10
-0.4066963779527559
20
-0.2761282677165354
11
-0.4070635826771654
21
-0.2756808267716536
0
LINE
8
BLACK
6
CONTINUOUS
10
-0.4070635826771654
20
-0.2756808267716536
11
-0.4071042125984252
21
-0.2755827559055118
0
LINE
8
BLACK
6
CONTINUOUS
10
-0.4071042125984252
20
-0.2755827559055118
11
-0.4071737007874016
21
-0.2755026377952756
0
LINE
8
BLACK
6
CONTINUOUS
10
-0.4071737007874016
20
-0.2755026377952756
11
-0.4074096850393701
21
-0.274974094488189
0
LINE
8
BLACK
6
CONTINUOUS
10
-0.4074096850393701
20
-0.274974094488189
11
-0.4087353543307087
21
-0.270997125984252
0
LINE
8
BLACK
6
CONTINUOUS
10
-0.4087353543307087
20
-0.270997125984252
11
-0.4088003149606299
21
-0.2707115354330709
0
LINE
8
BLACK
6
CONTINUOUS
10
-0.4088003149606299
20
-0.2707115354330709
11
-0.4088301574803149
21
-0.2706394488188976
0
LINE
8
BLACK
6
CONTINUOUS
10
-0.4088301574803149
20
-0.2706394488188976
11
-0.4088404724409448
21
-0.2705349212598425
0
LINE
8
BLACK
6
CONTINUOUS
10
-0.4088404724409448
20
-0.2705349212598425
11
-0.4088637007874016
21
-0.2704326771653544
0
LINE
8
BLACK
6
CONTINUOUS
10
-0.4088637007874016
20
-0.2704326771653544
11
-0.4088581889763779
21
-0.2703549212598425
0
LINE
8
BLACK
6
CONTINUOUS
10
-0.4088581889763779
20
-0.2703549212598425
11
-0.4088868897637795
21
-0.2700633858267716
0
LINE
8
BLACK
6
CONTINUOUS
10
-0.4088868897637795
20
-0.2700633858267716
11
-0.4088868897637795
21
-0.2674120866141732
0
LINE
8
BLACK
6
CONTINUOUS
10
-0.4088868897637795
20
-0.2674120866141732
11
-0.4088581889763779
21
-0.2671205118110236
0
LINE
8
BLACK
6
CONTINUOUS
10
-0.4088581889763779
20
-0.2671205118110236
11
-0.4088637007874016
21
-0.2670427952755905
0
LINE
8
BLACK
6
CONTINUOUS
10
-0.4088637007874016
20
-0.2670427952755905
11
-0.4088404724409448
21
-0.2669405118110236
0
LINE
8
BLACK
6
CONTINUOUS
10
-0.4088404724409448
20
-0.2669405118110236
11
-0.4088301574803149
21
-0.2668360236220472
0
LINE
8
BLACK
6
CONTINUOUS
10
-0.4088301574803149
20
-0.2668360236220472
11
-0.4088003149606299
21
-0.2667638976377953
0
LINE
8
BLACK
6
CONTINUOUS
10
-0.4088003149606299
20
-0.2667638976377953
11
-0.4087353543307087
21
-0.2664783464566929
0
LINE
8
BLACK
6
CONTINUOUS
10
-0.4087353543307087
20
-0.2664783464566929
11
-0.4074096850393701
21
-0.2625013385826772
0
LINE
8
BLACK
6
CONTINUOUS
10
-0.4074096850393701
20
-0.2625013385826772
11
-0.4071737007874016
21
-0.2619727952755905
0
LINE
8
BLACK
6
CONTINUOUS
10
-0.4071737007874016
20
-0.2619727952755905
11
-0.4071042125984252
21
-0.2618926377952756
0
LINE
8
BLACK
6
CONTINUOUS
10
-0.4071042125984252
20
-0.2618926377952756
11
-0.4070635826771654
21
-0.2617946062992126
0
LINE
8
BLACK
6
CONTINUOUS
10
-0.4070635826771654
20
-0.2617946062992126
11
-0.4066963779527559
21
-0.2613471653543307
0
LINE
8
BLACK
6
CONTINUOUS
10
-0.4066963779527559
20
-0.2613471653543307
11
-0.4000680708661417
21
-0.2547188976377953
0
LINE
8
BLACK
6
CONTINUOUS
10
-0.4000680708661417
20
-0.2547188976377953
11
-0.3998416141732283
21
-0.254533031496063
0
LINE
8
BLACK
6
CONTINUOUS
10
-0.3998416141732283
20
-0.254533031496063
11
-0.3997905511811023
21
-0.2544741732283465
0
LINE
8
BLACK
6
CONTINUOUS
10
-0.3997905511811023
20
-0.2544741732283465
11
-0.399701811023622
21
-0.2544183070866142
0
LINE
8
BLACK
6
CONTINUOUS
10
-0.399701811023622
20
-0.2544183070866142
11
-0.3996205905511811
21
-0.2543516535433071
0
LINE
8
BLACK
6
CONTINUOUS
10
-0.3996205905511811
20
-0.2543516535433071
11
-0.3995485039370079
21
-0.2543217716535433
0
LINE
8
BLACK
6
CONTINUOUS
10
-0.3995485039370079
20
-0.2543217716535433
11
-0.3993006692913386
21
-0.2541657874015748
0
LINE
8
BLACK
6
CONTINUOUS
10
-0.3993006692913386
20
-0.2541657874015748
11
-0.393998031496063
21
-0.2515144488188976
0
LINE
8
BLACK
6
CONTINUOUS
10
-0.393998031496063
20
-0.2515144488188976
11
-0.3934574015748031
21
-0.2513075590551181
0
LINE
8
BLACK
6
CONTINUOUS
10
-0.3934574015748031
20
-0.2513075590551181
11
-0.3923081889763779
21
-0.251225905511811
0
LINE
8
BLACK
6
CONTINUOUS
10
-0.3923081889763779
20
-0.251225905511811
11
-0.3912152362204724
21
-0.2515902362204724
0
LINE
8
BLACK
6
CONTINUOUS
10
0.3753979133858268
20
-0.2311525984251968
11
0.3762125984251968
21
-0.2319672834645669
0
LINE
8
BLACK
6
CONTINUOUS
10
0.3762125984251968
20
-0.2319672834645669
11
0.3766534645669291
21
-0.2330316929133858
0
LINE
8
BLACK
6
CONTINUOUS
10
0.3766534645669291
20
-0.2330316929133858
11
0.3766534645669291
21
-0.2341837795275591
0
LINE
8
BLACK
6
CONTINUOUS
10
0.3766534645669291
20
-0.2341837795275591
11
0.3762125984251968
21
-0.2352481889763779
0
LINE
8
BLACK
6
CONTINUOUS
10
0.3762125984251968
20
-0.2352481889763779
11
0.3758453543307086
21
-0.2356956692913386
0
LINE
8
BLACK
6
CONTINUOUS
10
0.3758453543307086
20
-0.2356956692913386
11
0.3500944094488189
21
-0.2614465748031496
0
LINE
8
BLACK
6
CONTINUOUS
10
0.3500944094488189
20
-0.2614465748031496
11
0.3612631102362205
21
-0.2726152755905512
0
LINE
8
BLACK
6
CONTINUOUS
10
0.3612631102362205
20
-0.2726152755905512
11
0.3616303543307087
21
-0.2730627165354331
0
LINE
8
BLACK
6
CONTINUOUS
10
0.3616303543307087
20
-0.2730627165354331
11
0.3620712204724409
21
-0.2741271653543307
0
LINE
8
BLACK
6
CONTINUOUS
10
0.3620712204724409
20
-0.2741271653543307
11
0.3620712204724409
21
-0.2752792519685039
0
LINE
8
BLACK
6
CONTINUOUS
10
0.3620712204724409
20
-0.2752792519685039
11
0.3616303543307087
21
-0.2763436614173228
0
LINE
8
BLACK
6
CONTINUOUS
10
0.3616303543307087
20
-0.2763436614173228
11
0.3608156692913386
21
-0.2771583464566929
0
LINE
8
BLACK
6
CONTINUOUS
10
0.3608156692913386
20
-0.2771583464566929
11
0.3597512598425197
21
-0.2775992125984252
0
LINE
8
BLACK
6
CONTINUOUS
10
0.3597512598425197
20
-0.2775992125984252
11
0.3585991732283464
21
-0.2775992125984252
0
LINE
8
BLACK
6
CONTINUOUS
10
0.3585991732283464
20
-0.2775992125984252
11
0.3575347244094488
21
-0.2771583464566929
0
LINE
8
BLACK
6
CONTINUOUS
10
0.3575347244094488
20
-0.2771583464566929
11
0.3570872834645669
21
-0.2767911023622047
0
LINE
8
BLACK
6
CONTINUOUS
10
0.3570872834645669
20
-0.2767911023622047
11
0.3438307086614173
21
-0.2635345275590551
0
LINE
8
BLACK
6
CONTINUOUS
10
0.3438307086614173
20
-0.2635345275590551
11
0.3434635039370079
21
-0.2630870866141732
0
LINE
8
BLACK
6
CONTINUOUS
10
0.3434635039370079
20
-0.2630870866141732
11
0.3430225984251968
21
-0.2620226377952756
0
LINE
8
BLACK
6
CONTINUOUS
10
0.3430225984251968
20
-0.2620226377952756
11
0.3430225984251968
21
-0.2608705905511811
0
LINE
8
BLACK
6
CONTINUOUS
10
0.3430225984251968
20
-0.2608705905511811
11
0.3434635039370079
21
-0.2598061417322834
0
LINE
8
BLACK
6
CONTINUOUS
10
0.3434635039370079
20
-0.2598061417322834
11
0.3438307086614173
21
-0.2593587007874016
0
LINE
8
BLACK
6
CONTINUOUS
10
0.3438307086614173
20
-0.2593587007874016
11
0.3716695275590551
21
-0.231519842519685
0
LINE
8
BLACK
6
CONTINUOUS
10
0.3716695275590551
20
-0.231519842519685
11
0.3721170078740157
21
-0.2311525984251968
0
LINE
8
BLACK
6
CONTINUOUS
10
0.3721170078740157
20
-0.2311525984251968
11
0.3731814173228347
21
-0.2307117322834646
0
LINE
8
BLACK
6
CONTINUOUS
10
0.3731814173228347
20
-0.2307117322834646
11
0.3743335039370079
21
-0.2307117322834646
0
LINE
8
BLACK
6
CONTINUOUS
10
0.3743335039370079
20
-0.2307117322834646
11
0.3753979133858268
21
-0.2311525984251968
0
LINE
8
BLACK
6
CONTINUOUS
10
-0.3804317716535433
20
-0.238443779527559
11
-0.3799843307086614
21
-0.2388109842519685
0
LINE
8
BLACK
6
CONTINUOUS
10
-0.3799843307086614
20
-0.2388109842519685
11
-0.3542334251968504
21
-0.2645618897637795
0
LINE
8
BLACK
6
CONTINUOUS
10
-0.3542334251968504
20
-0.2645618897637795
11
-0.3430647244094488
21
-0.2533932283464567
0
LINE
8
BLACK
6
CONTINUOUS
10
-0.3430647244094488
20
-0.2533932283464567
11
-0.3426172834645669
21
-0.2530259842519685
0
LINE
8
BLACK
6
CONTINUOUS
10
-0.3426172834645669
20
-0.2530259842519685
11
-0.3415528346456693
21
-0.2525851181102362
0
LINE
8
BLACK
6
CONTINUOUS
10
-0.3415528346456693
20
-0.2525851181102362
11
-0.3404007480314961
21
-0.2525851181102362
0
LINE
8
BLACK
6
CONTINUOUS
10
-0.3404007480314961
20
-0.2525851181102362
11
-0.3393363385826771
21
-0.2530259842519685
0
LINE
8
BLACK
6
CONTINUOUS
10
-0.3393363385826771
20
-0.2530259842519685
11
-0.3385216535433071
21
-0.2538406692913386
0
LINE
8
BLACK
6
CONTINUOUS
10
-0.3385216535433071
20
-0.2538406692913386
11
-0.3380807874015748
21
-0.2549050787401575
0
LINE
8
BLACK
6
CONTINUOUS
10
-0.3380807874015748
20
-0.2549050787401575
11
-0.3380807874015748
21
-0.2560571653543307
0
LINE
8
BLACK
6
CONTINUOUS
10
-0.3380807874015748
20
-0.2560571653543307
11
-0.3385216535433071
21
-0.2571216141732283
0
LINE
8
BLACK
6
CONTINUOUS
10
-0.3385216535433071
20
-0.2571216141732283
11
-0.3388888976377953
21
-0.2575690551181102
0
LINE
8
BLACK
6
CONTINUOUS
10
-0.3388888976377953
20
-0.2575690551181102
11
-0.3521454724409449
21
-0.2708256299212599
0
LINE
8
BLACK
6
CONTINUOUS
10
-0.3521454724409449
20
-0.2708256299212599
11
-0.3525927165354331
21
-0.2711926377952756
0
LINE
8
BLACK
6
CONTINUOUS
10
-0.3525927165354331
20
-0.2711926377952756
11
-0.3525929133858268
21
-0.271192874015748
0
LINE
8
BLACK
6
CONTINUOUS
10
-0.3525929133858268
20
-0.271192874015748
11
-0.3536573228346457
21
-0.2716337401574803
0
LINE
8
BLACK
6
CONTINUOUS
10
-0.3536573228346457
20
-0.2716337401574803
11
-0.3548094094488189
21
-0.2716337401574803
0
LINE
8
BLACK
6
CONTINUOUS
10
-0.3548094094488189
20
-0.2716337401574803
11
-0.3558738188976378
21
-0.271192874015748
0
LINE
8
BLACK
6
CONTINUOUS
10
-0.3558738188976378
20
-0.271192874015748
11
-0.3563212992125984
21
-0.2708256299212599
0
LINE
8
BLACK
6
CONTINUOUS
10
-0.3563212992125984
20
-0.2708256299212599
11
-0.384160157480315
21
-0.242986811023622
0
LINE
8
BLACK
6
CONTINUOUS
10
-0.384160157480315
20
-0.242986811023622
11
-0.3845273622047244
21
-0.2425393700787402
0
LINE
8
BLACK
6
CONTINUOUS
10
-0.3845273622047244
20
-0.2425393700787402
11
-0.3849682677165354
21
-0.2414749606299212
0
LINE
8
BLACK
6
CONTINUOUS
10
-0.3849682677165354
20
-0.2414749606299212
11
-0.3849682677165354
21
-0.240322874015748
0
LINE
8
BLACK
6
CONTINUOUS
10
-0.3849682677165354
20
-0.240322874015748
11
-0.3845273622047244
21
-0.2392584251968504
0
LINE
8
BLACK
6
CONTINUOUS
10
-0.3845273622047244
20
-0.2392584251968504
11
-0.383712716535433
21
-0.238443779527559
0
LINE
8
BLACK
6
CONTINUOUS
10
-0.383712716535433
20
-0.238443779527559
11
-0.3826483070866142
21
-0.238002874015748
0
LINE
8
BLACK
6
CONTINUOUS
10
-0.3826483070866142
20
-0.238002874015748
11
-0.3814962204724409
21
-0.238002874015748
0
LINE
8
BLACK
6
CONTINUOUS
10
-0.3814962204724409
20
-0.238002874015748
11
-0.3804317716535433
21
-0.238443779527559
0
LINE
8
BLACK
6
CONTINUOUS
10
-0.119700157480315
20
0.0667830708661417
11
-0.1128622047244094
21
0.0648207874015748
0
LINE
8
BLACK
6
CONTINUOUS
10
-0.1128622047244094
20
0.0648207874015748
11
-0.106546062992126
21
0.0615475196850394
0
LINE
8
BLACK
6
CONTINUOUS
10
-0.106546062992126
20
0.0615475196850394
11
-0.1010001181102362
21
0.0570920866141732
0
LINE
8
BLACK
6
CONTINUOUS
10
-0.1010001181102362
20
0.0570920866141732
11
-0.0964426377952756
21
0.0516297244094488
0
LINE
8
BLACK
6
CONTINUOUS
10
-0.0964426377952756
20
0.0516297244094488
11
-0.093052874015748
21
0.0453753149606299
0
LINE
8
BLACK
6
CONTINUOUS
10
-0.093052874015748
20
0.0453753149606299
11
-0.0909641338582677
21
0.0385749212598425
0
LINE
8
BLACK
6
CONTINUOUS
10
-0.0909641338582677
20
0.0385749212598425
11
-0.0902586614173228
21
0.031496062992126
0
LINE
8
BLACK
6
CONTINUOUS
10
-0.0902586614173228
20
0.031496062992126
11
-0.0909641338582677
21
0.0244172047244094
0
LINE
8
BLACK
6
CONTINUOUS
10
-0.0909641338582677
20
0.0244172047244094
11
-0.093052874015748
21
0.017616811023622
0
LINE
8
BLACK
6
CONTINUOUS
10
-0.093052874015748
20
0.017616811023622
11
-0.0964426377952756
21
0.0113624015748031
0
LINE
8
BLACK
6
CONTINUOUS
10
-0.0964426377952756
20
0.0113624015748031
11
-0.1010001181102362
21
0.0059000393700787
0
LINE
8
BLACK
6
CONTINUOUS
10
-0.1010001181102362
20
0.0059000393700787
11
-0.106546062992126
21
0.0014446062992126
0
LINE
8
BLACK
6
CONTINUOUS
10
-0.106546062992126
20
0.0014446062992126
11
-0.1128622047244094
21
-0.0018286614173228
0
LINE
8
BLACK
6
CONTINUOUS
10
-0.1128622047244094
20
-0.0018286614173228
11
-0.119700157480315
21
-0.0037909448818898
0
LINE
8
BLACK
6
CONTINUOUS
10
-0.119700157480315
20
-0.0037909448818898
11
-0.1236220472440945
21
-0.0041084645669291
0
LINE
8
BLACK
6
CONTINUOUS
10
-0.1236220472440945
20
-0.0041084645669291
11
-0.1236220472440945
21
-0.0236220472440945
0
LINE
8
BLACK
6
CONTINUOUS
10
-0.1236220472440945
20
-0.0236220472440945
11
-0.1238018503937008
21
-0.0245260236220472
0
LINE
8
BLACK
6
CONTINUOUS
10
-0.1238018503937008
20
-0.0245260236220472
11
-0.1250802755905512
21
-0.0258044488188976
0
LINE
8
BLACK
6
CONTINUOUS
10
-0.1250802755905512
20
-0.0258044488188976
11
-0.1259842519685039
21
-0.0259842519685039
0
LINE
8
BLACK
6
CONTINUOUS
10
-0.1259842519685039
20
-0.0259842519685039
11
-0.2047244094488189
21
-0.0259842519685039
0
LINE
8
BLACK
6
CONTINUOUS
10
-0.2047244094488189
20
-0.0259842519685039
11
-0.2053057480314961
21
-0.0258686220472441
0
LINE
8
BLACK
6
CONTINUOUS
10
-0.2053057480314961
20
-0.0258686220472441
11
-0.2054543700787402
21
-0.0258686220472441
0
LINE
8
BLACK
6
CONTINUOUS
10
-0.2054543700787402
20
-0.0258686220472441
11
-0.2055104330708661
21
-0.0258279133858268
0
LINE
8
BLACK
6
CONTINUOUS
10
-0.2055104330708661
20
-0.0258279133858268
11
-0.2056283858267716
21
-0.0258044488188976
0
LINE
8
BLACK
6
CONTINUOUS
10
-0.2056283858267716
20
-0.0258044488188976
11
-0.205856062992126
21
-0.0255767716535433
0
LINE
8
BLACK
6
CONTINUOUS
10
-0.205856062992126
20
-0.0255767716535433
11
-0.2066354724409449
21
-0.0250105118110236
0
LINE
8
BLACK
6
CONTINUOUS
10
-0.2066354724409449
20
-0.0250105118110236
11
-0.2067380708661417
21
-0.0246947637795276
0
LINE
8
BLACK
6
CONTINUOUS
10
-0.2067380708661417
20
-0.0246947637795276
11
-0.206906811023622
21
-0.0245260236220472
0
LINE
8
BLACK
6
CONTINUOUS
10
-0.206906811023622
20
-0.0245260236220472
11
-0.206906811023622
21
-0.0241753937007874
0
LINE
8
BLACK
6
CONTINUOUS
10
-0.206906811023622
20
-0.0241753937007874
11
-0.2070866141732284
21
-0.0236220472440945
0
LINE
8
BLACK
6
CONTINUOUS
10
-0.2070866141732284
20
-0.0236220472440945
11
-0.2070866141732284
21
-0.0215019291338583
0
LINE
8
BLACK
6
CONTINUOUS
10
-0.2070866141732284
20
-0.0215019291338583
11
-0.2083969291338583
21
-0.0174692519685039
0
LINE
8
BLACK
6
CONTINUOUS
10
-0.2083969291338583
20
-0.0174692519685039
11
-0.2108892519685039
21
-0.0140388582677165
0
LINE
8
BLACK
6
CONTINUOUS
10
-0.2108892519685039
20
-0.0140388582677165
11
-0.2143196456692913
21
-0.0115465354330709
0
LINE
8
BLACK
6
CONTINUOUS
10
-0.2143196456692913
20
-0.0115465354330709
11
-0.2183523228346457
21
-0.0102362204724409
0
LINE
8
BLACK
6
CONTINUOUS
10
-0.2183523228346457
20
-0.0102362204724409
11
-0.2225925590551181
21
-0.0102362204724409
0
LINE
8
BLACK
6
CONTINUOUS
10
-0.2225925590551181
20
-0.0102362204724409
11
-0.2266252362204724
21
-0.0115465354330709
0
LINE
8
BLACK
6
CONTINUOUS
10
-0.2266252362204724
20
-0.0115465354330709
11
-0.2300556299212598
21
-0.0140388582677165
0
LINE
8
BLACK
6
CONTINUOUS
10
-0.2300556299212598
20
-0.0140388582677165
11
-0.2325479527559055
21
-0.0174692519685039
0
LINE
8
BLACK
6
CONTINUOUS
10
-0.2325479527559055
20
-0.0174692519685039
11
-0.2338582677165354
21
-0.0215019291338583
0
LINE
8
BLACK
6
CONTINUOUS
10
-0.2338582677165354
20
-0.0215019291338583
11
-0.2338582677165354
21
-0.0236220472440945
0
LINE
8
BLACK
6
CONTINUOUS
10
-0.2338582677165354
20
-0.0236220472440945
11
-0.2343094094488189
21
-0.0250105118110236
0
LINE
8
BLACK
6
CONTINUOUS
10
-0.2343094094488189
20
-0.0250105118110236
11
-0.2354905118110236
21
-0.0258686220472441
0
LINE
8
BLACK
6
CONTINUOUS
10
-0.2354905118110236
20
-0.0258686220472441
11
-0.2369504330708661
21
-0.0258686220472441
0
LINE
8
BLACK
6
CONTINUOUS
10
-0.2369504330708661
20
-0.0258686220472441
11
-0.2381315354330709
21
-0.0250105118110236
0
LINE
8
BLACK
6
CONTINUOUS
10
-0.2381315354330709
20
-0.0250105118110236
11
-0.2385826771653543
21
-0.0236220472440945
0
LINE
8
BLACK
6
CONTINUOUS
10
-0.2385826771653543
20
-0.0236220472440945
11
-0.2385826771653543
21
-0.0215019291338583
0
LINE
8
BLACK
6
CONTINUOUS
10
-0.2385826771653543
20
-0.0215019291338583
11
-0.2398929921259843
21
-0.0174692519685039
0
LINE
8
BLACK
6
CONTINUOUS
10
-0.2398929921259843
20
-0.0174692519685039
11
-0.2423853149606299
21
-0.0140388582677165
0
LINE
8
BLACK
6
CONTINUOUS
10
-0.2423853149606299
20
-0.0140388582677165
11
-0.2458157086614173
21
-0.0115465354330709
0
LINE
8
BLACK
6
CONTINUOUS
10
-0.2458157086614173
20
-0.0115465354330709
11
-0.2498483858267717
21
-0.0102362204724409
0
LINE
8
BLACK
6
CONTINUOUS
10
-0.2498483858267717
20
-0.0102362204724409
11
-0.2540886220472441
21
-0.0102362204724409
0
LINE
8
BLACK
6
CONTINUOUS
10
-0.2540886220472441
20
-0.0102362204724409
11
-0.2581212992125984
21
-0.0115465354330709
0
LINE
8
BLACK
6
CONTINUOUS
10
-0.2581212992125984
20
-0.0115465354330709
11
-0.2615516929133858
21
-0.0140388582677165
0
LINE
8
BLACK
6
CONTINUOUS
10
-0.2615516929133858
20
-0.0140388582677165
11
-0.2640440157480315
21
-0.0174692519685039
0
LINE
8
BLACK
6
CONTINUOUS
10
-0.2640440157480315
20
-0.0174692519685039
11
-0.2653543307086614
21
-0.0215019291338583
0
LINE
8
BLACK
6
CONTINUOUS
10
-0.2653543307086614
20
-0.0215019291338583
11
-0.2653543307086614
21
-0.0236220472440945
0
LINE
8
BLACK
6
CONTINUOUS
10
-0.2653543307086614
20
-0.0236220472440945
11
-0.2658054724409449
21
-0.0250105118110236
0
LINE
8
BLACK
6
CONTINUOUS
10
-0.2658054724409449
20
-0.0250105118110236
11
-0.2669865748031496
21
-0.0258686220472441
0
LINE
8
BLACK
6
CONTINUOUS
10
-0.2669865748031496
20
-0.0258686220472441
11
-0.2684464960629921
21
-0.0258686220472441
0
LINE
8
BLACK
6
CONTINUOUS
10
-0.2684464960629921
20
-0.0258686220472441
11
-0.2696275984251968
21
-0.0250105118110236
0
LINE
8
BLACK
6
CONTINUOUS
10
-0.2696275984251968
20
-0.0250105118110236
11
-0.2700787401574803
21
-0.0236220472440945
0
LINE
8
BLACK
6
CONTINUOUS
10
-0.2700787401574803
20
-0.0236220472440945
11
-0.2700787401574803
21
-0.0215019291338583
0
LINE
8
BLACK
6
CONTINUOUS
10
-0.2700787401574803
20
-0.0215019291338583
11
-0.2713890551181102
21
-0.0174692519685039
0
LINE
8
BLACK
6
CONTINUOUS
10
-0.2713890551181102
20
-0.0174692519685039
11
-0.2738813779527559
21
-0.0140388582677165
0
LINE
8
BLACK
6
CONTINUOUS
10
-0.2738813779527559
20
-0.0140388582677165
11
-0.2773117716535433
21
-0.0115465354330709
0
LINE
8
BLACK
6
CONTINUOUS
10
-0.2773117716535433
20
-0.0115465354330709
11
-0.2813444488188976
21
-0.0102362204724409
0
LINE
8
BLACK
6
CONTINUOUS
10
-0.2813444488188976
20
-0.0102362204724409
11
-0.2855846850393701
21
-0.0102362204724409
0
LINE
8
BLACK
6
CONTINUOUS
10
-0.2855846850393701
20
-0.0102362204724409
11
-0.2896173622047244
21
-0.0115465354330709
0
LINE
8
BLACK
6
CONTINUOUS
10
-0.2896173622047244
20
-0.0115465354330709
11
-0.2930477559055118
21
-0.0140388582677165
0
LINE
8
BLACK
6
CONTINUOUS
10
-0.2930477559055118
20
-0.0140388582677165
11
-0.2955400787401575
21
-0.0174692519685039
0
LINE
8
BLACK
6
CONTINUOUS
10
-0.2955400787401575
20
-0.0174692519685039
11
-0.2968503937007874
21
-0.0215019291338583
0
LINE
8
BLACK
6
CONTINUOUS
10
-0.2968503937007874
20
-0.0215019291338583
11
-0.2968503937007874
21
-0.0236220472440945
0
LINE
8
BLACK
6
CONTINUOUS
10
-0.2968503937007874
20
-0.0236220472440945
11
-0.2973015354330709
21
-0.0250105118110236
0
LINE
8
BLACK
6
CONTINUOUS
10
-0.2973015354330709
20
-0.0250105118110236
11
-0.2984826377952756
21
-0.0258686220472441
0
LINE
8
BLACK
6
CONTINUOUS
10
-0.2984826377952756
20
-0.0258686220472441
11
-0.2999425590551181
21
-0.0258686220472441
0
LINE
8
BLACK
6
CONTINUOUS
10
-0.2999425590551181
20
-0.0258686220472441
11
-0.3011236614173228
21
-0.0250105118110236
0
LINE
8
BLACK
6
CONTINUOUS
10
-0.3011236614173228
20
-0.0250105118110236
11
-0.3015748031496063
21
-0.0236220472440945
0
LINE
8
BLACK
6
CONTINUOUS
10
-0.3015748031496063
20
-0.0236220472440945
11
-0.3015748031496063
21
-0.0215019291338583
0
LINE
8
BLACK
6
CONTINUOUS
10
-0.3015748031496063
20
-0.0215019291338583
11
-0.3028851181102362
21
-0.0174692519685039
0
LINE
8
BLACK
6
CONTINUOUS
10
-0.3028851181102362
20
-0.0174692519685039
11
-0.3053774409448819
21
-0.0140388582677165
0
LINE
8
BLACK
6
CONTINUOUS
10
-0.3053774409448819
20
-0.0140388582677165
11
-0.3088078346456693
21
-0.0115465354330709
0
LINE
8
BLACK
6
CONTINUOUS
10
-0.3088078346456693
20
-0.0115465354330709
11
-0.3128405118110236
21
-0.0102362204724409
0
LINE
8
BLACK
6
CONTINUOUS
10
-0.3128405118110236
20
-0.0102362204724409
11
-0.3170807480314961
21
-0.0102362204724409
0
LINE
8
BLACK
6
CONTINUOUS
10
-0.3170807480314961
20
-0.0102362204724409
11
-0.3211134251968504
21
-0.0115465354330709
0
LINE
8
BLACK
6
CONTINUOUS
10
-0.3211134251968504
20
-0.0115465354330709
11
-0.3245438188976378
21
-0.0140388582677165
0
LINE
8
BLACK
6
CONTINUOUS
10
-0.3245438188976378
20
-0.0140388582677165
11
-0.3270361417322835
21
-0.0174692519685039
0
LINE
8
BLACK
6
CONTINUOUS
10
-0.3270361417322835
20
-0.0174692519685039
11
-0.3283464566929134
21
-0.0215019291338583
0
LINE
8
BLACK
6
CONTINUOUS
10
-0.3283464566929134
20
-0.0215019291338583
11
-0.3283464566929134
21
-0.0236220472440945
0
LINE
8
BLACK
6
CONTINUOUS
10
-0.3283464566929134
20
-0.0236220472440945
11
-0.3283464566929134
21
-0.0620136614173228
0
LINE
8
BLACK
6
CONTINUOUS
10
-0.3283464566929134
20
-0.0620136614173228
11
-0.2463611811023622
21
-0.143998937007874
0
LINE
8
BLACK
6
CONTINUOUS
10
-0.2463611811023622
20
-0.143998937007874
11
-0.245849094488189
21
-0.1447652755905512
0
LINE
8
BLACK
6
CONTINUOUS
10
-0.245849094488189
20
-0.1447652755905512
11
-0.245849094488189
21
-0.1465732677165354
0
LINE
8
BLACK
6
CONTINUOUS
10
-0.245849094488189
20
-0.1465732677165354
11
-0.2471275196850394
21
-0.1478516929133858
0
LINE
8
BLACK
6
CONTINUOUS
10
-0.2471275196850394
20
-0.1478516929133858
11
-0.2489355118110236
21
-0.1478516929133858
0
LINE
8
BLACK
6
CONTINUOUS
10
-0.2489355118110236
20
-0.1478516929133858
11
-0.2497018503937008
21
-0.1473396062992126
0
LINE
8
BLACK
6
CONTINUOUS
10
-0.2497018503937008
20
-0.1473396062992126
11
-0.3307086614173228
21
-0.0663327559055118
0
LINE
8
BLACK
6
CONTINUOUS
10
-0.3307086614173228
20
-0.0663327559055118
11
-0.4117155118110236
21
-0.1473396062992126
0
LINE
8
BLACK
6
CONTINUOUS
10
-0.4117155118110236
20
-0.1473396062992126
11
-0.4124818503937008
21
-0.1478516929133858
0
LINE
8
BLACK
6
CONTINUOUS
10
-0.4124818503937008
20
-0.1478516929133858
11
-0.4142898031496063
21
-0.1478516929133858
0
LINE
8
BLACK
6
CONTINUOUS
10
-0.4142898031496063
20
-0.1478516929133858
11
-0.4155682283464567
21
-0.1465732677165354
0
LINE
8
BLACK
6
CONTINUOUS
10
-0.4155682283464567
20
-0.1465732677165354
11
-0.4155682283464567
21
-0.1447653149606299
0
LINE
8
BLACK
6
CONTINUOUS
10
-0.4155682283464567
20
-0.1447653149606299
11
-0.4150561417322834
21
-0.1439989763779528
0
LINE
8
BLACK
6
CONTINUOUS
10
-0.4150561417322834
20
-0.1439989763779528
11
-0.3330708661417323
21
-0.0620136614173228
0
LINE
8
BLACK
6
CONTINUOUS
10
-0.3330708661417323
20
-0.0620136614173228
11
-0.3330708661417323
21
-0.0236220472440945
0
LINE
8
BLACK
6
CONTINUOUS
10
-0.3330708661417323
20
-0.0236220472440945
11
-0.3324537795275591
21
-0.0189347637795276
0
LINE
8
BLACK
6
CONTINUOUS
10
-0.3324537795275591
20
-0.0189347637795276
11
-0.3306445669291339
21
-0.0145669291338583
0
LINE
8
BLACK
6
CONTINUOUS
10
-0.3306445669291339
20
-0.0145669291338583
11
-0.3277664960629921
21
-0.0108161811023622
0
LINE
8
BLACK
6
CONTINUOUS
10
-0.3277664960629921
20
-0.0108161811023622
11
-0.3240157480314961
21
-0.0079381102362205
0
LINE
8
BLACK
6
CONTINUOUS
10
-0.3240157480314961
20
-0.0079381102362205
11
-0.3196479133858268
21
-0.0061288976377953
0
LINE
8
BLACK
6
CONTINUOUS
10
-0.3196479133858268
20
-0.0061288976377953
11
-0.3149606299212598
21
-0.005511811023622
0
LINE
8
BLACK
6
CONTINUOUS
10
-0.3149606299212598
20
-0.005511811023622
11
-0.3102733464566929
21
-0.0061288976377953
0
LINE
8
BLACK
6
CONTINUOUS
10
-0.3102733464566929
20
-0.0061288976377953
11
-0.3059055118110236
21
-0.0079381102362205
0
LINE
8
BLACK
6
CONTINUOUS
10
-0.3059055118110236
20
-0.0079381102362205
11
-0.3021547637795275
21
-0.0108161811023622
0
LINE
8
BLACK
6
CONTINUOUS
10
-0.3021547637795275
20
-0.0108161811023622
11
-0.2992766929133858
21
-0.0145669291338583
0
LINE
8
BLACK
6
CONTINUOUS
10
-0.2992766929133858
20
-0.0145669291338583
11
-0.2992125984251968
21
-0.0147216535433071
0
LINE
8
BLACK
6
CONTINUOUS
10
-0.2992125984251968
20
-0.0147216535433071
11
-0.2991485039370079
21
-0.0145669291338583
0
LINE
8
BLACK
6
CONTINUOUS
10
-0.2991485039370079
20
-0.0145669291338583
11
-0.2962704330708661
21
-0.0108161811023622
0
LINE
8
BLACK
6
CONTINUOUS
10
-0.2962704330708661
20
-0.0108161811023622
11
-0.2925196850393701
21
-0.0079381102362205
0
LINE
8
BLACK
6
CONTINUOUS
10
-0.2925196850393701
20
-0.0079381102362205
11
-0.2881518503937008
21
-0.0061288976377953
0
LINE
8
BLACK
6
CONTINUOUS
10
-0.2881518503937008
20
-0.0061288976377953
11
-0.2834645669291339
21
-0.005511811023622
0
LINE
8
BLACK
6
CONTINUOUS
10
-0.2834645669291339
20
-0.005511811023622
11
-0.2787772834645669
21
-0.0061288976377953
0
LINE
8
BLACK
6
CONTINUOUS
10
-0.2787772834645669
20
-0.0061288976377953
11
-0.2744094488188976
21
-0.0079381102362205
0
LINE
8
BLACK
6
CONTINUOUS
10
-0.2744094488188976
20
-0.0079381102362205
11
-0.2706587007874016
21
-0.0108161811023622
0
LINE
8
BLACK
6
CONTINUOUS
10
-0.2706587007874016
20
-0.0108161811023622
11
-0.2677806299212598
21
-0.0145669291338583
0
LINE
8
BLACK
6
CONTINUOUS
10
-0.2677806299212598
20
-0.0145669291338583
11
-0.2677165354330708
21
-0.0147216535433071
0
LINE
8
BLACK
6
CONTINUOUS
10
-0.2677165354330708
20
-0.0147216535433071
11
-0.2676524409448819
21
-0.0145669291338583
0
LINE
8
BLACK
6
CONTINUOUS
10
-0.2676524409448819
20
-0.0145669291338583
11
-0.2647743700787402
21
-0.0108161811023622
0
LINE
8
BLACK
6
CONTINUOUS
10
-0.2647743700787402
20
-0.0108161811023622
11
-0.2610236220472441
21
-0.0079381102362205
0
LINE
8
BLACK
6
CONTINUOUS
10
-0.2610236220472441
20
-0.0079381102362205
11
-0.2566557874015748
21
-0.0061288976377953
0
LINE
8
BLACK
6
CONTINUOUS
10
-0.2566557874015748
20
-0.0061288976377953
11
-0.2519685039370079
21
-0.005511811023622
0
LINE
8
BLACK
6
CONTINUOUS
10
-0.2519685039370079
20
-0.005511811023622
11
-0.2472812204724409
21
-0.0061288976377953
0
LINE
8
BLACK
6
CONTINUOUS
10
-0.2472812204724409
20
-0.0061288976377953
11
-0.2429133858267717
21
-0.0079381102362205
0
LINE
8
BLACK
6
CONTINUOUS
10
-0.2429133858267717
20
-0.0079381102362205
11
-0.2391626377952756
21
-0.0108161811023622
0
LINE
8
BLACK
6
CONTINUOUS
10
-0.2391626377952756
20
-0.0108161811023622
11
-0.2362845669291339
21
-0.0145669291338583
0
LINE
8
BLACK
6
CONTINUOUS
10
-0.2362845669291339
20
-0.0145669291338583
11
-0.2362204724409449
21
-0.0147216535433071
0
LINE
8
BLACK
6
CONTINUOUS
10
-0.2362204724409449
20
-0.0147216535433071
11
-0.2361563779527559
21
-0.0145669291338583
0
LINE
8
BLACK
6
CONTINUOUS
10
-0.2361563779527559
20
-0.0145669291338583
11
-0.2332783070866142
21
-0.0108161811023622
0
LINE
8
BLACK
6
CONTINUOUS
10
-0.2332783070866142
20
-0.0108161811023622
11
-0.2295275590551181
21
-0.0079381102362205
0
LINE
8
BLACK
6
CONTINUOUS
10
-0.2295275590551181
20
-0.0079381102362205
11
-0.2251597244094488
21
-0.0061288976377953
0
LINE
8
BLACK
6
CONTINUOUS
10
-0.2251597244094488
20
-0.0061288976377953
11
-0.2204724409448819
21
-0.005511811023622
0
LINE
8
BLACK
6
CONTINUOUS
10
-0.2204724409448819
20
-0.005511811023622
11
-0.215785157480315
21
-0.0061288976377953
0
LINE
8
BLACK
6
CONTINUOUS
10
-0.215785157480315
20
-0.0061288976377953
11
-0.2114173228346457
21
-0.0079381102362205
0
LINE
8
BLACK
6
CONTINUOUS
10
-0.2114173228346457
20
-0.0079381102362205
11
-0.2076665748031496
21
-0.0108161811023622
0
LINE
8
BLACK
6
CONTINUOUS
10
-0.2076665748031496
20
-0.0108161811023622
11
-0.2047885039370079
21
-0.0145669291338583
0
LINE
8
BLACK
6
CONTINUOUS
10
-0.2047885039370079
20
-0.0145669291338583
11
-0.2029792913385827
21
-0.0189347637795276
0
LINE
8
BLACK
6
CONTINUOUS
10
-0.2029792913385827
20
-0.0189347637795276
11
-0.202673188976378
21
-0.021259842519685
0
LINE
8
BLACK
6
CONTINUOUS
10
-0.202673188976378
20
-0.021259842519685
11
-0.1283464566929134
21
-0.021259842519685
0
LINE
8
BLACK
6
CONTINUOUS
10
-0.1283464566929134
20
-0.021259842519685
11
-0.1283464566929134
21
-0.0041808661417323
0
LINE
8
BLACK
6
CONTINUOUS
10
-0.1283464566929134
20
-0.0041808661417323
11
-0.1338554724409449
21
-0.0035285039370079
0
LINE
8
BLACK
6
CONTINUOUS
10
-0.1338554724409449
20
-0.0035285039370079
11
-0.1406159842519685
21
-0.001314094488189
0
LINE
8
BLACK
6
CONTINUOUS
10
-0.1406159842519685
20
-0.001314094488189
11
-0.1468064566929134
21
0.002191062992126
0
LINE
8
BLACK
6
CONTINUOUS
10
-0.1468064566929134
20
0.002191062992126
11
-0.1521833858267717
21
0.0068490157480315
0
LINE
8
BLACK
6
CONTINUOUS
10
-0.1521833858267717
20
0.0068490157480315
11
-0.1565352755905512
21
0.0124765748031496
0
LINE
8
BLACK
6
CONTINUOUS
10
-0.1565352755905512
20
0.0124765748031496
11
-0.1596908661417323
21
0.0188523228346457
0
LINE
8
BLACK
6
CONTINUOUS
10
-0.1596908661417323
20
0.0188523228346457
11
-0.1597581496062992
21
0.0203107086614173
0
LINE
8
BLACK
6
CONTINUOUS
10
-0.1597581496062992
20
0.0203107086614173
11
-0.1589553543307086
21
0.0215300787401575
0
LINE
8
BLACK
6
CONTINUOUS
10
-0.1589553543307086
20
0.0215300787401575
11
-0.1575891732283465
21
0.0220447244094488
0
LINE
8
BLACK
6
CONTINUOUS
10
-0.1575891732283465
20
0.0220447244094488
11
-0.1561813779527559
21
0.0216580708661417
0
LINE
8
BLACK
6
CONTINUOUS
10
-0.1561813779527559
20
0.0216580708661417
11
-0.1552697637795276
21
0.0205177559055118
0
LINE
8
BLACK
6
CONTINUOUS
10
-0.1552697637795276
20
0.0205177559055118
11
-0.1552697244094488
21
0.0205177559055118
0
LINE
8
BLACK
6
CONTINUOUS
10
-0.1552697244094488
20
0.0205177559055118
11
-0.1540949212598425
21
0.0173861023622047
0
LINE
8
BLACK
6
CONTINUOUS
10
-0.1540949212598425
20
0.0173861023622047
11
-0.1504613779527559
21
0.0117694488188976
0
LINE
8
BLACK
6
CONTINUOUS
10
-0.1504613779527559
20
0.0117694488188976
11
-0.1457181889763779
21
0.0070522834645669
0
LINE
8
BLACK
6
CONTINUOUS
10
-0.1457181889763779
20
0.0070522834645669
11
-0.1400815748031496
21
0.0034498031496063
0
LINE
8
BLACK
6
CONTINUOUS
10
-0.1400815748031496
20
0.0034498031496063
11
-0.1338085826771654
21
0.0011261811023622
0
LINE
8
BLACK
6
CONTINUOUS
10
-0.1338085826771654
20
0.0011261811023622
11
-0.1271852755905512
21
0.0001874409448819
0
LINE
8
BLACK
6
CONTINUOUS
10
-0.1271852755905512
20
0.0001874409448819
11
-0.1205136614173228
21
0.0006763779527559
0
LINE
8
BLACK
6
CONTINUOUS
10
-0.1205136614173228
20
0.0006763779527559
11
-0.1140979527559055
21
0.0025706692913386
0
LINE
8
BLACK
6
CONTINUOUS
10
-0.1140979527559055
20
0.0025706692913386
11
-0.1082307480314961
21
0.005783937007874
0
LINE
8
BLACK
6
CONTINUOUS
10
-0.1082307480314961
20
0.005783937007874
11
-0.1031795669291339
21
0.0101697244094488
0
LINE
8
BLACK
6
CONTINUOUS
10
-0.1031795669291339
20
0.0101697244094488
11
-0.0991747244094488
21
0.0155279527559055
0
LINE
8
BLACK
6
CONTINUOUS
10
-0.0991747244094488
20
0.0155279527559055
11
-0.0963988582677165
21
0.0216143307086614
0
LINE
8
BLACK
6
CONTINUOUS
10
-0.0963988582677165
20
0.0216143307086614
11
-0.0949785039370079
21
0.0281512992125984
0
LINE
8
BLACK
6
CONTINUOUS
10
-0.0949785039370079
20
0.0281512992125984
11
-0.0949785039370079
21
0.0348408267716535
0
LINE
8
BLACK
6
CONTINUOUS
10
-0.0949785039370079
20
0.0348408267716535
11
-0.0963988582677165
21
0.0413777952755906
0
LINE
8
BLACK
6
CONTINUOUS
10
-0.0963988582677165
20
0.0413777952755906
11
-0.0991747244094488
21
0.0474641732283465
0
LINE
8
BLACK
6
CONTINUOUS
10
-0.0991747244094488
20
0.0474641732283465
11
-0.1031795669291339
21
0.0528224015748031
0
LINE
8
BLACK
6
CONTINUOUS
10
-0.1031795669291339
20
0.0528224015748031
11
-0.1082307480314961
21
0.057208188976378
0
LINE
8
BLACK
6
CONTINUOUS
10
-0.1082307480314961
20
0.057208188976378
11
-0.1140979527559055
21
0.0604214566929134
0
LINE
8
BLACK
6
CONTINUOUS
10
-0.1140979527559055
20
0.0604214566929134
11
-0.1205136614173228
21
0.0623157480314961
0
LINE
8
BLACK
6
CONTINUOUS
10
-0.1205136614173228
20
0.0623157480314961
11
-0.1271852755905512
21
0.0628046850393701
0
LINE
8
BLACK
6
CONTINUOUS
10
-0.1271852755905512
20
0.0628046850393701
11
-0.1338085826771654
21
0.0618659448818898
0
LINE
8
BLACK
6
CONTINUOUS
10
-0.1338085826771654
20
0.0618659448818898
11
-0.1400815748031496
21
0.0595423228346457
0
LINE
8
BLACK
6
CONTINUOUS
10
-0.1400815748031496
20
0.0595423228346457
11
-0.1457181889763779
21
0.055939842519685
0
LINE
8
BLACK
6
CONTINUOUS
10
-0.1457181889763779
20
0.055939842519685
11
-0.1504613779527559
21
0.0512226771653543
0
LINE
8
BLACK
6
CONTINUOUS
10
-0.1504613779527559
20
0.0512226771653543
11
-0.1540949212598425
21
0.0456060236220472
0
LINE
8
BLACK
6
CONTINUOUS
10
-0.1540949212598425
20
0.0456060236220472
11
-0.1552697244094488
21
0.0424743700787402
0
LINE
8
BLACK
6
CONTINUOUS
10
-0.1552697244094488
20
0.0424743700787402
11
-0.1552697637795276
21
0.0424743700787402
0
LINE
8
BLACK
6
CONTINUOUS
10
-0.1552697637795276
20
0.0424743700787402
11
-0.1561813779527559
21
0.0413340551181102
0
LINE
8
BLACK
6
CONTINUOUS
10
-0.1561813779527559
20
0.0413340551181102
11
-0.1575891732283465
21
0.0409474015748032
0
LINE
8
BLACK
6
CONTINUOUS
10
-0.1575891732283465
20
0.0409474015748032
11
-0.1589553543307086
21
0.0414620472440945
0
LINE
8
BLACK
6
CONTINUOUS
10
-0.1589553543307086
20
0.0414620472440945
11
-0.1597581496062992
21
0.0426814173228346
0
LINE
8
BLACK
6
CONTINUOUS
10
-0.1597581496062992
20
0.0426814173228346
11
-0.1596908661417323
21
0.0441398031496063
0
LINE
8
BLACK
6
CONTINUOUS
10
-0.1596908661417323
20
0.0441398031496063
11
-0.1565352755905512
21
0.0505155511811024
0
LINE
8
BLACK
6
CONTINUOUS
10
-0.1565352755905512
20
0.0505155511811024
11
-0.1521833858267717
21
0.0561431102362205
0
LINE
8
BLACK
6
CONTINUOUS
10
-0.1521833858267717
20
0.0561431102362205
11
-0.1468064566929134
21
0.060801062992126
0
LINE
8
BLACK
6
CONTINUOUS
10
-0.1468064566929134
20
0.060801062992126
11
-0.1406159842519685
21
0.0643062204724409
0
LINE
8
BLACK
6
CONTINUOUS
10
-0.1406159842519685
20
0.0643062204724409
11
-0.1338554724409449
21
0.0665206299212598
0
LINE
8
BLACK
6
CONTINUOUS
10
-0.1338554724409449
20
0.0665206299212598
11
-0.126790905511811
21
0.0673572047244095
0
LINE
8
BLACK
6
CONTINUOUS
10
-0.126790905511811
20
0.0673572047244095
11
-0.119700157480315
21
0.0667830708661417
0
LINE
8
BLACK
6
CONTINUOUS
10
0.4831874409448819
20
-0.1259672047244094
11
0.4844658661417323
21
-0.1272456299212598
0
LINE
8
BLACK
6
CONTINUOUS
10
0.4844658661417323
20
-0.1272456299212598
11
0.4844658661417323
21
-0.1290535826771654
0
LINE
8
BLACK
6
CONTINUOUS
10
0.4844658661417323
20
-0.1290535826771654
11
0.4831874409448819
21
-0.1303320078740157
0
LINE
8
BLACK
6
CONTINUOUS
10
0.4831874409448819
20
-0.1303320078740157
11
0.4822834645669291
21
-0.1305118110236221
0
LINE
8
BLACK
6
CONTINUOUS
10
0.4822834645669291
20
-0.1305118110236221
11
0.3681102362204725
21
-0.1305118110236221
0
LINE
8
BLACK
6
CONTINUOUS
10
0.3681102362204725
20
-0.1305118110236221
11
0.3672062598425197
21
-0.1303320078740157
0
LINE
8
BLACK
6
CONTINUOUS
10
0.3672062598425197
20
-0.1303320078740157
11
0.3659278346456693
21
-0.1290535826771654
0
LINE
8
BLACK
6
CONTINUOUS
10
0.3659278346456693
20
-0.1290535826771654
11
0.3659278346456693
21
-0.1272456299212598
0
LINE
8
BLACK
6
CONTINUOUS
10
0.3659278346456693
20
-0.1272456299212598
11
0.3672062598425197
21
-0.1259672047244094
0
LINE
8
BLACK
6
CONTINUOUS
10
0.3672062598425197
20
-0.1259672047244094
11
0.3681102362204725
21
-0.1257874015748031
0
LINE
8
BLACK
6
CONTINUOUS
10
0.3681102362204725
20
-0.1257874015748031
11
0.4822834645669291
21
-0.1257874015748031
0
LINE
8
BLACK
6
CONTINUOUS
10
0.4822834645669291
20
-0.1257874015748031
11
0.4831874409448819
21
-0.1259672047244094
0
LINE
8
BLACK
6
CONTINUOUS
10
0.0021824015748031
20
-0.0699621653543307
11
0.0023622047244094
21
-0.0708661417322835
0
LINE
8
BLACK
6
CONTINUOUS
10
0.0023622047244094
20
-0.0708661417322835
11
0.0023622047244094
21
-0.0763779527559055
0
LINE
8
BLACK
6
CONTINUOUS
10
0.0023622047244094
20
-0.0763779527559055
11
0.1236220472440945
21
-0.0763779527559055
0
LINE
8
BLACK
6
CONTINUOUS
10
0.1236220472440945
20
-0.0763779527559055
11
0.1236220472440945
21
-0.0708661417322835
0
LINE
8
BLACK
6
CONTINUOUS
10
0.1236220472440945
20
-0.0708661417322835
11
0.1238018503937008
21
-0.0699621653543307
0
LINE
8
BLACK
6
CONTINUOUS
10
0.1238018503937008
20
-0.0699621653543307
11
0.1250802755905512
21
-0.0686837401574803
0
LINE
8
BLACK
6
CONTINUOUS
10
0.1250802755905512
20
-0.0686837401574803
11
0.1268882283464567
21
-0.0686837401574803
0
LINE
8
BLACK
6
CONTINUOUS
10
0.1268882283464567
20
-0.0686837401574803
11
0.1281666535433071
21
-0.0699621653543307
0
LINE
8
BLACK
6
CONTINUOUS
10
0.1281666535433071
20
-0.0699621653543307
11
0.1283464566929134
21
-0.0708661417322835
0
LINE
8
BLACK
6
CONTINUOUS
10
0.1283464566929134
20
-0.0708661417322835
11
0.1283464566929134
21
-0.078740157480315
0
LINE
8
BLACK
6
CONTINUOUS
10
0.1283464566929134
20
-0.078740157480315
11
0.1281666535433071
21
-0.0796441338582677
0
LINE
8
BLACK
6
CONTINUOUS
10
0.1281666535433071
20
-0.0796441338582677
11
0.1268882283464567
21
-0.0809225590551181
0
LINE
8
BLACK
6
CONTINUOUS
10
0.1268882283464567
20
-0.0809225590551181
11
0.1259842519685039
21
-0.0811023622047244
0
LINE
8
BLACK
6
CONTINUOUS
10
0.1259842519685039
20
-0.0811023622047244
11
0.
21
-0.0811023622047244
0
LINE
8
BLACK
6
CONTINUOUS
10
0.
20
-0.0811023622047244
11
-0.0009039763779528
21
-0.0809225590551181
0
LINE
8
BLACK
6
CONTINUOUS
10
-0.0009039763779528
20
-0.0809225590551181
11
-0.0021824015748031
21
-0.0796441338582677
0
LINE
8
BLACK
6
CONTINUOUS
10
-0.0021824015748031
20
-0.0796441338582677
11
-0.0023622047244094
21
-0.078740157480315
0
LINE
8
BLACK
6
CONTINUOUS
10
-0.0023622047244094
20
-0.078740157480315
11
-0.0023622047244094
21
-0.0708661417322835
0
LINE
8
BLACK
6
CONTINUOUS
10
-0.0023622047244094
20
-0.0708661417322835
11
-0.0021824015748031
21
-0.0699621653543307
0
LINE
8
BLACK
6
CONTINUOUS
10
-0.0021824015748031
20
-0.0699621653543307
11
-0.0009039763779528
21
-0.0686837401574803
0
LINE
8
BLACK
6
CONTINUOUS
10
-0.0009039763779528
20
-0.0686837401574803
11
0.0009039763779528
21
-0.0686837401574803
0
LINE
8
BLACK
6
CONTINUOUS
10
0.0009039763779528
20
-0.0686837401574803
11
0.0021824015748031
21
-0.0699621653543307
0
LINE
8
BLACK
6
CONTINUOUS
10
0.2952926377952756
20
0.0619275984251969
11
0.2954724409448819
21
0.0610236220472441
0
LINE
8
BLACK
6
CONTINUOUS
10
0.2954724409448819
20
0.0610236220472441
11
0.2954724409448819
21
-0.0531496062992126
0
LINE
8
BLACK
6
CONTINUOUS
10
0.2954724409448819
20
-0.0531496062992126
11
0.2952926377952756
21
-0.0540535826771654
0
LINE
8
BLACK
6
CONTINUOUS
10
0.2952926377952756
20
-0.0540535826771654
11
0.2940142125984252
21
-0.0553320078740157
0
LINE
8
BLACK
6
CONTINUOUS
10
0.2940142125984252
20
-0.0553320078740157
11
0.2922062598425197
21
-0.0553320078740157
0
LINE
8
BLACK
6
CONTINUOUS
10
0.2922062598425197
20
-0.0553320078740157
11
0.2909278346456693
21
-0.0540535826771654
0
LINE
8
BLACK
6
CONTINUOUS
10
0.2909278346456693
20
-0.0540535826771654
11
0.290748031496063
21
-0.0531496062992126
0
LINE
8
BLACK
6
CONTINUOUS
10
0.290748031496063
20
-0.0531496062992126
11
0.290748031496063
21
0.0610236220472441
0
LINE
8
BLACK
6
CONTINUOUS
10
0.290748031496063
20
0.0610236220472441
11
0.2909278346456693
21
0.0619275984251969
0
LINE
8
BLACK
6
CONTINUOUS
10
0.2909278346456693
20
0.0619275984251969
11
0.2922062598425197
21
0.0632060236220472
0
LINE
8
BLACK
6
CONTINUOUS
10
0.2922062598425197
20
0.0632060236220472
11
0.2940142125984252
21
0.0632060236220472
0
LINE
8
BLACK
6
CONTINUOUS
10
0.2940142125984252
20
0.0632060236220472
11
0.2952926377952756
21
0.0619275984251969
0
LINE
8
BLACK
6
CONTINUOUS
10
0.5594658661417322
20
0.0619275984251969
11
0.5596456692913385
21
0.0610236220472441
0
LINE
8
BLACK
6
CONTINUOUS
10
0.5596456692913385
20
0.0610236220472441
11
0.5596456692913385
21
-0.0531496062992126
0
LINE
8
BLACK
6
CONTINUOUS
10
0.5596456692913385
20
-0.0531496062992126
11
0.5594658661417322
21
-0.0540535826771654
0
LINE
8
BLACK
6
CONTINUOUS
10
0.5594658661417322
20
-0.0540535826771654
11
0.5581874409448819
21
-0.0553320078740157
0
LINE
8
BLACK
6
CONTINUOUS
10
0.5581874409448819
20
-0.0553320078740157
11
0.5563794881889763
21
-0.0553320078740157
0
LINE
8
BLACK
6
CONTINUOUS
10
0.5563794881889763
20
-0.0553320078740157
11
0.555101062992126
21
-0.0540535826771654
0
LINE
8
BLACK
6
CONTINUOUS
10
0.555101062992126
20
-0.0540535826771654
11
0.5549212598425197
21
-0.0531496062992126
0
LINE
8
BLACK
6
CONTINUOUS
10
0.5549212598425197
20
-0.0531496062992126
11
0.5549212598425197
21
0.0610236220472441
0
LINE
8
BLACK
6
CONTINUOUS
10
0.5549212598425197
20
0.0610236220472441
11
0.555101062992126
21
0.0619275984251969
0
LINE
8
BLACK
6
CONTINUOUS
10
0.555101062992126
20
0.0619275984251969
11
0.5563794881889763
21
0.0632060236220472
0
LINE
8
BLACK
6
CONTINUOUS
10
0.5563794881889763
20
0.0632060236220472
11
0.5581874409448819
21
0.0632060236220472
0
LINE
8
BLACK
6
CONTINUOUS
10
0.5581874409448819
20
0.0632060236220472
11
0.5594658661417322
21
0.0619275984251969
0
LINE
8
BLACK
6
CONTINUOUS
10
-0.3145454330708661
20
-0.0351941732283465
11
-0.3136931496062992
21
-0.0360464566929134
0
LINE
8
BLACK
6
CONTINUOUS
10
-0.3136931496062992
20
-0.0360464566929134
11
-0.3136931496062992
21
-0.0372517322834646
0
LINE
8
BLACK
6
CONTINUOUS
10
-0.3136931496062992
20
-0.0372517322834646
11
-0.3145454330708661
21
-0.0381040157480315
0
LINE
8
BLACK
6
CONTINUOUS
10
-0.3145454330708661
20
-0.0381040157480315
11
-0.3151480708661417
21
-0.0382238976377953
0
LINE
8
BLACK
6
CONTINUOUS
10
-0.3151480708661417
20
-0.0382238976377953
11
-0.3210723228346457
21
-0.0382238976377953
0
LINE
8
BLACK
6
CONTINUOUS
10
-0.3210723228346457
20
-0.0382238976377953
11
-0.3210723228346457
21
-0.0425733464566929
0
LINE
8
BLACK
6
CONTINUOUS
10
-0.3210723228346457
20
-0.0425733464566929
11
-0.3173977952755905
21
-0.0425733464566929
0
LINE
8
BLACK
6
CONTINUOUS
10
-0.3173977952755905
20
-0.0425733464566929
11
-0.3167951574803149
21
-0.0426932283464567
0
LINE
8
BLACK
6
CONTINUOUS
10
-0.3167951574803149
20
-0.0426932283464567
11
-0.315942874015748
21
-0.0435455118110236
0
LINE
8
BLACK
6
CONTINUOUS
10
-0.315942874015748
20
-0.0435455118110236
11
-0.315942874015748
21
-0.0447507874015748
0
LINE
8
BLACK
6
CONTINUOUS
10
-0.315942874015748
20
-0.0447507874015748
11
-0.3167951574803149
21
-0.0456030708661417
0
LINE
8
BLACK
6
CONTINUOUS
10
-0.3167951574803149
20
-0.0456030708661417
11
-0.3173977952755905
21
-0.0457229527559055
0
LINE
8
BLACK
6
CONTINUOUS
10
-0.3173977952755905
20
-0.0457229527559055
11
-0.3210723228346457
21
-0.0457229527559055
0
LINE
8
BLACK
6
CONTINUOUS
10
-0.3210723228346457
20
-0.0457229527559055
11
-0.3210723228346457
21
-0.0508223228346457
0
LINE
8
BLACK
6
CONTINUOUS
10
-0.3210723228346457
20
-0.0508223228346457
11
-0.3151480708661417
21
-0.0508223228346457
0
LINE
8
BLACK
6
CONTINUOUS
10
-0.3151480708661417
20
-0.0508223228346457
11
-0.3145454330708661
21
-0.0509422047244094
0
LINE
8
BLACK
6
CONTINUOUS
10
-0.3145454330708661
20
-0.0509422047244094
11
-0.3136931496062992
21
-0.0517944881889764
0
LINE
8
BLACK
6
CONTINUOUS
10
-0.3136931496062992
20
-0.0517944881889764
11
-0.3136931496062992
21
-0.0529997637795276
0
LINE
8
BLACK
6
CONTINUOUS
10
-0.3136931496062992
20
-0.0529997637795276
11
-0.3145454330708661
21
-0.0538520472440945
0
LINE
8
BLACK
6
CONTINUOUS
10
-0.3145454330708661
20
-0.0538520472440945
11
-0.3151480708661417
21
-0.0539719291338583
0
LINE
8
BLACK
6
CONTINUOUS
10
-0.3151480708661417
20
-0.0539719291338583
11
-0.3226471259842519
21
-0.0539719291338583
0
LINE
8
BLACK
6
CONTINUOUS
10
-0.3226471259842519
20
-0.0539719291338583
11
-0.3232497637795276
21
-0.0538520472440945
0
LINE
8
BLACK
6
CONTINUOUS
10
-0.3232497637795276
20
-0.0538520472440945
11
-0.3241020472440945
21
-0.0529997637795276
0
LINE
8
BLACK
6
CONTINUOUS
10
-0.3241020472440945
20
-0.0529997637795276
11
-0.3242219291338583
21
-0.052397125984252
0
LINE
8
BLACK
6
CONTINUOUS
10
-0.3242219291338583
20
-0.052397125984252
11
-0.3242219291338583
21
-0.036649094488189
0
LINE
8
BLACK
6
CONTINUOUS
10
-0.3242219291338583
20
-0.036649094488189
11
-0.3241020472440945
21
-0.0360464566929134
0
LINE
8
BLACK
6
CONTINUOUS
10
-0.3241020472440945
20
-0.0360464566929134
11
-0.3232497637795276
21
-0.0351941732283465
0
LINE
8
BLACK
6
CONTINUOUS
10
-0.3232497637795276
20
-0.0351941732283465
11
-0.3226471259842519
21
-0.0350742913385827
0
LINE
8
BLACK
6
CONTINUOUS
10
-0.3226471259842519
20
-0.0350742913385827
11
-0.3151480708661417
21
-0.0350742913385827
0
LINE
8
BLACK
6
CONTINUOUS
10
-0.3151480708661417
20
-0.0350742913385827
11
-0.3145454330708661
21
-0.0351941732283465
0
LINE
8
BLACK
6
CONTINUOUS
10
-0.2901535039370079
20
-0.0351235433070866
11
-0.2899031102362205
21
-0.0351551181102362
0
LINE
8
BLACK
6
CONTINUOUS
10
-0.2899031102362205
20
-0.0351551181102362
11
-0.2876534645669291
21
-0.0359050393700787
0
LINE
8
BLACK
6
CONTINUOUS
10
-0.2876534645669291
20
-0.0359050393700787
11
-0.2875849606299212
21
-0.035944094488189
0
LINE
8
BLACK
6
CONTINUOUS
10
-0.2875849606299212
20
-0.035944094488189
11
-0.2875488582677165
21
-0.035944094488189
0
LINE
8
BLACK
6
CONTINUOUS
10
-0.2875488582677165
20
-0.035944094488189
11
-0.2873390157480315
21
-0.0360842913385827
0
LINE
8
BLACK
6
CONTINUOUS
10
-0.2873390157480315
20
-0.0360842913385827
11
-0.2871196456692913
21
-0.0362093307086614
0
LINE
8
BLACK
6
CONTINUOUS
10
-0.2871196456692913
20
-0.0362093307086614
11
-0.2871035433070866
21
-0.0362416141732283
0
LINE
8
BLACK
6
CONTINUOUS
10
-0.2871035433070866
20
-0.0362416141732283
11
-0.2870379133858268
21
-0.0362854330708661
0
LINE
8
BLACK
6
CONTINUOUS
10
-0.2870379133858268
20
-0.0362854330708661
11
-0.286288031496063
21
-0.0370353149606299
0
LINE
8
BLACK
6
CONTINUOUS
10
-0.286288031496063
20
-0.0370353149606299
11
-0.2859466535433071
21
-0.0375461811023622
0
LINE
8
BLACK
6
CONTINUOUS
10
-0.2859466535433071
20
-0.0375461811023622
11
-0.2859466141732284
21
-0.0387514960629921
0
LINE
8
BLACK
6
CONTINUOUS
10
-0.2859466141732284
20
-0.0387514960629921
11
-0.2867988582677165
21
-0.0396037795275591
0
LINE
8
BLACK
6
CONTINUOUS
10
-0.2867988582677165
20
-0.0396037795275591
11
-0.2880041732283464
21
-0.0396038188976378
0
LINE
8
BLACK
6
CONTINUOUS
10
-0.2880041732283464
20
-0.0396038188976378
11
-0.2885150787401575
21
-0.0392624803149606
0
LINE
8
BLACK
6
CONTINUOUS
10
-0.2885150787401575
20
-0.0392624803149606
11
-0.2890021653543307
21
-0.0387754330708661
0
LINE
8
BLACK
6
CONTINUOUS
10
-0.2890021653543307
20
-0.0387754330708661
11
-0.2906566929133858
21
-0.0382238976377953
0
LINE
8
BLACK
6
CONTINUOUS
10
-0.2906566929133858
20
-0.0382238976377953
11
-0.2916454724409449
21
-0.0382238976377953
0
LINE
8
BLACK
6
CONTINUOUS
10
-0.2916454724409449
20
-0.0382238976377953
11
-0.2933
21
-0.0387753937007874
0
LINE
8
BLACK
6
CONTINUOUS
10
-0.2933
20
-0.0387753937007874
11
-0.2943562598425197
21
-0.0398316535433071
0
LINE
8
BLACK
6
CONTINUOUS
10
-0.2943562598425197
20
-0.0398316535433071
11
-0.2949145275590551
21
-0.0409481496062992
0
LINE
8
BLACK
6
CONTINUOUS
10
-0.2949145275590551
20
-0.0409481496062992
11
-0.2955755118110236
21
-0.0435922047244094
0
LINE
8
BLACK
6
CONTINUOUS
10
-0.2955755118110236
20
-0.0435922047244094
11
-0.2955755118110236
21
-0.0454540157480315
0
LINE
8
BLACK
6
CONTINUOUS
10
-0.2955755118110236
20
-0.0454540157480315
11
-0.2949145275590551
21
-0.0480980708661417
0
LINE
8
BLACK
6
CONTINUOUS
10
-0.2949145275590551
20
-0.0480980708661417
11
-0.2943562992125984
21
-0.0492144881889764
0
LINE
8
BLACK
6
CONTINUOUS
10
-0.2943562992125984
20
-0.0492144881889764
11
-0.2933
21
-0.0502708267716535
0
LINE
8
BLACK
6
CONTINUOUS
10
-0.2933
20
-0.0502708267716535
11
-0.2916454724409449
21
-0.0508223228346457
0
LINE
8
BLACK
6
CONTINUOUS
10
-0.2916454724409449
20
-0.0508223228346457
11
-0.2906566535433071
21
-0.0508223228346457
0
LINE
8
BLACK
6
CONTINUOUS
10
-0.2906566535433071
20
-0.0508223228346457
11
-0.289002125984252
21
-0.0502707874015748
0
LINE
8
BLACK
6
CONTINUOUS
10
-0.289002125984252
20
-0.0502707874015748
11
-0.2885150787401575
21
-0.0497837795275591
0
LINE
8
BLACK
6
CONTINUOUS
10
-0.2885150787401575
20
-0.0497837795275591
11
-0.2880041732283464
21
-0.0494424015748031
0
LINE
8
BLACK
6
CONTINUOUS
10
-0.2880041732283464
20
-0.0494424015748031
11
-0.2867988976377953
21
-0.0494424015748031
0
LINE
8
BLACK
6
CONTINUOUS
10
-0.2867988976377953
20
-0.0494424015748031
11
-0.2859466141732284
21
-0.0502946850393701
0
LINE
8
BLACK
6
CONTINUOUS
10
-0.2859466141732284
20
-0.0502946850393701
11
-0.2859466141732284
21
-0.0514999606299213
0
LINE
8
BLACK
6
CONTINUOUS
10
-0.2859466141732284
20
-0.0514999606299213
11
-0.2862879921259843
21
-0.0520108661417323
0
LINE
8
BLACK
6
CONTINUOUS
10
-0.2862879921259843
20
-0.0520108661417323
11
-0.2870379133858268
21
-0.0527607874015748
0
LINE
8
BLACK
6
CONTINUOUS
10
-0.2870379133858268
20
-0.0527607874015748
11
-0.2871035039370078
21
-0.0528045669291339
0
LINE
8
BLACK
6
CONTINUOUS
10
-0.2871035039370078
20
-0.0528045669291339
11
-0.2871196456692913
21
-0.0528369291338583
0
LINE
8
BLACK
6
CONTINUOUS
10
-0.2871196456692913
20
-0.0528369291338583
11
-0.2873390157480315
21
-0.0529619291338583
0
LINE
8
BLACK
6
CONTINUOUS
10
-0.2873390157480315
20
-0.0529619291338583
11
-0.2875488188976378
21
-0.0531021653543307
0
LINE
8
BLACK
6
CONTINUOUS
10
-0.2875488188976378
20
-0.0531021653543307
11
-0.2875849606299212
21
-0.0531021653543307
0
LINE
8
BLACK
6
CONTINUOUS
10
-0.2875849606299212
20
-0.0531021653543307
11
-0.2876534645669291
21
-0.0531412204724409
0
LINE
8
BLACK
6
CONTINUOUS
10
-0.2876534645669291
20
-0.0531412204724409
11
-0.2899031496062992
21
-0.0538911023622047
0
LINE
8
BLACK
6
CONTINUOUS
10
-0.2899031496062992
20
-0.0538911023622047
11
-0.2901534645669291
21
-0.0539226377952756
0
LINE
8
BLACK
6
CONTINUOUS
10
-0.2901534645669291
20
-0.0539226377952756
11
-0.2904011417322835
21
-0.0539719291338583
0
LINE
8
BLACK
6
CONTINUOUS
10
-0.2904011417322835
20
-0.0539719291338583
11
-0.2919009842519685
21
-0.0539719291338583
0
LINE
8
BLACK
6
CONTINUOUS
10
-0.2919009842519685
20
-0.0539719291338583
11
-0.2921483858267717
21
-0.0539226771653543
0
LINE
8
BLACK
6
CONTINUOUS
10
-0.2921483858267717
20
-0.0539226771653543
11
-0.2923989763779528
21
-0.0538911417322835
0
LINE
8
BLACK
6
CONTINUOUS
10
-0.2923989763779528
20
-0.0538911417322835
11
-0.2946487007874016
21
-0.0531412204724409
0
LINE
8
BLACK
6
CONTINUOUS
10
-0.2946487007874016
20
-0.0531412204724409
11
-0.2947172834645669
21
-0.053102125984252
0
LINE
8
BLACK
6
CONTINUOUS
10
-0.2947172834645669
20
-0.053102125984252
11
-0.2947533858267716
21
-0.053102125984252
0
LINE
8
BLACK
6
CONTINUOUS
10
-0.2947533858267716
20
-0.053102125984252
11
-0.2949633464566929
21
-0.0529618503937008
0
LINE
8
BLACK
6
CONTINUOUS
10
-0.2949633464566929
20
-0.0529618503937008
11
-0.2951824803149606
21
-0.0528369291338583
0
LINE
8
BLACK
6
CONTINUOUS
10
-0.2951824803149606
20
-0.0528369291338583
11
-0.2951986220472441
21
-0.0528046456692913
0
LINE
8
BLACK
6
CONTINUOUS
10
-0.2951986220472441
20
-0.0528046456692913
11
-0.2952642913385827
21
-0.0527607874015748
0
LINE
8
BLACK
6
CONTINUOUS
10
-0.2952642913385827
20
-0.0527607874015748
11
-0.296764094488189
21
-0.0512609448818898
0
LINE
8
BLACK
6
CONTINUOUS
10
-0.296764094488189
20
-0.0512609448818898
11
-0.2969044488188976
21
-0.051050905511811
0
LINE
8
BLACK
6
CONTINUOUS
10
-0.2969044488188976
20
-0.051050905511811
11
-0.2970590551181102
21
-0.0508516535433071
0
LINE
8
BLACK
6
CONTINUOUS
10
-0.2970590551181102
20
-0.0508516535433071
11
-0.297808937007874
21
-0.0493518503937008
0
LINE
8
BLACK
6
CONTINUOUS
10
-0.297808937007874
20
-0.0493518503937008
11
-0.2978544881889764
21
-0.0491856299212598
0
LINE
8
BLACK
6
CONTINUOUS
10
-0.2978544881889764
20
-0.0491856299212598
11
-0.297928188976378
21
-0.0490295669291339
0
LINE
8
BLACK
6
CONTINUOUS
10
-0.297928188976378
20
-0.0490295669291339
11
-0.2986781102362205
21
-0.0460299606299213
0
LINE
8
BLACK
6
CONTINUOUS
10
-0.2986781102362205
20
-0.0460299606299213
11
-0.2986875196850394
21
-0.0458371653543307
0
LINE
8
BLACK
6
CONTINUOUS
10
-0.2986875196850394
20
-0.0458371653543307
11
-0.2987251181102362
21
-0.0456479921259842
0
LINE
8
BLACK
6
CONTINUOUS
10
-0.2987251181102362
20
-0.0456479921259842
11
-0.2987251181102362
21
-0.0433982677165354
0
LINE
8
BLACK
6
CONTINUOUS
10
-0.2987251181102362
20
-0.0433982677165354
11
-0.2986875196850394
21
-0.0432090551181102
0
LINE
8
BLACK
6
CONTINUOUS
10
-0.2986875196850394
20
-0.0432090551181102
11
-0.2986781102362205
21
-0.0430162992125984
0
LINE
8
BLACK
6
CONTINUOUS
10
-0.2986781102362205
20
-0.0430162992125984
11
-0.297928188976378
21
-0.0400166535433071
0
LINE
8
BLACK
6
CONTINUOUS
10
-0.297928188976378
20
-0.0400166535433071
11
-0.2978544881889764
21
-0.0398605511811024
0
LINE
8
BLACK
6
CONTINUOUS
10
-0.2978544881889764
20
-0.0398605511811024
11
-0.297808937007874
21
-0.0396943700787402
0
LINE
8
BLACK
6
CONTINUOUS
10
-0.297808937007874
20
-0.0396943700787402
11
-0.2970590551181102
21
-0.0381945669291339
0
LINE
8
BLACK
6
CONTINUOUS
10
-0.2970590551181102
20
-0.0381945669291339
11
-0.296904251968504
21
-0.0379950787401575
0
LINE
8
BLACK
6
CONTINUOUS
10
-0.296904251968504
20
-0.0379950787401575
11
-0.2967640551181102
21
-0.0377852755905512
0
LINE
8
BLACK
6
CONTINUOUS
10
-0.2967640551181102
20
-0.0377852755905512
11
-0.2952642913385827
21
-0.0362854724409449
0
LINE
8
BLACK
6
CONTINUOUS
10
-0.2952642913385827
20
-0.0362854724409449
11
-0.2951987007874016
21
-0.0362416141732283
0
LINE
8
BLACK
6
CONTINUOUS
10
-0.2951987007874016
20
-0.0362416141732283
11
-0.2951825196850394
21
-0.0362093307086614
0
LINE
8
BLACK
6
CONTINUOUS
10
-0.2951825196850394
20
-0.0362093307086614
11
-0.2949632283464567
21
-0.0360842913385827
0
LINE
8
BLACK
6
CONTINUOUS
10
-0.2949632283464567
20
-0.0360842913385827
11
-0.2947533858267716
21
-0.0359441338582677
0
LINE
8
BLACK
6
CONTINUOUS
10
-0.2947533858267716
20
-0.0359441338582677
11
-0.2947172834645669
21
-0.0359441338582677
0
LINE
8
BLACK
6
CONTINUOUS
10
-0.2947172834645669
20
-0.0359441338582677
11
-0.2946487007874016
21
-0.0359050393700787
0
LINE
8
BLACK
6
CONTINUOUS
10
-0.2946487007874016
20
-0.0359050393700787
11
-0.2923989763779528
21
-0.0351551181102362
0
LINE
8
BLACK
6
CONTINUOUS
10
-0.2923989763779528
20
-0.0351551181102362
11
-0.2921487007874016
21
-0.0351235433070866
0
LINE
8
BLACK
6
CONTINUOUS
10
-0.2921487007874016
20
-0.0351235433070866
11
-0.2919009842519685
21
-0.0350742913385827
0
LINE
8
BLACK
6
CONTINUOUS
10
-0.2919009842519685
20
-0.0350742913385827
11
-0.2904011417322835
21
-0.0350742913385827
0
LINE
8
BLACK
6
CONTINUOUS
10
-0.2904011417322835
20
-0.0350742913385827
11
-0.2901535039370079
21
-0.0351235433070866
0
LINE
8
BLACK
6
CONTINUOUS
10
-0.2764623228346457
20
-0.0351941732283465
11
-0.2763001968503937
21
-0.0351941732283465
0
LINE
8
BLACK
6
CONTINUOUS
10
-0.2763001968503937
20
-0.0351941732283465
11
-0.2759759842519685
21
-0.0355183858267717
0
LINE
8
BLACK
6
CONTINUOUS
10
-0.2759759842519685
20
-0.0355183858267717
11
-0.2755943700787402
21
-0.0357727952755906
0
LINE
8
BLACK
6
CONTINUOUS
10
-0.2755943700787402
20
-0.0357727952755906
11
-0.2755625984251969
21
-0.0359317716535433
0
LINE
8
BLACK
6
CONTINUOUS
10
-0.2755625984251969
20
-0.0359317716535433
11
-0.2754479133858267
21
-0.0360464566929134
0
LINE
8
BLACK
6
CONTINUOUS
10
-0.2754479133858267
20
-0.0360464566929134
11
-0.275328031496063
21
-0.036649094488189
0
LINE
8
BLACK
6
CONTINUOUS
10
-0.275328031496063
20
-0.036649094488189
11
-0.275328031496063
21
-0.0508223228346457
0
LINE
8
BLACK
6
CONTINUOUS
10
-0.275328031496063
20
-0.0508223228346457
11
-0.2724034251968504
21
-0.0508223228346457
0
LINE
8
BLACK
6
CONTINUOUS
10
-0.2724034251968504
20
-0.0508223228346457
11
-0.2718007874015748
21
-0.0509422047244094
0
LINE
8
BLACK
6
CONTINUOUS
10
-0.2718007874015748
20
-0.0509422047244094
11
-0.2709485039370079
21
-0.0517944881889764
0
LINE
8
BLACK
6
CONTINUOUS
10
-0.2709485039370079
20
-0.0517944881889764
11
-0.2709485039370079
21
-0.0529997637795276
0
LINE
8
BLACK
6
CONTINUOUS
10
-0.2709485039370079
20
-0.0529997637795276
11
-0.2718007874015748
21
-0.0538520472440945
0
LINE
8
BLACK
6
CONTINUOUS
10
-0.2718007874015748
20
-0.0538520472440945
11
-0.2724034251968504
21
-0.0539719291338583
0
LINE
8
BLACK
6
CONTINUOUS
10
-0.2724034251968504
20
-0.0539719291338583
11
-0.2814022834645669
21
-0.0539719291338583
0
LINE
8
BLACK
6
CONTINUOUS
10
-0.2814022834645669
20
-0.0539719291338583
11
-0.2820049212598425
21
-0.0538520472440945
0
LINE
8
BLACK
6
CONTINUOUS
10
-0.2820049212598425
20
-0.0538520472440945
11
-0.2828572047244095
21
-0.0529997637795276
0
LINE
8
BLACK
6
CONTINUOUS
10
-0.2828572047244095
20
-0.0529997637795276
11
-0.2828572047244095
21
-0.0517944881889764
0
LINE
8
BLACK
6
CONTINUOUS
10
-0.2828572047244095
20
-0.0517944881889764
11
-0.2820049212598425
21
-0.0509422047244094
0
LINE
8
BLACK
6
CONTINUOUS
10
-0.2820049212598425
20
-0.0509422047244094
11
-0.2814022834645669
21
-0.0508223228346457
0
LINE
8
BLACK
6
CONTINUOUS
10
-0.2814022834645669
20
-0.0508223228346457
11
-0.2784776377952756
21
-0.0508223228346457
0
LINE
8
BLACK
6
CONTINUOUS
10
-0.2784776377952756
20
-0.0508223228346457
11
-0.2784776377952756
21
-0.0412008661417323
0
LINE
8
BLACK
6
CONTINUOUS
10
-0.2784776377952756
20
-0.0412008661417323
11
-0.278788937007874
21
-0.0415121653543307
0
LINE
8
BLACK
6
CONTINUOUS
10
-0.278788937007874
20
-0.0415121653543307
11
-0.2789986220472441
21
-0.0416522440944882
0
LINE
8
BLACK
6
CONTINUOUS
10
-0.2789986220472441
20
-0.0416522440944882
11
-0.2791981889763779
21
-0.0418071653543307
0
LINE
8
BLACK
6
CONTINUOUS
10
-0.2791981889763779
20
-0.0418071653543307
11
-0.2806979921259842
21
-0.0425570866141732
0
LINE
8
BLACK
6
CONTINUOUS
10
-0.2806979921259842
20
-0.0425570866141732
11
-0.2812906299212599
21
-0.0427193700787402
0
LINE
8
BLACK
6
CONTINUOUS
10
-0.2812906299212599
20
-0.0427193700787402
11
-0.282434094488189
21
-0.0423382283464567
0
LINE
8
BLACK
6
CONTINUOUS
10
-0.282434094488189
20
-0.0423382283464567
11
-0.2829731102362205
21
-0.0412601968503937
0
LINE
8
BLACK
6
CONTINUOUS
10
-0.2829731102362205
20
-0.0412601968503937
11
-0.282591968503937
21
-0.0401167322834646
0
LINE
8
BLACK
6
CONTINUOUS
10
-0.282591968503937
20
-0.0401167322834646
11
-0.2821065748031496
21
-0.03974
0
LINE
8
BLACK
6
CONTINUOUS
10
-0.2821065748031496
20
-0.03974
11
-0.2808353149606299
21
-0.0391043307086614
0
LINE
8
BLACK
6
CONTINUOUS
10
-0.2808353149606299
20
-0.0391043307086614
11
-0.2796264960629921
21
-0.0378954724409449
0
LINE
8
BLACK
6
CONTINUOUS
10
-0.2796264960629921
20
-0.0378954724409449
11
-0.2782131496062992
21
-0.0357755118110236
0
LINE
8
BLACK
6
CONTINUOUS
10
-0.2782131496062992
20
-0.0357755118110236
11
-0.277779094488189
21
-0.0353405905511811
0
LINE
8
BLACK
6
CONTINUOUS
10
-0.277779094488189
20
-0.0353405905511811
11
-0.2776201181102362
21
-0.0353087795275591
0
LINE
8
BLACK
6
CONTINUOUS
10
-0.2776201181102362
20
-0.0353087795275591
11
-0.2775054724409449
21
-0.0351941732283465
0
LINE
8
BLACK
6
CONTINUOUS
10
-0.2775054724409449
20
-0.0351941732283465
11
-0.2770468897637795
21
-0.0351941732283465
0
LINE
8
BLACK
6
CONTINUOUS
10
-0.2770468897637795
20
-0.0351941732283465
11
-0.2765972047244095
21
-0.0351042519685039
0
LINE
8
BLACK
6
CONTINUOUS
10
-0.2765972047244095
20
-0.0351042519685039
11
-0.2764623228346457
21
-0.0351941732283465
0
LINE
8
BLACK
6
CONTINUOUS
10
-0.2419666535433071
20
-0.0351941732283465
11
-0.2418045275590551
21
-0.0351941732283465
0
LINE
8
BLACK
6
CONTINUOUS
10
-0.2418045275590551
20
-0.0351941732283465
11
-0.2414803149606299
21
-0.0355183858267717
0
LINE
8
BLACK
6
CONTINUOUS
10
-0.2414803149606299
20
-0.0355183858267717
11
-0.2410987007874016
21
-0.0357727952755906
0
LINE
8
BLACK
6
CONTINUOUS
10
-0.2410987007874016
20
-0.0357727952755906
11
-0.2410669291338583
21
-0.0359317716535433
0
LINE
8
BLACK
6
CONTINUOUS
10
-0.2410669291338583
20
-0.0359317716535433
11
-0.2409522440944882
21
-0.0360464566929134
0
LINE
8
BLACK
6
CONTINUOUS
10
-0.2409522440944882
20
-0.0360464566929134
11
-0.2408323622047244
21
-0.036649094488189
0
LINE
8
BLACK
6
CONTINUOUS
10
-0.2408323622047244
20
-0.036649094488189
11
-0.2408323622047244
21
-0.0508223228346457
0
LINE
8
BLACK
6
CONTINUOUS
10
-0.2408323622047244
20
-0.0508223228346457
11
-0.2379077559055118
21
-0.0508223228346457
0
LINE
8
BLACK
6
CONTINUOUS
10
-0.2379077559055118
20
-0.0508223228346457
11
-0.2373051181102362
21
-0.0509422047244094
0
LINE
8
BLACK
6
CONTINUOUS
10
-0.2373051181102362
20
-0.0509422047244094
11
-0.2364528346456693
21
-0.0517944881889764
0
LINE
8
BLACK
6
CONTINUOUS
10
-0.2364528346456693
20
-0.0517944881889764
11
-0.2364528346456693
21
-0.0529997637795276
0
LINE
8
BLACK
6
CONTINUOUS
10
-0.2364528346456693
20
-0.0529997637795276
11
-0.2373051181102362
21
-0.0538520472440945
0
LINE
8
BLACK
6
CONTINUOUS
10
-0.2373051181102362
20
-0.0538520472440945
11
-0.2379077559055118
21
-0.0539719291338583
0
LINE
8
BLACK
6
CONTINUOUS
10
-0.2379077559055118
20
-0.0539719291338583
11
-0.2469066141732283
21
-0.0539719291338583
0
LINE
8
BLACK
6
CONTINUOUS
10
-0.2469066141732283
20
-0.0539719291338583
11
-0.2475092519685039
21
-0.0538520472440945
0
LINE
8
BLACK
6
CONTINUOUS
10
-0.2475092519685039
20
-0.0538520472440945
11
-0.2483615354330709
21
-0.0529997637795276
0
LINE
8
BLACK
6
CONTINUOUS
10
-0.2483615354330709
20
-0.0529997637795276
11
-0.2483615354330709
21
-0.0517944881889764
0
LINE
8
BLACK
6
CONTINUOUS
10
-0.2483615354330709
20
-0.0517944881889764
11
-0.2475092519685039
21
-0.0509422047244094
0
LINE
8
BLACK
6
CONTINUOUS
10
-0.2475092519685039
20
-0.0509422047244094
11
-0.2469066141732283
21
-0.0508223228346457
0
LINE
8
BLACK
6
CONTINUOUS
10
-0.2469066141732283
20
-0.0508223228346457
11
-0.243981968503937
21
-0.0508223228346457
0
LINE
8
BLACK
6
CONTINUOUS
10
-0.243981968503937
20
-0.0508223228346457
11
-0.243981968503937
21
-0.0412008661417323
0
LINE
8
BLACK
6
CONTINUOUS
10
-0.243981968503937
20
-0.0412008661417323
11
-0.2442932677165354
21
-0.0415121653543307
0
LINE
8
BLACK
6
CONTINUOUS
10
-0.2442932677165354
20
-0.0415121653543307
11
-0.2445029527559055
21
-0.0416522440944882
0
LINE
8
BLACK
6
CONTINUOUS
10
-0.2445029527559055
20
-0.0416522440944882
11
-0.2447025196850394
21
-0.0418071653543307
0
LINE
8
BLACK
6
CONTINUOUS
10
-0.2447025196850394
20
-0.0418071653543307
11
-0.2462023228346457
21
-0.0425570866141732
0
LINE
8
BLACK
6
CONTINUOUS
10
-0.2462023228346457
20
-0.0425570866141732
11
-0.2467949606299213
21
-0.0427193700787402
0
LINE
8
BLACK
6
CONTINUOUS
10
-0.2467949606299213
20
-0.0427193700787402
11
-0.2479384251968504
21
-0.0423382283464567
0
LINE
8
BLACK
6
CONTINUOUS
10
-0.2479384251968504
20
-0.0423382283464567
11
-0.2484774409448819
21
-0.0412601968503937
0
LINE
8
BLACK
6
CONTINUOUS
10
-0.2484774409448819
20
-0.0412601968503937
11
-0.2480962992125984
21
-0.0401167322834646
0
LINE
8
BLACK
6
CONTINUOUS
10
-0.2480962992125984
20
-0.0401167322834646
11
-0.247610905511811
21
-0.03974
0
LINE
8
BLACK
6
CONTINUOUS
10
-0.247610905511811
20
-0.03974
11
-0.2463396456692913
21
-0.0391043307086614
0
LINE
8
BLACK
6
CONTINUOUS
10
-0.2463396456692913
20
-0.0391043307086614
11
-0.2451308267716535
21
-0.0378954724409449
0
LINE
8
BLACK
6
CONTINUOUS
10
-0.2451308267716535
20
-0.0378954724409449
11
-0.2437174803149606
21
-0.0357755118110236
0
LINE
8
BLACK
6
CONTINUOUS
10
-0.2437174803149606
20
-0.0357755118110236
11
-0.2432834251968504
21
-0.0353405905511811
0
LINE
8
BLACK
6
CONTINUOUS
10
-0.2432834251968504
20
-0.0353405905511811
11
-0.2431244488188976
21
-0.0353087795275591
0
LINE
8
BLACK
6
CONTINUOUS
10
-0.2431244488188976
20
-0.0353087795275591
11
-0.2430098031496063
21
-0.0351941732283465
0
LINE
8
BLACK
6
CONTINUOUS
10
-0.2430098031496063
20
-0.0351941732283465
11
-0.2425512204724409
21
-0.0351941732283465
0
LINE
8
BLACK
6
CONTINUOUS
10
-0.2425512204724409
20
-0.0351941732283465
11
-0.2421015354330709
21
-0.0351042519685039
0
LINE
8
BLACK
6
CONTINUOUS
10
-0.2421015354330709
20
-0.0351042519685039
11
-0.2419666535433071
21
-0.0351941732283465
0
LINE
8
BLACK
6
CONTINUOUS
10
-0.2074709842519685
20
-0.0351941732283465
11
-0.2073088582677165
21
-0.0351941732283465
0
LINE
8
BLACK
6
CONTINUOUS
10
-0.2073088582677165
20
-0.0351941732283465
11
-0.2069846456692913
21
-0.0355183858267717
0
LINE
8
BLACK
6
CONTINUOUS
10
-0.2069846456692913
20
-0.0355183858267717
11
-0.206603031496063
21
-0.0357727952755906
0
LINE
8
BLACK
6
CONTINUOUS
10
-0.206603031496063
20
-0.0357727952755906
11
-0.2065712598425197
21
-0.0359317716535433
0
LINE
8
BLACK
6
CONTINUOUS
10
-0.2065712598425197
20
-0.0359317716535433
11
-0.2064565748031496
21
-0.0360464566929134
0
LINE
8
BLACK
6
CONTINUOUS
10
-0.2064565748031496
20
-0.0360464566929134
11
-0.2063366929133858
21
-0.036649094488189
0
LINE
8
BLACK
6
CONTINUOUS
10
-0.2063366929133858
20
-0.036649094488189
11
-0.2063366929133858
21
-0.0508223228346457
0
LINE
8
BLACK
6
CONTINUOUS
10
-0.2063366929133858
20
-0.0508223228346457
11
-0.2034120866141732
21
-0.0508223228346457
0
LINE
8
BLACK
6
CONTINUOUS
10
-0.2034120866141732
20
-0.0508223228346457
11
-0.2028094488188976
21
-0.0509422047244094
0
LINE
8
BLACK
6
CONTINUOUS
10
-0.2028094488188976
20
-0.0509422047244094
11
-0.2019571653543307
21
-0.0517944881889764
0
LINE
8
BLACK
6
CONTINUOUS
10
-0.2019571653543307
20
-0.0517944881889764
11
-0.2019571653543307
21
-0.0529997637795276
0
LINE
8
BLACK
6
CONTINUOUS
10
-0.2019571653543307
20
-0.0529997637795276
11
-0.2028094488188976
21
-0.0538520472440945
0
LINE
8
BLACK
6
CONTINUOUS
10
-0.2028094488188976
20
-0.0538520472440945
11
-0.2034120866141732
21
-0.0539719291338583
0
LINE
8
BLACK
6
CONTINUOUS
10
-0.2034120866141732
20
-0.0539719291338583
11
-0.2124109448818897
21
-0.0539719291338583
0
LINE
8
BLACK
6
CONTINUOUS
10
-0.2124109448818897
20
-0.0539719291338583
11
-0.2130135826771654
21
-0.0538520472440945
0
LINE
8
BLACK
6
CONTINUOUS
10
-0.2130135826771654
20
-0.0538520472440945
11
-0.2138658661417323
21
-0.0529997637795276
0
LINE
8
BLACK
6
CONTINUOUS
10
-0.2138658661417323
20
-0.0529997637795276
11
-0.2138658661417323
21
-0.0517944881889764
0
LINE
8
BLACK
6
CONTINUOUS
10
-0.2138658661417323
20
-0.0517944881889764
11
-0.2130135826771654
21
-0.0509422047244094
0
LINE
8
BLACK
6
CONTINUOUS
10
-0.2130135826771654
20
-0.0509422047244094
11
-0.2124109448818897
21
-0.0508223228346457
0
LINE
8
BLACK
6
CONTINUOUS
10
-0.2124109448818897
20
-0.0508223228346457
11
-0.2094862992125984
21
-0.0508223228346457
0
LINE
8
BLACK
6
CONTINUOUS
10
-0.2094862992125984
20
-0.0508223228346457
11
-0.2094862992125984
21
-0.0412008661417323
0
LINE
8
BLACK
6
CONTINUOUS
10
-0.2094862992125984
20
-0.0412008661417323
11
-0.2097975984251969
21
-0.0415121653543307
0
LINE
8
BLACK
6
CONTINUOUS
10
-0.2097975984251969
20
-0.0415121653543307
11
-0.2100072834645669
21
-0.0416522440944882
0
LINE
8
BLACK
6
CONTINUOUS
10
-0.2100072834645669
20
-0.0416522440944882
11
-0.2102068503937008
21
-0.0418071653543307
0
LINE
8
BLACK
6
CONTINUOUS
10
-0.2102068503937008
20
-0.0418071653543307
11
-0.2117066535433071
21
-0.0425570866141732
0
LINE
8
BLACK
6
CONTINUOUS
10
-0.2117066535433071
20
-0.0425570866141732
11
-0.2122992913385827
21
-0.0427193700787402
0
LINE
8
BLACK
6
CONTINUOUS
10
-0.2122992913385827
20
-0.0427193700787402
11
-0.2134427559055118
21
-0.0423382283464567
0
LINE
8
BLACK
6
CONTINUOUS
10
-0.2134427559055118
20
-0.0423382283464567
11
-0.2139817716535433
21
-0.0412601968503937
0
LINE
8
BLACK
6
CONTINUOUS
10
-0.2139817716535433
20
-0.0412601968503937
11
-0.2136006299212598
21
-0.0401167322834646
0
LINE
8
BLACK
6
CONTINUOUS
10
-0.2136006299212598
20
-0.0401167322834646
11
-0.2131152362204724
21
-0.03974
0
LINE
8
BLACK
6
CONTINUOUS
10
-0.2131152362204724
20
-0.03974
11
-0.2118439763779527
21
-0.0391043307086614
0
LINE
8
BLACK
6
CONTINUOUS
10
-0.2118439763779527
20
-0.0391043307086614
11
-0.2106351574803149
21
-0.0378954724409449
0
LINE
8
BLACK
6
CONTINUOUS
10
-0.2106351574803149
20
-0.0378954724409449
11
-0.2092218110236221
21
-0.0357755118110236
0
LINE
8
BLACK
6
CONTINUOUS
10
-0.2092218110236221
20
-0.0357755118110236
11
-0.2087877559055118
21
-0.0353405905511811
0
LINE
8
BLACK
6
CONTINUOUS
10
-0.2087877559055118
20
-0.0353405905511811
11
-0.208628779527559
21
-0.0353087795275591
0
LINE
8
BLACK
6
CONTINUOUS
10
-0.208628779527559
20
-0.0353087795275591
11
-0.2085141338582677
21
-0.0351941732283465
0
LINE
8
BLACK
6
CONTINUOUS
10
-0.2085141338582677
20
-0.0351941732283465
11
-0.2080555511811024
21
-0.0351941732283465
0
LINE
8
BLACK
6
CONTINUOUS
10
-0.2080555511811024
20
-0.0351941732283465
11
-0.2076058661417323
21
-0.0351042519685039
0
LINE
8
BLACK
6
CONTINUOUS
10
-0.2076058661417323
20
-0.0351042519685039
11
-0.2074709842519685
21
-0.0351941732283465
0
LINE
8
BLACK
6
CONTINUOUS
10
-0.1879747244094488
20
-0.0351616535433071
11
-0.1879094488188976
21
-0.0351573228346457
0
LINE
8
BLACK
6
CONTINUOUS
10
-0.1879094488188976
20
-0.0351573228346457
11
-0.1878838188976378
21
-0.0351797244094488
0
LINE
8
BLACK
6
CONTINUOUS
10
-0.1878838188976378
20
-0.0351797244094488
11
-0.1878113385826772
21
-0.0351941732283465
0
LINE
8
BLACK
6
CONTINUOUS
10
-0.1878113385826772
20
-0.0351941732283465
11
-0.1874195669291339
21
-0.0355859448818898
0
LINE
8
BLACK
6
CONTINUOUS
10
-0.1874195669291339
20
-0.0355859448818898
11
-0.1870023622047244
21
-0.0359509842519685
0
LINE
8
BLACK
6
CONTINUOUS
10
-0.1870023622047244
20
-0.0359509842519685
11
-0.1869986614173228
21
-0.0360068503937008
0
LINE
8
BLACK
6
CONTINUOUS
10
-0.1869986614173228
20
-0.0360068503937008
11
-0.1869590551181102
21
-0.0360464566929134
0
LINE
8
BLACK
6
CONTINUOUS
10
-0.1869590551181102
20
-0.0360464566929134
11
-0.1869590551181102
21
-0.0366007086614173
0
LINE
8
BLACK
6
CONTINUOUS
10
-0.1869590551181102
20
-0.0366007086614173
11
-0.1869222047244095
21
-0.0371536220472441
0
LINE
8
BLACK
6
CONTINUOUS
10
-0.1869222047244095
20
-0.0371536220472441
11
-0.1869590551181102
21
-0.0372175984251968
0
LINE
8
BLACK
6
CONTINUOUS
10
-0.1869590551181102
20
-0.0372175984251968
11
-0.1869590551181102
21
-0.0372517322834646
0
LINE
8
BLACK
6
CONTINUOUS
10
-0.1869590551181102
20
-0.0372517322834646
11
-0.1870053937007874
21
-0.037298031496063
0
LINE
8
BLACK
6
CONTINUOUS
10
-0.1870053937007874
20
-0.037298031496063
11
-0.1872288188976378
21
-0.0376861023622047
0
LINE
8
BLACK
6
CONTINUOUS
10
-0.1872288188976378
20
-0.0376861023622047
11
-0.190451220472441
21
-0.0413688188976378
0
LINE
8
BLACK
6
CONTINUOUS
10
-0.190451220472441
20
-0.0413688188976378
11
-0.1892094881889764
21
-0.0419897244094488
0
LINE
8
BLACK
6
CONTINUOUS
10
-0.1892094881889764
20
-0.0419897244094488
11
-0.1890100393700787
21
-0.0421445275590551
0
LINE
8
BLACK
6
CONTINUOUS
10
-0.1890100393700787
20
-0.0421445275590551
11
-0.1888002362204724
21
-0.0422846850393701
0
LINE
8
BLACK
6
CONTINUOUS
10
-0.1888002362204724
20
-0.0422846850393701
11
-0.1880503543307087
21
-0.0430345669291339
0
LINE
8
BLACK
6
CONTINUOUS
10
-0.1880503543307087
20
-0.0430345669291339
11
-0.1879101574803149
21
-0.0432443700787402
0
LINE
8
BLACK
6
CONTINUOUS
10
-0.1879101574803149
20
-0.0432443700787402
11
-0.1877553149606299
21
-0.0434438976377953
0
LINE
8
BLACK
6
CONTINUOUS
10
-0.1877553149606299
20
-0.0434438976377953
11
-0.1870054330708661
21
-0.0449437401574803
0
LINE
8
BLACK
6
CONTINUOUS
10
-0.1870054330708661
20
-0.0449437401574803
11
-0.1869846062992126
21
-0.0450198031496063
0
LINE
8
BLACK
6
CONTINUOUS
10
-0.1869846062992126
20
-0.0450198031496063
11
-0.1869590551181102
21
-0.0450453543307087
0
LINE
8
BLACK
6
CONTINUOUS
10
-0.1869590551181102
20
-0.0450453543307087
11
-0.1869098031496063
21
-0.045293031496063
0
LINE
8
BLACK
6
CONTINUOUS
10
-0.1869098031496063
20
-0.045293031496063
11
-0.1868431496062992
21
-0.0455363779527559
0
LINE
8
BLACK
6
CONTINUOUS
10
-0.1868431496062992
20
-0.0455363779527559
11
-0.1868545669291339
21
-0.0455705905511811
0
LINE
8
BLACK
6
CONTINUOUS
10
-0.1868545669291339
20
-0.0455705905511811
11
-0.1868391732283465
21
-0.0456479921259842
0
LINE
8
BLACK
6
CONTINUOUS
10
-0.1868391732283465
20
-0.0456479921259842
11
-0.1868391732283465
21
-0.0493975196850394
0
LINE
8
BLACK
6
CONTINUOUS
10
-0.1868391732283465
20
-0.0493975196850394
11
-0.1868546062992126
21
-0.0494748818897638
0
LINE
8
BLACK
6
CONTINUOUS
10
-0.1868546062992126
20
-0.0494748818897638
11
-0.1868431496062992
21
-0.0495091732283465
0
LINE
8
BLACK
6
CONTINUOUS
10
-0.1868431496062992
20
-0.0495091732283465
11
-0.1869098031496063
21
-0.0497525196850394
0
LINE
8
BLACK
6
CONTINUOUS
10
-0.1869098031496063
20
-0.0497525196850394
11
-0.1869590551181102
21
-0.050000157480315
0
LINE
8
BLACK
6
CONTINUOUS
10
-0.1869590551181102
20
-0.050000157480315
11
-0.1869846062992126
21
-0.0500256692913386
0
LINE
8
BLACK
6
CONTINUOUS
10
-0.1869846062992126
20
-0.0500256692913386
11
-0.1870054330708661
21
-0.0501017716535433
0
LINE
8
BLACK
6
CONTINUOUS
10
-0.1870054330708661
20
-0.0501017716535433
11
-0.1877553149606299
21
-0.0516015748031496
0
LINE
8
BLACK
6
CONTINUOUS
10
-0.1877553149606299
20
-0.0516015748031496
11
-0.1879101181102362
21
-0.0518009842519685
0
LINE
8
BLACK
6
CONTINUOUS
10
-0.1879101181102362
20
-0.0518009842519685
11
-0.1880503149606299
21
-0.0520108661417323
0
LINE
8
BLACK
6
CONTINUOUS
10
-0.1880503149606299
20
-0.0520108661417323
11
-0.1888002362204724
21
-0.0527607874015748
0
LINE
8
BLACK
6
CONTINUOUS
10
-0.1888002362204724
20
-0.0527607874015748
11
-0.1890100787401575
21
-0.0529009448818898
0
LINE
8
BLACK
6
CONTINUOUS
10
-0.1890100787401575
20
-0.0529009448818898
11
-0.1892095275590551
21
-0.0530557874015748
0
LINE
8
BLACK
6
CONTINUOUS
10
-0.1892095275590551
20
-0.0530557874015748
11
-0.1907093307086614
21
-0.0538056692913386
0
LINE
8
BLACK
6
CONTINUOUS
10
-0.1907093307086614
20
-0.0538056692913386
11
-0.1907854330708662
21
-0.0538264960629921
0
LINE
8
BLACK
6
CONTINUOUS
10
-0.1907854330708662
20
-0.0538264960629921
11
-0.1908109448818898
21
-0.0538520472440945
0
LINE
8
BLACK
6
CONTINUOUS
10
-0.1908109448818898
20
-0.0538520472440945
11
-0.1910586614173228
21
-0.0539012992125984
0
LINE
8
BLACK
6
CONTINUOUS
10
-0.1910586614173228
20
-0.0539012992125984
11
-0.191301968503937
21
-0.0539679527559055
0
LINE
8
BLACK
6
CONTINUOUS
10
-0.191301968503937
20
-0.0539679527559055
11
-0.1913362204724409
21
-0.0539565354330709
0
LINE
8
BLACK
6
CONTINUOUS
10
-0.1913362204724409
20
-0.0539565354330709
11
-0.1914135826771654
21
-0.0539719291338583
0
LINE
8
BLACK
6
CONTINUOUS
10
-0.1914135826771654
20
-0.0539719291338583
11
-0.195913031496063
21
-0.0539719291338583
0
LINE
8
BLACK
6
CONTINUOUS
10
-0.195913031496063
20
-0.0539719291338583
11
-0.1959904330708661
21
-0.0539564960629921
0
LINE
8
BLACK
6
CONTINUOUS
10
-0.1959904330708661
20
-0.0539564960629921
11
-0.1960246850393701
21
-0.0539679527559055
0
LINE
8
BLACK
6
CONTINUOUS
10
-0.1960246850393701
20
-0.0539679527559055
11
-0.1962680708661417
21
-0.0539012992125984
0
LINE
8
BLACK
6
CONTINUOUS
10
-0.1962680708661417
20
-0.0539012992125984
11
-0.1965156692913386
21
-0.0538520472440945
0
LINE
8
BLACK
6
CONTINUOUS
10
-0.1965156692913386
20
-0.0538520472440945
11
-0.1965412204724409
21
-0.0538264960629921
0
LINE
8
BLACK
6
CONTINUOUS
10
-0.1965412204724409
20
-0.0538264960629921
11
-0.1966172834645669
21
-0.0538056692913386
0
LINE
8
BLACK
6
CONTINUOUS
10
-0.1966172834645669
20
-0.0538056692913386
11
-0.1981170866141732
21
-0.0530557874015748
0
LINE
8
BLACK
6
CONTINUOUS
10
-0.1981170866141732
20
-0.0530557874015748
11
-0.1983165354330709
21
-0.0529009842519685
0
LINE
8
BLACK
6
CONTINUOUS
10
-0.1983165354330709
20
-0.0529009842519685
11
-0.1985263779527559
21
-0.0527607874015748
0
LINE
8
BLACK
6
CONTINUOUS
10
-0.1985263779527559
20
-0.0527607874015748
11
-0.1992762992125984
21
-0.0520108661417323
0
LINE
8
BLACK
6
CONTINUOUS
10
-0.1992762992125984
20
-0.0520108661417323
11
-0.1996176771653543
21
-0.0514999606299213
0
LINE
8
BLACK
6
CONTINUOUS
10
-0.1996176771653543
20
-0.0514999606299213
11
-0.1996176771653543
21
-0.0502946850393701
0
LINE
8
BLACK
6
CONTINUOUS
10
-0.1996176771653543
20
-0.0502946850393701
11
-0.1987653937007874
21
-0.0494424015748031
0
LINE
8
BLACK
6
CONTINUOUS
10
-0.1987653937007874
20
-0.0494424015748031
11
-0.1975601181102362
21
-0.0494424015748031
0
LINE
8
BLACK
6
CONTINUOUS
10
-0.1975601181102362
20
-0.0494424015748031
11
-0.1970492125984252
21
-0.0497837795275591
0
LINE
8
BLACK
6
CONTINUOUS
10
-0.1970492125984252
20
-0.0497837795275591
11
-0.1964800393700787
21
-0.0503529527559055
0
LINE
8
BLACK
6
CONTINUOUS
10
-0.1964800393700787
20
-0.0503529527559055
11
-0.1955412992125984
21
-0.0508223228346457
0
LINE
8
BLACK
6
CONTINUOUS
10
-0.1955412992125984
20
-0.0508223228346457
11
-0.1917853149606299
21
-0.0508223228346457
0
LINE
8
BLACK
6
CONTINUOUS
10
-0.1917853149606299
20
-0.0508223228346457
11
-0.1908466141732283
21
-0.0503529527559055
0
LINE
8
BLACK
6
CONTINUOUS
10
-0.1908466141732283
20
-0.0503529527559055
11
-0.1904581496062992
21
-0.0499644881889764
0
LINE
8
BLACK
6
CONTINUOUS
10
-0.1904581496062992
20
-0.0499644881889764
11
-0.189988779527559
21
-0.0490257874015748
0
LINE
8
BLACK
6
CONTINUOUS
10
-0.189988779527559
20
-0.0490257874015748
11
-0.189988779527559
21
-0.0460197637795276
0
LINE
8
BLACK
6
CONTINUOUS
10
-0.189988779527559
20
-0.0460197637795276
11
-0.1904581102362205
21
-0.0450810236220472
0
LINE
8
BLACK
6
CONTINUOUS
10
-0.1904581102362205
20
-0.0450810236220472
11
-0.1908466535433071
21
-0.0446925196850394
0
LINE
8
BLACK
6
CONTINUOUS
10
-0.1908466535433071
20
-0.0446925196850394
11
-0.1917853543307086
21
-0.0442231496062992
0
LINE
8
BLACK
6
CONTINUOUS
10
-0.1917853543307086
20
-0.0442231496062992
11
-0.1936633070866142
21
-0.0442231496062992
0
LINE
8
BLACK
6
CONTINUOUS
10
-0.1936633070866142
20
-0.0442231496062992
11
-0.1941025984251968
21
-0.0441357480314961
0
LINE
8
BLACK
6
CONTINUOUS
10
-0.1941025984251968
20
-0.0441357480314961
11
-0.1941678346456693
21
-0.0441401181102362
0
LINE
8
BLACK
6
CONTINUOUS
10
-0.1941678346456693
20
-0.0441401181102362
11
-0.1941935039370079
21
-0.0441176771653543
0
LINE
8
BLACK
6
CONTINUOUS
10
-0.1941935039370079
20
-0.0441176771653543
11
-0.1942659448818898
21
-0.0441032677165354
0
LINE
8
BLACK
6
CONTINUOUS
10
-0.1942659448818898
20
-0.0441032677165354
11
-0.1946577559055118
21
-0.0437114566929134
0
LINE
8
BLACK
6
CONTINUOUS
10
-0.1946577559055118
20
-0.0437114566929134
11
-0.1950749212598425
21
-0.0433464566929134
0
LINE
8
BLACK
6
CONTINUOUS
10
-0.1950749212598425
20
-0.0433464566929134
11
-0.1950786614173228
21
-0.0432905511811024
0
LINE
8
BLACK
6
CONTINUOUS
10
-0.1950786614173228
20
-0.0432905511811024
11
-0.1951182283464567
21
-0.0432509842519685
0
LINE
8
BLACK
6
CONTINUOUS
10
-0.1951182283464567
20
-0.0432509842519685
11
-0.1951182283464567
21
-0.0426966929133858
0
LINE
8
BLACK
6
CONTINUOUS
10
-0.1951182283464567
20
-0.0426966929133858
11
-0.1951550787401575
21
-0.0421438188976378
0
LINE
8
BLACK
6
CONTINUOUS
10
-0.1951550787401575
20
-0.0421438188976378
11
-0.1951182283464567
21
-0.0420798031496063
0
LINE
8
BLACK
6
CONTINUOUS
10
-0.1951182283464567
20
-0.0420798031496063
11
-0.1951182283464567
21
-0.0420457086614173
0
LINE
8
BLACK
6
CONTINUOUS
10
-0.1951182283464567
20
-0.0420457086614173
11
-0.1950719291338583
21
-0.0419993700787402
0
LINE
8
BLACK
6
CONTINUOUS
10
-0.1950719291338583
20
-0.0419993700787402
11
-0.1948484645669291
21
-0.0416113385826772
0
LINE
8
BLACK
6
CONTINUOUS
10
-0.1948484645669291
20
-0.0416113385826772
11
-0.1918844488188976
21
-0.0382238976377953
0
LINE
8
BLACK
6
CONTINUOUS
10
-0.1918844488188976
20
-0.0382238976377953
11
-0.1981627559055118
21
-0.0382238976377953
0
LINE
8
BLACK
6
CONTINUOUS
10
-0.1981627559055118
20
-0.0382238976377953
11
-0.1987653937007874
21
-0.0381040157480315
0
LINE
8
BLACK
6
CONTINUOUS
10
-0.1987653937007874
20
-0.0381040157480315
11
-0.1996176771653543
21
-0.0372517322834646
0
LINE
8
BLACK
6
CONTINUOUS
10
-0.1996176771653543
20
-0.0372517322834646
11
-0.1996176771653543
21
-0.0360464566929134
0
LINE
8
BLACK
6
CONTINUOUS
10
-0.1996176771653543
20
-0.0360464566929134
11
-0.1987653937007874
21
-0.0351941732283465
0
LINE
8
BLACK
6
CONTINUOUS
10
-0.1987653937007874
20
-0.0351941732283465
11
-0.1981627559055118
21
-0.0350742913385827
0
LINE
8
BLACK
6
CONTINUOUS
10
-0.1981627559055118
20
-0.0350742913385827
11
-0.1884139763779528
21
-0.0350742913385827
0
LINE
8
BLACK
6
CONTINUOUS
10
-0.1884139763779528
20
-0.0350742913385827
11
-0.1879747244094488
21
-0.0351616535433071
0
LINE
8
BLACK
6
CONTINUOUS
10
-0.301047125984252
20
-0.0351941732283465
11
-0.300194842519685
21
-0.0360464566929134
0
LINE
8
BLACK
6
CONTINUOUS
10
-0.300194842519685
20
-0.0360464566929134
11
-0.300194842519685
21
-0.0372517322834646
0
LINE
8
BLACK
6
CONTINUOUS
10
-0.300194842519685
20
-0.0372517322834646
11
-0.301047125984252
21
-0.0381040157480315
0
LINE
8
BLACK
6
CONTINUOUS
10
-0.301047125984252
20
-0.0381040157480315
11
-0.3016497637795276
21
-0.0382238976377953
0
LINE
8
BLACK
6
CONTINUOUS
10
-0.3016497637795276
20
-0.0382238976377953
11
-0.3045744094488189
21
-0.0382238976377953
0
LINE
8
BLACK
6
CONTINUOUS
10
-0.3045744094488189
20
-0.0382238976377953
11
-0.3045744094488189
21
-0.052397125984252
0
LINE
8
BLACK
6
CONTINUOUS
10
-0.3045744094488189
20
-0.052397125984252
11
-0.3046942913385827
21
-0.0529997637795276
0
LINE
8
BLACK
6
CONTINUOUS
10
-0.3046942913385827
20
-0.0529997637795276
11
-0.3055465748031496
21
-0.0538520472440945
0
LINE
8
BLACK
6
CONTINUOUS
10
-0.3055465748031496
20
-0.0538520472440945
11
-0.3067518503937008
21
-0.0538520472440945
0
LINE
8
BLACK
6
CONTINUOUS
10
-0.3067518503937008
20
-0.0538520472440945
11
-0.3076041338582677
21
-0.0529997637795276
0
LINE
8
BLACK
6
CONTINUOUS
10
-0.3076041338582677
20
-0.0529997637795276
11
-0.3077240157480315
21
-0.052397125984252
0
LINE
8
BLACK
6
CONTINUOUS
10
-0.3077240157480315
20
-0.052397125984252
11
-0.3077240157480315
21
-0.0382238976377953
0
LINE
8
BLACK
6
CONTINUOUS
10
-0.3077240157480315
20
-0.0382238976377953
11
-0.3106486220472441
21
-0.0382238976377953
0
LINE
8
BLACK
6
CONTINUOUS
10
-0.3106486220472441
20
-0.0382238976377953
11
-0.3112512598425197
21
-0.0381040157480315
0
LINE
8
BLACK
6
CONTINUOUS
10
-0.3112512598425197
20
-0.0381040157480315
11
-0.3121035433070866
21
-0.0372517322834646
0
LINE
8
BLACK
6
CONTINUOUS
10
-0.3121035433070866
20
-0.0372517322834646
11
-0.3121035433070866
21
-0.0360464566929134
0
LINE
8
BLACK
6
CONTINUOUS
10
-0.3121035433070866
20
-0.0360464566929134
11
-0.3112512598425197
21
-0.0351941732283465
0
LINE
8
BLACK
6
CONTINUOUS
10
-0.3112512598425197
20
-0.0351941732283465
11
-0.3106486220472441
21
-0.0350742913385827
0
LINE
8
BLACK
6
CONTINUOUS
10
-0.3106486220472441
20
-0.0350742913385827
11
-0.3016497637795276
21
-0.0350742913385827
0
LINE
8
BLACK
6
CONTINUOUS
10
-0.3016497637795276
20
-0.0350742913385827
11
-0.301047125984252
21
-0.0351941732283465
0
LINE
8
BLACK
6
CONTINUOUS
10
-0.2530531102362205
20
-0.0449429527559055
11
-0.2522008267716536
21
-0.0457952362204724
0
LINE
8
BLACK
6
CONTINUOUS
10
-0.2522008267716536
20
-0.0457952362204724
11
-0.2522008267716536
21
-0.0470005118110236
0
LINE
8
BLACK
6
CONTINUOUS
10
-0.2522008267716536
20
-0.0470005118110236
11
-0.2530531102362205
21
-0.0478527952755905
0
LINE
8
BLACK
6
CONTINUOUS
10
-0.2530531102362205
20
-0.0478527952755905
11
-0.253655748031496
21
-0.0479726771653543
0
LINE
8
BLACK
6
CONTINUOUS
10
-0.253655748031496
20
-0.0479726771653543
11
-0.265654251968504
21
-0.0479726771653543
0
LINE
8
BLACK
6
CONTINUOUS
10
-0.265654251968504
20
-0.0479726771653543
11
-0.2662568897637795
21
-0.0478527952755905
0
LINE
8
BLACK
6
CONTINUOUS
10
-0.2662568897637795
20
-0.0478527952755905
11
-0.2671091732283464
21
-0.0470005118110236
0
LINE
8
BLACK
6
CONTINUOUS
10
-0.2671091732283464
20
-0.0470005118110236
11
-0.2671091732283464
21
-0.0457952362204724
0
LINE
8
BLACK
6
CONTINUOUS
10
-0.2671091732283464
20
-0.0457952362204724
11
-0.2662568897637795
21
-0.0449429527559055
0
LINE
8
BLACK
6
CONTINUOUS
10
-0.2662568897637795
20
-0.0449429527559055
11
-0.265654251968504
21
-0.0448230708661417
0
LINE
8
BLACK
6
CONTINUOUS
10
-0.265654251968504
20
-0.0448230708661417
11
-0.253655748031496
21
-0.0448230708661417
0
LINE
8
BLACK
6
CONTINUOUS
10
-0.253655748031496
20
-0.0448230708661417
11
-0.2530531102362205
21
-0.0449429527559055
0
LINE
8
BLACK
6
CONTINUOUS
10
-0.2185574409448819
20
-0.0449429527559055
11
-0.217705157480315
21
-0.0457952362204724
0
LINE
8
BLACK
6
CONTINUOUS
10
-0.217705157480315
20
-0.0457952362204724
11
-0.217705157480315
21
-0.0470005118110236
0
LINE
8
BLACK
6
CONTINUOUS
10
-0.217705157480315
20
-0.0470005118110236
11
-0.2185574409448819
21
-0.0478527952755905
0
LINE
8
BLACK
6
CONTINUOUS
10
-0.2185574409448819
20
-0.0478527952755905
11
-0.2191600787401575
21
-0.0479726771653543
0
LINE
8
BLACK
6
CONTINUOUS
10
-0.2191600787401575
20
-0.0479726771653543
11
-0.2311585826771654
21
-0.0479726771653543
0
LINE
8
BLACK
6
CONTINUOUS
10
-0.2311585826771654
20
-0.0479726771653543
11
-0.2317612204724409
21
-0.0478527952755905
0
LINE
8
BLACK
6
CONTINUOUS
10
-0.2317612204724409
20
-0.0478527952755905
11
-0.2326135039370079
21
-0.0470005118110236
0
LINE
8
BLACK
6
CONTINUOUS
10
-0.2326135039370079
20
-0.0470005118110236
11
-0.2326135039370079
21
-0.0457952362204724
0
LINE
8
BLACK
6
CONTINUOUS
10
-0.2326135039370079
20
-0.0457952362204724
11
-0.2317612204724409
21
-0.0449429527559055
0
LINE
8
BLACK
6
CONTINUOUS
10
-0.2317612204724409
20
-0.0449429527559055
11
-0.2311585826771654
21
-0.0448230708661417
0
LINE
8
BLACK
6
CONTINUOUS
10
-0.2311585826771654
20
-0.0448230708661417
11
-0.2191600787401575
21
-0.0448230708661417
0
LINE
8
BLACK
6
CONTINUOUS
10
-0.2191600787401575
20
-0.0448230708661417
11
-0.2185574409448819
21
-0.0449429527559055
0
LINE
8
BLACK
6
CONTINUOUS
10
0.0021824015748031
20
0.028463031496063
11
0.0023622047244094
21
0.0275590551181102
0
LINE
8
BLACK
6
CONTINUOUS
10
0.0023622047244094
20
0.0275590551181102
11
0.0023622047244094
21
-0.0196850393700787
0
LINE
8
BLACK
6
CONTINUOUS
10
0.0023622047244094
20
-0.0196850393700787
11
0.0021824015748031
21
-0.0205890157480315
0
LINE
8
BLACK
6
CONTINUOUS
10
0.0021824015748031
20
-0.0205890157480315
11
0.0009039763779528
21
-0.0218674409448819
0
LINE
8
BLACK
6
CONTINUOUS
10
0.0009039763779528
20
-0.0218674409448819
11
-0.0009039763779528
21
-0.0218674409448819
0
LINE
8
BLACK
6
CONTINUOUS
10
-0.0009039763779528
20
-0.0218674409448819
11
-0.0021824015748031
21
-0.0205890157480315
0
LINE
8
BLACK
6
CONTINUOUS
10
-0.0021824015748031
20
-0.0205890157480315
11
-0.0023622047244094
21
-0.0196850393700787
0
LINE
8
BLACK
6
CONTINUOUS
10
-0.0023622047244094
20
-0.0196850393700787
11
-0.0023622047244094
21
0.0275590551181102
0
LINE
8
BLACK
6
CONTINUOUS
10
-0.0023622047244094
20
0.0275590551181102
11
-0.0021824015748031
21
0.028463031496063
0
LINE
8
BLACK
6
CONTINUOUS
10
-0.0021824015748031
20
0.028463031496063
11
-0.0009039763779528
21
0.0297414566929134
0
LINE
8
BLACK
6
CONTINUOUS
10
-0.0009039763779528
20
0.0297414566929134
11
0.0009039763779528
21
0.0297414566929134
0
LINE
8
BLACK
6
CONTINUOUS
10
0.0009039763779528
20
0.0297414566929134
11
0.0021824015748031
21
0.028463031496063
0
LINE
8
BLACK
6
CONTINUOUS
10
-0.2047244094488189
20
0.0023622047244094
11
-0.2038204330708661
21
0.0021824015748031
0
LINE
8
BLACK
6
CONTINUOUS
10
-0.2038204330708661
20
0.0021824015748031
11
-0.2025420078740157
21
0.0009039763779528
0
LINE
8
BLACK
6
CONTINUOUS
10
-0.2025420078740157
20
0.0009039763779528
11
-0.2025420078740157
21
-0.0009039763779528
0
LINE
8
BLACK
6
CONTINUOUS
10
-0.2025420078740157
20
-0.0009039763779528
11
-0.2038204330708661
21
-0.0021824015748031
0
LINE
8
BLACK
6
CONTINUOUS
10
-0.2038204330708661
20
-0.0021824015748031
11
-0.2047244094488189
21
-0.0023622047244094
0
LINE
8
BLACK
6
CONTINUOUS
10
-0.2047244094488189
20
-0.0023622047244094
11
-0.3307086614173228
21
-0.0023622047244094
0
LINE
8
BLACK
6
CONTINUOUS
10
-0.3307086614173228
20
-0.0023622047244094
11
-0.3316126377952756
21
-0.0021824015748031
0
LINE
8
BLACK
6
CONTINUOUS
10
-0.3316126377952756
20
-0.0021824015748031
11
-0.332891062992126
21
-0.0009039763779528
0
LINE
8
BLACK
6
CONTINUOUS
10
-0.332891062992126
20
-0.0009039763779528
11
-0.332891062992126
21
0.0009039763779528
0
LINE
8
BLACK
6
CONTINUOUS
10
-0.332891062992126
20
0.0009039763779528
11
-0.3316126377952756
21
0.0021824015748031
0
LINE
8
BLACK
6
CONTINUOUS
10
-0.3316126377952756
20
0.0021824015748031
11
-0.3307086614173228
21
0.0023622047244094
0
LINE
8
BLACK
6
CONTINUOUS
10
-0.3307086614173228
20
0.0023622047244094
11
-0.2047244094488189
21
0.0023622047244094
0
LINE
8
BLACK
6
CONTINUOUS
10
-0.2047244094488189
20
0.0102362204724409
11
-0.2038204330708661
21
0.0100564173228346
0
LINE
8
BLACK
6
CONTINUOUS
10
-0.2038204330708661
20
0.0100564173228346
11
-0.2025420078740157
21
0.0087779921259843
0
LINE
8
BLACK
6
CONTINUOUS
10
-0.2025420078740157
20
0.0087779921259843
11
-0.2025420078740157
21
0.0069700393700787
0
LINE
8
BLACK
6
CONTINUOUS
10
-0.2025420078740157
20
0.0069700393700787
11
-0.2038204330708661
21
0.0056916141732283
0
LINE
8
BLACK
6
CONTINUOUS
10
-0.2038204330708661
20
0.0056916141732283
11
-0.2047244094488189
21
0.005511811023622
0
LINE
8
BLACK
6
CONTINUOUS
10
-0.2047244094488189
20
0.005511811023622
11
-0.3307086614173228
21
0.005511811023622
0
LINE
8
BLACK
6
CONTINUOUS
10
-0.3307086614173228
20
0.005511811023622
11
-0.3316126377952756
21
0.0056916141732283
0
LINE
8
BLACK
6
CONTINUOUS
10
-0.3316126377952756
20
0.0056916141732283
11
-0.332891062992126
21
0.0069700393700787
0
LINE
8
BLACK
6
CONTINUOUS
10
-0.332891062992126
20
0.0069700393700787
11
-0.332891062992126
21
0.0087779921259843
0
LINE
8
BLACK
6
CONTINUOUS
10
-0.332891062992126
20
0.0087779921259843
11
-0.3316126377952756
21
0.0100564173228346
0
LINE
8
BLACK
6
CONTINUOUS
10
-0.3316126377952756
20
0.0100564173228346
11
-0.3307086614173228
21
0.0102362204724409
0
LINE
8
BLACK
6
CONTINUOUS
10
-0.3307086614173228
20
0.0102362204724409
11
-0.2047244094488189
21
0.0102362204724409
0
LINE
8
BLACK
6
CONTINUOUS
10
-0.4117155118110236
20
0.1552136220472441
11
-0.3307086614173228
21
0.074206811023622
0
LINE
8
BLACK
6
CONTINUOUS
10
-0.3307086614173228
20
0.074206811023622
11
-0.2497018503937008
21
0.1552136220472441
0
LINE
8
BLACK
6
CONTINUOUS
10
-0.2497018503937008
20
0.1552136220472441
11
-0.2489355118110236
21
0.1557257086614173
0
LINE
8
BLACK
6
CONTINUOUS
10
-0.2489355118110236
20
0.1557257086614173
11
-0.2471275196850394
21
0.1557257086614173
0
LINE
8
BLACK
6
CONTINUOUS
10
-0.2471275196850394
20
0.1557257086614173
11
-0.245849094488189
21
0.1544472834645669
0
LINE
8
BLACK
6
CONTINUOUS
10
-0.245849094488189
20
0.1544472834645669
11
-0.245849094488189
21
0.1526392913385827
0
LINE
8
BLACK
6
CONTINUOUS
10
-0.245849094488189
20
0.1526392913385827
11
-0.2463611811023622
21
0.1518729527559055
0
LINE
8
BLACK
6
CONTINUOUS
10
-0.2463611811023622
20
0.1518729527559055
11
-0.3283464566929134
21
0.0698877165354331
0
LINE
8
BLACK
6
CONTINUOUS
10
-0.3283464566929134
20
0.0698877165354331
11
-0.3283464566929134
21
0.031496062992126
0
LINE
8
BLACK
6
CONTINUOUS
10
-0.3283464566929134
20
0.031496062992126
11
-0.3283464566929134
21
0.0293759448818898
0
LINE
8
BLACK
6
CONTINUOUS
10
-0.3283464566929134
20
0.0293759448818898
11
-0.3270361417322835
21
0.0253432677165354
0
LINE
8
BLACK
6
CONTINUOUS
10
-0.3270361417322835
20
0.0253432677165354
11
-0.3245438188976378
21
0.021912874015748
0
LINE
8
BLACK
6
CONTINUOUS
10
-0.3245438188976378
20
0.021912874015748
11
-0.3211134251968504
21
0.0194205511811024
0
LINE
8
BLACK
6
CONTINUOUS
10
-0.3211134251968504
20
0.0194205511811024
11
-0.3170807480314961
21
0.0181102362204724
0
LINE
8
BLACK
6
CONTINUOUS
10
-0.3170807480314961
20
0.0181102362204724
11
-0.3128405118110236
21
0.0181102362204724
0
LINE
8
BLACK
6
CONTINUOUS
10
-0.3128405118110236
20
0.0181102362204724
11
-0.3088078346456693
21
0.0194205511811024
0
LINE
8
BLACK
6
CONTINUOUS
10
-0.3088078346456693
20
0.0194205511811024
11
-0.3053774409448819
21
0.021912874015748
0
LINE
8
BLACK
6
CONTINUOUS
10
-0.3053774409448819
20
0.021912874015748
11
-0.3028851181102362
21
0.0253432677165354
0
LINE
8
BLACK
6
CONTINUOUS
10
-0.3028851181102362
20
0.0253432677165354
11
-0.3015748031496063
21
0.0293759448818898
0
LINE
8
BLACK
6
CONTINUOUS
10
-0.3015748031496063
20
0.0293759448818898
11
-0.3015748031496063
21
0.031496062992126
0
LINE
8
BLACK
6
CONTINUOUS
10
-0.3015748031496063
20
0.031496062992126
11
-0.3011236614173228
21
0.0328845275590551
0
LINE
8
BLACK
6
CONTINUOUS
10
-0.3011236614173228
20
0.0328845275590551
11
-0.2999425590551181
21
0.0337426377952756
0
LINE
8
BLACK
6
CONTINUOUS
10
-0.2999425590551181
20
0.0337426377952756
11
-0.2984826377952756
21
0.0337426377952756
0
LINE
8
BLACK
6
CONTINUOUS
10
-0.2984826377952756
20
0.0337426377952756
11
-0.2973015354330709
21
0.0328845275590551
0
LINE
8
BLACK
6
CONTINUOUS
10
-0.2973015354330709
20
0.0328845275590551
11
-0.2968503937007874
21
0.031496062992126
0
LINE
8
BLACK
6
CONTINUOUS
10
-0.2968503937007874
20
0.031496062992126
11
-0.2968503937007874
21
0.0293759448818898
0
LINE
8
BLACK
6
CONTINUOUS
10
-0.2968503937007874
20
0.0293759448818898
11
-0.2955400787401575
21
0.0253432677165354
0
LINE
8
BLACK
6
CONTINUOUS
10
-0.2955400787401575
20
0.0253432677165354
11
-0.2930477559055118
21
0.021912874015748
0
LINE
8
BLACK
6
CONTINUOUS
10
-0.2930477559055118
20
0.021912874015748
11
-0.2896173622047244
21
0.0194205511811024
0
LINE
8
BLACK
6
CONTINUOUS
10
-0.2896173622047244
20
0.0194205511811024
11
-0.2855846850393701
21
0.0181102362204724
0
LINE
8
BLACK
6
CONTINUOUS
10
-0.2855846850393701
20
0.0181102362204724
11
-0.2813444488188976
21
0.0181102362204724
0
LINE
8
BLACK
6
CONTINUOUS
10
-0.2813444488188976
20
0.0181102362204724
11
-0.2773117716535433
21
0.0194205511811024
0
LINE
8
BLACK
6
CONTINUOUS
10
-0.2773117716535433
20
0.0194205511811024
11
-0.2738813779527559
21
0.021912874015748
0
LINE
8
BLACK
6
CONTINUOUS
10
-0.2738813779527559
20
0.021912874015748
11
-0.2713890551181102
21
0.0253432677165354
0
LINE
8
BLACK
6
CONTINUOUS
10
-0.2713890551181102
20
0.0253432677165354
11
-0.2700787401574803
21
0.0293759448818898
0
LINE
8
BLACK
6
CONTINUOUS
10
-0.2700787401574803
20
0.0293759448818898
11
-0.2700787401574803
21
0.031496062992126
0
LINE
8
BLACK
6
CONTINUOUS
10
-0.2700787401574803
20
0.031496062992126
11
-0.2696275984251968
21
0.0328845275590551
0
LINE
8
BLACK
6
CONTINUOUS
10
-0.2696275984251968
20
0.0328845275590551
11
-0.2684464960629921
21
0.0337426377952756
0
LINE
8
BLACK
6
CONTINUOUS
10
-0.2684464960629921
20
0.0337426377952756
11
-0.2669865748031496
21
0.0337426377952756
0
LINE
8
BLACK
6
CONTINUOUS
10
-0.2669865748031496
20
0.0337426377952756
11
-0.2658054724409449
21
0.0328845275590551
0
LINE
8
BLACK
6
CONTINUOUS
10
-0.2658054724409449
20
0.0328845275590551
11
-0.2653543307086614
21
0.031496062992126
0
LINE
8
BLACK
6
CONTINUOUS
10
-0.2653543307086614
20
0.031496062992126
11
-0.2653543307086614
21
0.0293759448818898
0
LINE
8
BLACK
6
CONTINUOUS
10
-0.2653543307086614
20
0.0293759448818898
11
-0.2640440157480315
21
0.0253432677165354
0
LINE
8
BLACK
6
CONTINUOUS
10
-0.2640440157480315
20
0.0253432677165354
11
-0.2615516929133858
21
0.021912874015748
0
LINE
8
BLACK
6
CONTINUOUS
10
-0.2615516929133858
20
0.021912874015748
11
-0.2581212992125984
21
0.0194205511811024
0
LINE
8
BLACK
6
CONTINUOUS
10
-0.2581212992125984
20
0.0194205511811024
11
-0.2540886220472441
21
0.0181102362204724
0
LINE
8
BLACK
6
CONTINUOUS
10
-0.2540886220472441
20
0.0181102362204724
11
-0.2498483858267717
21
0.0181102362204724
0
LINE
8
BLACK
6
CONTINUOUS
10
-0.2498483858267717
20
0.0181102362204724
11
-0.2458157086614173
21
0.0194205511811024
0
LINE
8
BLACK
6
CONTINUOUS
10
-0.2458157086614173
20
0.0194205511811024
11
-0.2423853149606299
21
0.021912874015748
0
LINE
8
BLACK
6
CONTINUOUS
10
-0.2423853149606299
20
0.021912874015748
11
-0.2398929921259843
21
0.0253432677165354
0
LINE
8
BLACK
6
CONTINUOUS
10
-0.2398929921259843
20
0.0253432677165354
11
-0.2385826771653543
21
0.0293759448818898
0
LINE
8
BLACK
6
CONTINUOUS
10
-0.2385826771653543
20
0.0293759448818898
11
-0.2385826771653543
21
0.031496062992126
0
LINE
8
BLACK
6
CONTINUOUS
10
-0.2385826771653543
20
0.031496062992126
11
-0.2381315354330709
21
0.0328845275590551
0
LINE
8
BLACK
6
CONTINUOUS
10
-0.2381315354330709
20
0.0328845275590551
11
-0.2369504330708661
21
0.0337426377952756
0
LINE
8
BLACK
6
CONTINUOUS
10
-0.2369504330708661
20
0.0337426377952756
11
-0.2354905118110236
21
0.0337426377952756
0
LINE
8
BLACK
6
CONTINUOUS
10
-0.2354905118110236
20
0.0337426377952756
11
-0.2343094094488189
21
0.0328845275590551
0
LINE
8
BLACK
6
CONTINUOUS
10
-0.2343094094488189
20
0.0328845275590551
11
-0.2338582677165354
21
0.031496062992126
0
LINE
8
BLACK
6
CONTINUOUS
10
-0.2338582677165354
20
0.031496062992126
11
-0.2338582677165354
21
0.0293759448818898
0
LINE
8
BLACK
6
CONTINUOUS
10
-0.2338582677165354
20
0.0293759448818898
11
-0.2325479527559055
21
0.0253432677165354
0
LINE
8
BLACK
6
CONTINUOUS
10
-0.2325479527559055
20
0.0253432677165354
11
-0.2300556299212598
21
0.021912874015748
0
LINE
8
BLACK
6
CONTINUOUS
10
-0.2300556299212598
20
0.021912874015748
11
-0.2266252362204724
21
0.0194205511811024
0
LINE
8
BLACK
6
CONTINUOUS
10
-0.2266252362204724
20
0.0194205511811024
11
-0.2225925590551181
21
0.0181102362204724
0
LINE
8
BLACK
6
CONTINUOUS
10
-0.2225925590551181
20
0.0181102362204724
11
-0.2183523228346457
21
0.0181102362204724
0
LINE
8
BLACK
6
CONTINUOUS
10
-0.2183523228346457
20
0.0181102362204724
11
-0.2143196456692913
21
0.0194205511811024
0
LINE
8
BLACK
6
CONTINUOUS
10
-0.2143196456692913
20
0.0194205511811024
11
-0.2108892519685039
21
0.021912874015748
0
LINE
8
BLACK
6
CONTINUOUS
10
-0.2108892519685039
20
0.021912874015748
11
-0.2083969291338583
21
0.0253432677165354
0
LINE
8
BLACK
6
CONTINUOUS
10
-0.2083969291338583
20
0.0253432677165354
11
-0.2070866141732284
21
0.0293759448818898
0
LINE
8
BLACK
6
CONTINUOUS
10
-0.2070866141732284
20
0.0293759448818898
11
-0.2070866141732284
21
0.031496062992126
0
LINE
8
BLACK
6
CONTINUOUS
10
-0.2070866141732284
20
0.031496062992126
11
-0.206906811023622
21
0.0320494488188976
0
LINE
8
BLACK
6
CONTINUOUS
10
-0.206906811023622
20
0.0320494488188976
11
-0.206906811023622
21
0.0324000393700787
0
LINE
8
BLACK
6
CONTINUOUS
10
-0.206906811023622
20
0.0324000393700787
11
-0.2067380708661417
21
0.0325688188976378
0
LINE
8
BLACK
6
CONTINUOUS
10
-0.2067380708661417
20
0.0325688188976378
11
-0.2066354724409449
21
0.0328845275590551
0
LINE
8
BLACK
6
CONTINUOUS
10
-0.2066354724409449
20
0.0328845275590551
11
-0.205856062992126
21
0.0334508267716535
0
LINE
8
BLACK
6
CONTINUOUS
10
-0.205856062992126
20
0.0334508267716535
11
-0.2056283858267716
21
0.0336784645669291
0
LINE
8
BLACK
6
CONTINUOUS
10
-0.2056283858267716
20
0.0336784645669291
11
-0.2055104330708661
21
0.033701968503937
0
LINE
8
BLACK
6
CONTINUOUS
10
-0.2055104330708661
20
0.033701968503937
11
-0.2054543700787402
21
0.0337426377952756
0
LINE
8
BLACK
6
CONTINUOUS
10
-0.2054543700787402
20
0.0337426377952756
11
-0.2053057480314961
21
0.0337426377952756
0
LINE
8
BLACK
6
CONTINUOUS
10
-0.2053057480314961
20
0.0337426377952756
11
-0.2047244094488189
21
0.0338582677165354
0
LINE
8
BLACK
6
CONTINUOUS
10
-0.2047244094488189
20
0.0338582677165354
11
-0.1357505905511811
21
0.0338582677165354
0
LINE
8
BLACK
6
CONTINUOUS
10
-0.1357505905511811
20
0.0338582677165354
11
-0.1354412992125984
21
0.0354133070866142
0
LINE
8
BLACK
6
CONTINUOUS
10
-0.1354412992125984
20
0.0354133070866142
11
-0.1332223622047244
21
0.0387341732283465
0
LINE
8
BLACK
6
CONTINUOUS
10
-0.1332223622047244
20
0.0387341732283465
11
-0.1299014960629921
21
0.0409531102362205
0
LINE
8
BLACK
6
CONTINUOUS
10
-0.1299014960629921
20
0.0409531102362205
11
-0.1259842519685039
21
0.0417322834645669
0
LINE
8
BLACK
6
CONTINUOUS
10
-0.1259842519685039
20
0.0417322834645669
11
-0.1220670078740157
21
0.0409531102362205
0
LINE
8
BLACK
6
CONTINUOUS
10
-0.1220670078740157
20
0.0409531102362205
11
-0.1187461417322835
21
0.0387341732283465
0
LINE
8
BLACK
6
CONTINUOUS
10
-0.1187461417322835
20
0.0387341732283465
11
-0.1165272047244094
21
0.0354133070866142
0
LINE
8
BLACK
6
CONTINUOUS
10
-0.1165272047244094
20
0.0354133070866142
11
-0.115748031496063
21
0.031496062992126
0
LINE
8
BLACK
6
CONTINUOUS
10
-0.115748031496063
20
0.031496062992126
11
-0.1165272047244094
21
0.0275788188976378
0
LINE
8
BLACK
6
CONTINUOUS
10
-0.1165272047244094
20
0.0275788188976378
11
-0.1187461417322835
21
0.0242579527559055
0
LINE
8
BLACK
6
CONTINUOUS
10
-0.1187461417322835
20
0.0242579527559055
11
-0.1220670078740157
21
0.0220390157480315
0
LINE
8
BLACK
6
CONTINUOUS
10
-0.1220670078740157
20
0.0220390157480315
11
-0.1259842519685039
21
0.021259842519685
0
LINE
8
BLACK
6
CONTINUOUS
10
-0.1259842519685039
20
0.021259842519685
11
-0.1299014960629921
21
0.0220390157480315
0
LINE
8
BLACK
6
CONTINUOUS
10
-0.1299014960629921
20
0.0220390157480315
11
-0.1332223622047244
21
0.0242579527559055
0
LINE
8
BLACK
6
CONTINUOUS
10
-0.1332223622047244
20
0.0242579527559055
11
-0.1354412992125984
21
0.0275788188976378
0
LINE
8
BLACK
6
CONTINUOUS
10
-0.1354412992125984
20
0.0275788188976378
11
-0.1357505905511811
21
0.0291338582677165
0
LINE
8
BLACK
6
CONTINUOUS
10
-0.1357505905511811
20
0.0291338582677165
11
-0.202673188976378
21
0.0291338582677165
0
LINE
8
BLACK
6
CONTINUOUS
10
-0.202673188976378
20
0.0291338582677165
11
-0.2029792913385827
21
0.0268087795275591
0
LINE
8
BLACK
6
CONTINUOUS
10
-0.2029792913385827
20
0.0268087795275591
11
-0.2047885039370079
21
0.0224409448818898
0
LINE
8
BLACK
6
CONTINUOUS
10
-0.2047885039370079
20
0.0224409448818898
11
-0.2076665748031496
21
0.0186901968503937
0
LINE
8
BLACK
6
CONTINUOUS
10
-0.2076665748031496
20
0.0186901968503937
11
-0.2114173228346457
21
0.015812125984252
0
LINE
8
BLACK
6
CONTINUOUS
10
-0.2114173228346457
20
0.015812125984252
11
-0.215785157480315
21
0.0140029133858268
0
LINE
8
BLACK
6
CONTINUOUS
10
-0.215785157480315
20
0.0140029133858268
11
-0.2204724409448819
21
0.0133858267716535
0
LINE
8
BLACK
6
CONTINUOUS
10
-0.2204724409448819
20
0.0133858267716535
11
-0.2251597244094488
21
0.0140029133858268
0
LINE
8
BLACK
6
CONTINUOUS
10
-0.2251597244094488
20
0.0140029133858268
11
-0.2295275590551181
21
0.015812125984252
0
LINE
8
BLACK
6
CONTINUOUS
10
-0.2295275590551181
20
0.015812125984252
11
-0.2332783070866142
21
0.0186901968503937
0
LINE
8
BLACK
6
CONTINUOUS
10
-0.2332783070866142
20
0.0186901968503937
11
-0.2361563779527559
21
0.0224409448818898
0
LINE
8
BLACK
6
CONTINUOUS
10
-0.2361563779527559
20
0.0224409448818898
11
-0.2362204724409449
21
0.0225957086614173
0
LINE
8
BLACK
6
CONTINUOUS
10
-0.2362204724409449
20
0.0225957086614173
11
-0.2362845669291339
21
0.0224409448818898
0
LINE
8
BLACK
6
CONTINUOUS
10
-0.2362845669291339
20
0.0224409448818898
11
-0.2391626377952756
21
0.0186901968503937
0
LINE
8
BLACK
6
CONTINUOUS
10
-0.2391626377952756
20
0.0186901968503937
11
-0.2429133858267717
21
0.015812125984252
0
LINE
8
BLACK
6
CONTINUOUS
10
-0.2429133858267717
20
0.015812125984252
11
-0.2472812204724409
21
0.0140029133858268
0
LINE
8
BLACK
6
CONTINUOUS
10
-0.2472812204724409
20
0.0140029133858268
11
-0.2519685039370079
21
0.0133858267716535
0
LINE
8
BLACK
6
CONTINUOUS
10
-0.2519685039370079
20
0.0133858267716535
11
-0.2566557874015748
21
0.0140029133858268
0
LINE
8
BLACK
6
CONTINUOUS
10
-0.2566557874015748
20
0.0140029133858268
11
-0.2610236220472441
21
0.015812125984252
0
LINE
8
BLACK
6
CONTINUOUS
10
-0.2610236220472441
20
0.015812125984252
11
-0.2647743700787402
21
0.0186901968503937
0
LINE
8
BLACK
6
CONTINUOUS
10
-0.2647743700787402
20
0.0186901968503937
11
-0.2676524409448819
21
0.0224409448818898
0
LINE
8
BLACK
6
CONTINUOUS
10
-0.2676524409448819
20
0.0224409448818898
11
-0.2677165354330708
21
0.0225957086614173
0
LINE
8
BLACK
6
CONTINUOUS
10
-0.2677165354330708
20
0.0225957086614173
11
-0.2677806299212598
21
0.0224409448818898
0
LINE
8
BLACK
6
CONTINUOUS
10
-0.2677806299212598
20
0.0224409448818898
11
-0.2706587007874016
21
0.0186901968503937
0
LINE
8
BLACK
6
CONTINUOUS
10
-0.2706587007874016
20
0.0186901968503937
11
-0.2744094488188976
21
0.015812125984252
0
LINE
8
BLACK
6
CONTINUOUS
10
-0.2744094488188976
20
0.015812125984252
11
-0.2787772834645669
21
0.0140029133858268
0
LINE
8
BLACK
6
CONTINUOUS
10
-0.2787772834645669
20
0.0140029133858268
11
-0.2834645669291339
21
0.0133858267716535
0
LINE
8
BLACK
6
CONTINUOUS
10
-0.2834645669291339
20
0.0133858267716535
11
-0.2881518503937008
21
0.0140029133858268
0
LINE
8
BLACK
6
CONTINUOUS
10
-0.2881518503937008
20
0.0140029133858268
11
-0.2925196850393701
21
0.015812125984252
0
LINE
8
BLACK
6
CONTINUOUS
10
-0.2925196850393701
20
0.015812125984252
11
-0.2962704330708661
21
0.0186901968503937
0
LINE
8
BLACK
6
CONTINUOUS
10
-0.2962704330708661
20
0.0186901968503937
11
-0.2991485039370079
21
0.0224409448818898
0
LINE
8
BLACK
6
CONTINUOUS
10
-0.2991485039370079
20
0.0224409448818898
11
-0.2992125984251968
21
0.0225957086614173
0
LINE
8
BLACK
6
CONTINUOUS
10
-0.2992125984251968
20
0.0225957086614173
11
-0.2992766929133858
21
0.0224409448818898
0
LINE
8
BLACK
6
CONTINUOUS
10
-0.2992766929133858
20
0.0224409448818898
11
-0.3021547637795275
21
0.0186901968503937
0
LINE
8
BLACK
6
CONTINUOUS
10
-0.3021547637795275
20
0.0186901968503937
11
-0.3059055118110236
21
0.015812125984252
0
LINE
8
BLACK
6
CONTINUOUS
10
-0.3059055118110236
20
0.015812125984252
11
-0.3102733464566929
21
0.0140029133858268
0
LINE
8
BLACK
6
CONTINUOUS
10
-0.3102733464566929
20
0.0140029133858268
11
-0.3149606299212598
21
0.0133858267716535
0
LINE
8
BLACK
6
CONTINUOUS
10
-0.3149606299212598
20
0.0133858267716535
11
-0.3196479133858268
21
0.0140029133858268
0
LINE
8
BLACK
6
CONTINUOUS
10
-0.3196479133858268
20
0.0140029133858268
11
-0.3240157480314961
21
0.015812125984252
0
LINE
8
BLACK
6
CONTINUOUS
10
-0.3240157480314961
20
0.015812125984252
11
-0.3277664960629921
21
0.0186901968503937
0
LINE
8
BLACK
6
CONTINUOUS
10
-0.3277664960629921
20
0.0186901968503937
11
-0.3306445669291339
21
0.0224409448818898
0
LINE
8
BLACK
6
CONTINUOUS
10
-0.3306445669291339
20
0.0224409448818898
11
-0.3324537795275591
21
0.0268087795275591
0
LINE
8
BLACK
6
CONTINUOUS
10
-0.3324537795275591
20
0.0268087795275591
11
-0.3330708661417323
21
0.031496062992126
0
LINE
8
BLACK
6
CONTINUOUS
10
-0.3330708661417323
20
0.031496062992126
11
-0.3330708661417323
21
0.0698877165354331
0
LINE
8
BLACK
6
CONTINUOUS
10
-0.3330708661417323
20
0.0698877165354331
11
-0.4150561417322834
21
0.1518729921259842
0
LINE
8
BLACK
6
CONTINUOUS
10
-0.4150561417322834
20
0.1518729921259842
11
-0.4155682283464567
21
0.1526393307086614
0
LINE
8
BLACK
6
CONTINUOUS
10
-0.4155682283464567
20
0.1526393307086614
11
-0.4155682283464567
21
0.1544472834645669
0
LINE
8
BLACK
6
CONTINUOUS
10
-0.4155682283464567
20
0.1544472834645669
11
-0.4142898031496063
21
0.1557257086614173
0
LINE
8
BLACK
6
CONTINUOUS
10
-0.4142898031496063
20
0.1557257086614173
11
-0.4124818503937008
21
0.1557257086614173
0
LINE
8
BLACK
6
CONTINUOUS
10
-0.4124818503937008
20
0.1557257086614173
11
-0.4117155118110236
21
0.1552136220472441
0
LINE
8
BLACK
6
CONTINUOUS
10
-0.1288373622047244
20
0.0364378346456693
11
-0.1309260236220472
21
0.0343491732283465
0
LINE
8
BLACK
6
CONTINUOUS
10
-0.1309260236220472
20
0.0343491732283465
11
-0.1316758661417323
21
0.0315507480314961
0
LINE
8
BLACK
6
CONTINUOUS
10
-0.1316758661417323
20
0.0315507480314961
11
-0.1316758661417323
21
0.0314414173228346
0
LINE
8
BLACK
6
CONTINUOUS
10
-0.1316758661417323
20
0.0314414173228346
11
-0.1309260236220472
21
0.0286429133858268
0
LINE
8
BLACK
6
CONTINUOUS
10
-0.1309260236220472
20
0.0286429133858268
11
-0.1288374015748031
21
0.0265542913385827
0
LINE
8
BLACK
6
CONTINUOUS
10
-0.1288374015748031
20
0.0265542913385827
11
-0.1259842519685039
21
0.0257898031496063
0
LINE
8
BLACK
6
CONTINUOUS
10
-0.1259842519685039
20
0.0257898031496063
11
-0.1231311023622047
21
0.0265542913385827
0
LINE
8
BLACK
6
CONTINUOUS
10
-0.1231311023622047
20
0.0265542913385827
11
-0.1210424803149606
21
0.0286429133858268
0
LINE
8
BLACK
6
CONTINUOUS
10
-0.1210424803149606
20
0.0286429133858268
11
-0.1202779921259843
21
0.031496062992126
0
LINE
8
BLACK
6
CONTINUOUS
10
-0.1202779921259843
20
0.031496062992126
11
-0.1210424803149606
21
0.0343491732283465
0
LINE
8
BLACK
6
CONTINUOUS
10
-0.1210424803149606
20
0.0343491732283465
11
-0.1231311023622047
21
0.0364378346456693
0
LINE
8
BLACK
6
CONTINUOUS
10
-0.1231311023622047
20
0.0364378346456693
11
-0.1259842519685039
21
0.0372023228346457
0
LINE
8
BLACK
6
CONTINUOUS
10
-0.1259842519685039
20
0.0372023228346457
11
-0.1288373622047244
21
0.0364378346456693
0
LINE
8
BLACK
6
CONTINUOUS
10
-0.3149701574803149
20
0.0482320078740157
11
-0.3132222440944882
21
0.0460401968503937
0
LINE
8
BLACK
6
CONTINUOUS
10
-0.3132222440944882
20
0.0460401968503937
11
-0.3125984251968504
21
0.0433070866141732
0
LINE
8
BLACK
6
CONTINUOUS
10
-0.3125984251968504
20
0.0433070866141732
11
-0.3132222440944882
21
0.0405739763779528
0
LINE
8
BLACK
6
CONTINUOUS
10
-0.3132222440944882
20
0.0405739763779528
11
-0.3149701574803149
21
0.0383821653543307
0
LINE
8
BLACK
6
CONTINUOUS
10
-0.3149701574803149
20
0.0383821653543307
11
-0.3174959448818898
21
0.0371658267716535
0
LINE
8
BLACK
6
CONTINUOUS
10
-0.3174959448818898
20
0.0371658267716535
11
-0.3202993307086614
21
0.0371658267716535
0
LINE
8
BLACK
6
CONTINUOUS
10
-0.3202993307086614
20
0.0371658267716535
11
-0.3228251181102362
21
0.0383821653543307
0
LINE
8
BLACK
6
CONTINUOUS
10
-0.3228251181102362
20
0.0383821653543307
11
-0.324573031496063
21
0.0405739763779528
0
LINE
8
BLACK
6
CONTINUOUS
10
-0.324573031496063
20
0.0405739763779528
11
-0.3251968503937008
21
0.0433070866141732
0
LINE
8
BLACK
6
CONTINUOUS
10
-0.3251968503937008
20
0.0433070866141732
11
-0.324573031496063
21
0.0460401968503937
0
LINE
8
BLACK
6
CONTINUOUS
10
-0.324573031496063
20
0.0460401968503937
11
-0.3228251181102362
21
0.0482320078740157
0
LINE
8
BLACK
6
CONTINUOUS
10
-0.3228251181102362
20
0.0482320078740157
11
-0.3202993307086614
21
0.0494483464566929
0
LINE
8
BLACK
6
CONTINUOUS
10
-0.3202993307086614
20
0.0494483464566929
11
-0.3174959448818898
21
0.0494483464566929
0
LINE
8
BLACK
6
CONTINUOUS
10
-0.3174959448818898
20
0.0494483464566929
11
-0.3149701574803149
21
0.0482320078740157
0
LINE
8
BLACK
6
CONTINUOUS
10
-0.3201029527559055
20
0.0421017716535433
11
-0.3188976377952756
21
0.0416025196850394
0
LINE
8
BLACK
6
CONTINUOUS
10
-0.3188976377952756
20
0.0416025196850394
11
-0.3176923228346457
21
0.0421017716535433
0
LINE
8
BLACK
6
CONTINUOUS
10
-0.3176923228346457
20
0.0421017716535433
11
-0.3171930708661417
21
0.0433070866141732
0
LINE
8
BLACK
6
CONTINUOUS
10
-0.3171930708661417
20
0.0433070866141732
11
-0.3176923228346457
21
0.0445124015748031
0
LINE
8
BLACK
6
CONTINUOUS
10
-0.3176923228346457
20
0.0445124015748031
11
-0.3188976377952756
21
0.0450116535433071
0
LINE
8
BLACK
6
CONTINUOUS
10
-0.3188976377952756
20
0.0450116535433071
11
-0.3201029527559055
21
0.0445124015748031
0
LINE
8
BLACK
6
CONTINUOUS
10
-0.3201029527559055
20
0.0445124015748031
11
-0.3206022047244094
21
0.0433070866141732
0
LINE
8
BLACK
6
CONTINUOUS
10
-0.3206022047244094
20
0.0433070866141732
11
-0.3201029527559055
21
0.0421017716535433
0
LINE
8
BLACK
6
CONTINUOUS
10
-0.2126079527559055
20
0.0482320078740157
11
-0.2108600393700787
21
0.0460401968503937
0
LINE
8
BLACK
6
CONTINUOUS
10
-0.2108600393700787
20
0.0460401968503937
11
-0.2102362204724409
21
0.0433070866141732
0
LINE
8
BLACK
6
CONTINUOUS
10
-0.2102362204724409
20
0.0433070866141732
11
-0.2108600393700787
21
0.0405739763779528
0
LINE
8
BLACK
6
CONTINUOUS
10
-0.2108600393700787
20
0.0405739763779528
11
-0.2126079527559055
21
0.0383821653543307
0
LINE
8
BLACK
6
CONTINUOUS
10
-0.2126079527559055
20
0.0383821653543307
11
-0.2151337401574803
21
0.0371658267716535
0
LINE
8
BLACK
6
CONTINUOUS
10
-0.2151337401574803
20
0.0371658267716535
11
-0.217937125984252
21
0.0371658267716535
0
LINE
8
BLACK
6
CONTINUOUS
10
-0.217937125984252
20
0.0371658267716535
11
-0.2204629133858268
21
0.0383821653543307
0
LINE
8
BLACK
6
CONTINUOUS
10
-0.2204629133858268
20
0.0383821653543307
11
-0.2222108267716535
21
0.0405739763779528
0
LINE
8
BLACK
6
CONTINUOUS
10
-0.2222108267716535
20
0.0405739763779528
11
-0.2228346456692913
21
0.0433070866141732
0
LINE
8
BLACK
6
CONTINUOUS
10
-0.2228346456692913
20
0.0433070866141732
11
-0.2222108267716535
21
0.0460401968503937
0
LINE
8
BLACK
6
CONTINUOUS
10
-0.2222108267716535
20
0.0460401968503937
11
-0.2204629133858268
21
0.0482320078740157
0
LINE
8
BLACK
6
CONTINUOUS
10
-0.2204629133858268
20
0.0482320078740157
11
-0.217937125984252
21
0.0494483464566929
0
LINE
8
BLACK
6
CONTINUOUS
10
-0.217937125984252
20
0.0494483464566929
11
-0.2151337401574803
21
0.0494483464566929
0
LINE
8
BLACK
6
CONTINUOUS
10
-0.2151337401574803
20
0.0494483464566929
11
-0.2126079527559055
21
0.0482320078740157
0
LINE
8
BLACK
6
CONTINUOUS
10
-0.2177407480314961
20
0.0421017716535433
11
-0.2165354330708661
21
0.0416025196850394
0
LINE
8
BLACK
6
CONTINUOUS
10
-0.2165354330708661
20
0.0416025196850394
11
-0.2153301181102362
21
0.0421017716535433
0
LINE
8
BLACK
6
CONTINUOUS
10
-0.2153301181102362
20
0.0421017716535433
11
-0.2148308661417323
21
0.0433070866141732
0
LINE
8
BLACK
6
CONTINUOUS
10
-0.2148308661417323
20
0.0433070866141732
11
-0.2153301181102362
21
0.0445124015748031
0
LINE
8
BLACK
6
CONTINUOUS
10
-0.2153301181102362
20
0.0445124015748031
11
-0.2165354330708661
21
0.0450116535433071
0
LINE
8
BLACK
6
CONTINUOUS
10
-0.2165354330708661
20
0.0450116535433071
11
-0.2177407480314961
21
0.0445124015748031
0
LINE
8
BLACK
6
CONTINUOUS
10
-0.2177407480314961
20
0.0445124015748031
11
-0.21824
21
0.0433070866141732
0
LINE
8
BLACK
6
CONTINUOUS
10
-0.21824
20
0.0433070866141732
11
-0.2177407480314961
21
0.0421017716535433
0
LINE
8
BLACK
6
CONTINUOUS
10
0.1268882283464567
20
0.0887965748031496
11
0.1281666535433071
21
0.0875181496062992
0
LINE
8
BLACK
6
CONTINUOUS
10
0.1281666535433071
20
0.0875181496062992
11
0.1283464566929134
21
0.0866141732283465
0
LINE
8
BLACK
6
CONTINUOUS
10
0.1283464566929134
20
0.0866141732283465
11
0.1283464566929134
21
0.078740157480315
0
LINE
8
BLACK
6
CONTINUOUS
10
0.1283464566929134
20
0.078740157480315
11
0.1281666535433071
21
0.0778361811023622
0
LINE
8
BLACK
6
CONTINUOUS
10
0.1281666535433071
20
0.0778361811023622
11
0.1268882283464567
21
0.0765577559055118
0
LINE
8
BLACK
6
CONTINUOUS
10
0.1268882283464567
20
0.0765577559055118
11
0.1250802755905512
21
0.0765577559055118
0
LINE
8
BLACK
6
CONTINUOUS
10
0.1250802755905512
20
0.0765577559055118
11
0.1238018503937008
21
0.0778361811023622
0
LINE
8
BLACK
6
CONTINUOUS
10
0.1238018503937008
20
0.0778361811023622
11
0.1236220472440945
21
0.078740157480315
0
LINE
8
BLACK
6
CONTINUOUS
10
0.1236220472440945
20
0.078740157480315
11
0.1236220472440945
21
0.084251968503937
0
LINE
8
BLACK
6
CONTINUOUS
10
0.1236220472440945
20
0.084251968503937
11
0.0023622047244094
21
0.084251968503937
0
LINE
8
BLACK
6
CONTINUOUS
10
0.0023622047244094
20
0.084251968503937
11
0.0023622047244094
21
0.078740157480315
0
LINE
8
BLACK
6
CONTINUOUS
10
0.0023622047244094
20
0.078740157480315
11
0.0021824015748031
21
0.0778361811023622
0
LINE
8
BLACK
6
CONTINUOUS
10
0.0021824015748031
20
0.0778361811023622
11
0.0009039763779528
21
0.0765577559055118
0
LINE
8
BLACK
6
CONTINUOUS
10
0.0009039763779528
20
0.0765577559055118
11
0.
21
0.0763779527559055
0
LINE
8
BLACK
6
CONTINUOUS
10
0.
20
0.0763779527559055
11
-0.031496062992126
21
0.0763779527559055
0
LINE
8
BLACK
6
CONTINUOUS
10
-0.031496062992126
20
0.0763779527559055
11
-0.0324000393700787
21
0.0765577559055118
0
LINE
8
BLACK
6
CONTINUOUS
10
-0.0324000393700787
20
0.0765577559055118
11
-0.0336784645669291
21
0.0778361811023622
0
LINE
8
BLACK
6
CONTINUOUS
10
-0.0336784645669291
20
0.0778361811023622
11
-0.0336784645669291
21
0.0796441338582677
0
LINE
8
BLACK
6
CONTINUOUS
10
-0.0336784645669291
20
0.0796441338582677
11
-0.0324000393700787
21
0.0809225590551181
0
LINE
8
BLACK
6
CONTINUOUS
10
-0.0324000393700787
20
0.0809225590551181
11
-0.031496062992126
21
0.0811023622047244
0
LINE
8
BLACK
6
CONTINUOUS
10
-0.031496062992126
20
0.0811023622047244
11
-0.0023622047244094
21
0.0811023622047244
0
LINE
8
BLACK
6
CONTINUOUS
10
-0.0023622047244094
20
0.0811023622047244
11
-0.0023622047244094
21
0.0866141732283465
0
LINE
8
BLACK
6
CONTINUOUS
10
-0.0023622047244094
20
0.0866141732283465
11
-0.0021824015748031
21
0.0875181496062992
0
LINE
8
BLACK
6
CONTINUOUS
10
-0.0021824015748031
20
0.0875181496062992
11
-0.0009039763779528
21
0.0887965748031496
0
LINE
8
BLACK
6
CONTINUOUS
10
-0.0009039763779528
20
0.0887965748031496
11
0.
21
0.0889763779527559
0
LINE
8
BLACK
6
CONTINUOUS
10
0.
20
0.0889763779527559
11
0.1259842519685039
21
0.0889763779527559
0
LINE
8
BLACK
6
CONTINUOUS
10
0.1259842519685039
20
0.0889763779527559
11
0.1268882283464567
21
0.0887965748031496
0
LINE
8
BLACK
6
CONTINUOUS
10
0.0277699606299213
20
0.1436669291338583
11
0.0280623622047244
21
0.1436669291338583
0
LINE
8
BLACK
6
CONTINUOUS
10
0.0280623622047244
20
0.1436669291338583
11
0.0283296062992126
21
0.1435562204724409
0
LINE
8
BLACK
6
CONTINUOUS
10
0.0283296062992126
20
0.1435562204724409
11
0.0286134251968504
21
0.1435000787401575
0
LINE
8
BLACK
6
CONTINUOUS
10
0.0286134251968504
20
0.1435000787401575
11
0.0288566929133858
21
0.1433379133858268
0
LINE
8
BLACK
6
CONTINUOUS
10
0.0288566929133858
20
0.1433379133858268
11
0.0291267716535433
21
0.1432260236220472
0
LINE
8
BLACK
6
CONTINUOUS
10
0.0291267716535433
20
0.1432260236220472
11
0.0293312204724409
21
0.1430215748031496
0
LINE
8
BLACK
6
CONTINUOUS
10
0.0293312204724409
20
0.1430215748031496
11
0.0295720472440945
21
0.1428610236220473
0
LINE
8
BLACK
6
CONTINUOUS
10
0.0295720472440945
20
0.1428610236220473
11
0.0297347637795276
21
0.142618031496063
0
LINE
8
BLACK
6
CONTINUOUS
10
0.0297347637795276
20
0.142618031496063
11
0.0299414173228346
21
0.1424113779527559
0
LINE
8
BLACK
6
CONTINUOUS
10
0.0299414173228346
20
0.1424113779527559
11
0.0300520866141732
21
0.1421441732283465
0
LINE
8
BLACK
6
CONTINUOUS
10
0.0300520866141732
20
0.1421441732283465
11
0.0302131102362205
21
0.1419037401574803
0
LINE
8
BLACK
6
CONTINUOUS
10
0.0302131102362205
20
0.1419037401574803
11
0.0302704330708661
21
0.1416170866141732
0
LINE
8
BLACK
6
CONTINUOUS
10
0.0302704330708661
20
0.1416170866141732
11
0.0303823228346457
21
0.141346968503937
0
LINE
8
BLACK
6
CONTINUOUS
10
0.0303823228346457
20
0.141346968503937
11
0.0304384251968504
21
0.1407770472440945
0
LINE
8
BLACK
6
CONTINUOUS
10
0.0304384251968504
20
0.1407770472440945
11
0.0304390551181102
21
0.1407740157480315
0
LINE
8
BLACK
6
CONTINUOUS
10
0.0304390551181102
20
0.1407740157480315
11
0.0304388188976378
21
0.1407729921259842
0
LINE
8
BLACK
6
CONTINUOUS
10
0.0304388188976378
20
0.1407729921259842
11
0.0304390551181102
21
0.140770905511811
0
LINE
8
BLACK
6
CONTINUOUS
10
0.0304390551181102
20
0.140770905511811
11
0.0304390551181102
21
0.1043535826771654
0
LINE
8
BLACK
6
CONTINUOUS
10
0.0304390551181102
20
0.1043535826771654
11
0.0387348818897638
21
0.1043535826771654
0
LINE
8
BLACK
6
CONTINUOUS
10
0.0387348818897638
20
0.1043535826771654
11
0.0393109448818898
21
0.1042968503937008
0
LINE
8
BLACK
6
CONTINUOUS
10
0.0393109448818898
20
0.1042968503937008
11
0.0403753543307087
21
0.1038559448818898
0
LINE
8
BLACK
6
CONTINUOUS
10
0.0403753543307087
20
0.1038559448818898
11
0.04119
21
0.1030412992125984
0
LINE
8
BLACK
6
CONTINUOUS
10
0.04119
20
0.1030412992125984
11
0.041630905511811
21
0.1019768897637795
0
LINE
8
BLACK
6
CONTINUOUS
10
0.041630905511811
20
0.1019768897637795
11
0.041630905511811
21
0.1008247637795276
0
LINE
8
BLACK
6
CONTINUOUS
10
0.041630905511811
20
0.1008247637795276
11
0.04119
21
0.0997603543307087
0
LINE
8
BLACK
6
CONTINUOUS
10
0.04119
20
0.0997603543307087
11
0.0403753543307087
21
0.0989457086614173
0
LINE
8
BLACK
6
CONTINUOUS
10
0.0403753543307087
20
0.0989457086614173
11
0.0393109448818898
21
0.0985048031496063
0
LINE
8
BLACK
6
CONTINUOUS
10
0.0393109448818898
20
0.0985048031496063
11
0.0387348818897638
21
0.0984480708661417
0
LINE
8
BLACK
6
CONTINUOUS
10
0.0387348818897638
20
0.0984480708661417
11
0.0162377165354331
21
0.0984480708661417
0
LINE
8
BLACK
6
CONTINUOUS
10
0.0162377165354331
20
0.0984480708661417
11
0.0156616535433071
21
0.0985048031496063
0
LINE
8
BLACK
6
CONTINUOUS
10
0.0156616535433071
20
0.0985048031496063
11
0.0145972440944882
21
0.0989457086614173
0
LINE
8
BLACK
6
CONTINUOUS
10
0.0145972440944882
20
0.0989457086614173
11
0.0137825984251969
21
0.0997603543307087
0
LINE
8
BLACK
6
CONTINUOUS
10
0.0137825984251969
20
0.0997603543307087
11
0.0133416929133858
21
0.1008247637795276
0
LINE
8
BLACK
6
CONTINUOUS
10
0.0133416929133858
20
0.1008247637795276
11
0.0133416929133858
21
0.1019768897637795
0
LINE
8
BLACK
6
CONTINUOUS
10
0.0133416929133858
20
0.1019768897637795
11
0.0137825984251969
21
0.1030412992125984
0
LINE
8
BLACK
6
CONTINUOUS
10
0.0137825984251969
20
0.1030412992125984
11
0.0145972440944882
21
0.1038559448818898
0
LINE
8
BLACK
6
CONTINUOUS
10
0.0145972440944882
20
0.1038559448818898
11
0.0156616535433071
21
0.1042968503937008
0
LINE
8
BLACK
6
CONTINUOUS
10
0.0156616535433071
20
0.1042968503937008
11
0.0162377165354331
21
0.1043535826771654
0
LINE
8
BLACK
6
CONTINUOUS
10
0.0162377165354331
20
0.1043535826771654
11
0.0245335433070866
21
0.1043535826771654
0
LINE
8
BLACK
6
CONTINUOUS
10
0.0245335433070866
20
0.1043535826771654
11
0.0245335433070866
21
0.1317675590551181
0
LINE
8
BLACK
6
CONTINUOUS
10
0.0245335433070866
20
0.1317675590551181
11
0.022075157480315
21
0.1293091732283465
0
LINE
8
BLACK
6
CONTINUOUS
10
0.022075157480315
20
0.1293091732283465
11
0.0218487795275591
21
0.1291234251968504
0
LINE
8
BLACK
6
CONTINUOUS
10
0.0218487795275591
20
0.1291234251968504
11
0.0217976377952756
21
0.1290644094488189
0
LINE
8
BLACK
6
CONTINUOUS
10
0.0217976377952756
20
0.1290644094488189
11
0.0217086614173228
21
0.1290084645669291
0
LINE
8
BLACK
6
CONTINUOUS
10
0.0217086614173228
20
0.1290084645669291
11
0.0216277165354331
21
0.128941968503937
0
LINE
8
BLACK
6
CONTINUOUS
10
0.0216277165354331
20
0.128941968503937
11
0.0215557480314961
21
0.1289121653543307
0
LINE
8
BLACK
6
CONTINUOUS
10
0.0215557480314961
20
0.1289121653543307
11
0.0213077559055118
21
0.128756062992126
0
LINE
8
BLACK
6
CONTINUOUS
10
0.0213077559055118
20
0.128756062992126
11
0.0175582283464567
21
0.1268812992125984
0
LINE
8
BLACK
6
CONTINUOUS
10
0.0175582283464567
20
0.1268812992125984
11
0.0170175984251968
21
0.1266744094488189
0
LINE
8
BLACK
6
CONTINUOUS
10
0.0170175984251968
20
0.1266744094488189
11
0.0158683858267717
21
0.1265927559055118
0
LINE
8
BLACK
6
CONTINUOUS
10
0.0158683858267717
20
0.1265927559055118
11
0.0147754330708661
21
0.1269570866141732
0
LINE
8
BLACK
6
CONTINUOUS
10
0.0147754330708661
20
0.1269570866141732
11
0.0139050393700787
21
0.1277119291338583
0
LINE
8
BLACK
6
CONTINUOUS
10
0.0139050393700787
20
0.1277119291338583
11
0.0133898031496063
21
0.1287424409448819
0
LINE
8
BLACK
6
CONTINUOUS
10
0.0133898031496063
20
0.1287424409448819
11
0.0133081496062992
21
0.1298916535433071
0
LINE
8
BLACK
6
CONTINUOUS
10
0.0133081496062992
20
0.1298916535433071
11
0.0136724803149606
21
0.1309846062992126
0
LINE
8
BLACK
6
CONTINUOUS
10
0.0136724803149606
20
0.1309846062992126
11
0.0144273228346457
21
0.131855
0
LINE
8
BLACK
6
CONTINUOUS
10
0.0144273228346457
20
0.131855
11
0.0149172047244094
21
0.1321633464566929
0
LINE
8
BLACK
6
CONTINUOUS
10
0.0149172047244094
20
0.1321633464566929
11
0.0182381496062992
21
0.1338238188976378
0
LINE
8
BLACK
6
CONTINUOUS
10
0.0182381496062992
20
0.1338238188976378
11
0.0214420472440945
21
0.1370277165354331
0
LINE
8
BLACK
6
CONTINUOUS
10
0.0214420472440945
20
0.1370277165354331
11
0.0250294488188976
21
0.1424088188976378
0
LINE
8
BLACK
6
CONTINUOUS
10
0.0250294488188976
20
0.1424088188976378
11
0.0250307874015748
21
0.1424105118110236
0
LINE
8
BLACK
6
CONTINUOUS
10
0.0250307874015748
20
0.1424105118110236
11
0.0250311811023622
21
0.1424113779527559
0
LINE
8
BLACK
6
CONTINUOUS
10
0.0250311811023622
20
0.1424113779527559
11
0.025033188976378
21
0.1424134251968504
0
LINE
8
BLACK
6
CONTINUOUS
10
0.025033188976378
20
0.1424134251968504
11
0.0253962204724409
21
0.1428566535433071
0
LINE
8
BLACK
6
CONTINUOUS
10
0.0253962204724409
20
0.1428566535433071
11
0.025639094488189
21
0.1430193307086614
0
LINE
8
BLACK
6
CONTINUOUS
10
0.025639094488189
20
0.1430193307086614
11
0.0258458267716535
21
0.1432260236220472
0
LINE
8
BLACK
6
CONTINUOUS
10
0.0258458267716535
20
0.1432260236220472
11
0.0261131102362205
21
0.1433367716535433
0
LINE
8
BLACK
6
CONTINUOUS
10
0.0261131102362205
20
0.1433367716535433
11
0.0263535039370079
21
0.1434977165354331
0
LINE
8
BLACK
6
CONTINUOUS
10
0.0263535039370079
20
0.1434977165354331
11
0.0266401181102362
21
0.1435550787401575
0
LINE
8
BLACK
6
CONTINUOUS
10
0.0266401181102362
20
0.1435550787401575
11
0.0269102362204724
21
0.1436669291338583
0
LINE
8
BLACK
6
CONTINUOUS
10
0.0269102362204724
20
0.1436669291338583
11
0.0271995275590551
21
0.1436669291338583
0
LINE
8
BLACK
6
CONTINUOUS
10
0.0271995275590551
20
0.1436669291338583
11
0.027483188976378
21
0.1437236614173228
0
LINE
8
BLACK
6
CONTINUOUS
10
0.027483188976378
20
0.1437236614173228
11
0.0277699606299213
21
0.1436669291338583
0
LINE
8
BLACK
6
CONTINUOUS
10
0.005565157480315
20
0.1436669291338583
11
0.0066295669291339
21
0.1432260236220472
0
LINE
8
BLACK
6
CONTINUOUS
10
0.0066295669291339
20
0.1432260236220472
11
0.0074442125984252
21
0.1424113779527559
0
LINE
8
BLACK
6
CONTINUOUS
10
0.0074442125984252
20
0.1424113779527559
11
0.0078851181102362
21
0.141346968503937
0
LINE
8
BLACK
6
CONTINUOUS
10
0.0078851181102362
20
0.141346968503937
11
0.0078851181102362
21
0.140194842519685
0
LINE
8
BLACK
6
CONTINUOUS
10
0.0078851181102362
20
0.140194842519685
11
0.0074442125984252
21
0.1391304330708661
0
LINE
8
BLACK
6
CONTINUOUS
10
0.0074442125984252
20
0.1391304330708661
11
0.0066295669291339
21
0.1383157874015748
0
LINE
8
BLACK
6
CONTINUOUS
10
0.0066295669291339
20
0.1383157874015748
11
0.005565157480315
21
0.1378748818897638
0
LINE
8
BLACK
6
CONTINUOUS
10
0.005565157480315
20
0.1378748818897638
11
0.004989094488189
21
0.1378181496062992
0
LINE
8
BLACK
6
CONTINUOUS
10
0.004989094488189
20
0.1378181496062992
11
-0.0033067322834646
21
0.1378181496062992
0
LINE
8
BLACK
6
CONTINUOUS
10
-0.0033067322834646
20
0.1378181496062992
11
-0.0033067322834646
21
0.1014008267716535
0
LINE
8
BLACK
6
CONTINUOUS
10
-0.0033067322834646
20
0.1014008267716535
11
-0.0033634645669291
21
0.1008247637795276
0
LINE
8
BLACK
6
CONTINUOUS
10
-0.0033634645669291
20
0.1008247637795276
11
-0.0038043700787402
21
0.0997603543307087
0
LINE
8
BLACK
6
CONTINUOUS
10
-0.0038043700787402
20
0.0997603543307087
11
-0.0046190157480315
21
0.0989457086614173
0
LINE
8
BLACK
6
CONTINUOUS
10
-0.0046190157480315
20
0.0989457086614173
11
-0.0056834251968504
21
0.0985048031496063
0
LINE
8
BLACK
6
CONTINUOUS
10
-0.0056834251968504
20
0.0985048031496063
11
-0.0068355511811024
21
0.0985048031496063
0
LINE
8
BLACK
6
CONTINUOUS
10
-0.0068355511811024
20
0.0985048031496063
11
-0.0078999606299213
21
0.0989457086614173
0
LINE
8
BLACK
6
CONTINUOUS
10
-0.0078999606299213
20
0.0989457086614173
11
-0.0087146062992126
21
0.0997603543307087
0
LINE
8
BLACK
6
CONTINUOUS
10
-0.0087146062992126
20
0.0997603543307087
11
-0.0091555118110236
21
0.1008247637795276
0
LINE
8
BLACK
6
CONTINUOUS
10
-0.0091555118110236
20
0.1008247637795276
11
-0.0092122440944882
21
0.1014008267716535
0
LINE
8
BLACK
6
CONTINUOUS
10
-0.0092122440944882
20
0.1014008267716535
11
-0.0092122440944882
21
0.1378181496062992
0
LINE
8
BLACK
6
CONTINUOUS
10
-0.0092122440944882
20
0.1378181496062992
11
-0.0175080708661417
21
0.1378181496062992
0
LINE
8
BLACK
6
CONTINUOUS
10
-0.0175080708661417
20
0.1378181496062992
11
-0.0180841338582677
21
0.1378748818897638
0
LINE
8
BLACK
6
CONTINUOUS
10
-0.0180841338582677
20
0.1378748818897638
11
-0.0191485433070866
21
0.1383157874015748
0
LINE
8
BLACK
6
CONTINUOUS
10
-0.0191485433070866
20
0.1383157874015748
11
-0.019963188976378
21
0.1391304330708661
0
LINE
8
BLACK
6
CONTINUOUS
10
-0.019963188976378
20
0.1391304330708661
11
-0.020404094488189
21
0.140194842519685
0
LINE
8
BLACK
6
CONTINUOUS
10
-0.020404094488189
20
0.140194842519685
11
-0.020404094488189
21
0.141346968503937
0
LINE
8
BLACK
6
CONTINUOUS
10
-0.020404094488189
20
0.141346968503937
11
-0.019963188976378
21
0.1424113779527559
0
LINE
8
BLACK
6
CONTINUOUS
10
-0.019963188976378
20
0.1424113779527559
11
-0.0191485433070866
21
0.1432260236220472
0
LINE
8
BLACK
6
CONTINUOUS
10
-0.0191485433070866
20
0.1432260236220472
11
-0.0180841338582677
21
0.1436669291338583
0
LINE
8
BLACK
6
CONTINUOUS
10
-0.0180841338582677
20
0.1436669291338583
11
-0.0175080708661417
21
0.1437236614173228
0
LINE
8
BLACK
6
CONTINUOUS
10
-0.0175080708661417
20
0.1437236614173228
11
0.004989094488189
21
0.1437236614173228
0
LINE
8
BLACK
6
CONTINUOUS
10
0.004989094488189
20
0.1437236614173228
11
0.005565157480315
21
0.1436669291338583
0
LINE
8
BLACK
6
CONTINUOUS
10
0.4831874409448819
20
0.1382060236220472
11
0.4844658661417323
21
0.1369275984251968
0
LINE
8
BLACK
6
CONTINUOUS
10
0.4844658661417323
20
0.1369275984251968
11
0.4844658661417323
21
0.1351196456692913
0
LINE
8
BLACK
6
CONTINUOUS
10
0.4844658661417323
20
0.1351196456692913
11
0.4831874409448819
21
0.1338412204724409
0
LINE
8
BLACK
6
CONTINUOUS
10
0.4831874409448819
20
0.1338412204724409
11
0.4822834645669291
21
0.1336614173228347
0
LINE
8
BLACK
6
CONTINUOUS
10
0.4822834645669291
20
0.1336614173228347
11
0.3681102362204725
21
0.1336614173228347
0
LINE
8
BLACK
6
CONTINUOUS
10
0.3681102362204725
20
0.1336614173228347
11
0.3672062598425197
21
0.1338412204724409
0
LINE
8
BLACK
6
CONTINUOUS
10
0.3672062598425197
20
0.1338412204724409
11
0.3659278346456693
21
0.1351196456692913
0
LINE
8
BLACK
6
CONTINUOUS
10
0.3659278346456693
20
0.1351196456692913
11
0.3659278346456693
21
0.1369275984251968
0
LINE
8
BLACK
6
CONTINUOUS
10
0.3659278346456693
20
0.1369275984251968
11
0.3672062598425197
21
0.1382060236220472
0
LINE
8
BLACK
6
CONTINUOUS
10
0.3672062598425197
20
0.1382060236220472
11
0.3681102362204725
21
0.1383858267716535
0
LINE
8
BLACK
6
CONTINUOUS
10
0.3681102362204725
20
0.1383858267716535
11
0.4822834645669291
21
0.1383858267716535
0
LINE
8
BLACK
6
CONTINUOUS
10
0.4822834645669291
20
0.1383858267716535
11
0.4831874409448819
21
0.1382060236220472
0
LINE
8
BLACK
6
CONTINUOUS
10
-0.1400313779527559
20
0.3786905511811023
11
-0.1399333858267716
21
0.3786499606299212
0
LINE
8
BLACK
6
CONTINUOUS
10
-0.1399333858267716
20
0.3786499606299212
11
-0.1398275590551181
21
0.3786424409448819
0
LINE
8
BLACK
6
CONTINUOUS
10
-0.1398275590551181
20
0.3786424409448819
11
-0.1392869291338583
21
0.3784355511811023
0
LINE
8
BLACK
6
CONTINUOUS
10
-0.1392869291338583
20
0.3784355511811023
11
-0.1355374015748032
21
0.3765607874015748
0
LINE
8
BLACK
6
CONTINUOUS
10
-0.1355374015748032
20
0.3765607874015748
11
-0.1352894094488189
21
0.3764047244094488
0
LINE
8
BLACK
6
CONTINUOUS
10
-0.1352894094488189
20
0.3764047244094488
11
-0.1352174409448819
21
0.3763748818897638
0
LINE
8
BLACK
6
CONTINUOUS
10
-0.1352174409448819
20
0.3763748818897638
11
-0.1351364960629921
21
0.3763084251968504
0
LINE
8
BLACK
6
CONTINUOUS
10
-0.1351364960629921
20
0.3763084251968504
11
-0.1350475196850394
21
0.3762524409448819
0
LINE
8
BLACK
6
CONTINUOUS
10
-0.1350475196850394
20
0.3762524409448819
11
-0.1349963779527559
21
0.3761934645669291
0
LINE
8
BLACK
6
CONTINUOUS
10
-0.1349963779527559
20
0.3761934645669291
11
-0.13477
21
0.3760076771653543
0
LINE
8
BLACK
6
CONTINUOUS
10
-0.13477
20
0.3760076771653543
11
-0.1310204724409449
21
0.3722581496062992
0
LINE
8
BLACK
6
CONTINUOUS
10
-0.1310204724409449
20
0.3722581496062992
11
-0.1306532283464567
21
0.3718107086614173
0
LINE
8
BLACK
6
CONTINUOUS
10
-0.1306532283464567
20
0.3718107086614173
11
-0.1305692125984252
21
0.3716078346456693
0
LINE
8
BLACK
6
CONTINUOUS
10
-0.1305692125984252
20
0.3716078346456693
11
-0.1304385433070866
21
0.3714314960629921
0
LINE
8
BLACK
6
CONTINUOUS
10
-0.1304385433070866
20
0.3714314960629921
11
-0.1302437795275591
21
0.3708863779527559
0
LINE
8
BLACK
6
CONTINUOUS
10
-0.1302437795275591
20
0.3708863779527559
11
-0.1283690157480315
21
0.3633873228346456
0
LINE
8
BLACK
6
CONTINUOUS
10
-0.1283690157480315
20
0.3633873228346456
11
-0.1283542519685039
21
0.3632874803149606
0
LINE
8
BLACK
6
CONTINUOUS
10
-0.1283542519685039
20
0.3632874803149606
11
-0.1283375984251968
21
0.3632472440944882
0
LINE
8
BLACK
6
CONTINUOUS
10
-0.1283375984251968
20
0.3632472440944882
11
-0.1283162598425197
21
0.3630302362204724
0
LINE
8
BLACK
6
CONTINUOUS
10
-0.1283162598425197
20
0.3630302362204724
11
-0.1282843700787402
21
0.3628147244094488
0
LINE
8
BLACK
6
CONTINUOUS
10
-0.1282843700787402
20
0.3628147244094488
11
-0.1282907874015748
21
0.3627717322834645
0
LINE
8
BLACK
6
CONTINUOUS
10
-0.1282907874015748
20
0.3627717322834645
11
-0.1282808661417323
21
0.3626711811023622
0
LINE
8
BLACK
6
CONTINUOUS
10
-0.1282808661417323
20
0.3626711811023622
11
-0.1282808661417323
21
0.3495478346456693
0
LINE
8
BLACK
6
CONTINUOUS
10
-0.1282808661417323
20
0.3495478346456693
11
-0.1282907874015748
21
0.3494473228346456
0
LINE
8
BLACK
6
CONTINUOUS
10
-0.1282907874015748
20
0.3494473228346456
11
-0.1282843700787402
21
0.3494042913385827
0
LINE
8
BLACK
6
CONTINUOUS
10
-0.1282843700787402
20
0.3494042913385827
11
-0.1283162598425197
21
0.3491888188976378
0
LINE
8
BLACK
6
CONTINUOUS
10
-0.1283162598425197
20
0.3491888188976378
11
-0.1283375984251968
21
0.3489717716535433
0
LINE
8
BLACK
6
CONTINUOUS
10
-0.1283375984251968
20
0.3489717716535433
11
-0.1283542519685039
21
0.3489315748031496
0
LINE
8
BLACK
6
CONTINUOUS
10
-0.1283542519685039
20
0.3489315748031496
11
-0.1283690157480315
21
0.3488316929133858
0
LINE
8
BLACK
6
CONTINUOUS
10
-0.1283690157480315
20
0.3488316929133858
11
-0.1302437795275591
21
0.3413326377952756
0
LINE
8
BLACK
6
CONTINUOUS
10
-0.1302437795275591
20
0.3413326377952756
11
-0.1304385433070866
21
0.3407875196850393
0
LINE
8
BLACK
6
CONTINUOUS
10
-0.1304385433070866
20
0.3407875196850393
11
-0.1305692519685039
21
0.3406111811023622
0
LINE
8
BLACK
6
CONTINUOUS
10
-0.1305692519685039
20
0.3406111811023622
11
-0.1306532283464567
21
0.3404083464566929
0
LINE
8
BLACK
6
CONTINUOUS
10
-0.1306532283464567
20
0.3404083464566929
11
-0.1310204330708661
21
0.339960905511811
0
LINE
8
BLACK
6
CONTINUOUS
10
-0.1310204330708661
20
0.339960905511811
11
-0.132682125984252
21
0.3382992519685039
0
LINE
8
BLACK
6
CONTINUOUS
10
-0.132682125984252
20
0.3382992519685039
11
-0.1313592913385827
21
0.3369764173228346
0
LINE
8
BLACK
6
CONTINUOUS
10
-0.1313592913385827
20
0.3369764173228346
11
-0.1280383464566929
21
0.3353159448818898
0
LINE
8
BLACK
6
CONTINUOUS
10
-0.1280383464566929
20
0.3353159448818898
11
-0.1275484645669291
21
0.3350075984251968
0
LINE
8
BLACK
6
CONTINUOUS
10
-0.1275484645669291
20
0.3350075984251968
11
-0.1267936220472441
21
0.3341372047244094
0
LINE
8
BLACK
6
CONTINUOUS
10
-0.1267936220472441
20
0.3341372047244094
11
-0.1264292913385827
21
0.333044251968504
0
LINE
8
BLACK
6
CONTINUOUS
10
-0.1264292913385827
20
0.333044251968504
11
-0.1265109448818898
21
0.3318950393700787
0
LINE
8
BLACK
6
CONTINUOUS
10
-0.1265109448818898
20
0.3318950393700787
11
-0.1270262204724409
21
0.3308645275590551
0
LINE
8
BLACK
6
CONTINUOUS
10
-0.1270262204724409
20
0.3308645275590551
11
-0.1278965748031496
21
0.33010968503937
0
LINE
8
BLACK
6
CONTINUOUS
10
-0.1278965748031496
20
0.33010968503937
11
-0.1289895669291339
21
0.3297453543307087
0
LINE
8
BLACK
6
CONTINUOUS
10
-0.1289895669291339
20
0.3297453543307087
11
-0.1301387795275591
21
0.3298270078740158
0
LINE
8
BLACK
6
CONTINUOUS
10
-0.1301387795275591
20
0.3298270078740158
11
-0.1306793700787401
21
0.3300338976377953
0
LINE
8
BLACK
6
CONTINUOUS
10
-0.1306793700787401
20
0.3300338976377953
11
-0.1344288976377953
21
0.3319086614173228
0
LINE
8
BLACK
6
CONTINUOUS
10
-0.1344288976377953
20
0.3319086614173228
11
-0.1346767322834646
21
0.3320646850393701
0
LINE
8
BLACK
6
CONTINUOUS
10
-0.1346767322834646
20
0.3320646850393701
11
-0.1347488582677165
21
0.3320945275590551
0
LINE
8
BLACK
6
CONTINUOUS
10
-0.1347488582677165
20
0.3320945275590551
11
-0.1348300393700787
21
0.3321611417322834
0
LINE
8
BLACK
6
CONTINUOUS
10
-0.1348300393700787
20
0.3321611417322834
11
-0.134918779527559
21
0.3322170078740158
0
LINE
8
BLACK
6
CONTINUOUS
10
-0.134918779527559
20
0.3322170078740158
11
-0.1349699212598425
21
0.3322759448818898
0
LINE
8
BLACK
6
CONTINUOUS
10
-0.1349699212598425
20
0.3322759448818898
11
-0.1351962992125984
21
0.3324617716535433
0
LINE
8
BLACK
6
CONTINUOUS
10
-0.1351962992125984
20
0.3324617716535433
11
-0.1374409448818898
21
0.3347064173228346
0
LINE
8
BLACK
6
CONTINUOUS
10
-0.1374409448818898
20
0.3347064173228346
11
-0.1392869291338583
21
0.3337834251968504
0
LINE
8
BLACK
6
CONTINUOUS
10
-0.1392869291338583
20
0.3337834251968504
11
-0.1398275590551181
21
0.3335765354330709
0
LINE
8
BLACK
6
CONTINUOUS
10
-0.1398275590551181
20
0.3335765354330709
11
-0.1399333858267716
21
0.3335690551181102
0
LINE
8
BLACK
6
CONTINUOUS
10
-0.1399333858267716
20
0.3335690551181102
11
-0.1400313779527559
21
0.3335284251968504
0
LINE
8
BLACK
6
CONTINUOUS
10
-0.1400313779527559
20
0.3335284251968504
11
-0.1406074409448819
21
0.3334716929133858
0
LINE
8
BLACK
6
CONTINUOUS
10
-0.1406074409448819
20
0.3334716929133858
11
-0.1481064960629921
21
0.3334716929133858
0
LINE
8
BLACK
6
CONTINUOUS
10
-0.1481064960629921
20
0.3334716929133858
11
-0.1486825590551181
21
0.3335284251968504
0
LINE
8
BLACK
6
CONTINUOUS
10
-0.1486825590551181
20
0.3335284251968504
11
-0.1487805511811024
21
0.3335690157480315
0
LINE
8
BLACK
6
CONTINUOUS
10
-0.1487805511811024
20
0.3335690157480315
11
-0.1488864173228346
21
0.3335765354330709
0
LINE
8
BLACK
6
CONTINUOUS
10
-0.1488864173228346
20
0.3335765354330709
11
-0.1494270078740157
21
0.3337834251968504
0
LINE
8
BLACK
6
CONTINUOUS
10
-0.1494270078740157
20
0.3337834251968504
11
-0.1531765354330709
21
0.3356581889763779
0
LINE
8
BLACK
6
CONTINUOUS
10
-0.1531765354330709
20
0.3356581889763779
11
-0.1534243700787402
21
0.3358142125984252
0
LINE
8
BLACK
6
CONTINUOUS
10
-0.1534243700787402
20
0.3358142125984252
11
-0.1534964960629921
21
0.3358440551181102
0
LINE
8
BLACK
6
CONTINUOUS
10
-0.1534964960629921
20
0.3358440551181102
11
-0.1535776771653543
21
0.3359106692913386
0
LINE
8
BLACK
6
CONTINUOUS
10
-0.1535776771653543
20
0.3359106692913386
11
-0.1536664173228346
21
0.3359665354330709
0
LINE
8
BLACK
6
CONTINUOUS
10
-0.1536664173228346
20
0.3359665354330709
11
-0.1537175590551181
21
0.3360254724409449
0
LINE
8
BLACK
6
CONTINUOUS
10
-0.1537175590551181
20
0.3360254724409449
11
-0.153943937007874
21
0.3362112992125984
0
LINE
8
BLACK
6
CONTINUOUS
10
-0.153943937007874
20
0.3362112992125984
11
-0.1576934645669291
21
0.3399608661417323
0
LINE
8
BLACK
6
CONTINUOUS
10
-0.1576934645669291
20
0.3399608661417323
11
-0.1580607086614173
21
0.3404083464566929
0
LINE
8
BLACK
6
CONTINUOUS
10
-0.1580607086614173
20
0.3404083464566929
11
-0.1581447244094488
21
0.3406111811023622
0
LINE
8
BLACK
6
CONTINUOUS
10
-0.1581447244094488
20
0.3406111811023622
11
-0.1582753937007874
21
0.3407875196850393
0
LINE
8
BLACK
6
CONTINUOUS
10
-0.1582753937007874
20
0.3407875196850393
11
-0.158470157480315
21
0.3413326377952756
0
LINE
8
BLACK
6
CONTINUOUS
10
-0.158470157480315
20
0.3413326377952756
11
-0.1603449212598425
21
0.3488316929133858
0
LINE
8
BLACK
6
CONTINUOUS
10
-0.1603449212598425
20
0.3488316929133858
11
-0.1603597244094488
21
0.3489315748031496
0
LINE
8
BLACK
6
CONTINUOUS
10
-0.1603597244094488
20
0.3489315748031496
11
-0.1603763385826772
21
0.3489717716535433
0
LINE
8
BLACK
6
CONTINUOUS
10
-0.1603763385826772
20
0.3489717716535433
11
-0.1603977165354331
21
0.3491888188976378
0
LINE
8
BLACK
6
CONTINUOUS
10
-0.1603977165354331
20
0.3491888188976378
11
-0.1604295669291338
21
0.3494042913385827
0
LINE
8
BLACK
6
CONTINUOUS
10
-0.1604295669291338
20
0.3494042913385827
11
-0.1604231889763779
21
0.3494473228346456
0
LINE
8
BLACK
6
CONTINUOUS
10
-0.1604231889763779
20
0.3494473228346456
11
-0.1604330708661417
21
0.3495478346456693
0
LINE
8
BLACK
6
CONTINUOUS
10
-0.1604330708661417
20
0.3495478346456693
11
-0.1604330708661417
21
0.3626711811023622
0
LINE
8
BLACK
6
CONTINUOUS
10
-0.1604330708661417
20
0.3626711811023622
11
-0.1604231889763779
21
0.3627717322834645
0
LINE
8
BLACK
6
CONTINUOUS
10
-0.1604231889763779
20
0.3627717322834645
11
-0.1604295669291338
21
0.3628147244094488
0
LINE
8
BLACK
6
CONTINUOUS
10
-0.1604295669291338
20
0.3628147244094488
11
-0.1603977165354331
21
0.3630302362204724
0
LINE
8
BLACK
6
CONTINUOUS
10
-0.1603977165354331
20
0.3630302362204724
11
-0.1603763385826772
21
0.3632472440944882
0
LINE
8
BLACK
6
CONTINUOUS
10
-0.1603763385826772
20
0.3632472440944882
11
-0.1603597244094488
21
0.3632874803149606
0
LINE
8
BLACK
6
CONTINUOUS
10
-0.1603597244094488
20
0.3632874803149606
11
-0.1603449212598425
21
0.3633873228346456
0
LINE
8
BLACK
6
CONTINUOUS
10
-0.1603449212598425
20
0.3633873228346456
11
-0.158470157480315
21
0.3708863779527559
0
LINE
8
BLACK
6
CONTINUOUS
10
-0.158470157480315
20
0.3708863779527559
11
-0.1582753937007874
21
0.3714314960629921
0
LINE
8
BLACK
6
CONTINUOUS
10
-0.1582753937007874
20
0.3714314960629921
11
-0.1581446850393701
21
0.3716079527559055
0
LINE
8
BLACK
6
CONTINUOUS
10
-0.1581446850393701
20
0.3716079527559055
11
-0.1580606692913386
21
0.3718107086614173
0
LINE
8
BLACK
6
CONTINUOUS
10
-0.1580606692913386
20
0.3718107086614173
11
-0.1576934645669291
21
0.3722581496062992
0
LINE
8
BLACK
6
CONTINUOUS
10
-0.1576934645669291
20
0.3722581496062992
11
-0.153943937007874
21
0.3760076771653543
0
LINE
8
BLACK
6
CONTINUOUS
10
-0.153943937007874
20
0.3760076771653543
11
-0.1537175590551181
21
0.3761935433070866
0
LINE
8
BLACK
6
CONTINUOUS
10
-0.1537175590551181
20
0.3761935433070866
11
-0.1536664173228346
21
0.3762524409448819
0
LINE
8
BLACK
6
CONTINUOUS
10
-0.1536664173228346
20
0.3762524409448819
11
-0.1535776771653543
21
0.3763083464566929
0
LINE
8
BLACK
6
CONTINUOUS
10
-0.1535776771653543
20
0.3763083464566929
11
-0.1534964960629921
21
0.3763749212598425
0
LINE
8
BLACK
6
CONTINUOUS
10
-0.1534964960629921
20
0.3763749212598425
11
-0.1534243700787402
21
0.3764048031496063
0
LINE
8
BLACK
6
CONTINUOUS
10
-0.1534243700787402
20
0.3764048031496063
11
-0.1531765354330709
21
0.3765607874015748
0
LINE
8
BLACK
6
CONTINUOUS
10
-0.1531765354330709
20
0.3765607874015748
11
-0.1494270078740157
21
0.3784355511811023
0
LINE
8
BLACK
6
CONTINUOUS
10
-0.1494270078740157
20
0.3784355511811023
11
-0.1488864173228346
21
0.3786424409448819
0
LINE
8
BLACK
6
CONTINUOUS
10
-0.1488864173228346
20
0.3786424409448819
11
-0.1487805511811024
21
0.37865
0
LINE
8
BLACK
6
CONTINUOUS
10
-0.1487805511811024
20
0.37865
11
-0.1486825590551181
21
0.3786905511811023
0
LINE
8
BLACK
6
CONTINUOUS
10
-0.1486825590551181
20
0.3786905511811023
11
-0.1481064960629921
21
0.3787472834645669
0
LINE
8
BLACK
6
CONTINUOUS
10
-0.1481064960629921
20
0.3787472834645669
11
-0.1406074409448819
21
0.3787472834645669
0
LINE
8
BLACK
6
CONTINUOUS
10
-0.1406074409448819
20
0.3787472834645669
11
-0.1400313779527559
21
0.3786905511811023
0
LINE
8
BLACK
6
CONTINUOUS
10
-0.1501069291338583
20
0.371493031496063
11
-0.1529393307086614
21
0.3686606692913386
0
LINE
8
BLACK
6
CONTINUOUS
10
-0.1529393307086614
20
0.3686606692913386
11
-0.1545275590551181
21
0.3623076377952756
0
LINE
8
BLACK
6
CONTINUOUS
10
-0.1545275590551181
20
0.3623076377952756
11
-0.1545275590551181
21
0.3499113779527559
0
LINE
8
BLACK
6
CONTINUOUS
10
-0.1545275590551181
20
0.3499113779527559
11
-0.1529393307086614
21
0.3435583858267717
0
LINE
8
BLACK
6
CONTINUOUS
10
-0.1529393307086614
20
0.3435583858267717
11
-0.1501069291338583
21
0.3407259448818897
0
LINE
8
BLACK
6
CONTINUOUS
10
-0.1501069291338583
20
0.3407259448818897
11
-0.1474094488188976
21
0.3393772047244095
0
LINE
8
BLACK
6
CONTINUOUS
10
-0.1474094488188976
20
0.3393772047244095
11
-0.1421116929133858
21
0.3393772047244095
0
LINE
8
BLACK
6
CONTINUOUS
10
-0.1421116929133858
20
0.3393772047244095
11
-0.1442313385826772
21
0.3414968503937008
0
LINE
8
BLACK
6
CONTINUOUS
10
-0.1442313385826772
20
0.3414968503937008
11
-0.1469287795275591
21
0.3428455511811024
0
LINE
8
BLACK
6
CONTINUOUS
10
-0.1469287795275591
20
0.3428455511811024
11
-0.1499812598425197
21
0.3428455511811024
0
LINE
8
BLACK
6
CONTINUOUS
10
-0.1499812598425197
20
0.3428455511811024
11
-0.1505573228346457
21
0.3429022834645669
0
LINE
8
BLACK
6
CONTINUOUS
10
-0.1505573228346457
20
0.3429022834645669
11
-0.1516217322834646
21
0.3433431889763779
0
LINE
8
BLACK
6
CONTINUOUS
10
-0.1516217322834646
20
0.3433431889763779
11
-0.1524363779527559
21
0.3441578346456693
0
LINE
8
BLACK
6
CONTINUOUS
10
-0.1524363779527559
20
0.3441578346456693
11
-0.1528772834645669
21
0.3452222440944882
0
LINE
8
BLACK
6
CONTINUOUS
10
-0.1528772834645669
20
0.3452222440944882
11
-0.1528772834645669
21
0.3463743700787402
0
LINE
8
BLACK
6
CONTINUOUS
10
-0.1528772834645669
20
0.3463743700787402
11
-0.1524363779527559
21
0.347438779527559
0
LINE
8
BLACK
6
CONTINUOUS
10
-0.1524363779527559
20
0.347438779527559
11
-0.1516217322834646
21
0.3482534251968504
0
LINE
8
BLACK
6
CONTINUOUS
10
-0.1516217322834646
20
0.3482534251968504
11
-0.1505573228346457
21
0.3486943307086614
0
LINE
8
BLACK
6
CONTINUOUS
10
-0.1505573228346457
20
0.3486943307086614
11
-0.1499812598425197
21
0.348751062992126
0
LINE
8
BLACK
6
CONTINUOUS
10
-0.1499812598425197
20
0.348751062992126
11
-0.1462317322834646
21
0.348751062992126
0
LINE
8
BLACK
6
CONTINUOUS
10
-0.1462317322834646
20
0.348751062992126
11
-0.1456556692913386
21
0.3486943307086614
0
LINE
8
BLACK
6
CONTINUOUS
10
-0.1456556692913386
20
0.3486943307086614
11
-0.1455576771653543
21
0.3486537401574803
0
LINE
8
BLACK
6
CONTINUOUS
10
-0.1455576771653543
20
0.3486537401574803
11
-0.1454518503937008
21
0.3486462204724409
0
LINE
8
BLACK
6
CONTINUOUS
10
-0.1454518503937008
20
0.3486462204724409
11
-0.144911220472441
21
0.3484393307086614
0
LINE
8
BLACK
6
CONTINUOUS
10
-0.144911220472441
20
0.3484393307086614
11
-0.1411616929133858
21
0.3465645669291338
0
LINE
8
BLACK
6
CONTINUOUS
10
-0.1411616929133858
20
0.3465645669291338
11
-0.1409137007874016
21
0.3464085039370078
0
LINE
8
BLACK
6
CONTINUOUS
10
-0.1409137007874016
20
0.3464085039370078
11
-0.1408417322834646
21
0.3463786614173228
0
LINE
8
BLACK
6
CONTINUOUS
10
-0.1408417322834646
20
0.3463786614173228
11
-0.1407607874015748
21
0.3463122047244094
0
LINE
8
BLACK
6
CONTINUOUS
10
-0.1407607874015748
20
0.3463122047244094
11
-0.1406718110236221
21
0.3462562204724409
0
LINE
8
BLACK
6
CONTINUOUS
10
-0.1406718110236221
20
0.3462562204724409
11
-0.1406206692913386
21
0.3461972440944882
0
LINE
8
BLACK
6
CONTINUOUS
10
-0.1406206692913386
20
0.3461972440944882
11
-0.1403942913385827
21
0.3460114566929134
0
LINE
8
BLACK
6
CONTINUOUS
10
-0.1403942913385827
20
0.3460114566929134
11
-0.1368579527559055
21
0.3424750787401575
0
LINE
8
BLACK
6
CONTINUOUS
10
-0.1368579527559055
20
0.3424750787401575
11
-0.1357746456692913
21
0.3435583858267717
0
LINE
8
BLACK
6
CONTINUOUS
10
-0.1357746456692913
20
0.3435583858267717
11
-0.1341863779527559
21
0.3499113779527559
0
LINE
8
BLACK
6
CONTINUOUS
10
-0.1341863779527559
20
0.3499113779527559
11
-0.1341863779527559
21
0.3623076377952756
0
LINE
8
BLACK
6
CONTINUOUS
10
-0.1341863779527559
20
0.3623076377952756
11
-0.1357746456692913
21
0.3686606692913386
0
LINE
8
BLACK
6
CONTINUOUS
10
-0.1357746456692913
20
0.3686606692913386
11
-0.1386070078740158
21
0.371493031496063
0
LINE
8
BLACK
6
CONTINUOUS
10
-0.1386070078740158
20
0.371493031496063
11
-0.1413044881889764
21
0.3728417716535433
0
LINE
8
BLACK
6
CONTINUOUS
10
-0.1413044881889764
20
0.3728417716535433
11
-0.1474094488188976
21
0.3728417716535433
0
LINE
8
BLACK
6
CONTINUOUS
10
-0.1474094488188976
20
0.3728417716535433
11
-0.1501069291338583
21
0.371493031496063
0
LINE
8
BLACK
6
CONTINUOUS
10
-0.0256706692913386
20
0.3786905511811023
11
-0.0255726771653543
21
0.3786499606299212
0
LINE
8
BLACK
6
CONTINUOUS
10
-0.0255726771653543
20
0.3786499606299212
11
-0.0254668503937008
21
0.3786424409448819
0
LINE
8
BLACK
6
CONTINUOUS
10
-0.0254668503937008
20
0.3786424409448819
11
-0.0249262204724409
21
0.3784355511811023
0
LINE
8
BLACK
6
CONTINUOUS
10
-0.0249262204724409
20
0.3784355511811023
11
-0.0211766929133858
21
0.3765607874015748
0
LINE
8
BLACK
6
CONTINUOUS
10
-0.0211766929133858
20
0.3765607874015748
11
-0.0209287007874016
21
0.3764047244094488
0
LINE
8
BLACK
6
CONTINUOUS
10
-0.0209287007874016
20
0.3764047244094488
11
-0.0208567322834646
21
0.3763748818897638
0
LINE
8
BLACK
6
CONTINUOUS
10
-0.0208567322834646
20
0.3763748818897638
11
-0.0207757874015748
21
0.3763084251968504
0
LINE
8
BLACK
6
CONTINUOUS
10
-0.0207757874015748
20
0.3763084251968504
11
-0.020686811023622
21
0.3762524409448819
0
LINE
8
BLACK
6
CONTINUOUS
10
-0.020686811023622
20
0.3762524409448819
11
-0.0206356692913386
21
0.3761934645669291
0
LINE
8
BLACK
6
CONTINUOUS
10
-0.0206356692913386
20
0.3761934645669291
11
-0.0204092913385827
21
0.3760076771653543
0
LINE
8
BLACK
6
CONTINUOUS
10
-0.0204092913385827
20
0.3760076771653543
11
-0.0185345275590551
21
0.3741329133858268
0
LINE
8
BLACK
6
CONTINUOUS
10
-0.0185345275590551
20
0.3741329133858268
11
-0.0183487795275591
21
0.3739065748031496
0
LINE
8
BLACK
6
CONTINUOUS
10
-0.0183487795275591
20
0.3739065748031496
11
-0.0182897637795276
21
0.3738553937007874
0
LINE
8
BLACK
6
CONTINUOUS
10
-0.0182897637795276
20
0.3738553937007874
11
-0.0182338188976378
21
0.3737664566929134
0
LINE
8
BLACK
6
CONTINUOUS
10
-0.0182338188976378
20
0.3737664566929134
11
-0.0181673228346457
21
0.3736854724409449
0
LINE
8
BLACK
6
CONTINUOUS
10
-0.0181673228346457
20
0.3736854724409449
11
-0.0181375196850394
21
0.3736135433070866
0
LINE
8
BLACK
6
CONTINUOUS
10
-0.0181375196850394
20
0.3736135433070866
11
-0.0179814173228346
21
0.3733655118110236
0
LINE
8
BLACK
6
CONTINUOUS
10
-0.0179814173228346
20
0.3733655118110236
11
-0.0161066535433071
21
0.3696159842519685
0
LINE
8
BLACK
6
CONTINUOUS
10
-0.0161066535433071
20
0.3696159842519685
11
-0.0158997637795276
21
0.3690753937007874
0
LINE
8
BLACK
6
CONTINUOUS
10
-0.0158997637795276
20
0.3690753937007874
11
-0.0158922440944882
21
0.3689695275590551
0
LINE
8
BLACK
6
CONTINUOUS
10
-0.0158922440944882
20
0.3689695275590551
11
-0.0158516535433071
21
0.3688715354330709
0
LINE
8
BLACK
6
CONTINUOUS
10
-0.0158516535433071
20
0.3688715354330709
11
-0.0157949212598425
21
0.3682954724409448
0
LINE
8
BLACK
6
CONTINUOUS
10
-0.0157949212598425
20
0.3682954724409448
11
-0.0157949212598425
21
0.3645459448818897
0
LINE
8
BLACK
6
CONTINUOUS
10
-0.0157949212598425
20
0.3645459448818897
11
-0.0158516535433071
21
0.3639698818897638
0
LINE
8
BLACK
6
CONTINUOUS
10
-0.0158516535433071
20
0.3639698818897638
11
-0.0158922440944882
21
0.3638719291338582
0
LINE
8
BLACK
6
CONTINUOUS
10
-0.0158922440944882
20
0.3638719291338582
11
-0.0158997637795276
21
0.3637660236220472
0
LINE
8
BLACK
6
CONTINUOUS
10
-0.0158997637795276
20
0.3637660236220472
11
-0.0161066535433071
21
0.3632254330708661
0
LINE
8
BLACK
6
CONTINUOUS
10
-0.0161066535433071
20
0.3632254330708661
11
-0.0179814173228346
21
0.359475905511811
0
LINE
8
BLACK
6
CONTINUOUS
10
-0.0179814173228346
20
0.359475905511811
11
-0.0181375196850394
21
0.3592279133858268
0
LINE
8
BLACK
6
CONTINUOUS
10
-0.0181375196850394
20
0.3592279133858268
11
-0.0181673228346457
21
0.3591559448818897
0
LINE
8
BLACK
6
CONTINUOUS
10
-0.0181673228346457
20
0.3591559448818897
11
-0.0182338188976378
21
0.359075
0
LINE
8
BLACK
6
CONTINUOUS
10
-0.0182338188976378
20
0.359075
11
-0.0182897637795276
21
0.3589860236220472
0
LINE
8
BLACK
6
CONTINUOUS
10
-0.0182897637795276
20
0.3589860236220472
11
-0.0183487795275591
21
0.3589348818897637
0
LINE
8
BLACK
6
CONTINUOUS
10
-0.0183487795275591
20
0.3589348818897637
11
-0.0185345275590551
21
0.3587085039370079
0
LINE
8
BLACK
6
CONTINUOUS
10
-0.0185345275590551
20
0.3587085039370079
11
-0.0193990551181102
21
0.3578440157480315
0
LINE
8
BLACK
6
CONTINUOUS
10
-0.0193990551181102
20
0.3578440157480315
11
-0.019160157480315
21
0.3577373622047244
0
LINE
8
BLACK
6
CONTINUOUS
10
-0.019160157480315
20
0.3577373622047244
11
-0.0190800393700787
21
0.357667874015748
0
LINE
8
BLACK
6
CONTINUOUS
10
-0.0190800393700787
20
0.357667874015748
11
-0.018981968503937
21
0.3576272440944882
0
LINE
8
BLACK
6
CONTINUOUS
10
-0.018981968503937
20
0.3576272440944882
11
-0.0185345275590551
21
0.3572600393700787
0
LINE
8
BLACK
6
CONTINUOUS
10
-0.0185345275590551
20
0.3572600393700787
11
-0.0166597637795276
21
0.3553852755905512
0
LINE
8
BLACK
6
CONTINUOUS
10
-0.0166597637795276
20
0.3553852755905512
11
-0.0164740157480315
21
0.355158937007874
0
LINE
8
BLACK
6
CONTINUOUS
10
-0.0164740157480315
20
0.355158937007874
11
-0.016415
21
0.3551077559055118
0
LINE
8
BLACK
6
CONTINUOUS
10
-0.016415
20
0.3551077559055118
11
-0.0163590551181102
21
0.3550188188976378
0
LINE
8
BLACK
6
CONTINUOUS
10
-0.0163590551181102
20
0.3550188188976378
11
-0.0162925590551181
21
0.3549378346456693
0
LINE
8
BLACK
6
CONTINUOUS
10
-0.0162925590551181
20
0.3549378346456693
11
-0.0162627559055118
21
0.354865905511811
0
LINE
8
BLACK
6
CONTINUOUS
10
-0.0162627559055118
20
0.354865905511811
11
-0.0161066535433071
21
0.354617874015748
0
LINE
8
BLACK
6
CONTINUOUS
10
-0.0161066535433071
20
0.354617874015748
11
-0.0142318897637795
21
0.3508683464566929
0
LINE
8
BLACK
6
CONTINUOUS
10
-0.0142318897637795
20
0.3508683464566929
11
-0.014025
21
0.3503277559055118
0
LINE
8
BLACK
6
CONTINUOUS
10
-0.014025
20
0.3503277559055118
11
-0.0140174803149606
21
0.3502218897637795
0
LINE
8
BLACK
6
CONTINUOUS
10
-0.0140174803149606
20
0.3502218897637795
11
-0.0139768897637795
21
0.3501238976377953
0
LINE
8
BLACK
6
CONTINUOUS
10
-0.0139768897637795
20
0.3501238976377953
11
-0.013920157480315
21
0.3495478346456693
0
LINE
8
BLACK
6
CONTINUOUS
10
-0.013920157480315
20
0.3495478346456693
11
-0.013920157480315
21
0.3439235433070866
0
LINE
8
BLACK
6
CONTINUOUS
10
-0.013920157480315
20
0.3439235433070866
11
-0.0139768897637795
21
0.3433474803149606
0
LINE
8
BLACK
6
CONTINUOUS
10
-0.0139768897637795
20
0.3433474803149606
11
-0.0140174803149606
21
0.3432495275590551
0
LINE
8
BLACK
6
CONTINUOUS
10
-0.0140174803149606
20
0.3432495275590551
11
-0.014025
21
0.3431436220472441
0
LINE
8
BLACK
6
CONTINUOUS
10
-0.014025
20
0.3431436220472441
11
-0.0142318897637795
21
0.342603031496063
0
LINE
8
BLACK
6
CONTINUOUS
10
-0.0142318897637795
20
0.342603031496063
11
-0.0161066535433071
21
0.3388535039370079
0
LINE
8
BLACK
6
CONTINUOUS
10
-0.0161066535433071
20
0.3388535039370079
11
-0.0162627165354331
21
0.3386056299212598
0
LINE
8
BLACK
6
CONTINUOUS
10
-0.0162627165354331
20
0.3386056299212598
11
-0.0162925196850394
21
0.3385335826771653
0
LINE
8
BLACK
6
CONTINUOUS
10
-0.0162925196850394
20
0.3385335826771653
11
-0.0163590551181102
21
0.3384525590551181
0
LINE
8
BLACK
6
CONTINUOUS
10
-0.0163590551181102
20
0.3384525590551181
11
-0.016415
21
0.3383636220472441
0
LINE
8
BLACK
6
CONTINUOUS
10
-0.016415
20
0.3383636220472441
11
-0.0164740157480315
21
0.3383124803149606
0
LINE
8
BLACK
6
CONTINUOUS
10
-0.0164740157480315
20
0.3383124803149606
11
-0.0166597637795276
21
0.3380861023622047
0
LINE
8
BLACK
6
CONTINUOUS
10
-0.0166597637795276
20
0.3380861023622047
11
-0.0185344881889764
21
0.3362113385826772
0
LINE
8
BLACK
6
CONTINUOUS
10
-0.0185344881889764
20
0.3362113385826772
11
-0.0187608661417323
21
0.3360255905511811
0
LINE
8
BLACK
6
CONTINUOUS
10
-0.0187608661417323
20
0.3360255905511811
11
-0.0188120472440945
21
0.3359665354330709
0
LINE
8
BLACK
6
CONTINUOUS
10
-0.0188120472440945
20
0.3359665354330709
11
-0.0189010236220472
21
0.3359105511811024
0
LINE
8
BLACK
6
CONTINUOUS
10
-0.0189010236220472
20
0.3359105511811024
11
-0.018981968503937
21
0.335844094488189
0
LINE
8
BLACK
6
CONTINUOUS
10
-0.018981968503937
20
0.335844094488189
11
-0.019053937007874
21
0.3358142913385826
0
LINE
8
BLACK
6
CONTINUOUS
10
-0.019053937007874
20
0.3358142913385826
11
-0.0193019291338583
21
0.3356581889763779
0
LINE
8
BLACK
6
CONTINUOUS
10
-0.0193019291338583
20
0.3356581889763779
11
-0.0230514566929134
21
0.3337834251968504
0
LINE
8
BLACK
6
CONTINUOUS
10
-0.0230514566929134
20
0.3337834251968504
11
-0.0235920866141732
21
0.3335765354330709
0
LINE
8
BLACK
6
CONTINUOUS
10
-0.0235920866141732
20
0.3335765354330709
11
-0.0236979133858268
21
0.3335690551181102
0
LINE
8
BLACK
6
CONTINUOUS
10
-0.0236979133858268
20
0.3335690551181102
11
-0.023795905511811
21
0.3335284251968504
0
LINE
8
BLACK
6
CONTINUOUS
10
-0.023795905511811
20
0.3335284251968504
11
-0.024371968503937
21
0.3334716929133858
0
LINE
8
BLACK
6
CONTINUOUS
10
-0.024371968503937
20
0.3334716929133858
11
-0.0393700787401575
21
0.3334716929133858
0
LINE
8
BLACK
6
CONTINUOUS
10
-0.0393700787401575
20
0.3334716929133858
11
-0.0399461417322835
21
0.3335284251968504
0
LINE
8
BLACK
6
CONTINUOUS
10
-0.0399461417322835
20
0.3335284251968504
11
-0.0410105511811024
21
0.3339693307086614
0
LINE
8
BLACK
6
CONTINUOUS
10
-0.0410105511811024
20
0.3339693307086614
11
-0.0418251968503937
21
0.3347839763779528
0
LINE
8
BLACK
6
CONTINUOUS
10
-0.0418251968503937
20
0.3347839763779528
11
-0.0422661023622047
21
0.3358483858267716
0
LINE
8
BLACK
6
CONTINUOUS
10
-0.0422661023622047
20
0.3358483858267716
11
-0.0423228346456693
21
0.3364244488188976
0
LINE
8
BLACK
6
CONTINUOUS
10
-0.0423228346456693
20
0.3364244488188976
11
-0.0423228346456693
21
0.3757945275590551
0
LINE
8
BLACK
6
CONTINUOUS
10
-0.0423228346456693
20
0.3757945275590551
11
-0.0422661023622047
21
0.3763705905511811
0
LINE
8
BLACK
6
CONTINUOUS
10
-0.0422661023622047
20
0.3763705905511811
11
-0.0418251968503937
21
0.377435
0
LINE
8
BLACK
6
CONTINUOUS
10
-0.0418251968503937
20
0.377435
11
-0.0410105511811024
21
0.3782496456692913
0
LINE
8
BLACK
6
CONTINUOUS
10
-0.0410105511811024
20
0.3782496456692913
11
-0.0399461417322835
21
0.3786905511811023
0
LINE
8
BLACK
6
CONTINUOUS
10
-0.0399461417322835
20
0.3786905511811023
11
-0.0393700787401575
21
0.3787472834645669
0
LINE
8
BLACK
6
CONTINUOUS
10
-0.0393700787401575
20
0.3787472834645669
11
-0.0262467322834646
21
0.3787472834645669
0
LINE
8
BLACK
6
CONTINUOUS
10
-0.0262467322834646
20
0.3787472834645669
11
-0.0256706692913386
21
0.3786905511811023
0
LINE
8
BLACK
6
CONTINUOUS
10
-0.0364173228346457
20
0.3393772047244095
11
-0.0250690157480315
21
0.3393772047244095
0
LINE
8
BLACK
6
CONTINUOUS
10
-0.0250690157480315
20
0.3393772047244095
11
-0.0223715748031496
21
0.3407259448818897
0
LINE
8
BLACK
6
CONTINUOUS
10
-0.0223715748031496
20
0.3407259448818897
11
-0.0211744488188976
21
0.3419231102362205
0
LINE
8
BLACK
6
CONTINUOUS
10
-0.0211744488188976
20
0.3419231102362205
11
-0.0198256692913386
21
0.3446205905511811
0
LINE
8
BLACK
6
CONTINUOUS
10
-0.0198256692913386
20
0.3446205905511811
11
-0.0198256692913386
21
0.3488507874015748
0
LINE
8
BLACK
6
CONTINUOUS
10
-0.0198256692913386
20
0.3488507874015748
11
-0.0211744094488189
21
0.3515482677165354
0
LINE
8
BLACK
6
CONTINUOUS
10
-0.0211744094488189
20
0.3515482677165354
11
-0.0222174803149606
21
0.3525913385826772
0
LINE
8
BLACK
6
CONTINUOUS
10
-0.0222174803149606
20
0.3525913385826772
11
-0.0267258661417323
21
0.3540941338582677
0
LINE
8
BLACK
6
CONTINUOUS
10
-0.0267258661417323
20
0.3540941338582677
11
-0.0364173228346457
21
0.3540941338582677
0
LINE
8
BLACK
6
CONTINUOUS
10
-0.0364173228346457
20
0.3540941338582677
11
-0.0364173228346457
21
0.3393772047244095
0
LINE
8
BLACK
6
CONTINUOUS
10
-0.0364173228346457
20
0.3599996456692913
11
-0.0269437795275591
21
0.3599996456692913
0
LINE
8
BLACK
6
CONTINUOUS
10
-0.0269437795275591
20
0.3599996456692913
11
-0.0242462992125984
21
0.3613483858267716
0
LINE
8
BLACK
6
CONTINUOUS
10
-0.0242462992125984
20
0.3613483858267716
11
-0.0230491732283465
21
0.3625455118110236
0
LINE
8
BLACK
6
CONTINUOUS
10
-0.0230491732283465
20
0.3625455118110236
11
-0.0217004330708661
21
0.3652429921259843
0
LINE
8
BLACK
6
CONTINUOUS
10
-0.0217004330708661
20
0.3652429921259843
11
-0.0217004330708661
21
0.3675984251968504
0
LINE
8
BLACK
6
CONTINUOUS
10
-0.0217004330708661
20
0.3675984251968504
11
-0.0230491732283465
21
0.370295905511811
0
LINE
8
BLACK
6
CONTINUOUS
10
-0.0230491732283465
20
0.370295905511811
11
-0.0242462992125984
21
0.371493031496063
0
LINE
8
BLACK
6
CONTINUOUS
10
-0.0242462992125984
20
0.371493031496063
11
-0.0269437795275591
21
0.3728417716535433
0
LINE
8
BLACK
6
CONTINUOUS
10
-0.0269437795275591
20
0.3728417716535433
11
-0.0364173228346457
21
0.3728417716535433
0
LINE
8
BLACK
6
CONTINUOUS
10
-0.0364173228346457
20
0.3728417716535433
11
-0.0364173228346457
21
0.3599996456692913
0
LINE
8
BLACK
6
CONTINUOUS
10
0.0353862598425197
20
0.3782496456692913
11
0.036200905511811
21
0.377435
0
LINE
8
BLACK
6
CONTINUOUS
10
0.036200905511811
20
0.377435
11
0.036641811023622
21
0.3763705905511811
0
LINE
8
BLACK
6
CONTINUOUS
10
0.036641811023622
20
0.3763705905511811
11
0.0366985433070866
21
0.3757945275590551
0
LINE
8
BLACK
6
CONTINUOUS
10
0.0366985433070866
20
0.3757945275590551
11
0.0366985433070866
21
0.3393772047244095
0
LINE
8
BLACK
6
CONTINUOUS
10
0.0366985433070866
20
0.3393772047244095
11
0.0524934251968504
21
0.3393772047244095
0
LINE
8
BLACK
6
CONTINUOUS
10
0.0524934251968504
20
0.3393772047244095
11
0.0530694881889764
21
0.3393204724409449
0
LINE
8
BLACK
6
CONTINUOUS
10
0.0530694881889764
20
0.3393204724409449
11
0.0541338976377953
21
0.3388795669291338
0
LINE
8
BLACK
6
CONTINUOUS
10
0.0541338976377953
20
0.3388795669291338
11
0.0549485433070866
21
0.3380649212598425
0
LINE
8
BLACK
6
CONTINUOUS
10
0.0549485433070866
20
0.3380649212598425
11
0.0553894488188976
21
0.3370005118110236
0
LINE
8
BLACK
6
CONTINUOUS
10
0.0553894488188976
20
0.3370005118110236
11
0.0553894488188976
21
0.3358483858267716
0
LINE
8
BLACK
6
CONTINUOUS
10
0.0553894488188976
20
0.3358483858267716
11
0.0549485433070866
21
0.3347839763779528
0
LINE
8
BLACK
6
CONTINUOUS
10
0.0549485433070866
20
0.3347839763779528
11
0.0541338976377953
21
0.3339693307086614
0
LINE
8
BLACK
6
CONTINUOUS
10
0.0541338976377953
20
0.3339693307086614
11
0.0530694881889764
21
0.3335284251968504
0
LINE
8
BLACK
6
CONTINUOUS
10
0.0530694881889764
20
0.3335284251968504
11
0.0524934251968504
21
0.3334716929133858
0
LINE
8
BLACK
6
CONTINUOUS
10
0.0524934251968504
20
0.3334716929133858
11
0.0337457874015748
21
0.3334716929133858
0
LINE
8
BLACK
6
CONTINUOUS
10
0.0337457874015748
20
0.3334716929133858
11
0.0331697244094488
21
0.3335284251968504
0
LINE
8
BLACK
6
CONTINUOUS
10
0.0331697244094488
20
0.3335284251968504
11
0.0321053149606299
21
0.3339693307086614
0
LINE
8
BLACK
6
CONTINUOUS
10
0.0321053149606299
20
0.3339693307086614
11
0.0312906692913386
21
0.3347839763779528
0
LINE
8
BLACK
6
CONTINUOUS
10
0.0312906692913386
20
0.3347839763779528
11
0.0308497637795276
21
0.3358483858267716
0
LINE
8
BLACK
6
CONTINUOUS
10
0.0308497637795276
20
0.3358483858267716
11
0.030793031496063
21
0.3364244488188976
0
LINE
8
BLACK
6
CONTINUOUS
10
0.030793031496063
20
0.3364244488188976
11
0.030793031496063
21
0.3757945275590551
0
LINE
8
BLACK
6
CONTINUOUS
10
0.030793031496063
20
0.3757945275590551
11
0.0308497637795276
21
0.3763705905511811
0
LINE
8
BLACK
6
CONTINUOUS
10
0.0308497637795276
20
0.3763705905511811
11
0.0312906692913386
21
0.377435
0
LINE
8
BLACK
6
CONTINUOUS
10
0.0312906692913386
20
0.377435
11
0.0321053149606299
21
0.3782496456692913
0
LINE
8
BLACK
6
CONTINUOUS
10
0.0321053149606299
20
0.3782496456692913
11
0.0331697244094488
21
0.3786905511811023
0
LINE
8
BLACK
6
CONTINUOUS
10
0.0331697244094488
20
0.3786905511811023
11
0.0343218503937008
21
0.3786905511811023
0
LINE
8
BLACK
6
CONTINUOUS
10
0.0343218503937008
20
0.3786905511811023
11
0.0353862598425197
21
0.3782496456692913
0
LINE
8
BLACK
6
CONTINUOUS
10
0.0774414566929134
20
0.3786905511811023
11
0.0775394488188976
21
0.3786499606299212
0
LINE
8
BLACK
6
CONTINUOUS
10
0.0775394488188976
20
0.3786499606299212
11
0.0776452755905512
21
0.3786424409448819
0
LINE
8
BLACK
6
CONTINUOUS
10
0.0776452755905512
20
0.3786424409448819
11
0.078185905511811
21
0.3784355511811023
0
LINE
8
BLACK
6
CONTINUOUS
10
0.078185905511811
20
0.3784355511811023
11
0.0819354330708661
21
0.3765607874015748
0
LINE
8
BLACK
6
CONTINUOUS
10
0.0819354330708661
20
0.3765607874015748
11
0.0821834251968504
21
0.3764047244094488
0
LINE
8
BLACK
6
CONTINUOUS
10
0.0821834251968504
20
0.3764047244094488
11
0.0822553937007874
21
0.3763748818897638
0
LINE
8
BLACK
6
CONTINUOUS
10
0.0822553937007874
20
0.3763748818897638
11
0.0823363385826772
21
0.3763084251968504
0
LINE
8
BLACK
6
CONTINUOUS
10
0.0823363385826772
20
0.3763084251968504
11
0.0824253149606299
21
0.3762524409448819
0
LINE
8
BLACK
6
CONTINUOUS
10
0.0824253149606299
20
0.3762524409448819
11
0.0824764566929134
21
0.3761934645669291
0
LINE
8
BLACK
6
CONTINUOUS
10
0.0824764566929134
20
0.3761934645669291
11
0.0827028346456693
21
0.3760076771653543
0
LINE
8
BLACK
6
CONTINUOUS
10
0.0827028346456693
20
0.3760076771653543
11
0.0845775984251969
21
0.3741329133858268
0
LINE
8
BLACK
6
CONTINUOUS
10
0.0845775984251969
20
0.3741329133858268
11
0.0847633464566929
21
0.3739065748031496
0
LINE
8
BLACK
6
CONTINUOUS
10
0.0847633464566929
20
0.3739065748031496
11
0.0848223622047244
21
0.3738553937007874
0
LINE
8
BLACK
6
CONTINUOUS
10
0.0848223622047244
20
0.3738553937007874
11
0.0848783070866142
21
0.3737664566929134
0
LINE
8
BLACK
6
CONTINUOUS
10
0.0848783070866142
20
0.3737664566929134
11
0.0849448031496063
21
0.3736854724409449
0
LINE
8
BLACK
6
CONTINUOUS
10
0.0849448031496063
20
0.3736854724409449
11
0.0849746062992126
21
0.3736135433070866
0
LINE
8
BLACK
6
CONTINUOUS
10
0.0849746062992126
20
0.3736135433070866
11
0.0851307086614173
21
0.3733655118110236
0
LINE
8
BLACK
6
CONTINUOUS
10
0.0851307086614173
20
0.3733655118110236
11
0.0870054724409449
21
0.3696159842519685
0
LINE
8
BLACK
6
CONTINUOUS
10
0.0870054724409449
20
0.3696159842519685
11
0.0870215748031496
21
0.3695738976377952
0
LINE
8
BLACK
6
CONTINUOUS
10
0.0870215748031496
20
0.3695738976377952
11
0.0870342913385827
21
0.3695567322834646
0
LINE
8
BLACK
6
CONTINUOUS
10
0.0870342913385827
20
0.3695567322834646
11
0.0871205905511811
21
0.369315157480315
0
LINE
8
BLACK
6
CONTINUOUS
10
0.0871205905511811
20
0.369315157480315
11
0.0872123622047244
21
0.3690753937007874
0
LINE
8
BLACK
6
CONTINUOUS
10
0.0872123622047244
20
0.3690753937007874
11
0.0872138582677165
21
0.3690541338582677
0
LINE
8
BLACK
6
CONTINUOUS
10
0.0872138582677165
20
0.3690541338582677
11
0.0872290551181102
21
0.3690116141732284
0
LINE
8
BLACK
6
CONTINUOUS
10
0.0872290551181102
20
0.3690116141732284
11
0.0891038188976378
21
0.3615125590551181
0
LINE
8
BLACK
6
CONTINUOUS
10
0.0891038188976378
20
0.3615125590551181
11
0.0891185826771654
21
0.3614127165354331
0
LINE
8
BLACK
6
CONTINUOUS
10
0.0891185826771654
20
0.3614127165354331
11
0.0891352362204724
21
0.3613724803149606
0
LINE
8
BLACK
6
CONTINUOUS
10
0.0891352362204724
20
0.3613724803149606
11
0.0891565748031496
21
0.3611554724409449
0
LINE
8
BLACK
6
CONTINUOUS
10
0.0891565748031496
20
0.3611554724409449
11
0.0891884645669291
21
0.3609399606299212
0
LINE
8
BLACK
6
CONTINUOUS
10
0.0891884645669291
20
0.3609399606299212
11
0.0891820472440945
21
0.360896968503937
0
LINE
8
BLACK
6
CONTINUOUS
10
0.0891820472440945
20
0.360896968503937
11
0.089191968503937
21
0.3607964173228346
0
LINE
8
BLACK
6
CONTINUOUS
10
0.089191968503937
20
0.3607964173228346
11
0.089191968503937
21
0.3514225984251969
0
LINE
8
BLACK
6
CONTINUOUS
10
0.089191968503937
20
0.3514225984251969
11
0.0891820472440945
21
0.3513220866141732
0
LINE
8
BLACK
6
CONTINUOUS
10
0.0891820472440945
20
0.3513220866141732
11
0.0891884645669291
21
0.3512790551181103
0
LINE
8
BLACK
6
CONTINUOUS
10
0.0891884645669291
20
0.3512790551181103
11
0.0891565748031496
21
0.3510635826771654
0
LINE
8
BLACK
6
CONTINUOUS
10
0.0891565748031496
20
0.3510635826771654
11
0.0891352362204724
21
0.3508465354330709
0
LINE
8
BLACK
6
CONTINUOUS
10
0.0891352362204724
20
0.3508465354330709
11
0.0891185826771654
21
0.3508063385826772
0
LINE
8
BLACK
6
CONTINUOUS
10
0.0891185826771654
20
0.3508063385826772
11
0.0891038188976378
21
0.3507064566929134
0
LINE
8
BLACK
6
CONTINUOUS
10
0.0891038188976378
20
0.3507064566929134
11
0.0872290551181102
21
0.3432074015748031
0
LINE
8
BLACK
6
CONTINUOUS
10
0.0872290551181102
20
0.3432074015748031
11
0.0872138582677165
21
0.3431649212598425
0
LINE
8
BLACK
6
CONTINUOUS
10
0.0872138582677165
20
0.3431649212598425
11
0.0872123622047244
21
0.3431436220472441
0
LINE
8
BLACK
6
CONTINUOUS
10
0.0872123622047244
20
0.3431436220472441
11
0.0871205905511811
21
0.3429038976377953
0
LINE
8
BLACK
6
CONTINUOUS
10
0.0871205905511811
20
0.3429038976377953
11
0.0870342913385827
21
0.3426622834645669
0
LINE
8
BLACK
6
CONTINUOUS
10
0.0870342913385827
20
0.3426622834645669
11
0.0870215748031496
21
0.3426451574803149
0
LINE
8
BLACK
6
CONTINUOUS
10
0.0870215748031496
20
0.3426451574803149
11
0.0870054724409449
21
0.342603031496063
0
LINE
8
BLACK
6
CONTINUOUS
10
0.0870054724409449
20
0.342603031496063
11
0.0851307086614173
21
0.3388535039370079
0
LINE
8
BLACK
6
CONTINUOUS
10
0.0851307086614173
20
0.3388535039370079
11
0.0849746456692913
21
0.3386056299212598
0
LINE
8
BLACK
6
CONTINUOUS
10
0.0849746456692913
20
0.3386056299212598
11
0.084944842519685
21
0.3385335826771653
0
LINE
8
BLACK
6
CONTINUOUS
10
0.084944842519685
20
0.3385335826771653
11
0.0848783070866142
21
0.3384525590551181
0
LINE
8
BLACK
6
CONTINUOUS
10
0.0848783070866142
20
0.3384525590551181
11
0.0848223622047244
21
0.3383636220472441
0
LINE
8
BLACK
6
CONTINUOUS
10
0.0848223622047244
20
0.3383636220472441
11
0.0847633464566929
21
0.3383124803149606
0
LINE
8
BLACK
6
CONTINUOUS
10
0.0847633464566929
20
0.3383124803149606
11
0.0845775984251969
21
0.3380861023622047
0
LINE
8
BLACK
6
CONTINUOUS
10
0.0845775984251969
20
0.3380861023622047
11
0.082702874015748
21
0.3362113385826772
0
LINE
8
BLACK
6
CONTINUOUS
10
0.082702874015748
20
0.3362113385826772
11
0.0824764960629921
21
0.3360255905511811
0
LINE
8
BLACK
6
CONTINUOUS
10
0.0824764960629921
20
0.3360255905511811
11
0.0824253149606299
21
0.3359665354330709
0
LINE
8
BLACK
6
CONTINUOUS
10
0.0824253149606299
20
0.3359665354330709
11
0.0823363385826772
21
0.3359105511811024
0
LINE
8
BLACK
6
CONTINUOUS
10
0.0823363385826772
20
0.3359105511811024
11
0.0822553937007874
21
0.335844094488189
0
LINE
8
BLACK
6
CONTINUOUS
10
0.0822553937007874
20
0.335844094488189
11
0.0821834251968504
21
0.3358142913385826
0
LINE
8
BLACK
6
CONTINUOUS
10
0.0821834251968504
20
0.3358142913385826
11
0.0819354330708661
21
0.3356581889763779
0
LINE
8
BLACK
6
CONTINUOUS
10
0.0819354330708661
20
0.3356581889763779
11
0.078185905511811
21
0.3337834251968504
0
LINE
8
BLACK
6
CONTINUOUS
10
0.078185905511811
20
0.3337834251968504
11
0.0776452755905512
21
0.3335765354330709
0
LINE
8
BLACK
6
CONTINUOUS
10
0.0776452755905512
20
0.3335765354330709
11
0.0775394488188976
21
0.3335690551181102
0
LINE
8
BLACK
6
CONTINUOUS
10
0.0775394488188976
20
0.3335690551181102
11
0.0774414566929134
21
0.3335284251968504
0
LINE
8
BLACK
6
CONTINUOUS
10
0.0774414566929134
20
0.3335284251968504
11
0.0768653937007874
21
0.3334716929133858
0
LINE
8
BLACK
6
CONTINUOUS
10
0.0768653937007874
20
0.3334716929133858
11
0.0731158661417323
21
0.3334716929133858
0
LINE
8
BLACK
6
CONTINUOUS
10
0.0731158661417323
20
0.3334716929133858
11
0.0725398031496063
21
0.3335284251968504
0
LINE
8
BLACK
6
CONTINUOUS
10
0.0725398031496063
20
0.3335284251968504
11
0.072441811023622
21
0.3335690157480315
0
LINE
8
BLACK
6
CONTINUOUS
10
0.072441811023622
20
0.3335690157480315
11
0.0723359448818898
21
0.3335765354330709
0
LINE
8
BLACK
6
CONTINUOUS
10
0.0723359448818898
20
0.3335765354330709
11
0.0717953543307087
21
0.3337834251968504
0
LINE
8
BLACK
6
CONTINUOUS
10
0.0717953543307087
20
0.3337834251968504
11
0.0680458267716535
21
0.3356581889763779
0
LINE
8
BLACK
6
CONTINUOUS
10
0.0680458267716535
20
0.3356581889763779
11
0.0677977952755905
21
0.3358142913385826
0
LINE
8
BLACK
6
CONTINUOUS
10
0.0677977952755905
20
0.3358142913385826
11
0.0677258661417323
21
0.335844094488189
0
LINE
8
BLACK
6
CONTINUOUS
10
0.0677258661417323
20
0.335844094488189
11
0.0676448818897638
21
0.3359105511811024
0
LINE
8
BLACK
6
CONTINUOUS
10
0.0676448818897638
20
0.3359105511811024
11
0.0675559448818898
21
0.3359665354330709
0
LINE
8
BLACK
6
CONTINUOUS
10
0.0675559448818898
20
0.3359665354330709
11
0.0675047244094488
21
0.3360255905511811
0
LINE
8
BLACK
6
CONTINUOUS
10
0.0675047244094488
20
0.3360255905511811
11
0.0672783858267716
21
0.3362113385826772
0
LINE
8
BLACK
6
CONTINUOUS
10
0.0672783858267716
20
0.3362113385826772
11
0.0654036220472441
21
0.3380861417322835
0
LINE
8
BLACK
6
CONTINUOUS
10
0.0654036220472441
20
0.3380861417322835
11
0.065217874015748
21
0.3383124803149606
0
LINE
8
BLACK
6
CONTINUOUS
10
0.065217874015748
20
0.3383124803149606
11
0.0651588976377953
21
0.3383636220472441
0
LINE
8
BLACK
6
CONTINUOUS
10
0.0651588976377953
20
0.3383636220472441
11
0.0651029133858268
21
0.3384525590551181
0
LINE
8
BLACK
6
CONTINUOUS
10
0.0651029133858268
20
0.3384525590551181
11
0.0650364173228346
21
0.3385335826771653
0
LINE
8
BLACK
6
CONTINUOUS
10
0.0650364173228346
20
0.3385335826771653
11
0.0650065748031496
21
0.3386056299212598
0
LINE
8
BLACK
6
CONTINUOUS
10
0.0650065748031496
20
0.3386056299212598
11
0.0648505511811024
21
0.3388535039370079
0
LINE
8
BLACK
6
CONTINUOUS
10
0.0648505511811024
20
0.3388535039370079
11
0.0629757874015748
21
0.342603031496063
0
LINE
8
BLACK
6
CONTINUOUS
10
0.0629757874015748
20
0.342603031496063
11
0.0629596456692913
21
0.3426451574803149
0
LINE
8
BLACK
6
CONTINUOUS
10
0.0629596456692913
20
0.3426451574803149
11
0.062946968503937
21
0.3426622834645669
0
LINE
8
BLACK
6
CONTINUOUS
10
0.062946968503937
20
0.3426622834645669
11
0.0628605118110236
21
0.3429042519685039
0
LINE
8
BLACK
6
CONTINUOUS
10
0.0628605118110236
20
0.3429042519685039
11
0.0627688976377953
21
0.3431436614173228
0
LINE
8
BLACK
6
CONTINUOUS
10
0.0627688976377953
20
0.3431436614173228
11
0.0627673622047244
21
0.3431649212598425
0
LINE
8
BLACK
6
CONTINUOUS
10
0.0627673622047244
20
0.3431649212598425
11
0.0627522047244094
21
0.3432074015748031
0
LINE
8
BLACK
6
CONTINUOUS
10
0.0627522047244094
20
0.3432074015748031
11
0.0608774409448819
21
0.3507064566929134
0
LINE
8
BLACK
6
CONTINUOUS
10
0.0608774409448819
20
0.3507064566929134
11
0.0608626377952756
21
0.3508063385826772
0
LINE
8
BLACK
6
CONTINUOUS
10
0.0608626377952756
20
0.3508063385826772
11
0.0608460236220472
21
0.3508465354330709
0
LINE
8
BLACK
6
CONTINUOUS
10
0.0608460236220472
20
0.3508465354330709
11
0.0608246456692913
21
0.3510635826771654
0
LINE
8
BLACK
6
CONTINUOUS
10
0.0608246456692913
20
0.3510635826771654
11
0.0607927952755905
21
0.3512790551181103
0
LINE
8
BLACK
6
CONTINUOUS
10
0.0607927952755905
20
0.3512790551181103
11
0.0607991732283465
21
0.3513220866141732
0
LINE
8
BLACK
6
CONTINUOUS
10
0.0607991732283465
20
0.3513220866141732
11
0.0607892913385827
21
0.3514225984251969
0
LINE
8
BLACK
6
CONTINUOUS
10
0.0607892913385827
20
0.3514225984251969
11
0.0607892913385827
21
0.3607964173228346
0
LINE
8
BLACK
6
CONTINUOUS
10
0.0607892913385827
20
0.3607964173228346
11
0.0607991732283465
21
0.360896968503937
0
LINE
8
BLACK
6
CONTINUOUS
10
0.0607991732283465
20
0.360896968503937
11
0.0607927952755905
21
0.3609399606299212
0
LINE
8
BLACK
6
CONTINUOUS
10
0.0607927952755905
20
0.3609399606299212
11
0.0608246456692913
21
0.3611554724409449
0
LINE
8
BLACK
6
CONTINUOUS
10
0.0608246456692913
20
0.3611554724409449
11
0.0608460236220472
21
0.3613724803149606
0
LINE
8
BLACK
6
CONTINUOUS
10
0.0608460236220472
20
0.3613724803149606
11
0.0608626377952756
21
0.3614127165354331
0
LINE
8
BLACK
6
CONTINUOUS
10
0.0608626377952756
20
0.3614127165354331
11
0.0608774409448819
21
0.3615125590551181
0
LINE
8
BLACK
6
CONTINUOUS
10
0.0608774409448819
20
0.3615125590551181
11
0.0627522047244094
21
0.3690116141732284
0
LINE
8
BLACK
6
CONTINUOUS
10
0.0627522047244094
20
0.3690116141732284
11
0.0627673622047244
21
0.3690541338582677
0
LINE
8
BLACK
6
CONTINUOUS
10
0.0627673622047244
20
0.3690541338582677
11
0.0627688976377953
21
0.3690753543307086
0
LINE
8
BLACK
6
CONTINUOUS
10
0.0627688976377953
20
0.3690753543307086
11
0.0628605118110236
21
0.3693148031496063
0
LINE
8
BLACK
6
CONTINUOUS
10
0.0628605118110236
20
0.3693148031496063
11
0.062946968503937
21
0.3695567322834646
0
LINE
8
BLACK
6
CONTINUOUS
10
0.062946968503937
20
0.3695567322834646
11
0.0629596456692913
21
0.3695738976377952
0
LINE
8
BLACK
6
CONTINUOUS
10
0.0629596456692913
20
0.3695738976377952
11
0.0629757874015748
21
0.3696159842519685
0
LINE
8
BLACK
6
CONTINUOUS
10
0.0629757874015748
20
0.3696159842519685
11
0.0648505511811024
21
0.3733655118110236
0
LINE
8
BLACK
6
CONTINUOUS
10
0.0648505511811024
20
0.3733655118110236
11
0.0650066141732283
21
0.3736135433070866
0
LINE
8
BLACK
6
CONTINUOUS
10
0.0650066141732283
20
0.3736135433070866
11
0.0650364566929134
21
0.3736854724409449
0
LINE
8
BLACK
6
CONTINUOUS
10
0.0650364566929134
20
0.3736854724409449
11
0.0651029133858268
21
0.3737664566929134
0
LINE
8
BLACK
6
CONTINUOUS
10
0.0651029133858268
20
0.3737664566929134
11
0.0651588976377953
21
0.3738553937007874
0
LINE
8
BLACK
6
CONTINUOUS
10
0.0651588976377953
20
0.3738553937007874
11
0.065217874015748
21
0.3739065748031496
0
LINE
8
BLACK
6
CONTINUOUS
10
0.065217874015748
20
0.3739065748031496
11
0.0654036614173228
21
0.3741329133858268
0
LINE
8
BLACK
6
CONTINUOUS
10
0.0654036614173228
20
0.3741329133858268
11
0.0672784251968504
21
0.3760076771653543
0
LINE
8
BLACK
6
CONTINUOUS
10
0.0672784251968504
20
0.3760076771653543
11
0.0675047637795276
21
0.3761934645669291
0
LINE
8
BLACK
6
CONTINUOUS
10
0.0675047637795276
20
0.3761934645669291
11
0.0675559448818898
21
0.3762524409448819
0
LINE
8
BLACK
6
CONTINUOUS
10
0.0675559448818898
20
0.3762524409448819
11
0.0676448818897638
21
0.3763084251968504
0
LINE
8
BLACK
6
CONTINUOUS
10
0.0676448818897638
20
0.3763084251968504
11
0.0677258661417323
21
0.3763748818897638
0
LINE
8
BLACK
6
CONTINUOUS
10
0.0677258661417323
20
0.3763748818897638
11
0.0677977952755905
21
0.3764047244094488
0
LINE
8
BLACK
6
CONTINUOUS
10
0.0677977952755905
20
0.3764047244094488
11
0.0680458267716535
21
0.3765607874015748
0
LINE
8
BLACK
6
CONTINUOUS
10
0.0680458267716535
20
0.3765607874015748
11
0.0717953543307087
21
0.3784355511811023
0
LINE
8
BLACK
6
CONTINUOUS
10
0.0717953543307087
20
0.3784355511811023
11
0.0723359448818898
21
0.3786424409448819
0
LINE
8
BLACK
6
CONTINUOUS
10
0.0723359448818898
20
0.3786424409448819
11
0.072441811023622
21
0.37865
0
LINE
8
BLACK
6
CONTINUOUS
10
0.072441811023622
20
0.37865
11
0.0725398031496063
21
0.3786905511811023
0
LINE
8
BLACK
6
CONTINUOUS
10
0.0725398031496063
20
0.3786905511811023
11
0.0731158661417323
21
0.3787472834645669
0
LINE
8
BLACK
6
CONTINUOUS
10
0.0731158661417323
20
0.3787472834645669
11
0.0768653937007874
21
0.3787472834645669
0
LINE
8
BLACK
6
CONTINUOUS
10
0.0768653937007874
20
0.3787472834645669
11
0.0774414566929134
21
0.3786905511811023
0
LINE
8
BLACK
6
CONTINUOUS
10
0.0711154330708661
20
0.371493031496063
11
0.0699183070866142
21
0.370295905511811
0
LINE
8
BLACK
6
CONTINUOUS
10
0.0699183070866142
20
0.370295905511811
11
0.0684027952755906
21
0.3672649212598425
0
LINE
8
BLACK
6
CONTINUOUS
10
0.0684027952755906
20
0.3672649212598425
11
0.0666948031496063
21
0.360432874015748
0
LINE
8
BLACK
6
CONTINUOUS
10
0.0666948031496063
20
0.360432874015748
11
0.0666948031496063
21
0.3517861417322835
0
LINE
8
BLACK
6
CONTINUOUS
10
0.0666948031496063
20
0.3517861417322835
11
0.0684027952755906
21
0.344954094488189
0
LINE
8
BLACK
6
CONTINUOUS
10
0.0684027952755906
20
0.344954094488189
11
0.0699183070866142
21
0.3419231102362205
0
LINE
8
BLACK
6
CONTINUOUS
10
0.0699183070866142
20
0.3419231102362205
11
0.0711154330708661
21
0.3407259448818897
0
LINE
8
BLACK
6
CONTINUOUS
10
0.0711154330708661
20
0.3407259448818897
11
0.0738129133858268
21
0.3393772047244095
0
LINE
8
BLACK
6
CONTINUOUS
10
0.0738129133858268
20
0.3393772047244095
11
0.0761683464566929
21
0.3393772047244095
0
LINE
8
BLACK
6
CONTINUOUS
10
0.0761683464566929
20
0.3393772047244095
11
0.0788657874015748
21
0.3407259448818897
0
LINE
8
BLACK
6
CONTINUOUS
10
0.0788657874015748
20
0.3407259448818897
11
0.0800629133858268
21
0.3419231102362205
0
LINE
8
BLACK
6
CONTINUOUS
10
0.0800629133858268
20
0.3419231102362205
11
0.0815784251968504
21
0.344954094488189
0
LINE
8
BLACK
6
CONTINUOUS
10
0.0815784251968504
20
0.344954094488189
11
0.0832864566929134
21
0.3517861417322835
0
LINE
8
BLACK
6
CONTINUOUS
10
0.0832864566929134
20
0.3517861417322835
11
0.0832864566929134
21
0.360432874015748
0
LINE
8
BLACK
6
CONTINUOUS
10
0.0832864566929134
20
0.360432874015748
11
0.0815784251968504
21
0.3672649212598425
0
LINE
8
BLACK
6
CONTINUOUS
10
0.0815784251968504
20
0.3672649212598425
11
0.0800629527559055
21
0.370295905511811
0
LINE
8
BLACK
6
CONTINUOUS
10
0.0800629527559055
20
0.370295905511811
11
0.0788658267716535
21
0.371493031496063
0
LINE
8
BLACK
6
CONTINUOUS
10
0.0788658267716535
20
0.371493031496063
11
0.0761683464566929
21
0.3728417716535433
0
LINE
8
BLACK
6
CONTINUOUS
10
0.0761683464566929
20
0.3728417716535433
11
0.0738129133858268
21
0.3728417716535433
0
LINE
8
BLACK
6
CONTINUOUS
10
0.0738129133858268
20
0.3728417716535433
11
0.0711154330708661
21
0.371493031496063
0
LINE
8
BLACK
6
CONTINUOUS
10
0.1127696062992126
20
0.3786905511811023
11
0.1130620078740157
21
0.3786905511811023
0
LINE
8
BLACK
6
CONTINUOUS
10
0.1130620078740157
20
0.3786905511811023
11
0.1133292519685039
21
0.378579842519685
0
LINE
8
BLACK
6
CONTINUOUS
10
0.1133292519685039
20
0.378579842519685
11
0.1136130708661417
21
0.3785237007874016
0
LINE
8
BLACK
6
CONTINUOUS
10
0.1136130708661417
20
0.3785237007874016
11
0.1138563385826772
21
0.3783615354330709
0
LINE
8
BLACK
6
CONTINUOUS
10
0.1138563385826772
20
0.3783615354330709
11
0.1141264173228346
21
0.3782496456692913
0
LINE
8
BLACK
6
CONTINUOUS
10
0.1141264173228346
20
0.3782496456692913
11
0.1143308661417323
21
0.3780451968503937
0
LINE
8
BLACK
6
CONTINUOUS
10
0.1143308661417323
20
0.3780451968503937
11
0.1145716929133858
21
0.3778846456692913
0
LINE
8
BLACK
6
CONTINUOUS
10
0.1145716929133858
20
0.3778846456692913
11
0.1147344094488189
21
0.3776416535433071
0
LINE
8
BLACK
6
CONTINUOUS
10
0.1147344094488189
20
0.3776416535433071
11
0.114941062992126
21
0.377435
0
LINE
8
BLACK
6
CONTINUOUS
10
0.114941062992126
20
0.377435
11
0.1150517322834646
21
0.3771677952755905
0
LINE
8
BLACK
6
CONTINUOUS
10
0.1150517322834646
20
0.3771677952755905
11
0.1152127559055118
21
0.3769273622047244
0
LINE
8
BLACK
6
CONTINUOUS
10
0.1152127559055118
20
0.3769273622047244
11
0.1152700787401575
21
0.3766407086614173
0
LINE
8
BLACK
6
CONTINUOUS
10
0.1152700787401575
20
0.3766407086614173
11
0.115381968503937
21
0.3763705905511811
0
LINE
8
BLACK
6
CONTINUOUS
10
0.115381968503937
20
0.3763705905511811
11
0.1154380708661417
21
0.3758006692913386
0
LINE
8
BLACK
6
CONTINUOUS
10
0.1154380708661417
20
0.3758006692913386
11
0.1154387007874016
21
0.3757976377952756
0
LINE
8
BLACK
6
CONTINUOUS
10
0.1154387007874016
20
0.3757976377952756
11
0.1154384645669291
21
0.3757966141732283
0
LINE
8
BLACK
6
CONTINUOUS
10
0.1154384645669291
20
0.3757966141732283
11
0.1154387007874016
21
0.3757945275590551
0
LINE
8
BLACK
6
CONTINUOUS
10
0.1154387007874016
20
0.3757945275590551
11
0.1154387007874016
21
0.3393772047244095
0
LINE
8
BLACK
6
CONTINUOUS
10
0.1154387007874016
20
0.3393772047244095
11
0.1237345275590551
21
0.3393772047244095
0
LINE
8
BLACK
6
CONTINUOUS
10
0.1237345275590551
20
0.3393772047244095
11
0.1243105905511811
21
0.3393204724409449
0
LINE
8
BLACK
6
CONTINUOUS
10
0.1243105905511811
20
0.3393204724409449
11
0.125375
21
0.3388795669291338
0
LINE
8
BLACK
6
CONTINUOUS
10
0.125375
20
0.3388795669291338
11
0.1261896456692913
21
0.3380649212598425
0
LINE
8
BLACK
6
CONTINUOUS
10
0.1261896456692913
20
0.3380649212598425
11
0.1266305511811024
21
0.3370005118110236
0
LINE
8
BLACK
6
CONTINUOUS
10
0.1266305511811024
20
0.3370005118110236
11
0.1266305511811024
21
0.3358483858267716
0
LINE
8
BLACK
6
CONTINUOUS
10
0.1266305511811024
20
0.3358483858267716
11
0.1261896456692913
21
0.3347839763779528
0
LINE
8
BLACK
6
CONTINUOUS
10
0.1261896456692913
20
0.3347839763779528
11
0.125375
21
0.3339693307086614
0
LINE
8
BLACK
6
CONTINUOUS
10
0.125375
20
0.3339693307086614
11
0.1243105905511811
21
0.3335284251968504
0
LINE
8
BLACK
6
CONTINUOUS
10
0.1243105905511811
20
0.3335284251968504
11
0.1237345275590551
21
0.3334716929133858
0
LINE
8
BLACK
6
CONTINUOUS
10
0.1237345275590551
20
0.3334716929133858
11
0.1012373622047244
21
0.3334716929133858
0
LINE
8
BLACK
6
CONTINUOUS
10
0.1012373622047244
20
0.3334716929133858
11
0.1006612992125984
21
0.3335284251968504
0
LINE
8
BLACK
6
CONTINUOUS
10
0.1006612992125984
20
0.3335284251968504
11
0.0995968897637795
21
0.3339693307086614
0
LINE
8
BLACK
6
CONTINUOUS
10
0.0995968897637795
20
0.3339693307086614
11
0.0987822440944882
21
0.3347839763779528
0
LINE
8
BLACK
6
CONTINUOUS
10
0.0987822440944882
20
0.3347839763779528
11
0.0983413385826772
21
0.3358483858267716
0
LINE
8
BLACK
6
CONTINUOUS
10
0.0983413385826772
20
0.3358483858267716
11
0.0983413385826772
21
0.3370005118110236
0
LINE
8
BLACK
6
CONTINUOUS
10
0.0983413385826772
20
0.3370005118110236
11
0.0987822440944882
21
0.3380649212598425
0
LINE
8
BLACK
6
CONTINUOUS
10
0.0987822440944882
20
0.3380649212598425
11
0.0995968897637795
21
0.3388795669291338
0
LINE
8
BLACK
6
CONTINUOUS
10
0.0995968897637795
20
0.3388795669291338
11
0.1006612992125984
21
0.3393204724409449
0
LINE
8
BLACK
6
CONTINUOUS
10
0.1006612992125984
20
0.3393204724409449
11
0.1012373622047244
21
0.3393772047244095
0
LINE
8
BLACK
6
CONTINUOUS
10
0.1012373622047244
20
0.3393772047244095
11
0.109533188976378
21
0.3393772047244095
0
LINE
8
BLACK
6
CONTINUOUS
10
0.109533188976378
20
0.3393772047244095
11
0.109533188976378
21
0.3667911811023622
0
LINE
8
BLACK
6
CONTINUOUS
10
0.109533188976378
20
0.3667911811023622
11
0.1070748031496063
21
0.3643327952755905
0
LINE
8
BLACK
6
CONTINUOUS
10
0.1070748031496063
20
0.3643327952755905
11
0.1068484251968504
21
0.3641470472440945
0
LINE
8
BLACK
6
CONTINUOUS
10
0.1068484251968504
20
0.3641470472440945
11
0.1067972834645669
21
0.364088031496063
0
LINE
8
BLACK
6
CONTINUOUS
10
0.1067972834645669
20
0.364088031496063
11
0.1067083070866142
21
0.3640320866141732
0
LINE
8
BLACK
6
CONTINUOUS
10
0.1067083070866142
20
0.3640320866141732
11
0.1066273622047244
21
0.3639655905511811
0
LINE
8
BLACK
6
CONTINUOUS
10
0.1066273622047244
20
0.3639655905511811
11
0.1065553937007874
21
0.3639357874015748
0
LINE
8
BLACK
6
CONTINUOUS
10
0.1065553937007874
20
0.3639357874015748
11
0.1063074015748031
21
0.3637796850393701
0
LINE
8
BLACK
6
CONTINUOUS
10
0.1063074015748031
20
0.3637796850393701
11
0.102557874015748
21
0.3619049212598425
0
LINE
8
BLACK
6
CONTINUOUS
10
0.102557874015748
20
0.3619049212598425
11
0.1020172440944882
21
0.361698031496063
0
LINE
8
BLACK
6
CONTINUOUS
10
0.1020172440944882
20
0.361698031496063
11
0.100868031496063
21
0.3616163779527559
0
LINE
8
BLACK
6
CONTINUOUS
10
0.100868031496063
20
0.3616163779527559
11
0.0997750787401575
21
0.3619807086614173
0
LINE
8
BLACK
6
CONTINUOUS
10
0.0997750787401575
20
0.3619807086614173
11
0.0989046850393701
21
0.3627355511811023
0
LINE
8
BLACK
6
CONTINUOUS
10
0.0989046850393701
20
0.3627355511811023
11
0.0983894488188976
21
0.363766062992126
0
LINE
8
BLACK
6
CONTINUOUS
10
0.0983894488188976
20
0.363766062992126
11
0.0983077952755906
21
0.3649152755905511
0
LINE
8
BLACK
6
CONTINUOUS
10
0.0983077952755906
20
0.3649152755905511
11
0.098672125984252
21
0.3660082283464567
0
LINE
8
BLACK
6
CONTINUOUS
10
0.098672125984252
20
0.3660082283464567
11
0.099426968503937
21
0.3668786220472441
0
LINE
8
BLACK
6
CONTINUOUS
10
0.099426968503937
20
0.3668786220472441
11
0.0999168503937008
21
0.367186968503937
0
LINE
8
BLACK
6
CONTINUOUS
10
0.0999168503937008
20
0.367186968503937
11
0.1032377952755905
21
0.3688474409448819
0
LINE
8
BLACK
6
CONTINUOUS
10
0.1032377952755905
20
0.3688474409448819
11
0.1064416929133858
21
0.3720513385826771
0
LINE
8
BLACK
6
CONTINUOUS
10
0.1064416929133858
20
0.3720513385826771
11
0.110029094488189
21
0.3774324409448819
0
LINE
8
BLACK
6
CONTINUOUS
10
0.110029094488189
20
0.3774324409448819
11
0.1100304330708661
21
0.3774341338582677
0
LINE
8
BLACK
6
CONTINUOUS
10
0.1100304330708661
20
0.3774341338582677
11
0.1100308267716535
21
0.377435
0
LINE
8
BLACK
6
CONTINUOUS
10
0.1100308267716535
20
0.377435
11
0.1100328346456693
21
0.3774370472440945
0
LINE
8
BLACK
6
CONTINUOUS
10
0.1100328346456693
20
0.3774370472440945
11
0.1103958661417323
21
0.3778802755905512
0
LINE
8
BLACK
6
CONTINUOUS
10
0.1103958661417323
20
0.3778802755905512
11
0.1106387401574803
21
0.3780429527559055
0
LINE
8
BLACK
6
CONTINUOUS
10
0.1106387401574803
20
0.3780429527559055
11
0.1108454724409449
21
0.3782496456692913
0
LINE
8
BLACK
6
CONTINUOUS
10
0.1108454724409449
20
0.3782496456692913
11
0.1111127559055118
21
0.3783603937007874
0
LINE
8
BLACK
6
CONTINUOUS
10
0.1111127559055118
20
0.3783603937007874
11
0.1113531496062992
21
0.3785213385826772
0
LINE
8
BLACK
6
CONTINUOUS
10
0.1113531496062992
20
0.3785213385826772
11
0.1116397637795276
21
0.3785787007874016
0
LINE
8
BLACK
6
CONTINUOUS
10
0.1116397637795276
20
0.3785787007874016
11
0.1119098818897638
21
0.3786905511811023
0
LINE
8
BLACK
6
CONTINUOUS
10
0.1119098818897638
20
0.3786905511811023
11
0.1121991732283465
21
0.3786905511811023
0
LINE
8
BLACK
6
CONTINUOUS
10
0.1121991732283465
20
0.3786905511811023
11
0.1124828346456693
21
0.3787472834645669
0
LINE
8
BLACK
6
CONTINUOUS
10
0.1124828346456693
20
0.3787472834645669
11
0.1127696062992126
21
0.3786905511811023
0
LINE
8
BLACK
6
CONTINUOUS
10
0.0080685433070866
20
0.3786573622047244
11
0.0082789763779528
21
0.3786424015748032
0
LINE
8
BLACK
6
CONTINUOUS
10
0.0082789763779528
20
0.3786424015748032
11
0.0086100787401575
21
0.3784768503937008
0
LINE
8
BLACK
6
CONTINUOUS
10
0.0086100787401575
20
0.3784768503937008
11
0.0089613385826772
21
0.3783597637795276
0
LINE
8
BLACK
6
CONTINUOUS
10
0.0089613385826772
20
0.3783597637795276
11
0.0091206692913386
21
0.3782215748031496
0
LINE
8
BLACK
6
CONTINUOUS
10
0.0091206692913386
20
0.3782215748031496
11
0.0093094094488189
21
0.3781272047244094
0
LINE
8
BLACK
6
CONTINUOUS
10
0.0093094094488189
20
0.3781272047244094
11
0.0095520472440945
21
0.3778474803149606
0
LINE
8
BLACK
6
CONTINUOUS
10
0.0095520472440945
20
0.3778474803149606
11
0.0098317322834646
21
0.3776048818897638
0
LINE
8
BLACK
6
CONTINUOUS
10
0.0098317322834646
20
0.3776048818897638
11
0.0099260236220472
21
0.3774162598425197
0
LINE
8
BLACK
6
CONTINUOUS
10
0.0099260236220472
20
0.3774162598425197
11
0.0100642913385827
21
0.3772568503937008
0
LINE
8
BLACK
6
CONTINUOUS
10
0.0100642913385827
20
0.3772568503937008
11
0.0103002755905512
21
0.3767282677165354
0
LINE
8
BLACK
6
CONTINUOUS
10
0.0103002755905512
20
0.3767282677165354
11
0.0234236220472441
21
0.3373581889763779
0
LINE
8
BLACK
6
CONTINUOUS
10
0.0234236220472441
20
0.3373581889763779
11
0.023551968503937
21
0.3367937795275591
0
LINE
8
BLACK
6
CONTINUOUS
10
0.023551968503937
20
0.3367937795275591
11
0.0234702755905512
21
0.3356445669291339
0
LINE
8
BLACK
6
CONTINUOUS
10
0.0234702755905512
20
0.3356445669291339
11
0.0229550787401575
21
0.334614094488189
0
LINE
8
BLACK
6
CONTINUOUS
10
0.0229550787401575
20
0.334614094488189
11
0.0220846850393701
21
0.3338592125984252
0
LINE
8
BLACK
6
CONTINUOUS
10
0.0220846850393701
20
0.3338592125984252
11
0.0209916929133858
21
0.3334948818897638
0
LINE
8
BLACK
6
CONTINUOUS
10
0.0209916929133858
20
0.3334948818897638
11
0.0198424803149606
21
0.3335765748031496
0
LINE
8
BLACK
6
CONTINUOUS
10
0.0198424803149606
20
0.3335765748031496
11
0.0188120472440945
21
0.3340918110236221
0
LINE
8
BLACK
6
CONTINUOUS
10
0.0188120472440945
20
0.3340918110236221
11
0.0180571653543307
21
0.3349621653543307
0
LINE
8
BLACK
6
CONTINUOUS
10
0.0180571653543307
20
0.3349621653543307
11
0.0178211811023622
21
0.3354907086614173
0
LINE
8
BLACK
6
CONTINUOUS
10
0.0178211811023622
20
0.3354907086614173
11
0.0147446456692913
21
0.3447203149606299
0
LINE
8
BLACK
6
CONTINUOUS
10
0.0147446456692913
20
0.3447203149606299
11
0.0002534645669291
21
0.3447203149606299
0
LINE
8
BLACK
6
CONTINUOUS
10
0.0002534645669291
20
0.3447203149606299
11
-0.0028230708661417
21
0.3354907086614173
0
LINE
8
BLACK
6
CONTINUOUS
10
-0.0028230708661417
20
0.3354907086614173
11
-0.0030590551181102
21
0.334962125984252
0
LINE
8
BLACK
6
CONTINUOUS
10
-0.0030590551181102
20
0.334962125984252
11
-0.003813937007874
21
0.3340917716535433
0
LINE
8
BLACK
6
CONTINUOUS
10
-0.003813937007874
20
0.3340917716535433
11
-0.0048443700787402
21
0.3335765748031496
0
LINE
8
BLACK
6
CONTINUOUS
10
-0.0048443700787402
20
0.3335765748031496
11
-0.0059935826771654
21
0.3334948818897638
0
LINE
8
BLACK
6
CONTINUOUS
10
-0.0059935826771654
20
0.3334948818897638
11
-0.0070866141732283
21
0.3338592125984252
0
LINE
8
BLACK
6
CONTINUOUS
10
-0.0070866141732283
20
0.3338592125984252
11
-0.007956968503937
21
0.334614094488189
0
LINE
8
BLACK
6
CONTINUOUS
10
-0.007956968503937
20
0.334614094488189
11
-0.0084721653543307
21
0.3356445275590551
0
LINE
8
BLACK
6
CONTINUOUS
10
-0.0084721653543307
20
0.3356445275590551
11
-0.0085538582677165
21
0.3367937401574803
0
LINE
8
BLACK
6
CONTINUOUS
10
-0.0085538582677165
20
0.3367937401574803
11
-0.0084255118110236
21
0.3373581889763779
0
LINE
8
BLACK
6
CONTINUOUS
10
-0.0084255118110236
20
0.3373581889763779
11
0.0046978346456693
21
0.3767282677165354
0
LINE
8
BLACK
6
CONTINUOUS
10
0.0046978346456693
20
0.3767282677165354
11
0.0049338188976378
21
0.377256811023622
0
LINE
8
BLACK
6
CONTINUOUS
10
0.0049338188976378
20
0.377256811023622
11
0.0050720078740157
21
0.3774161811023622
0
LINE
8
BLACK
6
CONTINUOUS
10
0.0050720078740157
20
0.3774161811023622
11
0.0051663779527559
21
0.3776048818897638
0
LINE
8
BLACK
6
CONTINUOUS
10
0.0051663779527559
20
0.3776048818897638
11
0.0054462204724409
21
0.3778476377952756
0
LINE
8
BLACK
6
CONTINUOUS
10
0.0054462204724409
20
0.3778476377952756
11
0.0056887007874016
21
0.3781271653543307
0
LINE
8
BLACK
6
CONTINUOUS
10
0.0056887007874016
20
0.3781271653543307
11
0.0058772440944882
21
0.3782214566929134
0
LINE
8
BLACK
6
CONTINUOUS
10
0.0058772440944882
20
0.3782214566929134
11
0.0060367322834646
21
0.3783597637795276
0
LINE
8
BLACK
6
CONTINUOUS
10
0.0060367322834646
20
0.3783597637795276
11
0.0063881102362205
21
0.3784768897637795
0
LINE
8
BLACK
6
CONTINUOUS
10
0.0063881102362205
20
0.3784768897637795
11
0.0067191338582677
21
0.3786424015748032
0
LINE
8
BLACK
6
CONTINUOUS
10
0.0067191338582677
20
0.3786424015748032
11
0.0069295275590551
21
0.3786573622047244
0
LINE
8
BLACK
6
CONTINUOUS
10
0.0069295275590551
20
0.3786573622047244
11
0.0071297637795276
21
0.3787240944881889
0
LINE
8
BLACK
6
CONTINUOUS
10
0.0071297637795276
20
0.3787240944881889
11
0.0074990551181102
21
0.378697874015748
0
LINE
8
BLACK
6
CONTINUOUS
10
0.0074990551181102
20
0.378697874015748
11
0.0078683464566929
21
0.3787240944881889
0
LINE
8
BLACK
6
CONTINUOUS
10
0.0078683464566929
20
0.3787240944881889
11
0.0080685433070866
21
0.3786573622047244
0
LINE
8
BLACK
6
CONTINUOUS
10
0.002221968503937
20
0.3506258267716535
11
0.0127761417322835
21
0.3506258267716535
0
LINE
8
BLACK
6
CONTINUOUS
10
0.0127761417322835
20
0.3506258267716535
11
0.0074990551181102
21
0.366457125984252
0
LINE
8
BLACK
6
CONTINUOUS
10
0.0074990551181102
20
0.366457125984252
11
0.002221968503937
21
0.3506258267716535
0
LINE
8
BLACK
6
CONTINUOUS
10
0.1486759842519685
20
0.3786573622047244
11
0.1488864173228346
21
0.3786424015748032
0
LINE
8
BLACK
6
CONTINUOUS
10
0.1488864173228346
20
0.3786424015748032
11
0.1492175196850394
21
0.3784768503937008
0
LINE
8
BLACK
6
CONTINUOUS
10
0.1492175196850394
20
0.3784768503937008
11
0.1495687795275591
21
0.3783597637795276
0
LINE
8
BLACK
6
CONTINUOUS
10
0.1495687795275591
20
0.3783597637795276
11
0.1497281102362205
21
0.3782215748031496
0
LINE
8
BLACK
6
CONTINUOUS
10
0.1497281102362205
20
0.3782215748031496
11
0.1499168503937008
21
0.3781272047244094
0
LINE
8
BLACK
6
CONTINUOUS
10
0.1499168503937008
20
0.3781272047244094
11
0.1501594881889764
21
0.3778474803149606
0
LINE
8
BLACK
6
CONTINUOUS
10
0.1501594881889764
20
0.3778474803149606
11
0.1504391732283465
21
0.3776048818897638
0
LINE
8
BLACK
6
CONTINUOUS
10
0.1504391732283465
20
0.3776048818897638
11
0.1505334645669291
21
0.3774162598425197
0
LINE
8
BLACK
6
CONTINUOUS
10
0.1505334645669291
20
0.3774162598425197
11
0.1506717322834646
21
0.3772568503937008
0
LINE
8
BLACK
6
CONTINUOUS
10
0.1506717322834646
20
0.3772568503937008
11
0.1509077165354331
21
0.3767282677165354
0
LINE
8
BLACK
6
CONTINUOUS
10
0.1509077165354331
20
0.3767282677165354
11
0.164031062992126
21
0.3373581889763779
0
LINE
8
BLACK
6
CONTINUOUS
10
0.164031062992126
20
0.3373581889763779
11
0.1641594094488189
21
0.3367937795275591
0
LINE
8
BLACK
6
CONTINUOUS
10
0.1641594094488189
20
0.3367937795275591
11
0.1640777165354331
21
0.3356445669291339
0
LINE
8
BLACK
6
CONTINUOUS
10
0.1640777165354331
20
0.3356445669291339
11
0.1635625196850394
21
0.334614094488189
0
LINE
8
BLACK
6
CONTINUOUS
10
0.1635625196850394
20
0.334614094488189
11
0.162692125984252
21
0.3338592125984252
0
LINE
8
BLACK
6
CONTINUOUS
10
0.162692125984252
20
0.3338592125984252
11
0.1615991338582677
21
0.3334948818897638
0
LINE
8
BLACK
6
CONTINUOUS
10
0.1615991338582677
20
0.3334948818897638
11
0.1604499212598425
21
0.3335765748031496
0
LINE
8
BLACK
6
CONTINUOUS
10
0.1604499212598425
20
0.3335765748031496
11
0.1594194881889764
21
0.3340918110236221
0
LINE
8
BLACK
6
CONTINUOUS
10
0.1594194881889764
20
0.3340918110236221
11
0.1586646062992126
21
0.3349621653543307
0
LINE
8
BLACK
6
CONTINUOUS
10
0.1586646062992126
20
0.3349621653543307
11
0.1584286220472441
21
0.3354907086614173
0
LINE
8
BLACK
6
CONTINUOUS
10
0.1584286220472441
20
0.3354907086614173
11
0.1553520866141732
21
0.3447203149606299
0
LINE
8
BLACK
6
CONTINUOUS
10
0.1553520866141732
20
0.3447203149606299
11
0.140860905511811
21
0.3447203149606299
0
LINE
8
BLACK
6
CONTINUOUS
10
0.140860905511811
20
0.3447203149606299
11
0.1377843700787401
21
0.3354907086614173
0
LINE
8
BLACK
6
CONTINUOUS
10
0.1377843700787401
20
0.3354907086614173
11
0.1375483858267716
21
0.334962125984252
0
LINE
8
BLACK
6
CONTINUOUS
10
0.1375483858267716
20
0.334962125984252
11
0.1367935039370079
21
0.3340917716535433
0
LINE
8
BLACK
6
CONTINUOUS
10
0.1367935039370079
20
0.3340917716535433
11
0.1357630708661417
21
0.3335765748031496
0
LINE
8
BLACK
6
CONTINUOUS
10
0.1357630708661417
20
0.3335765748031496
11
0.1346138582677165
21
0.3334948818897638
0
LINE
8
BLACK
6
CONTINUOUS
10
0.1346138582677165
20
0.3334948818897638
11
0.1335208267716535
21
0.3338592125984252
0
LINE
8
BLACK
6
CONTINUOUS
10
0.1335208267716535
20
0.3338592125984252
11
0.1326504724409449
21
0.334614094488189
0
LINE
8
BLACK
6
CONTINUOUS
10
0.1326504724409449
20
0.334614094488189
11
0.1321352755905512
21
0.3356445275590551
0
LINE
8
BLACK
6
CONTINUOUS
10
0.1321352755905512
20
0.3356445275590551
11
0.1320535826771654
21
0.3367937401574803
0
LINE
8
BLACK
6
CONTINUOUS
10
0.1320535826771654
20
0.3367937401574803
11
0.1321819291338583
21
0.3373581889763779
0
LINE
8
BLACK
6
CONTINUOUS
10
0.1321819291338583
20
0.3373581889763779
11
0.1453052755905512
21
0.3767282677165354
0
LINE
8
BLACK
6
CONTINUOUS
10
0.1453052755905512
20
0.3767282677165354
11
0.1455412598425197
21
0.377256811023622
0
LINE
8
BLACK
6
CONTINUOUS
10
0.1455412598425197
20
0.377256811023622
11
0.1456794488188976
21
0.3774161811023622
0
LINE
8
BLACK
6
CONTINUOUS
10
0.1456794488188976
20
0.3774161811023622
11
0.1457738188976378
21
0.3776048818897638
0
LINE
8
BLACK
6
CONTINUOUS
10
0.1457738188976378
20
0.3776048818897638
11
0.1460536614173228
21
0.3778476377952756
0
LINE
8
BLACK
6
CONTINUOUS
10
0.1460536614173228
20
0.3778476377952756
11
0.1462961417322835
21
0.3781271653543307
0
LINE
8
BLACK
6
CONTINUOUS
10
0.1462961417322835
20
0.3781271653543307
11
0.1464846850393701
21
0.3782214566929134
0
LINE
8
BLACK
6
CONTINUOUS
10
0.1464846850393701
20
0.3782214566929134
11
0.1466441732283464
21
0.3783597637795276
0
LINE
8
BLACK
6
CONTINUOUS
10
0.1466441732283464
20
0.3783597637795276
11
0.1469955511811024
21
0.3784768897637795
0
LINE
8
BLACK
6
CONTINUOUS
10
0.1469955511811024
20
0.3784768897637795
11
0.1473265748031496
21
0.3786424015748032
0
LINE
8
BLACK
6
CONTINUOUS
10
0.1473265748031496
20
0.3786424015748032
11
0.147536968503937
21
0.3786573622047244
0
LINE
8
BLACK
6
CONTINUOUS
10
0.147536968503937
20
0.3786573622047244
11
0.1477372047244094
21
0.3787240944881889
0
LINE
8
BLACK
6
CONTINUOUS
10
0.1477372047244094
20
0.3787240944881889
11
0.1481064960629921
21
0.378697874015748
0
LINE
8
BLACK
6
CONTINUOUS
10
0.1481064960629921
20
0.378697874015748
11
0.1484757874015748
21
0.3787240944881889
0
LINE
8
BLACK
6
CONTINUOUS
10
0.1484757874015748
20
0.3787240944881889
11
0.1486759842519685
21
0.3786573622047244
0
LINE
8
BLACK
6
CONTINUOUS
10
0.1428294094488189
20
0.3506258267716535
11
0.1533835826771653
21
0.3506258267716535
0
LINE
8
BLACK
6
CONTINUOUS
10
0.1533835826771653
20
0.3506258267716535
11
0.1481064960629921
21
0.366457125984252
0
LINE
8
BLACK
6
CONTINUOUS
10
0.1481064960629921
20
0.366457125984252
11
0.1428294094488189
21
0.3506258267716535
0
LINE
8
BLACK
6
CONTINUOUS
10
-0.0950370078740157
20
0.3786905511811023
11
-0.0939725984251969
21
0.3782496456692913
0
LINE
8
BLACK
6
CONTINUOUS
10
-0.0939725984251969
20
0.3782496456692913
11
-0.0931579527559055
21
0.377435
0
LINE
8
BLACK
6
CONTINUOUS
10
-0.0931579527559055
20
0.377435
11
-0.0927170472440945
21
0.3763705905511811
0
LINE
8
BLACK
6
CONTINUOUS
10
-0.0927170472440945
20
0.3763705905511811
11
-0.0927170472440945
21
0.3752184645669291
0
LINE
8
BLACK
6
CONTINUOUS
10
-0.0927170472440945
20
0.3752184645669291
11
-0.0931579527559055
21
0.3741540551181102
0
LINE
8
BLACK
6
CONTINUOUS
10
-0.0931579527559055
20
0.3741540551181102
11
-0.0939725984251969
21
0.3733394094488189
0
LINE
8
BLACK
6
CONTINUOUS
10
-0.0939725984251969
20
0.3733394094488189
11
-0.0950370078740157
21
0.3728985039370079
0
LINE
8
BLACK
6
CONTINUOUS
10
-0.0950370078740157
20
0.3728985039370079
11
-0.0956130708661417
21
0.3728417716535433
0
LINE
8
BLACK
6
CONTINUOUS
10
-0.0956130708661417
20
0.3728417716535433
11
-0.1114079527559055
21
0.3728417716535433
0
LINE
8
BLACK
6
CONTINUOUS
10
-0.1114079527559055
20
0.3728417716535433
11
-0.1114079527559055
21
0.3599996456692913
0
LINE
8
BLACK
6
CONTINUOUS
10
-0.1114079527559055
20
0.3599996456692913
11
-0.1012373622047244
21
0.3599996456692913
0
LINE
8
BLACK
6
CONTINUOUS
10
-0.1012373622047244
20
0.3599996456692913
11
-0.1006612992125984
21
0.3599429133858268
0
LINE
8
BLACK
6
CONTINUOUS
10
-0.1006612992125984
20
0.3599429133858268
11
-0.0995968897637795
21
0.3595020078740158
0
LINE
8
BLACK
6
CONTINUOUS
10
-0.0995968897637795
20
0.3595020078740158
11
-0.0987822440944882
21
0.3586873622047244
0
LINE
8
BLACK
6
CONTINUOUS
10
-0.0987822440944882
20
0.3586873622047244
11
-0.0983413385826772
21
0.3576229527559055
0
LINE
8
BLACK
6
CONTINUOUS
10
-0.0983413385826772
20
0.3576229527559055
11
-0.0983413385826772
21
0.3564708267716535
0
LINE
8
BLACK
6
CONTINUOUS
10
-0.0983413385826772
20
0.3564708267716535
11
-0.0987822440944882
21
0.3554064173228346
0
LINE
8
BLACK
6
CONTINUOUS
10
-0.0987822440944882
20
0.3554064173228346
11
-0.0995968897637795
21
0.3545917716535433
0
LINE
8
BLACK
6
CONTINUOUS
10
-0.0995968897637795
20
0.3545917716535433
11
-0.1006612992125984
21
0.3541508661417323
0
LINE
8
BLACK
6
CONTINUOUS
10
-0.1006612992125984
20
0.3541508661417323
11
-0.1012373622047244
21
0.3540941338582677
0
LINE
8
BLACK
6
CONTINUOUS
10
-0.1012373622047244
20
0.3540941338582677
11
-0.1114079527559055
21
0.3540941338582677
0
LINE
8
BLACK
6
CONTINUOUS
10
-0.1114079527559055
20
0.3540941338582677
11
-0.1114079527559055
21
0.3364244488188976
0
LINE
8
BLACK
6
CONTINUOUS
10
-0.1114079527559055
20
0.3364244488188976
11
-0.1114646850393701
21
0.3358483858267716
0
LINE
8
BLACK
6
CONTINUOUS
10
-0.1114646850393701
20
0.3358483858267716
11
-0.1119055905511811
21
0.3347839763779528
0
LINE
8
BLACK
6
CONTINUOUS
10
-0.1119055905511811
20
0.3347839763779528
11
-0.1127202362204724
21
0.3339693307086614
0
LINE
8
BLACK
6
CONTINUOUS
10
-0.1127202362204724
20
0.3339693307086614
11
-0.1137846456692913
21
0.3335284251968504
0
LINE
8
BLACK
6
CONTINUOUS
10
-0.1137846456692913
20
0.3335284251968504
11
-0.1149367716535433
21
0.3335284251968504
0
LINE
8
BLACK
6
CONTINUOUS
10
-0.1149367716535433
20
0.3335284251968504
11
-0.1160011811023622
21
0.3339693307086614
0
LINE
8
BLACK
6
CONTINUOUS
10
-0.1160011811023622
20
0.3339693307086614
11
-0.1168158267716535
21
0.3347839763779528
0
LINE
8
BLACK
6
CONTINUOUS
10
-0.1168158267716535
20
0.3347839763779528
11
-0.1172567322834646
21
0.3358483858267716
0
LINE
8
BLACK
6
CONTINUOUS
10
-0.1172567322834646
20
0.3358483858267716
11
-0.1173134645669291
21
0.3364244488188976
0
LINE
8
BLACK
6
CONTINUOUS
10
-0.1173134645669291
20
0.3364244488188976
11
-0.1173134645669291
21
0.3757945275590551
0
LINE
8
BLACK
6
CONTINUOUS
10
-0.1173134645669291
20
0.3757945275590551
11
-0.1172567322834646
21
0.3763705905511811
0
LINE
8
BLACK
6
CONTINUOUS
10
-0.1172567322834646
20
0.3763705905511811
11
-0.1168158267716535
21
0.377435
0
LINE
8
BLACK
6
CONTINUOUS
10
-0.1168158267716535
20
0.377435
11
-0.1160011811023622
21
0.3782496456692913
0
LINE
8
BLACK
6
CONTINUOUS
10
-0.1160011811023622
20
0.3782496456692913
11
-0.1149367716535433
21
0.3786905511811023
0
LINE
8
BLACK
6
CONTINUOUS
10
-0.1149367716535433
20
0.3786905511811023
11
-0.1143607086614173
21
0.3787472834645669
0
LINE
8
BLACK
6
CONTINUOUS
10
-0.1143607086614173
20
0.3787472834645669
11
-0.0956130708661417
21
0.3787472834645669
0
LINE
8
BLACK
6
CONTINUOUS
10
-0.0956130708661417
20
0.3787472834645669
11
-0.0950370078740157
21
0.3786905511811023
0
LINE
8
BLACK
6
CONTINUOUS
10
-0.0789744488188976
20
0.3782496456692913
11
-0.0781598031496063
21
0.377435
0
LINE
8
BLACK
6
CONTINUOUS
10
-0.0781598031496063
20
0.377435
11
-0.0777188976377953
21
0.3763705905511811
0
LINE
8
BLACK
6
CONTINUOUS
10
-0.0777188976377953
20
0.3763705905511811
11
-0.0776621653543307
21
0.3757945275590551
0
LINE
8
BLACK
6
CONTINUOUS
10
-0.0776621653543307
20
0.3757945275590551
11
-0.0776621653543307
21
0.3599996456692913
0
LINE
8
BLACK
6
CONTINUOUS
10
-0.0776621653543307
20
0.3599996456692913
11
-0.0610705118110236
21
0.3599996456692913
0
LINE
8
BLACK
6
CONTINUOUS
10
-0.0610705118110236
20
0.3599996456692913
11
-0.0610705118110236
21
0.3757945275590551
0
LINE
8
BLACK
6
CONTINUOUS
10
-0.0610705118110236
20
0.3757945275590551
11
-0.0610137795275591
21
0.3763705905511811
0
LINE
8
BLACK
6
CONTINUOUS
10
-0.0610137795275591
20
0.3763705905511811
11
-0.060572874015748
21
0.377435
0
LINE
8
BLACK
6
CONTINUOUS
10
-0.060572874015748
20
0.377435
11
-0.0597582283464567
21
0.3782496456692913
0
LINE
8
BLACK
6
CONTINUOUS
10
-0.0597582283464567
20
0.3782496456692913
11
-0.0586938188976378
21
0.3786905511811023
0
LINE
8
BLACK
6
CONTINUOUS
10
-0.0586938188976378
20
0.3786905511811023
11
-0.0575416929133858
21
0.3786905511811023
0
LINE
8
BLACK
6
CONTINUOUS
10
-0.0575416929133858
20
0.3786905511811023
11
-0.0564772834645669
21
0.3782496456692913
0
LINE
8
BLACK
6
CONTINUOUS
10
-0.0564772834645669
20
0.3782496456692913
11
-0.0556626377952756
21
0.377435
0
LINE
8
BLACK
6
CONTINUOUS
10
-0.0556626377952756
20
0.377435
11
-0.0552217322834646
21
0.3763705905511811
0
LINE
8
BLACK
6
CONTINUOUS
10
-0.0552217322834646
20
0.3763705905511811
11
-0.055165
21
0.3757945275590551
0
LINE
8
BLACK
6
CONTINUOUS
10
-0.055165
20
0.3757945275590551
11
-0.055165
21
0.3364244488188976
0
LINE
8
BLACK
6
CONTINUOUS
10
-0.055165
20
0.3364244488188976
11
-0.0552217322834646
21
0.3358483858267716
0
LINE
8
BLACK
6
CONTINUOUS
10
-0.0552217322834646
20
0.3358483858267716
11
-0.0556626377952756
21
0.3347839763779528
0
LINE
8
BLACK
6
CONTINUOUS
10
-0.0556626377952756
20
0.3347839763779528
11
-0.0564772834645669
21
0.3339693307086614
0
LINE
8
BLACK
6
CONTINUOUS
10
-0.0564772834645669
20
0.3339693307086614
11
-0.0575416929133858
21
0.3335284251968504
0
LINE
8
BLACK
6
CONTINUOUS
10
-0.0575416929133858
20
0.3335284251968504
11
-0.0586938188976378
21
0.3335284251968504
0
LINE
8
BLACK
6
CONTINUOUS
10
-0.0586938188976378
20
0.3335284251968504
11
-0.0597582283464567
21
0.3339693307086614
0
LINE
8
BLACK
6
CONTINUOUS
10
-0.0597582283464567
20
0.3339693307086614
11
-0.060572874015748
21
0.3347839763779528
0
LINE
8
BLACK
6
CONTINUOUS
10
-0.060572874015748
20
0.3347839763779528
11
-0.0610137795275591
21
0.3358483858267716
0
LINE
8
BLACK
6
CONTINUOUS
10
-0.0610137795275591
20
0.3358483858267716
11
-0.0610705118110236
21
0.3364244488188976
0
LINE
8
BLACK
6
CONTINUOUS
10
-0.0610705118110236
20
0.3364244488188976
11
-0.0610705118110236
21
0.3540941338582677
0
LINE
8
BLACK
6
CONTINUOUS
10
-0.0610705118110236
20
0.3540941338582677
11
-0.0776621653543307
21
0.3540941338582677
0
LINE
8
BLACK
6
CONTINUOUS
10
-0.0776621653543307
20
0.3540941338582677
11
-0.0776621653543307
21
0.3364244488188976
0
LINE
8
BLACK
6
CONTINUOUS
10
-0.0776621653543307
20
0.3364244488188976
11
-0.0777188976377953
21
0.3358483858267716
0
LINE
8
BLACK
6
CONTINUOUS
10
-0.0777188976377953
20
0.3358483858267716
11
-0.0781598031496063
21
0.3347839763779528
0
LINE
8
BLACK
6
CONTINUOUS
10
-0.0781598031496063
20
0.3347839763779528
11
-0.0789744488188976
21
0.3339693307086614
0
LINE
8
BLACK
6
CONTINUOUS
10
-0.0789744488188976
20
0.3339693307086614
11
-0.0800388582677165
21
0.3335284251968504
0
LINE
8
BLACK
6
CONTINUOUS
10
-0.0800388582677165
20
0.3335284251968504
11
-0.0811909842519685
21
0.3335284251968504
0
LINE
8
BLACK
6
CONTINUOUS
10
-0.0811909842519685
20
0.3335284251968504
11
-0.0822553937007874
21
0.3339693307086614
0
LINE
8
BLACK
6
CONTINUOUS
10
-0.0822553937007874
20
0.3339693307086614
11
-0.0830700393700787
21
0.3347839763779528
0
LINE
8
BLACK
6
CONTINUOUS
10
-0.0830700393700787
20
0.3347839763779528
11
-0.0835109448818898
21
0.3358483858267716
0
LINE
8
BLACK
6
CONTINUOUS
10
-0.0835109448818898
20
0.3358483858267716
11
-0.0835676771653543
21
0.3364244488188976
0
LINE
8
BLACK
6
CONTINUOUS
10
-0.0835676771653543
20
0.3364244488188976
11
-0.0835676771653543
21
0.3757945275590551
0
LINE
8
BLACK
6
CONTINUOUS
10
-0.0835676771653543
20
0.3757945275590551
11
-0.0835109448818898
21
0.3763705905511811
0
LINE
8
BLACK
6
CONTINUOUS
10
-0.0835109448818898
20
0.3763705905511811
11
-0.0830700393700787
21
0.377435
0
LINE
8
BLACK
6
CONTINUOUS
10
-0.0830700393700787
20
0.377435
11
-0.0822553937007874
21
0.3782496456692913
0
LINE
8
BLACK
6
CONTINUOUS
10
-0.0822553937007874
20
0.3782496456692913
11
-0.0811909842519685
21
0.3786905511811023
0
LINE
8
BLACK
6
CONTINUOUS
10
-0.0811909842519685
20
0.3786905511811023
11
-0.0800388582677165
21
0.3786905511811023
0
LINE
8
BLACK
6
CONTINUOUS
10
-0.0800388582677165
20
0.3786905511811023
11
-0.0789744488188976
21
0.3782496456692913
0
LINE
8
BLACK
6
CONTINUOUS
10
0.2207847637795275
20
0.4324097637795276
11
0.2216551574803149
21
0.4316549212598425
0
LINE
8
BLACK
6
CONTINUOUS
10
0.2216551574803149
20
0.4316549212598425
11
0.2221703937007874
21
0.4306244488188976
0
LINE
8
BLACK
6
CONTINUOUS
10
0.2221703937007874
20
0.4306244488188976
11
0.2222520472440945
21
0.4294752362204725
0
LINE
8
BLACK
6
CONTINUOUS
10
0.2222520472440945
20
0.4294752362204725
11
0.2218877165354331
21
0.4283822440944882
0
LINE
8
BLACK
6
CONTINUOUS
10
0.2218877165354331
20
0.4283822440944882
11
0.221132874015748
21
0.4275118897637795
0
LINE
8
BLACK
6
CONTINUOUS
10
0.221132874015748
20
0.4275118897637795
11
0.2206429921259843
21
0.4272035039370078
0
LINE
8
BLACK
6
CONTINUOUS
10
0.2206429921259843
20
0.4272035039370078
11
0.2157688976377953
21
0.4247664960629921
0
LINE
8
BLACK
6
CONTINUOUS
10
0.2157688976377953
20
0.4247664960629921
11
0.2099722834645669
21
0.4189698818897638
0
LINE
8
BLACK
6
CONTINUOUS
10
0.2099722834645669
20
0.4189698818897638
11
0.2090186220472441
21
0.416108779527559
0
LINE
8
BLACK
6
CONTINUOUS
10
0.2090186220472441
20
0.416108779527559
11
0.2090186220472441
21
0.4144157874015748
0
LINE
8
BLACK
6
CONTINUOUS
10
0.2090186220472441
20
0.4144157874015748
11
0.2099723228346457
21
0.4115546850393701
0
LINE
8
BLACK
6
CONTINUOUS
10
0.2099723228346457
20
0.4115546850393701
11
0.2116379133858268
21
0.4098890944881889
0
LINE
8
BLACK
6
CONTINUOUS
10
0.2116379133858268
20
0.4098890944881889
11
0.2144989763779528
21
0.4089353937007874
0
LINE
8
BLACK
6
CONTINUOUS
10
0.2144989763779528
20
0.4089353937007874
11
0.2161920078740157
21
0.4089353937007874
0
LINE
8
BLACK
6
CONTINUOUS
10
0.2161920078740157
20
0.4089353937007874
11
0.2194068503937008
21
0.4100070472440945
0
LINE
8
BLACK
6
CONTINUOUS
10
0.2194068503937008
20
0.4100070472440945
11
0.2257572834645669
21
0.4138172440944882
0
LINE
8
BLACK
6
CONTINUOUS
10
0.2257572834645669
20
0.4138172440944882
11
0.2257979921259843
21
0.4138365354330709
0
LINE
8
BLACK
6
CONTINUOUS
10
0.2257979921259843
20
0.4138365354330709
11
0.2258141338582677
21
0.4138505118110236
0
LINE
8
BLACK
6
CONTINUOUS
10
0.2258141338582677
20
0.4138505118110236
11
0.2260487007874016
21
0.4139552755905512
0
LINE
8
BLACK
6
CONTINUOUS
10
0.2260487007874016
20
0.4139552755905512
11
0.2262804330708661
21
0.4140649606299213
0
LINE
8
BLACK
6
CONTINUOUS
10
0.2262804330708661
20
0.4140649606299213
11
0.2263014960629921
21
0.4140681102362205
0
LINE
8
BLACK
6
CONTINUOUS
10
0.2263014960629921
20
0.4140681102362205
11
0.2263427165354331
21
0.4140864960629921
0
LINE
8
BLACK
6
CONTINUOUS
10
0.2263427165354331
20
0.4140864960629921
11
0.2303196456692913
21
0.4154121653543307
0
LINE
8
BLACK
6
CONTINUOUS
10
0.2303196456692913
20
0.4154121653543307
11
0.2306052755905512
21
0.415477125984252
0
LINE
8
BLACK
6
CONTINUOUS
10
0.2306052755905512
20
0.415477125984252
11
0.2306773622047244
21
0.415506968503937
0
LINE
8
BLACK
6
CONTINUOUS
10
0.2306773622047244
20
0.415506968503937
11
0.2307818110236221
21
0.4155172834645669
0
LINE
8
BLACK
6
CONTINUOUS
10
0.2307818110236221
20
0.4155172834645669
11
0.230884094488189
21
0.4155405118110236
0
LINE
8
BLACK
6
CONTINUOUS
10
0.230884094488189
20
0.4155405118110236
11
0.230961811023622
21
0.415535
0
LINE
8
BLACK
6
CONTINUOUS
10
0.230961811023622
20
0.415535
11
0.2312534251968504
21
0.4155637007874016
0
LINE
8
BLACK
6
CONTINUOUS
10
0.2312534251968504
20
0.4155637007874016
11
0.2339047244094488
21
0.4155637007874016
0
LINE
8
BLACK
6
CONTINUOUS
10
0.2339047244094488
20
0.4155637007874016
11
0.2341962598425197
21
0.415535
0
LINE
8
BLACK
6
CONTINUOUS
10
0.2341962598425197
20
0.415535
11
0.2342740157480315
21
0.4155405118110236
0
LINE
8
BLACK
6
CONTINUOUS
10
0.2342740157480315
20
0.4155405118110236
11
0.2343762598425197
21
0.4155172834645669
0
LINE
8
BLACK
6
CONTINUOUS
10
0.2343762598425197
20
0.4155172834645669
11
0.2344807874015748
21
0.415506968503937
0
LINE
8
BLACK
6
CONTINUOUS
10
0.2344807874015748
20
0.415506968503937
11
0.234552874015748
21
0.415477125984252
0
LINE
8
BLACK
6
CONTINUOUS
10
0.234552874015748
20
0.415477125984252
11
0.2348384645669291
21
0.4154121653543307
0
LINE
8
BLACK
6
CONTINUOUS
10
0.2348384645669291
20
0.4154121653543307
11
0.2388154724409449
21
0.4140864960629921
0
LINE
8
BLACK
6
CONTINUOUS
10
0.2388154724409449
20
0.4140864960629921
11
0.2393440157480315
21
0.4138505118110236
0
LINE
8
BLACK
6
CONTINUOUS
10
0.2393440157480315
20
0.4138505118110236
11
0.2394241338582677
21
0.4137810236220472
0
LINE
8
BLACK
6
CONTINUOUS
10
0.2394241338582677
20
0.4137810236220472
11
0.2395222047244094
21
0.4137403937007874
0
LINE
8
BLACK
6
CONTINUOUS
10
0.2395222047244094
20
0.4137403937007874
11
0.2399696456692913
21
0.4133731889763779
0
LINE
8
BLACK
6
CONTINUOUS
10
0.2399696456692913
20
0.4133731889763779
11
0.2426209448818898
21
0.4107218897637795
0
LINE
8
BLACK
6
CONTINUOUS
10
0.2426209448818898
20
0.4107218897637795
11
0.2429881496062992
21
0.4102744488188976
0
LINE
8
BLACK
6
CONTINUOUS
10
0.2429881496062992
20
0.4102744488188976
11
0.2430287007874016
21
0.4101764960629921
0
LINE
8
BLACK
6
CONTINUOUS
10
0.2430287007874016
20
0.4101764960629921
11
0.2430982677165354
21
0.4100962992125984
0
LINE
8
BLACK
6
CONTINUOUS
10
0.2430982677165354
20
0.4100962992125984
11
0.2433342519685039
21
0.4095677165354331
0
LINE
8
BLACK
6
CONTINUOUS
10
0.2433342519685039
20
0.4095677165354331
11
0.2446599212598425
21
0.4055907874015748
0
LINE
8
BLACK
6
CONTINUOUS
10
0.2446599212598425
20
0.4055907874015748
11
0.244724842519685
21
0.4053051574803149
0
LINE
8
BLACK
6
CONTINUOUS
10
0.244724842519685
20
0.4053051574803149
11
0.2447547244094488
21
0.4052330708661417
0
LINE
8
BLACK
6
CONTINUOUS
10
0.2447547244094488
20
0.4052330708661417
11
0.244765
21
0.4051286220472441
0
LINE
8
BLACK
6
CONTINUOUS
10
0.244765
20
0.4051286220472441
11
0.2447882677165354
21
0.4050263385826772
0
LINE
8
BLACK
6
CONTINUOUS
10
0.2447882677165354
20
0.4050263385826772
11
0.2447827165354331
21
0.4049486220472441
0
LINE
8
BLACK
6
CONTINUOUS
10
0.2447827165354331
20
0.4049486220472441
11
0.2448114566929134
21
0.4046570078740158
0
LINE
8
BLACK
6
CONTINUOUS
10
0.2448114566929134
20
0.4046570078740158
11
0.2448114566929134
21
0.4020056692913386
0
LINE
8
BLACK
6
CONTINUOUS
10
0.2448114566929134
20
0.4020056692913386
11
0.2447827165354331
21
0.401714094488189
0
LINE
8
BLACK
6
CONTINUOUS
10
0.2447827165354331
20
0.401714094488189
11
0.2447882677165354
21
0.4016363385826772
0
LINE
8
BLACK
6
CONTINUOUS
10
0.2447882677165354
20
0.4016363385826772
11
0.244765
21
0.4015340944881889
0
LINE
8
BLACK
6
CONTINUOUS
10
0.244765
20
0.4015340944881889
11
0.2447547244094488
21
0.4014296062992126
0
LINE
8
BLACK
6
CONTINUOUS
10
0.2447547244094488
20
0.4014296062992126
11
0.244724842519685
21
0.4013575590551181
0
LINE
8
BLACK
6
CONTINUOUS
10
0.244724842519685
20
0.4013575590551181
11
0.2446599212598425
21
0.4010718897637795
0
LINE
8
BLACK
6
CONTINUOUS
10
0.2446599212598425
20
0.4010718897637795
11
0.2433342519685039
21
0.3970949606299212
0
LINE
8
BLACK
6
CONTINUOUS
10
0.2433342519685039
20
0.3970949606299212
11
0.2430982677165354
21
0.3965663779527559
0
LINE
8
BLACK
6
CONTINUOUS
10
0.2430982677165354
20
0.3965663779527559
11
0.2430287401574803
21
0.3964862598425197
0
LINE
8
BLACK
6
CONTINUOUS
10
0.2430287401574803
20
0.3964862598425197
11
0.2429881889763779
21
0.3963882677165354
0
LINE
8
BLACK
6
CONTINUOUS
10
0.2429881889763779
20
0.3963882677165354
11
0.2426209448818898
21
0.3959407874015748
0
LINE
8
BLACK
6
CONTINUOUS
10
0.2426209448818898
20
0.3959407874015748
11
0.2359926377952756
21
0.3893124803149606
0
LINE
8
BLACK
6
CONTINUOUS
10
0.2359926377952756
20
0.3893124803149606
11
0.2357661417322835
21
0.3891266535433071
0
LINE
8
BLACK
6
CONTINUOUS
10
0.2357661417322835
20
0.3891266535433071
11
0.2357151181102362
21
0.3890677559055118
0
LINE
8
BLACK
6
CONTINUOUS
10
0.2357151181102362
20
0.3890677559055118
11
0.2356263385826771
21
0.3890118897637795
0
LINE
8
BLACK
6
CONTINUOUS
10
0.2356263385826771
20
0.3890118897637795
11
0.2355451968503937
21
0.3889452755905512
0
LINE
8
BLACK
6
CONTINUOUS
10
0.2355451968503937
20
0.3889452755905512
11
0.2354731102362205
21
0.3889154330708661
0
LINE
8
BLACK
6
CONTINUOUS
10
0.2354731102362205
20
0.3889154330708661
11
0.2352252362204724
21
0.3887593700787402
0
LINE
8
BLACK
6
CONTINUOUS
10
0.2352252362204724
20
0.3887593700787402
11
0.2299225984251969
21
0.386108031496063
0
LINE
8
BLACK
6
CONTINUOUS
10
0.2299225984251969
20
0.386108031496063
11
0.2293820078740157
21
0.3859011417322835
0
LINE
8
BLACK
6
CONTINUOUS
10
0.2293820078740157
20
0.3859011417322835
11
0.2282327559055118
21
0.3858194881889764
0
LINE
8
BLACK
6
CONTINUOUS
10
0.2282327559055118
20
0.3858194881889764
11
0.2271398031496063
21
0.3861838188976378
0
LINE
8
BLACK
6
CONTINUOUS
10
0.2271398031496063
20
0.3861838188976378
11
0.2262694488188976
21
0.3869386614173228
0
LINE
8
BLACK
6
CONTINUOUS
10
0.2262694488188976
20
0.3869386614173228
11
0.2257541732283465
21
0.3879691338582677
0
LINE
8
BLACK
6
CONTINUOUS
10
0.2257541732283465
20
0.3879691338582677
11
0.2256725196850394
21
0.3891183858267717
0
LINE
8
BLACK
6
CONTINUOUS
10
0.2256725196850394
20
0.3891183858267717
11
0.2260368503937008
21
0.3902113385826771
0
LINE
8
BLACK
6
CONTINUOUS
10
0.2260368503937008
20
0.3902113385826771
11
0.2267916929133858
21
0.3910816929133858
0
LINE
8
BLACK
6
CONTINUOUS
10
0.2267916929133858
20
0.3910816929133858
11
0.2272815748031496
21
0.3913900787401575
0
LINE
8
BLACK
6
CONTINUOUS
10
0.2272815748031496
20
0.3913900787401575
11
0.2321555905511811
21
0.393827125984252
0
LINE
8
BLACK
6
CONTINUOUS
10
0.2321555905511811
20
0.393827125984252
11
0.2379522440944882
21
0.3996237795275591
0
LINE
8
BLACK
6
CONTINUOUS
10
0.2379522440944882
20
0.3996237795275591
11
0.2389059448818898
21
0.402484842519685
0
LINE
8
BLACK
6
CONTINUOUS
10
0.2389059448818898
20
0.402484842519685
11
0.2389059448818898
21
0.404177874015748
0
LINE
8
BLACK
6
CONTINUOUS
10
0.2389059448818898
20
0.404177874015748
11
0.2379522440944882
21
0.407038937007874
0
LINE
8
BLACK
6
CONTINUOUS
10
0.2379522440944882
20
0.407038937007874
11
0.2362866929133858
21
0.4087044881889764
0
LINE
8
BLACK
6
CONTINUOUS
10
0.2362866929133858
20
0.4087044881889764
11
0.2334255905511811
21
0.409658188976378
0
LINE
8
BLACK
6
CONTINUOUS
10
0.2334255905511811
20
0.409658188976378
11
0.2317325590551181
21
0.409658188976378
0
LINE
8
BLACK
6
CONTINUOUS
10
0.2317325590551181
20
0.409658188976378
11
0.2285177165354331
21
0.4085865748031496
0
LINE
8
BLACK
6
CONTINUOUS
10
0.2285177165354331
20
0.4085865748031496
11
0.2221673228346457
21
0.4047763385826771
0
LINE
8
BLACK
6
CONTINUOUS
10
0.2221673228346457
20
0.4047763385826771
11
0.2221264960629921
21
0.4047570472440945
0
LINE
8
BLACK
6
CONTINUOUS
10
0.2221264960629921
20
0.4047570472440945
11
0.2221104330708661
21
0.4047430708661417
0
LINE
8
BLACK
6
CONTINUOUS
10
0.2221104330708661
20
0.4047430708661417
11
0.2218762204724409
21
0.4046385433070866
0
LINE
8
BLACK
6
CONTINUOUS
10
0.2218762204724409
20
0.4046385433070866
11
0.2216441732283465
21
0.4045286220472441
0
LINE
8
BLACK
6
CONTINUOUS
10
0.2216441732283465
20
0.4045286220472441
11
0.2216230708661417
21
0.4045255118110236
0
LINE
8
BLACK
6
CONTINUOUS
10
0.2216230708661417
20
0.4045255118110236
11
0.2215818897637795
21
0.4045070866141732
0
LINE
8
BLACK
6
CONTINUOUS
10
0.2215818897637795
20
0.4045070866141732
11
0.2176048818897638
21
0.4031814173228346
0
LINE
8
BLACK
6
CONTINUOUS
10
0.2176048818897638
20
0.4031814173228346
11
0.2173192913385827
21
0.4031164960629921
0
LINE
8
BLACK
6
CONTINUOUS
10
0.2173192913385827
20
0.4031164960629921
11
0.2172472047244094
21
0.4030866141732283
0
LINE
8
BLACK
6
CONTINUOUS
10
0.2172472047244094
20
0.4030866141732283
11
0.2171426771653543
21
0.4030763385826772
0
LINE
8
BLACK
6
CONTINUOUS
10
0.2171426771653543
20
0.4030763385826772
11
0.2170404330708661
21
0.4030530708661417
0
LINE
8
BLACK
6
CONTINUOUS
10
0.2170404330708661
20
0.4030530708661417
11
0.2169626771653543
21
0.4030586220472441
0
LINE
8
BLACK
6
CONTINUOUS
10
0.2169626771653543
20
0.4030586220472441
11
0.2166711417322835
21
0.4030298818897638
0
LINE
8
BLACK
6
CONTINUOUS
10
0.2166711417322835
20
0.4030298818897638
11
0.214019842519685
21
0.4030298818897638
0
LINE
8
BLACK
6
CONTINUOUS
10
0.214019842519685
20
0.4030298818897638
11
0.2137282283464567
21
0.4030586220472441
0
LINE
8
BLACK
6
CONTINUOUS
10
0.2137282283464567
20
0.4030586220472441
11
0.2136505118110236
21
0.4030530708661417
0
LINE
8
BLACK
6
CONTINUOUS
10
0.2136505118110236
20
0.4030530708661417
11
0.2135482283464567
21
0.4030763385826772
0
LINE
8
BLACK
6
CONTINUOUS
10
0.2135482283464567
20
0.4030763385826772
11
0.2134437795275591
21
0.4030866141732283
0
LINE
8
BLACK
6
CONTINUOUS
10
0.2134437795275591
20
0.4030866141732283
11
0.2133716929133858
21
0.4031164960629921
0
LINE
8
BLACK
6
CONTINUOUS
10
0.2133716929133858
20
0.4031164960629921
11
0.213086062992126
21
0.4031814173228346
0
LINE
8
BLACK
6
CONTINUOUS
10
0.213086062992126
20
0.4031814173228346
11
0.2091091338582677
21
0.4045070866141732
0
LINE
8
BLACK
6
CONTINUOUS
10
0.2091091338582677
20
0.4045070866141732
11
0.2085805511811024
21
0.4047430708661417
0
LINE
8
BLACK
6
CONTINUOUS
10
0.2085805511811024
20
0.4047430708661417
11
0.2085004330708661
21
0.4048125590551181
0
LINE
8
BLACK
6
CONTINUOUS
10
0.2085004330708661
20
0.4048125590551181
11
0.2084024015748031
21
0.4048531496062992
0
LINE
8
BLACK
6
CONTINUOUS
10
0.2084024015748031
20
0.4048531496062992
11
0.2079549606299212
21
0.4052203937007874
0
LINE
8
BLACK
6
CONTINUOUS
10
0.2079549606299212
20
0.4052203937007874
11
0.2053036220472441
21
0.4078717322834646
0
LINE
8
BLACK
6
CONTINUOUS
10
0.2053036220472441
20
0.4078717322834646
11
0.2049364173228346
21
0.4083191732283464
0
LINE
8
BLACK
6
CONTINUOUS
10
0.2049364173228346
20
0.4083191732283464
11
0.2048957874015748
21
0.4084172440944882
0
LINE
8
BLACK
6
CONTINUOUS
10
0.2048957874015748
20
0.4084172440944882
11
0.2048262992125984
21
0.4084973622047244
0
LINE
8
BLACK
6
CONTINUOUS
10
0.2048262992125984
20
0.4084973622047244
11
0.2045903149606299
21
0.409025905511811
0
LINE
8
BLACK
6
CONTINUOUS
10
0.2045903149606299
20
0.409025905511811
11
0.2032646456692913
21
0.413002874015748
0
LINE
8
BLACK
6
CONTINUOUS
10
0.2032646456692913
20
0.413002874015748
11
0.2031996850393701
21
0.4132884645669291
0
LINE
8
BLACK
6
CONTINUOUS
10
0.2031996850393701
20
0.4132884645669291
11
0.203169842519685
21
0.4133605511811024
0
LINE
8
BLACK
6
CONTINUOUS
10
0.203169842519685
20
0.4133605511811024
11
0.2031595275590551
21
0.4134650787401575
0
LINE
8
BLACK
6
CONTINUOUS
10
0.2031595275590551
20
0.4134650787401575
11
0.2031362992125984
21
0.4135673228346456
0
LINE
8
BLACK
6
CONTINUOUS
10
0.2031362992125984
20
0.4135673228346456
11
0.2031418110236221
21
0.4136450787401575
0
LINE
8
BLACK
6
CONTINUOUS
10
0.2031418110236221
20
0.4136450787401575
11
0.2031131102362205
21
0.4139366141732284
0
LINE
8
BLACK
6
CONTINUOUS
10
0.2031131102362205
20
0.4139366141732284
11
0.2031131102362205
21
0.4165879133858267
0
LINE
8
BLACK
6
CONTINUOUS
10
0.2031131102362205
20
0.4165879133858267
11
0.2031418110236221
21
0.4168794881889764
0
LINE
8
BLACK
6
CONTINUOUS
10
0.2031418110236221
20
0.4168794881889764
11
0.2031362992125984
21
0.4169572047244094
0
LINE
8
BLACK
6
CONTINUOUS
10
0.2031362992125984
20
0.4169572047244094
11
0.2031595275590551
21
0.4170594881889764
0
LINE
8
BLACK
6
CONTINUOUS
10
0.2031595275590551
20
0.4170594881889764
11
0.203169842519685
21
0.4171639763779528
0
LINE
8
BLACK
6
CONTINUOUS
10
0.203169842519685
20
0.4171639763779528
11
0.2031996850393701
21
0.4172361023622047
0
LINE
8
BLACK
6
CONTINUOUS
10
0.2031996850393701
20
0.4172361023622047
11
0.2032646456692913
21
0.4175216535433071
0
LINE
8
BLACK
6
CONTINUOUS
10
0.2032646456692913
20
0.4175216535433071
11
0.2045903149606299
21
0.4214986614173228
0
LINE
8
BLACK
6
CONTINUOUS
10
0.2045903149606299
20
0.4214986614173228
11
0.2048262992125984
21
0.4220272047244095
0
LINE
8
BLACK
6
CONTINUOUS
10
0.2048262992125984
20
0.4220272047244095
11
0.2048957874015748
21
0.4221073622047244
0
LINE
8
BLACK
6
CONTINUOUS
10
0.2048957874015748
20
0.4221073622047244
11
0.2049364173228346
21
0.4222053937007874
0
LINE
8
BLACK
6
CONTINUOUS
10
0.2049364173228346
20
0.4222053937007874
11
0.2053036220472441
21
0.4226528346456693
0
LINE
8
BLACK
6
CONTINUOUS
10
0.2053036220472441
20
0.4226528346456693
11
0.2119319291338583
21
0.4292811023622047
0
LINE
8
BLACK
6
CONTINUOUS
10
0.2119319291338583
20
0.4292811023622047
11
0.2121583858267717
21
0.429466968503937
0
LINE
8
BLACK
6
CONTINUOUS
10
0.2121583858267717
20
0.429466968503937
11
0.2122094488188976
21
0.4295258267716535
0
LINE
8
BLACK
6
CONTINUOUS
10
0.2122094488188976
20
0.4295258267716535
11
0.2122981889763779
21
0.4295816929133858
0
LINE
8
BLACK
6
CONTINUOUS
10
0.2122981889763779
20
0.4295816929133858
11
0.2123794094488189
21
0.4296483464566929
0
LINE
8
BLACK
6
CONTINUOUS
10
0.2123794094488189
20
0.4296483464566929
11
0.2124514960629921
21
0.4296782283464567
0
LINE
8
BLACK
6
CONTINUOUS
10
0.2124514960629921
20
0.4296782283464567
11
0.2126993307086614
21
0.4298342125984252
0
LINE
8
BLACK
6
CONTINUOUS
10
0.2126993307086614
20
0.4298342125984252
11
0.218001968503937
21
0.4324855511811024
0
LINE
8
BLACK
6
CONTINUOUS
10
0.218001968503937
20
0.4324855511811024
11
0.2185425984251969
21
0.4326924409448819
0
LINE
8
BLACK
6
CONTINUOUS
10
0.2185425984251969
20
0.4326924409448819
11
0.219691811023622
21
0.432774094488189
0
LINE
8
BLACK
6
CONTINUOUS
10
0.219691811023622
20
0.432774094488189
11
0.2207847637795275
21
0.4324097637795276
0
LINE
8
BLACK
6
CONTINUOUS
10
-0.2240658661417323
20
0.4463111811023622
11
-0.2232511811023622
21
0.4454964960629921
0
LINE
8
BLACK
6
CONTINUOUS
10
-0.2232511811023622
20
0.4454964960629921
11
-0.2228103149606299
21
0.4444320866141732
0
LINE
8
BLACK
6
CONTINUOUS
10
-0.2228103149606299
20
0.4444320866141732
11
-0.2228103149606299
21
0.44328
0
LINE
8
BLACK
6
CONTINUOUS
10
-0.2228103149606299
20
0.44328
11
-0.2232511811023622
21
0.4422155905511811
0
LINE
8
BLACK
6
CONTINUOUS
10
-0.2232511811023622
20
0.4422155905511811
11
-0.2236184251968504
21
0.4417681102362205
0
LINE
8
BLACK
6
CONTINUOUS
10
-0.2236184251968504
20
0.4417681102362205
11
-0.2493693700787402
21
0.4160172047244095
0
LINE
8
BLACK
6
CONTINUOUS
10
-0.2493693700787402
20
0.4160172047244095
11
-0.2382006692913386
21
0.4048485039370079
0
LINE
8
BLACK
6
CONTINUOUS
10
-0.2382006692913386
20
0.4048485039370079
11
-0.2378334251968504
21
0.404401062992126
0
LINE
8
BLACK
6
CONTINUOUS
10
-0.2378334251968504
20
0.404401062992126
11
-0.2373925590551181
21
0.4033366141732284
0
LINE
8
BLACK
6
CONTINUOUS
10
-0.2373925590551181
20
0.4033366141732284
11
-0.2373925590551181
21
0.4021845275590551
0
LINE
8
BLACK
6
CONTINUOUS
10
-0.2373925590551181
20
0.4021845275590551
11
-0.2378334251968504
21
0.4011201181102362
0
LINE
8
BLACK
6
CONTINUOUS
10
-0.2378334251968504
20
0.4011201181102362
11
-0.2386481102362205
21
0.4003054330708661
0
LINE
8
BLACK
6
CONTINUOUS
10
-0.2386481102362205
20
0.4003054330708661
11
-0.2397125196850394
21
0.3998645669291339
0
LINE
8
BLACK
6
CONTINUOUS
10
-0.2397125196850394
20
0.3998645669291339
11
-0.2408646062992126
21
0.3998645669291339
0
LINE
8
BLACK
6
CONTINUOUS
10
-0.2408646062992126
20
0.3998645669291339
11
-0.2419290551181102
21
0.4003054330708661
0
LINE
8
BLACK
6
CONTINUOUS
10
-0.2419290551181102
20
0.4003054330708661
11
-0.2423764960629921
21
0.4006726771653543
0
LINE
8
BLACK
6
CONTINUOUS
10
-0.2423764960629921
20
0.4006726771653543
11
-0.2556330708661417
21
0.4139292519685039
0
LINE
8
BLACK
6
CONTINUOUS
10
-0.2556330708661417
20
0.4139292519685039
11
-0.2560002755905512
21
0.4143766929133858
0
LINE
8
BLACK
6
CONTINUOUS
10
-0.2560002755905512
20
0.4143766929133858
11
-0.2564411811023622
21
0.4154411417322835
0
LINE
8
BLACK
6
CONTINUOUS
10
-0.2564411811023622
20
0.4154411417322835
11
-0.2564411811023622
21
0.4165931889763779
0
LINE
8
BLACK
6
CONTINUOUS
10
-0.2564411811023622
20
0.4165931889763779
11
-0.2560002755905512
21
0.4176576377952756
0
LINE
8
BLACK
6
CONTINUOUS
10
-0.2560002755905512
20
0.4176576377952756
11
-0.2556330708661417
21
0.4181050787401575
0
LINE
8
BLACK
6
CONTINUOUS
10
-0.2556330708661417
20
0.4181050787401575
11
-0.2277942519685039
21
0.445943937007874
0
LINE
8
BLACK
6
CONTINUOUS
10
-0.2277942519685039
20
0.445943937007874
11
-0.2273467716535433
21
0.4463111811023622
0
LINE
8
BLACK
6
CONTINUOUS
10
-0.2273467716535433
20
0.4463111811023622
11
-0.2262823622047244
21
0.4467520472440945
0
LINE
8
BLACK
6
CONTINUOUS
10
-0.2262823622047244
20
0.4467520472440945
11
-0.2251302755905512
21
0.4467520472440945
0
LINE
8
BLACK
6
CONTINUOUS
10
-0.2251302755905512
20
0.4467520472440945
11
-0.2240658661417323
21
0.4463111811023622
0
LINE
8
BLACK
6
CONTINUOUS
10
0.2315682283464567
20
0.4455562204724409
11
0.2320156692913386
21
0.4451890157480315
0
LINE
8
BLACK
6
CONTINUOUS
10
0.2320156692913386
20
0.4451890157480315
11
0.2577665748031496
21
0.4194381102362205
0
LINE
8
BLACK
6
CONTINUOUS
10
0.2577665748031496
20
0.4194381102362205
11
0.2689352755905512
21
0.4306067716535433
0
LINE
8
BLACK
6
CONTINUOUS
10
0.2689352755905512
20
0.4306067716535433
11
0.2693827165354331
21
0.4309740157480315
0
LINE
8
BLACK
6
CONTINUOUS
10
0.2693827165354331
20
0.4309740157480315
11
0.2704471653543307
21
0.4314148818897638
0
LINE
8
BLACK
6
CONTINUOUS
10
0.2704471653543307
20
0.4314148818897638
11
0.2715992519685039
21
0.4314148818897638
0
LINE
8
BLACK
6
CONTINUOUS
10
0.2715992519685039
20
0.4314148818897638
11
0.2726636614173228
21
0.4309740157480315
0
LINE
8
BLACK
6
CONTINUOUS
10
0.2726636614173228
20
0.4309740157480315
11
0.2734783464566929
21
0.4301593307086614
0
LINE
8
BLACK
6
CONTINUOUS
10
0.2734783464566929
20
0.4301593307086614
11
0.2739192125984252
21
0.4290949212598425
0
LINE
8
BLACK
6
CONTINUOUS
10
0.2739192125984252
20
0.4290949212598425
11
0.2739192125984252
21
0.4279428346456693
0
LINE
8
BLACK
6
CONTINUOUS
10
0.2739192125984252
20
0.4279428346456693
11
0.2734783464566929
21
0.4268783858267716
0
LINE
8
BLACK
6
CONTINUOUS
10
0.2734783464566929
20
0.4268783858267716
11
0.2731111023622047
21
0.4264309448818898
0
LINE
8
BLACK
6
CONTINUOUS
10
0.2731111023622047
20
0.4264309448818898
11
0.2598545275590551
21
0.4131743700787401
0
LINE
8
BLACK
6
CONTINUOUS
10
0.2598545275590551
20
0.4131743700787401
11
0.2594072834645669
21
0.4128073622047244
0
LINE
8
BLACK
6
CONTINUOUS
10
0.2594072834645669
20
0.4128073622047244
11
0.2594070866141732
21
0.412807125984252
0
LINE
8
BLACK
6
CONTINUOUS
10
0.2594070866141732
20
0.412807125984252
11
0.2583426771653543
21
0.4123662598425197
0
LINE
8
BLACK
6
CONTINUOUS
10
0.2583426771653543
20
0.4123662598425197
11
0.2571905905511811
21
0.4123662598425197
0
LINE
8
BLACK
6
CONTINUOUS
10
0.2571905905511811
20
0.4123662598425197
11
0.2561261811023622
21
0.412807125984252
0
LINE
8
BLACK
6
CONTINUOUS
10
0.2561261811023622
20
0.412807125984252
11
0.2556787007874016
21
0.4131743700787401
0
LINE
8
BLACK
6
CONTINUOUS
10
0.2556787007874016
20
0.4131743700787401
11
0.227839842519685
21
0.4410131889763779
0
LINE
8
BLACK
6
CONTINUOUS
10
0.227839842519685
20
0.4410131889763779
11
0.2274726377952756
21
0.4414606299212598
0
LINE
8
BLACK
6
CONTINUOUS
10
0.2274726377952756
20
0.4414606299212598
11
0.2270317322834646
21
0.4425250393700788
0
LINE
8
BLACK
6
CONTINUOUS
10
0.2270317322834646
20
0.4425250393700788
11
0.2270317322834646
21
0.443677125984252
0
LINE
8
BLACK
6
CONTINUOUS
10
0.2270317322834646
20
0.443677125984252
11
0.2274726377952756
21
0.4447415748031496
0
LINE
8
BLACK
6
CONTINUOUS
10
0.2274726377952756
20
0.4447415748031496
11
0.2282872834645669
21
0.4455562204724409
0
LINE
8
BLACK
6
CONTINUOUS
10
0.2282872834645669
20
0.4455562204724409
11
0.2293516929133858
21
0.445997125984252
0
LINE
8
BLACK
6
CONTINUOUS
10
0.2293516929133858
20
0.445997125984252
11
0.230503779527559
21
0.445997125984252
0
LINE
8
BLACK
6
CONTINUOUS
10
0.230503779527559
20
0.445997125984252
11
0.2315682283464567
21
0.4455562204724409
0
LINE
8
BLACK
6
CONTINUOUS
10
-0.2466020866141732
20
0.4688474015748031
11
-0.2457874015748031
21
0.468032716535433
0
LINE
8
BLACK
6
CONTINUOUS
10
-0.2457874015748031
20
0.468032716535433
11
-0.2453465354330709
21
0.4669683070866142
0
LINE
8
BLACK
6
CONTINUOUS
10
-0.2453465354330709
20
0.4669683070866142
11
-0.2453465354330709
21
0.4658162204724409
0
LINE
8
BLACK
6
CONTINUOUS
10
-0.2453465354330709
20
0.4658162204724409
11
-0.2457874015748031
21
0.4647518110236221
0
LINE
8
BLACK
6
CONTINUOUS
10
-0.2457874015748031
20
0.4647518110236221
11
-0.2461546456692913
21
0.4643043307086614
0
LINE
8
BLACK
6
CONTINUOUS
10
-0.2461546456692913
20
0.4643043307086614
11
-0.2719055905511811
21
0.4385534251968504
0
LINE
8
BLACK
6
CONTINUOUS
10
-0.2719055905511811
20
0.4385534251968504
11
-0.2607368897637795
21
0.4273847244094488
0
LINE
8
BLACK
6
CONTINUOUS
10
-0.2607368897637795
20
0.4273847244094488
11
-0.2603696456692913
21
0.4269372834645669
0
LINE
8
BLACK
6
CONTINUOUS
10
-0.2603696456692913
20
0.4269372834645669
11
-0.2599287795275591
21
0.4258728346456693
0
LINE
8
BLACK
6
CONTINUOUS
10
-0.2599287795275591
20
0.4258728346456693
11
-0.2599287795275591
21
0.4247207480314961
0
LINE
8
BLACK
6
CONTINUOUS
10
-0.2599287795275591
20
0.4247207480314961
11
-0.2603696456692913
21
0.4236563385826771
0
LINE
8
BLACK
6
CONTINUOUS
10
-0.2603696456692913
20
0.4236563385826771
11
-0.2611843307086614
21
0.4228416535433071
0
LINE
8
BLACK
6
CONTINUOUS
10
-0.2611843307086614
20
0.4228416535433071
11
-0.2622487401574803
21
0.4224007874015748
0
LINE
8
BLACK
6
CONTINUOUS
10
-0.2622487401574803
20
0.4224007874015748
11
-0.2634008267716536
21
0.4224007874015748
0
LINE
8
BLACK
6
CONTINUOUS
10
-0.2634008267716536
20
0.4224007874015748
11
-0.2644652755905512
21
0.4228416535433071
0
LINE
8
BLACK
6
CONTINUOUS
10
-0.2644652755905512
20
0.4228416535433071
11
-0.2649127165354331
21
0.4232088976377953
0
LINE
8
BLACK
6
CONTINUOUS
10
-0.2649127165354331
20
0.4232088976377953
11
-0.2781692913385826
21
0.4364654724409449
0
LINE
8
BLACK
6
CONTINUOUS
10
-0.2781692913385826
20
0.4364654724409449
11
-0.2785364960629921
21
0.4369129133858268
0
LINE
8
BLACK
6
CONTINUOUS
10
-0.2785364960629921
20
0.4369129133858268
11
-0.2789774015748032
21
0.4379773622047244
0
LINE
8
BLACK
6
CONTINUOUS
10
-0.2789774015748032
20
0.4379773622047244
11
-0.2789774015748032
21
0.4391294094488189
0
LINE
8
BLACK
6
CONTINUOUS
10
-0.2789774015748032
20
0.4391294094488189
11
-0.2785364960629921
21
0.4401938582677165
0
LINE
8
BLACK
6
CONTINUOUS
10
-0.2785364960629921
20
0.4401938582677165
11
-0.2781692913385826
21
0.4406412992125984
0
LINE
8
BLACK
6
CONTINUOUS
10
-0.2781692913385826
20
0.4406412992125984
11
-0.2503304724409449
21
0.468480157480315
0
LINE
8
BLACK
6
CONTINUOUS
10
-0.2503304724409449
20
0.468480157480315
11
-0.2498829921259842
21
0.4688474015748031
0
LINE
8
BLACK
6
CONTINUOUS
10
-0.2498829921259842
20
0.4688474015748031
11
-0.2488185826771654
21
0.4692882677165354
0
LINE
8
BLACK
6
CONTINUOUS
10
-0.2488185826771654
20
0.4692882677165354
11
-0.2476664960629921
21
0.4692882677165354
0
LINE
8
BLACK
6
CONTINUOUS
10
-0.2476664960629921
20
0.4692882677165354
11
-0.2466020866141732
21
0.4688474015748031
0
CIRCLE
8
BLACK
10
-0.4724409448818898
20
0.
40
0.0068897637795276
0
CIRCLE
8
BLACK
10
0.
20
-0.4724409448818898
40
0.0068897637795276
0
CIRCLE
8
BLACK
10
0.4251968503937008
20
0.0039370078740157
40
0.0068897637795276
0
CIRCLE
8
BLACK
10
0.3251968503937008
20
0.1039370078740157
40
0.0068897637795276
0
CIRCLE
8
BLACK
10
0.3251968503937008
20
-0.0960629921259843
40
0.0068897637795276
0
CIRCLE
8
BLACK
10
0.5251968503937008
20
0.1039370078740157
40
0.0068897637795276
0
CIRCLE
8
BLACK
10
0.5251968503937008
20
-0.0960629921259843
40
0.0068897637795276
0
CIRCLE
8
BLACK
10
-0.1771653543307087
20
0.2204724409448819
40
0.0068897637795276
0
CIRCLE
8
BLACK
10
0.
20
0.4724409448818898
40
0.0068897637795276
0
CIRCLE
8
BLACK
10
0.1771653543307087
20
-0.2125984251968504
40
0.0068897637795276
0
CIRCLE
8
BLACK
10
-0.1771653543307087
20
-0.2125984251968504
40
0.0068897637795276
0
CIRCLE
8
BLACK
10
0.1771653543307087
20
0.2204724409448819
40
0.0068897637795276
  0
ENDSEC
  0
EOF
