  0
SECTION
  2
HEADER
  9
$ANGBASE
  50
0.0
  9
$ANGDIR
  70
1
  9
$MEASUREMENT
  70
0
  0
ENDSEC
  0
SECTION
  2
TABLES
  0
TABLE
  2
LTYPE
  70
4
  0
LTYPE
  5
40F
  2
CONTINUOUS
  70
0
  3
Solid line
  72
65
  73
0
  40
0.0
  0
LTYPE
  5
410
  2
DASHDOT
 70
0
  3
Dash Dot ____ _ ____ _
 72
65
 73
4
 40
2.0
 49
1.25
 49
-0.25
 49
0.25
 49
-0.25
  0
LTYPE
  5
411
  2
DASHED
 70
0
  3
Dashed __ __ __ __ __
 72
65
 73
2
 40
0.75
 49
0.5
 49
-0.25
  0
LTYPE
  5
43B
  2
DOTTED
 70
0
  3
Dotted .  .  .  .
 72
65
 73
2
 40
0.2
 49
0.0
 49
-0.2
  0
ENDTAB
  0
TABLE
  2
STYLE
  70
4
  0
STYLE
  2
KICAD
  70
0
  40
0
  41
1
  42
1
  50
0
  71
0
  3
isocp.shx
  0
STYLE
  2
KICADB
  70
0
  40
0
  41
1
  42
1
  50
0
  71
0
  3
isocp.shx
  0
STYLE
  2
KICADI
  70
0
  40
0
  41
1
  42
1
  50
15
  71
0
  3
isocp.shx
  0
STYLE
  2
KICADBI
  70
0
  40
0
  41
1
  42
1
  50
15
  71
0
  3
isocp.shx
  0
ENDTAB
  0
TABLE
  2
LAYER
  70
1
  0
LAYER
  2
BLACK
  70
0
  62
7
  6
CONTINUOUS
  0
ENDTAB
  0
ENDSEC
  0
SECTION
  2
ENTITIES
0
LINE
8
BLACK
6
CONTINUOUS
10
0.0540068503937008
20
-0.626558779527559
11
0.054104842519685
21
-0.6265993700787401
0
LINE
8
BLACK
6
CONTINUOUS
10
0.054104842519685
20
-0.6265993700787401
11
0.0542106692913386
21
-0.6266068897637795
0
LINE
8
BLACK
6
CONTINUOUS
10
0.0542106692913386
20
-0.6266068897637795
11
0.0547512992125984
21
-0.626813779527559
0
LINE
8
BLACK
6
CONTINUOUS
10
0.0547512992125984
20
-0.626813779527559
11
0.055400905511811
21
-0.6271385826771654
0
LINE
8
BLACK
6
CONTINUOUS
10
0.055400905511811
20
-0.6271385826771654
11
0.055539842519685
21
-0.6269996850393701
0
LINE
8
BLACK
6
CONTINUOUS
10
0.055539842519685
20
-0.6269996850393701
11
0.0566042519685039
21
-0.626558779527559
0
LINE
8
BLACK
6
CONTINUOUS
10
0.0566042519685039
20
-0.626558779527559
11
0.0577563779527559
21
-0.626558779527559
0
LINE
8
BLACK
6
CONTINUOUS
10
0.0577563779527559
20
-0.626558779527559
11
0.0588207874015748
21
-0.6269996850393701
0
LINE
8
BLACK
6
CONTINUOUS
10
0.0588207874015748
20
-0.6269996850393701
11
0.0596354330708661
21
-0.6278143307086614
0
LINE
8
BLACK
6
CONTINUOUS
10
0.0596354330708661
20
-0.6278143307086614
11
0.0600763385826772
21
-0.6288787401574804
0
LINE
8
BLACK
6
CONTINUOUS
10
0.0600763385826772
20
-0.6288787401574804
11
0.0601330708661417
21
-0.6294548031496063
0
LINE
8
BLACK
6
CONTINUOUS
10
0.0601330708661417
20
-0.6294548031496063
11
0.0601330708661417
21
-0.6613258267716535
0
LINE
8
BLACK
6
CONTINUOUS
10
0.0601330708661417
20
-0.6613258267716535
11
0.0600763385826772
21
-0.6619018897637795
0
LINE
8
BLACK
6
CONTINUOUS
10
0.0600763385826772
20
-0.6619018897637795
11
0.0600357480314961
21
-0.661999842519685
0
LINE
8
BLACK
6
CONTINUOUS
10
0.0600357480314961
20
-0.661999842519685
11
0.0600282283464567
21
-0.662105748031496
0
LINE
8
BLACK
6
CONTINUOUS
10
0.0600282283464567
20
-0.662105748031496
11
0.0598213385826772
21
-0.6626463385826772
0
LINE
8
BLACK
6
CONTINUOUS
10
0.0598213385826772
20
-0.6626463385826772
11
0.0579465748031496
21
-0.6663958661417323
0
LINE
8
BLACK
6
CONTINUOUS
10
0.0579465748031496
20
-0.6663958661417323
11
0.0577904724409449
21
-0.6666438582677165
0
LINE
8
BLACK
6
CONTINUOUS
10
0.0577904724409449
20
-0.6666438582677165
11
0.0577606692913386
21
-0.6667158267716535
0
LINE
8
BLACK
6
CONTINUOUS
10
0.0577606692913386
20
-0.6667158267716535
11
0.0576941732283465
21
-0.6667967716535433
0
LINE
8
BLACK
6
CONTINUOUS
10
0.0576941732283465
20
-0.6667967716535433
11
0.0576382283464567
21
-0.666885748031496
0
LINE
8
BLACK
6
CONTINUOUS
10
0.0576382283464567
20
-0.666885748031496
11
0.0575792125984252
21
-0.6669368897637795
0
LINE
8
BLACK
6
CONTINUOUS
10
0.0575792125984252
20
-0.6669368897637795
11
0.0573934645669291
21
-0.6671632677165354
0
LINE
8
BLACK
6
CONTINUOUS
10
0.0573934645669291
20
-0.6671632677165354
11
0.0555187007874016
21
-0.669038031496063
0
LINE
8
BLACK
6
CONTINUOUS
10
0.0555187007874016
20
-0.669038031496063
11
0.0552923228346457
21
-0.6692237795275591
0
LINE
8
BLACK
6
CONTINUOUS
10
0.0552923228346457
20
-0.6692237795275591
11
0.0552411811023622
21
-0.6692827952755905
0
LINE
8
BLACK
6
CONTINUOUS
10
0.0552411811023622
20
-0.6692827952755905
11
0.0551522047244094
21
-0.6693387401574803
0
LINE
8
BLACK
6
CONTINUOUS
10
0.0551522047244094
20
-0.6693387401574803
11
0.0550712598425197
21
-0.6694052362204724
0
LINE
8
BLACK
6
CONTINUOUS
10
0.0550712598425197
20
-0.6694052362204724
11
0.0549992913385827
21
-0.6694350393700788
0
LINE
8
BLACK
6
CONTINUOUS
10
0.0549992913385827
20
-0.6694350393700788
11
0.0547512992125984
21
-0.6695911417322834
0
LINE
8
BLACK
6
CONTINUOUS
10
0.0547512992125984
20
-0.6695911417322834
11
0.0510017716535433
21
-0.671465905511811
0
LINE
8
BLACK
6
CONTINUOUS
10
0.0510017716535433
20
-0.671465905511811
11
0.0504611417322835
21
-0.6716727952755905
0
LINE
8
BLACK
6
CONTINUOUS
10
0.0504611417322835
20
-0.6716727952755905
11
0.0503553149606299
21
-0.6716802755905512
0
LINE
8
BLACK
6
CONTINUOUS
10
0.0503553149606299
20
-0.6716802755905512
11
0.0502573228346457
21
-0.671720905511811
0
LINE
8
BLACK
6
CONTINUOUS
10
0.0502573228346457
20
-0.671720905511811
11
0.0496812598425197
21
-0.6717776377952756
0
LINE
8
BLACK
6
CONTINUOUS
10
0.0496812598425197
20
-0.6717776377952756
11
0.044056968503937
21
-0.6717776377952756
0
LINE
8
BLACK
6
CONTINUOUS
10
0.044056968503937
20
-0.6717776377952756
11
0.043480905511811
21
-0.671720905511811
0
LINE
8
BLACK
6
CONTINUOUS
10
0.043480905511811
20
-0.671720905511811
11
0.0433829133858268
21
-0.6716803149606299
0
LINE
8
BLACK
6
CONTINUOUS
10
0.0433829133858268
20
-0.6716803149606299
11
0.0432770472440945
21
-0.6716727952755905
0
LINE
8
BLACK
6
CONTINUOUS
10
0.0432770472440945
20
-0.6716727952755905
11
0.0427364566929134
21
-0.671465905511811
0
LINE
8
BLACK
6
CONTINUOUS
10
0.0427364566929134
20
-0.671465905511811
11
0.0389869291338583
21
-0.6695911417322834
0
LINE
8
BLACK
6
CONTINUOUS
10
0.0389869291338583
20
-0.6695911417322834
11
0.0384970472440945
21
-0.6692827952755905
0
LINE
8
BLACK
6
CONTINUOUS
10
0.0384970472440945
20
-0.6692827952755905
11
0.0377422047244095
21
-0.6684124015748031
0
LINE
8
BLACK
6
CONTINUOUS
10
0.0377422047244095
20
-0.6684124015748031
11
0.037377874015748
21
-0.6673194488188976
0
LINE
8
BLACK
6
CONTINUOUS
10
0.037377874015748
20
-0.6673194488188976
11
0.0374595275590551
21
-0.6661702362204724
0
LINE
8
BLACK
6
CONTINUOUS
10
0.0374595275590551
20
-0.6661702362204724
11
0.0379747637795276
21
-0.6651397244094488
0
LINE
8
BLACK
6
CONTINUOUS
10
0.0379747637795276
20
-0.6651397244094488
11
0.038845157480315
21
-0.6643848818897637
0
LINE
8
BLACK
6
CONTINUOUS
10
0.038845157480315
20
-0.6643848818897637
11
0.0399381102362205
21
-0.6640205511811024
0
LINE
8
BLACK
6
CONTINUOUS
10
0.0399381102362205
20
-0.6640205511811024
11
0.0410873228346457
21
-0.6641022047244094
0
LINE
8
BLACK
6
CONTINUOUS
10
0.0410873228346457
20
-0.6641022047244094
11
0.0416279527559055
21
-0.664309094488189
0
LINE
8
BLACK
6
CONTINUOUS
10
0.0416279527559055
20
-0.664309094488189
11
0.0447540157480315
21
-0.6658721259842519
0
LINE
8
BLACK
6
CONTINUOUS
10
0.0447540157480315
20
-0.6658721259842519
11
0.0489842125984252
21
-0.6658721259842519
0
LINE
8
BLACK
6
CONTINUOUS
10
0.0489842125984252
20
-0.6658721259842519
11
0.0516816929133858
21
-0.6645233858267716
0
LINE
8
BLACK
6
CONTINUOUS
10
0.0516816929133858
20
-0.6645233858267716
11
0.0528788188976378
21
-0.6633262598425197
0
LINE
8
BLACK
6
CONTINUOUS
10
0.0528788188976378
20
-0.6633262598425197
11
0.0542275590551181
21
-0.6606287795275591
0
LINE
8
BLACK
6
CONTINUOUS
10
0.0542275590551181
20
-0.6606287795275591
11
0.0542275590551181
21
-0.6585429527559055
0
LINE
8
BLACK
6
CONTINUOUS
10
0.0542275590551181
20
-0.6585429527559055
11
0.0542106692913386
21
-0.6585494488188977
0
LINE
8
BLACK
6
CONTINUOUS
10
0.0542106692913386
20
-0.6585494488188977
11
0.054104842519685
21
-0.6585569291338582
0
LINE
8
BLACK
6
CONTINUOUS
10
0.054104842519685
20
-0.6585569291338582
11
0.0540068503937008
21
-0.6585975590551181
0
LINE
8
BLACK
6
CONTINUOUS
10
0.0540068503937008
20
-0.6585975590551181
11
0.0534307874015748
21
-0.6586542913385827
0
LINE
8
BLACK
6
CONTINUOUS
10
0.0534307874015748
20
-0.6586542913385827
11
0.0459317322834646
21
-0.6586542913385827
0
LINE
8
BLACK
6
CONTINUOUS
10
0.0459317322834646
20
-0.6586542913385827
11
0.0453556692913386
21
-0.6585975590551181
0
LINE
8
BLACK
6
CONTINUOUS
10
0.0453556692913386
20
-0.6585975590551181
11
0.0452576771653543
21
-0.658556968503937
0
LINE
8
BLACK
6
CONTINUOUS
10
0.0452576771653543
20
-0.658556968503937
11
0.045151811023622
21
-0.6585494488188977
0
LINE
8
BLACK
6
CONTINUOUS
10
0.045151811023622
20
-0.6585494488188977
11
0.0446112204724409
21
-0.6583425590551181
0
LINE
8
BLACK
6
CONTINUOUS
10
0.0446112204724409
20
-0.6583425590551181
11
0.0408616929133858
21
-0.6564677952755905
0
LINE
8
BLACK
6
CONTINUOUS
10
0.0408616929133858
20
-0.6564677952755905
11
0.0406136614173228
21
-0.6563116929133858
0
LINE
8
BLACK
6
CONTINUOUS
10
0.0406136614173228
20
-0.6563116929133858
11
0.0405417322834646
21
-0.6562818897637795
0
LINE
8
BLACK
6
CONTINUOUS
10
0.0405417322834646
20
-0.6562818897637795
11
0.0404607480314961
21
-0.6562154330708662
0
LINE
8
BLACK
6
CONTINUOUS
10
0.0404607480314961
20
-0.6562154330708662
11
0.040371811023622
21
-0.6561594488188977
0
LINE
8
BLACK
6
CONTINUOUS
10
0.040371811023622
20
-0.6561594488188977
11
0.0403205905511811
21
-0.6561003937007874
0
LINE
8
BLACK
6
CONTINUOUS
10
0.0403205905511811
20
-0.6561003937007874
11
0.0400942519685039
21
-0.6559146456692914
0
LINE
8
BLACK
6
CONTINUOUS
10
0.0400942519685039
20
-0.6559146456692914
11
0.0382194881889764
21
-0.6540398425196851
0
LINE
8
BLACK
6
CONTINUOUS
10
0.0382194881889764
20
-0.6540398425196851
11
0.0380337401574803
21
-0.6538135039370079
0
LINE
8
BLACK
6
CONTINUOUS
10
0.0380337401574803
20
-0.6538135039370079
11
0.0379747637795276
21
-0.6537623622047244
0
LINE
8
BLACK
6
CONTINUOUS
10
0.0379747637795276
20
-0.6537623622047244
11
0.0379187795275591
21
-0.6536734251968503
0
LINE
8
BLACK
6
CONTINUOUS
10
0.0379187795275591
20
-0.6536734251968503
11
0.0378522834645669
21
-0.6535924015748031
0
LINE
8
BLACK
6
CONTINUOUS
10
0.0378522834645669
20
-0.6535924015748031
11
0.0378224409448819
21
-0.6535203543307087
0
LINE
8
BLACK
6
CONTINUOUS
10
0.0378224409448819
20
-0.6535203543307087
11
0.0376664173228346
21
-0.6532724803149607
0
LINE
8
BLACK
6
CONTINUOUS
10
0.0376664173228346
20
-0.6532724803149607
11
0.0357916535433071
21
-0.6495229527559055
0
LINE
8
BLACK
6
CONTINUOUS
10
0.0357916535433071
20
-0.6495229527559055
11
0.0355847637795276
21
-0.6489823228346456
0
LINE
8
BLACK
6
CONTINUOUS
10
0.0355847637795276
20
-0.6489823228346456
11
0.0355772440944882
21
-0.6488764960629921
0
LINE
8
BLACK
6
CONTINUOUS
10
0.0355772440944882
20
-0.6488764960629921
11
0.0355366535433071
21
-0.6487785039370079
0
LINE
8
BLACK
6
CONTINUOUS
10
0.0355366535433071
20
-0.6487785039370079
11
0.0354799212598425
21
-0.6482024409448819
0
LINE
8
BLACK
6
CONTINUOUS
10
0.0354799212598425
20
-0.6482024409448819
11
0.0354799212598425
21
-0.6369538582677166
0
LINE
8
BLACK
6
CONTINUOUS
10
0.0354799212598425
20
-0.6369538582677166
11
0.0355366535433071
21
-0.6363777952755906
0
LINE
8
BLACK
6
CONTINUOUS
10
0.0355366535433071
20
-0.6363777952755906
11
0.0355772440944882
21
-0.6362797637795276
0
LINE
8
BLACK
6
CONTINUOUS
10
0.0355772440944882
20
-0.6362797637795276
11
0.0355847637795276
21
-0.6361739763779527
0
LINE
8
BLACK
6
CONTINUOUS
10
0.0355847637795276
20
-0.6361739763779527
11
0.0357916535433071
21
-0.6356333464566929
0
LINE
8
BLACK
6
CONTINUOUS
10
0.0357916535433071
20
-0.6356333464566929
11
0.0376664173228346
21
-0.6318838188976378
0
LINE
8
BLACK
6
CONTINUOUS
10
0.0376664173228346
20
-0.6318838188976378
11
0.0378224803149606
21
-0.6316357874015748
0
LINE
8
BLACK
6
CONTINUOUS
10
0.0378224803149606
20
-0.6316357874015748
11
0.0378523228346457
21
-0.6315638582677165
0
LINE
8
BLACK
6
CONTINUOUS
10
0.0378523228346457
20
-0.6315638582677165
11
0.0379187795275591
21
-0.631482874015748
0
LINE
8
BLACK
6
CONTINUOUS
10
0.0379187795275591
20
-0.631482874015748
11
0.0379747637795276
21
-0.6313939370078741
0
LINE
8
BLACK
6
CONTINUOUS
10
0.0379747637795276
20
-0.6313939370078741
11
0.0380337401574803
21
-0.6313427559055118
0
LINE
8
BLACK
6
CONTINUOUS
10
0.0380337401574803
20
-0.6313427559055118
11
0.0382195275590551
21
-0.6311164173228346
0
LINE
8
BLACK
6
CONTINUOUS
10
0.0382195275590551
20
-0.6311164173228346
11
0.0400942913385827
21
-0.6292416535433071
0
LINE
8
BLACK
6
CONTINUOUS
10
0.0400942913385827
20
-0.6292416535433071
11
0.0403206299212598
21
-0.6290558661417323
0
LINE
8
BLACK
6
CONTINUOUS
10
0.0403206299212598
20
-0.6290558661417323
11
0.040371811023622
21
-0.6289968897637795
0
LINE
8
BLACK
6
CONTINUOUS
10
0.040371811023622
20
-0.6289968897637795
11
0.0404607480314961
21
-0.628940905511811
0
LINE
8
BLACK
6
CONTINUOUS
10
0.0404607480314961
20
-0.628940905511811
11
0.0405417322834646
21
-0.6288744488188976
0
LINE
8
BLACK
6
CONTINUOUS
10
0.0405417322834646
20
-0.6288744488188976
11
0.0406136614173228
21
-0.6288446062992126
0
LINE
8
BLACK
6
CONTINUOUS
10
0.0406136614173228
20
-0.6288446062992126
11
0.0408616929133858
21
-0.6286885433070866
0
LINE
8
BLACK
6
CONTINUOUS
10
0.0408616929133858
20
-0.6286885433070866
11
0.0446112204724409
21
-0.626813779527559
0
LINE
8
BLACK
6
CONTINUOUS
10
0.0446112204724409
20
-0.626813779527559
11
0.045151811023622
21
-0.6266068897637795
0
LINE
8
BLACK
6
CONTINUOUS
10
0.045151811023622
20
-0.6266068897637795
11
0.0452576771653543
21
-0.6265993307086614
0
LINE
8
BLACK
6
CONTINUOUS
10
0.0452576771653543
20
-0.6265993307086614
11
0.0453556692913386
21
-0.626558779527559
0
LINE
8
BLACK
6
CONTINUOUS
10
0.0453556692913386
20
-0.626558779527559
11
0.0459317322834646
21
-0.6265020472440945
0
LINE
8
BLACK
6
CONTINUOUS
10
0.0459317322834646
20
-0.6265020472440945
11
0.0534307874015748
21
-0.6265020472440945
0
LINE
8
BLACK
6
CONTINUOUS
10
0.0534307874015748
20
-0.6265020472440945
11
0.0540068503937008
21
-0.626558779527559
0
LINE
8
BLACK
6
CONTINUOUS
10
0.0439312992125984
20
-0.6337562992125985
11
0.0427341732283465
21
-0.6349534251968504
0
LINE
8
BLACK
6
CONTINUOUS
10
0.0427341732283465
20
-0.6349534251968504
11
0.0413854330708661
21
-0.637650905511811
0
LINE
8
BLACK
6
CONTINUOUS
10
0.0413854330708661
20
-0.637650905511811
11
0.0413854330708661
21
-0.6475053937007874
0
LINE
8
BLACK
6
CONTINUOUS
10
0.0413854330708661
20
-0.6475053937007874
11
0.0427341732283465
21
-0.6502028740157481
0
LINE
8
BLACK
6
CONTINUOUS
10
0.0427341732283465
20
-0.6502028740157481
11
0.0439312992125984
21
-0.6514000393700787
0
LINE
8
BLACK
6
CONTINUOUS
10
0.0439312992125984
20
-0.6514000393700787
11
0.0466287795275591
21
-0.6527487795275591
0
LINE
8
BLACK
6
CONTINUOUS
10
0.0466287795275591
20
-0.6527487795275591
11
0.0527337401574803
21
-0.6527487795275591
0
LINE
8
BLACK
6
CONTINUOUS
10
0.0527337401574803
20
-0.6527487795275591
11
0.0542275590551181
21
-0.6520018503937007
0
LINE
8
BLACK
6
CONTINUOUS
10
0.0542275590551181
20
-0.6520018503937007
11
0.0542275590551181
21
-0.6331544488188976
0
LINE
8
BLACK
6
CONTINUOUS
10
0.0542275590551181
20
-0.6331544488188976
11
0.0527337401574803
21
-0.6324075590551181
0
LINE
8
BLACK
6
CONTINUOUS
10
0.0527337401574803
20
-0.6324075590551181
11
0.0466287795275591
21
-0.6324075590551181
0
LINE
8
BLACK
6
CONTINUOUS
10
0.0466287795275591
20
-0.6324075590551181
11
0.0439312992125984
21
-0.6337562992125985
0
LINE
8
BLACK
6
CONTINUOUS
10
-0.1315949606299213
20
-0.626558779527559
11
-0.131496968503937
21
-0.6265993700787401
0
LINE
8
BLACK
6
CONTINUOUS
10
-0.131496968503937
20
-0.6265993700787401
11
-0.1313911417322835
21
-0.6266068897637795
0
LINE
8
BLACK
6
CONTINUOUS
10
-0.1313911417322835
20
-0.6266068897637795
11
-0.1308505118110236
21
-0.626813779527559
0
LINE
8
BLACK
6
CONTINUOUS
10
-0.1308505118110236
20
-0.626813779527559
11
-0.1271009842519685
21
-0.6286885433070866
0
LINE
8
BLACK
6
CONTINUOUS
10
-0.1271009842519685
20
-0.6286885433070866
11
-0.1268529921259842
21
-0.6288446062992126
0
LINE
8
BLACK
6
CONTINUOUS
10
-0.1268529921259842
20
-0.6288446062992126
11
-0.1267810236220472
21
-0.6288744488188976
0
LINE
8
BLACK
6
CONTINUOUS
10
-0.1267810236220472
20
-0.6288744488188976
11
-0.1267000787401575
21
-0.628940905511811
0
LINE
8
BLACK
6
CONTINUOUS
10
-0.1267000787401575
20
-0.628940905511811
11
-0.1266111023622047
21
-0.6289968897637795
0
LINE
8
BLACK
6
CONTINUOUS
10
-0.1266111023622047
20
-0.6289968897637795
11
-0.1265599606299213
21
-0.6290558661417323
0
LINE
8
BLACK
6
CONTINUOUS
10
-0.1265599606299213
20
-0.6290558661417323
11
-0.1263335826771654
21
-0.6292416535433071
0
LINE
8
BLACK
6
CONTINUOUS
10
-0.1263335826771654
20
-0.6292416535433071
11
-0.1244588188976378
21
-0.6311164173228346
0
LINE
8
BLACK
6
CONTINUOUS
10
-0.1244588188976378
20
-0.6311164173228346
11
-0.1242730708661417
21
-0.6313427559055118
0
LINE
8
BLACK
6
CONTINUOUS
10
-0.1242730708661417
20
-0.6313427559055118
11
-0.1242140551181102
21
-0.6313939370078741
0
LINE
8
BLACK
6
CONTINUOUS
10
-0.1242140551181102
20
-0.6313939370078741
11
-0.1241581102362205
21
-0.631482874015748
0
LINE
8
BLACK
6
CONTINUOUS
10
-0.1241581102362205
20
-0.631482874015748
11
-0.1240916141732283
21
-0.6315638582677165
0
LINE
8
BLACK
6
CONTINUOUS
10
-0.1240916141732283
20
-0.6315638582677165
11
-0.124061811023622
21
-0.6316357874015748
0
LINE
8
BLACK
6
CONTINUOUS
10
-0.124061811023622
20
-0.6316357874015748
11
-0.1239057086614173
21
-0.6318838188976378
0
LINE
8
BLACK
6
CONTINUOUS
10
-0.1239057086614173
20
-0.6318838188976378
11
-0.1220309448818898
21
-0.6356333464566929
0
LINE
8
BLACK
6
CONTINUOUS
10
-0.1220309448818898
20
-0.6356333464566929
11
-0.1218240551181102
21
-0.6361739370078739
0
LINE
8
BLACK
6
CONTINUOUS
10
-0.1218240551181102
20
-0.6361739370078739
11
-0.1218165354330709
21
-0.6362798031496063
0
LINE
8
BLACK
6
CONTINUOUS
10
-0.1218165354330709
20
-0.6362798031496063
11
-0.1217759448818898
21
-0.6363777952755906
0
LINE
8
BLACK
6
CONTINUOUS
10
-0.1217759448818898
20
-0.6363777952755906
11
-0.1217192125984252
21
-0.6369538582677166
0
LINE
8
BLACK
6
CONTINUOUS
10
-0.1217192125984252
20
-0.6369538582677166
11
-0.1217192125984252
21
-0.6482024409448819
0
LINE
8
BLACK
6
CONTINUOUS
10
-0.1217192125984252
20
-0.6482024409448819
11
-0.1217759448818898
21
-0.6487785039370079
0
LINE
8
BLACK
6
CONTINUOUS
10
-0.1217759448818898
20
-0.6487785039370079
11
-0.1218165354330709
21
-0.6488764566929134
0
LINE
8
BLACK
6
CONTINUOUS
10
-0.1218165354330709
20
-0.6488764566929134
11
-0.1218240551181102
21
-0.6489823622047244
0
LINE
8
BLACK
6
CONTINUOUS
10
-0.1218240551181102
20
-0.6489823622047244
11
-0.1220309448818898
21
-0.6495229527559055
0
LINE
8
BLACK
6
CONTINUOUS
10
-0.1220309448818898
20
-0.6495229527559055
11
-0.1239057086614173
21
-0.6532724803149607
0
LINE
8
BLACK
6
CONTINUOUS
10
-0.1239057086614173
20
-0.6532724803149607
11
-0.1240617716535433
21
-0.6535203543307087
0
LINE
8
BLACK
6
CONTINUOUS
10
-0.1240617716535433
20
-0.6535203543307087
11
-0.1240915748031496
21
-0.6535924015748031
0
LINE
8
BLACK
6
CONTINUOUS
10
-0.1240915748031496
20
-0.6535924015748031
11
-0.1241581102362205
21
-0.6536734251968503
0
LINE
8
BLACK
6
CONTINUOUS
10
-0.1241581102362205
20
-0.6536734251968503
11
-0.1242140551181102
21
-0.6537623622047244
0
LINE
8
BLACK
6
CONTINUOUS
10
-0.1242140551181102
20
-0.6537623622047244
11
-0.1242730708661417
21
-0.6538135039370079
0
LINE
8
BLACK
6
CONTINUOUS
10
-0.1242730708661417
20
-0.6538135039370079
11
-0.1244588188976378
21
-0.6540398818897638
0
LINE
8
BLACK
6
CONTINUOUS
10
-0.1244588188976378
20
-0.6540398818897638
11
-0.1263335433070866
21
-0.6559146456692914
0
LINE
8
BLACK
6
CONTINUOUS
10
-0.1263335433070866
20
-0.6559146456692914
11
-0.1265599212598425
21
-0.6561003937007874
0
LINE
8
BLACK
6
CONTINUOUS
10
-0.1265599212598425
20
-0.6561003937007874
11
-0.1266111023622047
21
-0.6561594488188977
0
LINE
8
BLACK
6
CONTINUOUS
10
-0.1266111023622047
20
-0.6561594488188977
11
-0.1267000787401575
21
-0.6562154330708662
0
LINE
8
BLACK
6
CONTINUOUS
10
-0.1267000787401575
20
-0.6562154330708662
11
-0.1267810236220472
21
-0.6562818897637795
0
LINE
8
BLACK
6
CONTINUOUS
10
-0.1267810236220472
20
-0.6562818897637795
11
-0.1268529921259842
21
-0.6563116929133858
0
LINE
8
BLACK
6
CONTINUOUS
10
-0.1268529921259842
20
-0.6563116929133858
11
-0.1271009842519685
21
-0.6564677952755905
0
LINE
8
BLACK
6
CONTINUOUS
10
-0.1271009842519685
20
-0.6564677952755905
11
-0.1308505118110236
21
-0.6583425590551181
0
LINE
8
BLACK
6
CONTINUOUS
10
-0.1308505118110236
20
-0.6583425590551181
11
-0.1313911417322835
21
-0.6585494488188977
0
LINE
8
BLACK
6
CONTINUOUS
10
-0.1313911417322835
20
-0.6585494488188977
11
-0.131496968503937
21
-0.6585569291338582
0
LINE
8
BLACK
6
CONTINUOUS
10
-0.131496968503937
20
-0.6585569291338582
11
-0.1315949606299213
21
-0.6585975590551181
0
LINE
8
BLACK
6
CONTINUOUS
10
-0.1315949606299213
20
-0.6585975590551181
11
-0.1321710236220472
21
-0.6586542913385827
0
LINE
8
BLACK
6
CONTINUOUS
10
-0.1321710236220472
20
-0.6586542913385827
11
-0.1377953149606299
21
-0.6586542913385827
0
LINE
8
BLACK
6
CONTINUOUS
10
-0.1377953149606299
20
-0.6586542913385827
11
-0.1383713779527559
21
-0.6585975590551181
0
LINE
8
BLACK
6
CONTINUOUS
10
-0.1383713779527559
20
-0.6585975590551181
11
-0.1384693700787402
21
-0.658556968503937
0
LINE
8
BLACK
6
CONTINUOUS
10
-0.1384693700787402
20
-0.658556968503937
11
-0.1385752362204724
21
-0.6585494488188977
0
LINE
8
BLACK
6
CONTINUOUS
10
-0.1385752362204724
20
-0.6585494488188977
11
-0.1391158267716535
21
-0.6583425590551181
0
LINE
8
BLACK
6
CONTINUOUS
10
-0.1391158267716535
20
-0.6583425590551181
11
-0.1428653543307087
21
-0.6564677952755905
0
LINE
8
BLACK
6
CONTINUOUS
10
-0.1428653543307087
20
-0.6564677952755905
11
-0.1431133858267717
21
-0.6563116929133858
0
LINE
8
BLACK
6
CONTINUOUS
10
-0.1431133858267717
20
-0.6563116929133858
11
-0.1431853149606299
21
-0.6562818897637795
0
LINE
8
BLACK
6
CONTINUOUS
10
-0.1431853149606299
20
-0.6562818897637795
11
-0.1432662992125984
21
-0.6562154330708662
0
LINE
8
BLACK
6
CONTINUOUS
10
-0.1432662992125984
20
-0.6562154330708662
11
-0.1433552362204724
21
-0.6561594488188977
0
LINE
8
BLACK
6
CONTINUOUS
10
-0.1433552362204724
20
-0.6561594488188977
11
-0.1434064566929134
21
-0.6561003937007874
0
LINE
8
BLACK
6
CONTINUOUS
10
-0.1434064566929134
20
-0.6561003937007874
11
-0.1436327952755906
21
-0.6559146456692914
0
LINE
8
BLACK
6
CONTINUOUS
10
-0.1436327952755906
20
-0.6559146456692914
11
-0.1455075590551181
21
-0.6540398425196851
0
LINE
8
BLACK
6
CONTINUOUS
10
-0.1455075590551181
20
-0.6540398425196851
11
-0.1456933070866142
21
-0.6538135039370079
0
LINE
8
BLACK
6
CONTINUOUS
10
-0.1456933070866142
20
-0.6538135039370079
11
-0.1457522834645669
21
-0.6537623622047244
0
LINE
8
BLACK
6
CONTINUOUS
10
-0.1457522834645669
20
-0.6537623622047244
11
-0.1458082677165354
21
-0.6536734251968503
0
LINE
8
BLACK
6
CONTINUOUS
10
-0.1458082677165354
20
-0.6536734251968503
11
-0.1458747637795275
21
-0.6535924015748031
0
LINE
8
BLACK
6
CONTINUOUS
10
-0.1458747637795275
20
-0.6535924015748031
11
-0.1459046062992126
21
-0.6535203543307087
0
LINE
8
BLACK
6
CONTINUOUS
10
-0.1459046062992126
20
-0.6535203543307087
11
-0.1460606299212598
21
-0.6532724803149607
0
LINE
8
BLACK
6
CONTINUOUS
10
-0.1460606299212598
20
-0.6532724803149607
11
-0.1479353937007874
21
-0.6495229527559055
0
LINE
8
BLACK
6
CONTINUOUS
10
-0.1479353937007874
20
-0.6495229527559055
11
-0.1481422834645669
21
-0.6489823228346456
0
LINE
8
BLACK
6
CONTINUOUS
10
-0.1481422834645669
20
-0.6489823228346456
11
-0.1481498031496063
21
-0.6488764960629921
0
LINE
8
BLACK
6
CONTINUOUS
10
-0.1481498031496063
20
-0.6488764960629921
11
-0.1481903937007874
21
-0.6487785039370079
0
LINE
8
BLACK
6
CONTINUOUS
10
-0.1481903937007874
20
-0.6487785039370079
11
-0.148247125984252
21
-0.6482024409448819
0
LINE
8
BLACK
6
CONTINUOUS
10
-0.148247125984252
20
-0.6482024409448819
11
-0.148247125984252
21
-0.6369538582677166
0
LINE
8
BLACK
6
CONTINUOUS
10
-0.148247125984252
20
-0.6369538582677166
11
-0.1481903937007874
21
-0.6363777952755906
0
LINE
8
BLACK
6
CONTINUOUS
10
-0.1481903937007874
20
-0.6363777952755906
11
-0.1481498031496063
21
-0.6362797637795276
0
LINE
8
BLACK
6
CONTINUOUS
10
-0.1481498031496063
20
-0.6362797637795276
11
-0.1481422834645669
21
-0.6361739763779527
0
LINE
8
BLACK
6
CONTINUOUS
10
-0.1481422834645669
20
-0.6361739763779527
11
-0.1479353937007874
21
-0.6356333464566929
0
LINE
8
BLACK
6
CONTINUOUS
10
-0.1479353937007874
20
-0.6356333464566929
11
-0.1460606299212598
21
-0.6318838188976378
0
LINE
8
BLACK
6
CONTINUOUS
10
-0.1460606299212598
20
-0.6318838188976378
11
-0.1459045669291339
21
-0.6316357874015748
0
LINE
8
BLACK
6
CONTINUOUS
10
-0.1459045669291339
20
-0.6316357874015748
11
-0.1458747244094488
21
-0.6315638582677165
0
LINE
8
BLACK
6
CONTINUOUS
10
-0.1458747244094488
20
-0.6315638582677165
11
-0.1458082677165354
21
-0.631482874015748
0
LINE
8
BLACK
6
CONTINUOUS
10
-0.1458082677165354
20
-0.631482874015748
11
-0.1457522834645669
21
-0.6313939370078741
0
LINE
8
BLACK
6
CONTINUOUS
10
-0.1457522834645669
20
-0.6313939370078741
11
-0.1456933070866142
21
-0.6313427559055118
0
LINE
8
BLACK
6
CONTINUOUS
10
-0.1456933070866142
20
-0.6313427559055118
11
-0.1455075196850394
21
-0.6311164173228346
0
LINE
8
BLACK
6
CONTINUOUS
10
-0.1455075196850394
20
-0.6311164173228346
11
-0.1436327559055118
21
-0.6292416535433071
0
LINE
8
BLACK
6
CONTINUOUS
10
-0.1436327559055118
20
-0.6292416535433071
11
-0.1434064173228347
21
-0.6290558661417323
0
LINE
8
BLACK
6
CONTINUOUS
10
-0.1434064173228347
20
-0.6290558661417323
11
-0.1433552362204724
21
-0.6289968897637795
0
LINE
8
BLACK
6
CONTINUOUS
10
-0.1433552362204724
20
-0.6289968897637795
11
-0.1432662992125984
21
-0.628940905511811
0
LINE
8
BLACK
6
CONTINUOUS
10
-0.1432662992125984
20
-0.628940905511811
11
-0.1431853149606299
21
-0.6288744488188976
0
LINE
8
BLACK
6
CONTINUOUS
10
-0.1431853149606299
20
-0.6288744488188976
11
-0.1431133858267717
21
-0.6288446062992126
0
LINE
8
BLACK
6
CONTINUOUS
10
-0.1431133858267717
20
-0.6288446062992126
11
-0.1428653543307087
21
-0.6286885433070866
0
LINE
8
BLACK
6
CONTINUOUS
10
-0.1428653543307087
20
-0.6286885433070866
11
-0.1391158267716535
21
-0.626813779527559
0
LINE
8
BLACK
6
CONTINUOUS
10
-0.1391158267716535
20
-0.626813779527559
11
-0.1385752362204724
21
-0.6266068897637795
0
LINE
8
BLACK
6
CONTINUOUS
10
-0.1385752362204724
20
-0.6266068897637795
11
-0.1384693700787402
21
-0.6265993307086614
0
LINE
8
BLACK
6
CONTINUOUS
10
-0.1384693700787402
20
-0.6265993307086614
11
-0.1383713779527559
21
-0.626558779527559
0
LINE
8
BLACK
6
CONTINUOUS
10
-0.1383713779527559
20
-0.626558779527559
11
-0.1377953149606299
21
-0.6265020472440945
0
LINE
8
BLACK
6
CONTINUOUS
10
-0.1377953149606299
20
-0.6265020472440945
11
-0.1321710236220472
21
-0.6265020472440945
0
LINE
8
BLACK
6
CONTINUOUS
10
-0.1321710236220472
20
-0.6265020472440945
11
-0.1315949606299213
21
-0.626558779527559
0
LINE
8
BLACK
6
CONTINUOUS
10
-0.1397957480314961
20
-0.6337562992125985
11
-0.140992874015748
21
-0.6349534251968504
0
LINE
8
BLACK
6
CONTINUOUS
10
-0.140992874015748
20
-0.6349534251968504
11
-0.1423416141732284
21
-0.637650905511811
0
LINE
8
BLACK
6
CONTINUOUS
10
-0.1423416141732284
20
-0.637650905511811
11
-0.1423416141732284
21
-0.6475053937007874
0
LINE
8
BLACK
6
CONTINUOUS
10
-0.1423416141732284
20
-0.6475053937007874
11
-0.140992874015748
21
-0.6502028740157481
0
LINE
8
BLACK
6
CONTINUOUS
10
-0.140992874015748
20
-0.6502028740157481
11
-0.1397957480314961
21
-0.6514000393700787
0
LINE
8
BLACK
6
CONTINUOUS
10
-0.1397957480314961
20
-0.6514000393700787
11
-0.1370982677165354
21
-0.6527487795275591
0
LINE
8
BLACK
6
CONTINUOUS
10
-0.1370982677165354
20
-0.6527487795275591
11
-0.1328680708661417
21
-0.6527487795275591
0
LINE
8
BLACK
6
CONTINUOUS
10
-0.1328680708661417
20
-0.6527487795275591
11
-0.1301706299212598
21
-0.6514000393700787
0
LINE
8
BLACK
6
CONTINUOUS
10
-0.1301706299212598
20
-0.6514000393700787
11
-0.1289735039370079
21
-0.6502028740157481
0
LINE
8
BLACK
6
CONTINUOUS
10
-0.1289735039370079
20
-0.6502028740157481
11
-0.1276247244094488
21
-0.6475053937007874
0
LINE
8
BLACK
6
CONTINUOUS
10
-0.1276247244094488
20
-0.6475053937007874
11
-0.1276247244094488
21
-0.637650905511811
0
LINE
8
BLACK
6
CONTINUOUS
10
-0.1276247244094488
20
-0.637650905511811
11
-0.1289734645669291
21
-0.6349534251968504
0
LINE
8
BLACK
6
CONTINUOUS
10
-0.1289734645669291
20
-0.6349534251968504
11
-0.1301705905511811
21
-0.6337562992125985
0
LINE
8
BLACK
6
CONTINUOUS
10
-0.1301705905511811
20
-0.6337562992125985
11
-0.1328680708661417
21
-0.6324075590551181
0
LINE
8
BLACK
6
CONTINUOUS
10
-0.1328680708661417
20
-0.6324075590551181
11
-0.1370982677165354
21
-0.6324075590551181
0
LINE
8
BLACK
6
CONTINUOUS
10
-0.1370982677165354
20
-0.6324075590551181
11
-0.1397957480314961
21
-0.6337562992125985
0
LINE
8
BLACK
6
CONTINUOUS
10
-0.1061585826771654
20
-0.6269996850393701
11
-0.105343937007874
21
-0.6278143307086614
0
LINE
8
BLACK
6
CONTINUOUS
10
-0.105343937007874
20
-0.6278143307086614
11
-0.104903031496063
21
-0.6288787401574804
0
LINE
8
BLACK
6
CONTINUOUS
10
-0.104903031496063
20
-0.6288787401574804
11
-0.1048462992125984
21
-0.6294548031496063
0
LINE
8
BLACK
6
CONTINUOUS
10
-0.1048462992125984
20
-0.6294548031496063
11
-0.1048462992125984
21
-0.649380157480315
0
LINE
8
BLACK
6
CONTINUOUS
10
-0.1048462992125984
20
-0.649380157480315
11
-0.1037234645669291
21
-0.651625905511811
0
LINE
8
BLACK
6
CONTINUOUS
10
-0.1037234645669291
20
-0.651625905511811
11
-0.1014777165354331
21
-0.6527487795275591
0
LINE
8
BLACK
6
CONTINUOUS
10
-0.1014777165354331
20
-0.6527487795275591
11
-0.0972475196850394
21
-0.6527487795275591
0
LINE
8
BLACK
6
CONTINUOUS
10
-0.0972475196850394
20
-0.6527487795275591
11
-0.0945500787401575
21
-0.6514000393700787
0
LINE
8
BLACK
6
CONTINUOUS
10
-0.0945500787401575
20
-0.6514000393700787
11
-0.093878937007874
21
-0.6507288976377953
0
LINE
8
BLACK
6
CONTINUOUS
10
-0.093878937007874
20
-0.6507288976377953
11
-0.093878937007874
21
-0.6294548031496063
0
LINE
8
BLACK
6
CONTINUOUS
10
-0.093878937007874
20
-0.6294548031496063
11
-0.0938222047244094
21
-0.6288787401574804
0
LINE
8
BLACK
6
CONTINUOUS
10
-0.0938222047244094
20
-0.6288787401574804
11
-0.0933812992125984
21
-0.6278143307086614
0
LINE
8
BLACK
6
CONTINUOUS
10
-0.0933812992125984
20
-0.6278143307086614
11
-0.0925666535433071
21
-0.6269996850393701
0
LINE
8
BLACK
6
CONTINUOUS
10
-0.0925666535433071
20
-0.6269996850393701
11
-0.0915022440944882
21
-0.626558779527559
0
LINE
8
BLACK
6
CONTINUOUS
10
-0.0915022440944882
20
-0.626558779527559
11
-0.0903501181102362
21
-0.626558779527559
0
LINE
8
BLACK
6
CONTINUOUS
10
-0.0903501181102362
20
-0.626558779527559
11
-0.0892857086614173
21
-0.6269996850393701
0
LINE
8
BLACK
6
CONTINUOUS
10
-0.0892857086614173
20
-0.6269996850393701
11
-0.088471062992126
21
-0.6278143307086614
0
LINE
8
BLACK
6
CONTINUOUS
10
-0.088471062992126
20
-0.6278143307086614
11
-0.088030157480315
21
-0.6288787401574804
0
LINE
8
BLACK
6
CONTINUOUS
10
-0.088030157480315
20
-0.6288787401574804
11
-0.0879734251968504
21
-0.6294548031496063
0
LINE
8
BLACK
6
CONTINUOUS
10
-0.0879734251968504
20
-0.6294548031496063
11
-0.0879734251968504
21
-0.6557015354330709
0
LINE
8
BLACK
6
CONTINUOUS
10
-0.0879734251968504
20
-0.6557015354330709
11
-0.088030157480315
21
-0.6562775984251968
0
LINE
8
BLACK
6
CONTINUOUS
10
-0.088030157480315
20
-0.6562775984251968
11
-0.088471062992126
21
-0.6573420078740158
0
LINE
8
BLACK
6
CONTINUOUS
10
-0.088471062992126
20
-0.6573420078740158
11
-0.0892857086614173
21
-0.6581566535433071
0
LINE
8
BLACK
6
CONTINUOUS
10
-0.0892857086614173
20
-0.6581566535433071
11
-0.0903501181102362
21
-0.6585975590551181
0
LINE
8
BLACK
6
CONTINUOUS
10
-0.0903501181102362
20
-0.6585975590551181
11
-0.0915022440944882
21
-0.6585975590551181
0
LINE
8
BLACK
6
CONTINUOUS
10
-0.0915022440944882
20
-0.6585975590551181
11
-0.0925666535433071
21
-0.6581566535433071
0
LINE
8
BLACK
6
CONTINUOUS
10
-0.0925666535433071
20
-0.6581566535433071
11
-0.0933305118110236
21
-0.6573927952755906
0
LINE
8
BLACK
6
CONTINUOUS
10
-0.0933305118110236
20
-0.6573927952755906
11
-0.0952299606299213
21
-0.6583425590551181
0
LINE
8
BLACK
6
CONTINUOUS
10
-0.0952299606299213
20
-0.6583425590551181
11
-0.0957705905511811
21
-0.6585494488188977
0
LINE
8
BLACK
6
CONTINUOUS
10
-0.0957705905511811
20
-0.6585494488188977
11
-0.0958764173228346
21
-0.6585569291338582
0
LINE
8
BLACK
6
CONTINUOUS
10
-0.0958764173228346
20
-0.6585569291338582
11
-0.0959744094488189
21
-0.6585975590551181
0
LINE
8
BLACK
6
CONTINUOUS
10
-0.0959744094488189
20
-0.6585975590551181
11
-0.0965504724409449
21
-0.6586542913385827
0
LINE
8
BLACK
6
CONTINUOUS
10
-0.0965504724409449
20
-0.6586542913385827
11
-0.1021747637795276
21
-0.6586542913385827
0
LINE
8
BLACK
6
CONTINUOUS
10
-0.1021747637795276
20
-0.6586542913385827
11
-0.1027508267716535
21
-0.6585975590551181
0
LINE
8
BLACK
6
CONTINUOUS
10
-0.1027508267716535
20
-0.6585975590551181
11
-0.1028488188976378
21
-0.658556968503937
0
LINE
8
BLACK
6
CONTINUOUS
10
-0.1028488188976378
20
-0.658556968503937
11
-0.1029546850393701
21
-0.6585494488188977
0
LINE
8
BLACK
6
CONTINUOUS
10
-0.1029546850393701
20
-0.6585494488188977
11
-0.1034952755905512
21
-0.6583425590551181
0
LINE
8
BLACK
6
CONTINUOUS
10
-0.1034952755905512
20
-0.6583425590551181
11
-0.1072448031496063
21
-0.6564677952755905
0
LINE
8
BLACK
6
CONTINUOUS
10
-0.1072448031496063
20
-0.6564677952755905
11
-0.1073411811023622
21
-0.656407125984252
0
LINE
8
BLACK
6
CONTINUOUS
10
-0.1073411811023622
20
-0.656407125984252
11
-0.1073865748031496
21
-0.6563920078740157
0
LINE
8
BLACK
6
CONTINUOUS
10
-0.1073865748031496
20
-0.6563920078740157
11
-0.1074431496062992
21
-0.6563429527559055
0
LINE
8
BLACK
6
CONTINUOUS
10
-0.1074431496062992
20
-0.6563429527559055
11
-0.1077346850393701
21
-0.6561594488188977
0
LINE
8
BLACK
6
CONTINUOUS
10
-0.1077346850393701
20
-0.6561594488188977
11
-0.1079773622047244
21
-0.6558796062992126
0
LINE
8
BLACK
6
CONTINUOUS
10
-0.1079773622047244
20
-0.6558796062992126
11
-0.108256968503937
21
-0.6556371259842519
0
LINE
8
BLACK
6
CONTINUOUS
10
-0.108256968503937
20
-0.6556371259842519
11
-0.1084404724409449
21
-0.6553456299212598
0
LINE
8
BLACK
6
CONTINUOUS
10
-0.1084404724409449
20
-0.6553456299212598
11
-0.1084895275590551
21
-0.6552890551181102
0
LINE
8
BLACK
6
CONTINUOUS
10
-0.1084895275590551
20
-0.6552890551181102
11
-0.1085046850393701
21
-0.6552435826771653
0
LINE
8
BLACK
6
CONTINUOUS
10
-0.1085046850393701
20
-0.6552435826771653
11
-0.1085653149606299
21
-0.655147283464567
0
LINE
8
BLACK
6
CONTINUOUS
10
-0.1085653149606299
20
-0.655147283464567
11
-0.1104400787401575
21
-0.6513977165354331
0
LINE
8
BLACK
6
CONTINUOUS
10
-0.1104400787401575
20
-0.6513977165354331
11
-0.110646968503937
21
-0.6508570866141732
0
LINE
8
BLACK
6
CONTINUOUS
10
-0.110646968503937
20
-0.6508570866141732
11
-0.1106544881889764
21
-0.6507512598425197
0
LINE
8
BLACK
6
CONTINUOUS
10
-0.1106544881889764
20
-0.6507512598425197
11
-0.1106950787401575
21
-0.6506532677165354
0
LINE
8
BLACK
6
CONTINUOUS
10
-0.1106950787401575
20
-0.6506532677165354
11
-0.110751811023622
21
-0.6500772047244094
0
LINE
8
BLACK
6
CONTINUOUS
10
-0.110751811023622
20
-0.6500772047244094
11
-0.110751811023622
21
-0.6294548031496063
0
LINE
8
BLACK
6
CONTINUOUS
10
-0.110751811023622
20
-0.6294548031496063
11
-0.1106950787401575
21
-0.6288787401574804
0
LINE
8
BLACK
6
CONTINUOUS
10
-0.1106950787401575
20
-0.6288787401574804
11
-0.1102541732283464
21
-0.6278143307086614
0
LINE
8
BLACK
6
CONTINUOUS
10
-0.1102541732283464
20
-0.6278143307086614
11
-0.1094395275590551
21
-0.6269996850393701
0
LINE
8
BLACK
6
CONTINUOUS
10
-0.1094395275590551
20
-0.6269996850393701
11
-0.1083751181102362
21
-0.626558779527559
0
LINE
8
BLACK
6
CONTINUOUS
10
-0.1083751181102362
20
-0.626558779527559
11
-0.1072229921259843
21
-0.626558779527559
0
LINE
8
BLACK
6
CONTINUOUS
10
-0.1072229921259843
20
-0.626558779527559
11
-0.1061585826771654
21
-0.6269996850393701
0
LINE
8
BLACK
6
CONTINUOUS
10
-0.0349174803149606
20
-0.6138763385826772
11
-0.0341028346456693
21
-0.6146909842519684
0
LINE
8
BLACK
6
CONTINUOUS
10
-0.0341028346456693
20
-0.6146909842519684
11
-0.0336619291338583
21
-0.6157553937007874
0
LINE
8
BLACK
6
CONTINUOUS
10
-0.0336619291338583
20
-0.6157553937007874
11
-0.0336051968503937
21
-0.6163314566929133
0
LINE
8
BLACK
6
CONTINUOUS
10
-0.0336051968503937
20
-0.6163314566929133
11
-0.0336051968503937
21
-0.6265020472440945
0
LINE
8
BLACK
6
CONTINUOUS
10
-0.0336051968503937
20
-0.6265020472440945
11
-0.0271841338582677
21
-0.6265020472440945
0
LINE
8
BLACK
6
CONTINUOUS
10
-0.0271841338582677
20
-0.6265020472440945
11
-0.0266080708661417
21
-0.626558779527559
0
LINE
8
BLACK
6
CONTINUOUS
10
-0.0266080708661417
20
-0.626558779527559
11
-0.0255436614173228
21
-0.6269996850393701
0
LINE
8
BLACK
6
CONTINUOUS
10
-0.0255436614173228
20
-0.6269996850393701
11
-0.0247290157480315
21
-0.6278143307086614
0
LINE
8
BLACK
6
CONTINUOUS
10
-0.0247290157480315
20
-0.6278143307086614
11
-0.0242881102362205
21
-0.6288787401574804
0
LINE
8
BLACK
6
CONTINUOUS
10
-0.0242881102362205
20
-0.6288787401574804
11
-0.0242881102362205
21
-0.6300308661417323
0
LINE
8
BLACK
6
CONTINUOUS
10
-0.0242881102362205
20
-0.6300308661417323
11
-0.0247290157480315
21
-0.6310952755905511
0
LINE
8
BLACK
6
CONTINUOUS
10
-0.0247290157480315
20
-0.6310952755905511
11
-0.0255436614173228
21
-0.6319099212598425
0
LINE
8
BLACK
6
CONTINUOUS
10
-0.0255436614173228
20
-0.6319099212598425
11
-0.0266080708661417
21
-0.6323508267716536
0
LINE
8
BLACK
6
CONTINUOUS
10
-0.0266080708661417
20
-0.6323508267716536
11
-0.0271841338582677
21
-0.6324075590551181
0
LINE
8
BLACK
6
CONTINUOUS
10
-0.0271841338582677
20
-0.6324075590551181
11
-0.0336051968503937
21
-0.6324075590551181
0
LINE
8
BLACK
6
CONTINUOUS
10
-0.0336051968503937
20
-0.6324075590551181
11
-0.0336051968503937
21
-0.649380157480315
0
LINE
8
BLACK
6
CONTINUOUS
10
-0.0336051968503937
20
-0.649380157480315
11
-0.0324823622047244
21
-0.651625905511811
0
LINE
8
BLACK
6
CONTINUOUS
10
-0.0324823622047244
20
-0.651625905511811
11
-0.0302366141732283
21
-0.6527487795275591
0
LINE
8
BLACK
6
CONTINUOUS
10
-0.0302366141732283
20
-0.6527487795275591
11
-0.0271841338582677
21
-0.6527487795275591
0
LINE
8
BLACK
6
CONTINUOUS
10
-0.0271841338582677
20
-0.6527487795275591
11
-0.0266080708661417
21
-0.6528055118110236
0
LINE
8
BLACK
6
CONTINUOUS
10
-0.0266080708661417
20
-0.6528055118110236
11
-0.0255436614173228
21
-0.6532464173228346
0
LINE
8
BLACK
6
CONTINUOUS
10
-0.0255436614173228
20
-0.6532464173228346
11
-0.0247290157480315
21
-0.654061062992126
0
LINE
8
BLACK
6
CONTINUOUS
10
-0.0247290157480315
20
-0.654061062992126
11
-0.0242881102362205
21
-0.6551254724409449
0
LINE
8
BLACK
6
CONTINUOUS
10
-0.0242881102362205
20
-0.6551254724409449
11
-0.0242881102362205
21
-0.6562775984251968
0
LINE
8
BLACK
6
CONTINUOUS
10
-0.0242881102362205
20
-0.6562775984251968
11
-0.0247290157480315
21
-0.6573420078740158
0
LINE
8
BLACK
6
CONTINUOUS
10
-0.0247290157480315
20
-0.6573420078740158
11
-0.0255436614173228
21
-0.6581566535433071
0
LINE
8
BLACK
6
CONTINUOUS
10
-0.0255436614173228
20
-0.6581566535433071
11
-0.0266080708661417
21
-0.6585975590551181
0
LINE
8
BLACK
6
CONTINUOUS
10
-0.0266080708661417
20
-0.6585975590551181
11
-0.0271841338582677
21
-0.6586542913385827
0
LINE
8
BLACK
6
CONTINUOUS
10
-0.0271841338582677
20
-0.6586542913385827
11
-0.0309336614173228
21
-0.6586542913385827
0
LINE
8
BLACK
6
CONTINUOUS
10
-0.0309336614173228
20
-0.6586542913385827
11
-0.0315097244094488
21
-0.6585975590551181
0
LINE
8
BLACK
6
CONTINUOUS
10
-0.0315097244094488
20
-0.6585975590551181
11
-0.0316077165354331
21
-0.658556968503937
0
LINE
8
BLACK
6
CONTINUOUS
10
-0.0316077165354331
20
-0.658556968503937
11
-0.0317135826771654
21
-0.6585494488188977
0
LINE
8
BLACK
6
CONTINUOUS
10
-0.0317135826771654
20
-0.6585494488188977
11
-0.0322541732283465
21
-0.6583425590551181
0
LINE
8
BLACK
6
CONTINUOUS
10
-0.0322541732283465
20
-0.6583425590551181
11
-0.0360037007874016
21
-0.6564677952755905
0
LINE
8
BLACK
6
CONTINUOUS
10
-0.0360037007874016
20
-0.6564677952755905
11
-0.0361000787401575
21
-0.656407125984252
0
LINE
8
BLACK
6
CONTINUOUS
10
-0.0361000787401575
20
-0.656407125984252
11
-0.0361454724409449
21
-0.6563920078740157
0
LINE
8
BLACK
6
CONTINUOUS
10
-0.0361454724409449
20
-0.6563920078740157
11
-0.0362020472440945
21
-0.6563429527559055
0
LINE
8
BLACK
6
CONTINUOUS
10
-0.0362020472440945
20
-0.6563429527559055
11
-0.0364935826771654
21
-0.6561594488188977
0
LINE
8
BLACK
6
CONTINUOUS
10
-0.0364935826771654
20
-0.6561594488188977
11
-0.0367362598425197
21
-0.6558796062992126
0
LINE
8
BLACK
6
CONTINUOUS
10
-0.0367362598425197
20
-0.6558796062992126
11
-0.0370158661417323
21
-0.6556371259842519
0
LINE
8
BLACK
6
CONTINUOUS
10
-0.0370158661417323
20
-0.6556371259842519
11
-0.0371993700787402
21
-0.6553456299212598
0
LINE
8
BLACK
6
CONTINUOUS
10
-0.0371993700787402
20
-0.6553456299212598
11
-0.0372484251968504
21
-0.6552890551181102
0
LINE
8
BLACK
6
CONTINUOUS
10
-0.0372484251968504
20
-0.6552890551181102
11
-0.0372635826771654
21
-0.6552435826771653
0
LINE
8
BLACK
6
CONTINUOUS
10
-0.0372635826771654
20
-0.6552435826771653
11
-0.0373242125984252
21
-0.655147283464567
0
LINE
8
BLACK
6
CONTINUOUS
10
-0.0373242125984252
20
-0.655147283464567
11
-0.0391989763779528
21
-0.6513977165354331
0
LINE
8
BLACK
6
CONTINUOUS
10
-0.0391989763779528
20
-0.6513977165354331
11
-0.0394058661417323
21
-0.6508570866141732
0
LINE
8
BLACK
6
CONTINUOUS
10
-0.0394058661417323
20
-0.6508570866141732
11
-0.0394133858267717
21
-0.6507512598425197
0
LINE
8
BLACK
6
CONTINUOUS
10
-0.0394133858267717
20
-0.6507512598425197
11
-0.0394539763779528
21
-0.6506532677165354
0
LINE
8
BLACK
6
CONTINUOUS
10
-0.0394539763779528
20
-0.6506532677165354
11
-0.0395107086614173
21
-0.6500772047244094
0
LINE
8
BLACK
6
CONTINUOUS
10
-0.0395107086614173
20
-0.6500772047244094
11
-0.0395107086614173
21
-0.6324075590551181
0
LINE
8
BLACK
6
CONTINUOUS
10
-0.0395107086614173
20
-0.6324075590551181
11
-0.0421822440944882
21
-0.6324075590551181
0
LINE
8
BLACK
6
CONTINUOUS
10
-0.0421822440944882
20
-0.6324075590551181
11
-0.0427583070866142
21
-0.6323508267716536
0
LINE
8
BLACK
6
CONTINUOUS
10
-0.0427583070866142
20
-0.6323508267716536
11
-0.0438227165354331
21
-0.6319099212598425
0
LINE
8
BLACK
6
CONTINUOUS
10
-0.0438227165354331
20
-0.6319099212598425
11
-0.0446373622047244
21
-0.6310952755905511
0
LINE
8
BLACK
6
CONTINUOUS
10
-0.0446373622047244
20
-0.6310952755905511
11
-0.0450782677165354
21
-0.6300308661417323
0
LINE
8
BLACK
6
CONTINUOUS
10
-0.0450782677165354
20
-0.6300308661417323
11
-0.0450782677165354
21
-0.6288787401574804
0
LINE
8
BLACK
6
CONTINUOUS
10
-0.0450782677165354
20
-0.6288787401574804
11
-0.0446373622047244
21
-0.6278143307086614
0
LINE
8
BLACK
6
CONTINUOUS
10
-0.0446373622047244
20
-0.6278143307086614
11
-0.0438227165354331
21
-0.6269996850393701
0
LINE
8
BLACK
6
CONTINUOUS
10
-0.0438227165354331
20
-0.6269996850393701
11
-0.0427583070866142
21
-0.626558779527559
0
LINE
8
BLACK
6
CONTINUOUS
10
-0.0427583070866142
20
-0.626558779527559
11
-0.0421822440944882
21
-0.6265020472440945
0
LINE
8
BLACK
6
CONTINUOUS
10
-0.0421822440944882
20
-0.6265020472440945
11
-0.0395107086614173
21
-0.6265020472440945
0
LINE
8
BLACK
6
CONTINUOUS
10
-0.0395107086614173
20
-0.6265020472440945
11
-0.0395107086614173
21
-0.6163314566929133
0
LINE
8
BLACK
6
CONTINUOUS
10
-0.0395107086614173
20
-0.6163314566929133
11
-0.0394539763779528
21
-0.6157553937007874
0
LINE
8
BLACK
6
CONTINUOUS
10
-0.0394539763779528
20
-0.6157553937007874
11
-0.0390130708661417
21
-0.6146909842519684
0
LINE
8
BLACK
6
CONTINUOUS
10
-0.0390130708661417
20
-0.6146909842519684
11
-0.0381984251968504
21
-0.6138763385826772
0
LINE
8
BLACK
6
CONTINUOUS
10
-0.0381984251968504
20
-0.6138763385826772
11
-0.0371340157480315
21
-0.6134354330708661
0
LINE
8
BLACK
6
CONTINUOUS
10
-0.0371340157480315
20
-0.6134354330708661
11
-0.0359818897637795
21
-0.6134354330708661
0
LINE
8
BLACK
6
CONTINUOUS
10
-0.0359818897637795
20
-0.6134354330708661
11
-0.0349174803149606
21
-0.6138763385826772
0
LINE
8
BLACK
6
CONTINUOUS
10
0.1289974803149606
20
-0.626558779527559
11
0.1290954724409449
21
-0.6265993700787401
0
LINE
8
BLACK
6
CONTINUOUS
10
0.1290954724409449
20
-0.6265993700787401
11
0.1292012992125984
21
-0.6266068897637795
0
LINE
8
BLACK
6
CONTINUOUS
10
0.1292012992125984
20
-0.6266068897637795
11
0.1297419291338583
21
-0.626813779527559
0
LINE
8
BLACK
6
CONTINUOUS
10
0.1297419291338583
20
-0.626813779527559
11
0.1334914566929134
21
-0.6286885433070866
0
LINE
8
BLACK
6
CONTINUOUS
10
0.1334914566929134
20
-0.6286885433070866
11
0.1337394488188976
21
-0.6288446062992126
0
LINE
8
BLACK
6
CONTINUOUS
10
0.1337394488188976
20
-0.6288446062992126
11
0.1338114173228346
21
-0.6288744488188976
0
LINE
8
BLACK
6
CONTINUOUS
10
0.1338114173228346
20
-0.6288744488188976
11
0.1338923622047244
21
-0.628940905511811
0
LINE
8
BLACK
6
CONTINUOUS
10
0.1338923622047244
20
-0.628940905511811
11
0.1339813385826772
21
-0.6289968897637795
0
LINE
8
BLACK
6
CONTINUOUS
10
0.1339813385826772
20
-0.6289968897637795
11
0.1340324803149606
21
-0.6290558661417323
0
LINE
8
BLACK
6
CONTINUOUS
10
0.1340324803149606
20
-0.6290558661417323
11
0.1342588582677165
21
-0.6292416535433071
0
LINE
8
BLACK
6
CONTINUOUS
10
0.1342588582677165
20
-0.6292416535433071
11
0.1361336220472441
21
-0.6311164173228346
0
LINE
8
BLACK
6
CONTINUOUS
10
0.1361336220472441
20
-0.6311164173228346
11
0.1363193700787401
21
-0.6313427559055118
0
LINE
8
BLACK
6
CONTINUOUS
10
0.1363193700787401
20
-0.6313427559055118
11
0.1363783858267716
21
-0.6313939370078741
0
LINE
8
BLACK
6
CONTINUOUS
10
0.1363783858267716
20
-0.6313939370078741
11
0.1364343307086614
21
-0.631482874015748
0
LINE
8
BLACK
6
CONTINUOUS
10
0.1364343307086614
20
-0.631482874015748
11
0.1365008267716535
21
-0.6315638582677165
0
LINE
8
BLACK
6
CONTINUOUS
10
0.1365008267716535
20
-0.6315638582677165
11
0.1365306299212598
21
-0.6316357874015748
0
LINE
8
BLACK
6
CONTINUOUS
10
0.1365306299212598
20
-0.6316357874015748
11
0.1366867322834646
21
-0.6318838188976378
0
LINE
8
BLACK
6
CONTINUOUS
10
0.1366867322834646
20
-0.6318838188976378
11
0.1385614960629921
21
-0.6356333464566929
0
LINE
8
BLACK
6
CONTINUOUS
10
0.1385614960629921
20
-0.6356333464566929
11
0.1387683858267716
21
-0.6361739370078739
0
LINE
8
BLACK
6
CONTINUOUS
10
0.1387683858267716
20
-0.6361739370078739
11
0.138775905511811
21
-0.6362798031496063
0
LINE
8
BLACK
6
CONTINUOUS
10
0.138775905511811
20
-0.6362798031496063
11
0.1388164960629921
21
-0.6363777952755906
0
LINE
8
BLACK
6
CONTINUOUS
10
0.1388164960629921
20
-0.6363777952755906
11
0.1388732283464567
21
-0.6369538582677166
0
LINE
8
BLACK
6
CONTINUOUS
10
0.1388732283464567
20
-0.6369538582677166
11
0.1388732283464567
21
-0.6482024409448819
0
LINE
8
BLACK
6
CONTINUOUS
10
0.1388732283464567
20
-0.6482024409448819
11
0.1388164960629921
21
-0.6487785039370079
0
LINE
8
BLACK
6
CONTINUOUS
10
0.1388164960629921
20
-0.6487785039370079
11
0.138775905511811
21
-0.6488764566929134
0
LINE
8
BLACK
6
CONTINUOUS
10
0.138775905511811
20
-0.6488764566929134
11
0.1387683858267716
21
-0.6489823622047244
0
LINE
8
BLACK
6
CONTINUOUS
10
0.1387683858267716
20
-0.6489823622047244
11
0.1385614960629921
21
-0.6495229527559055
0
LINE
8
BLACK
6
CONTINUOUS
10
0.1385614960629921
20
-0.6495229527559055
11
0.1366867322834646
21
-0.6532724803149607
0
LINE
8
BLACK
6
CONTINUOUS
10
0.1366867322834646
20
-0.6532724803149607
11
0.1365306692913386
21
-0.6535203543307087
0
LINE
8
BLACK
6
CONTINUOUS
10
0.1365306692913386
20
-0.6535203543307087
11
0.1365008661417323
21
-0.6535924015748031
0
LINE
8
BLACK
6
CONTINUOUS
10
0.1365008661417323
20
-0.6535924015748031
11
0.1364343307086614
21
-0.6536734251968503
0
LINE
8
BLACK
6
CONTINUOUS
10
0.1364343307086614
20
-0.6536734251968503
11
0.1363783858267716
21
-0.6537623622047244
0
LINE
8
BLACK
6
CONTINUOUS
10
0.1363783858267716
20
-0.6537623622047244
11
0.1363193700787401
21
-0.6538135039370079
0
LINE
8
BLACK
6
CONTINUOUS
10
0.1363193700787401
20
-0.6538135039370079
11
0.1361336220472441
21
-0.6540398818897638
0
LINE
8
BLACK
6
CONTINUOUS
10
0.1361336220472441
20
-0.6540398818897638
11
0.1342588976377953
21
-0.6559146456692914
0
LINE
8
BLACK
6
CONTINUOUS
10
0.1342588976377953
20
-0.6559146456692914
11
0.1340325196850394
21
-0.6561003937007874
0
LINE
8
BLACK
6
CONTINUOUS
10
0.1340325196850394
20
-0.6561003937007874
11
0.1339813385826772
21
-0.6561594488188977
0
LINE
8
BLACK
6
CONTINUOUS
10
0.1339813385826772
20
-0.6561594488188977
11
0.1338923622047244
21
-0.6562154330708662
0
LINE
8
BLACK
6
CONTINUOUS
10
0.1338923622047244
20
-0.6562154330708662
11
0.1338114173228346
21
-0.6562818897637795
0
LINE
8
BLACK
6
CONTINUOUS
10
0.1338114173228346
20
-0.6562818897637795
11
0.1337394488188976
21
-0.6563116929133858
0
LINE
8
BLACK
6
CONTINUOUS
10
0.1337394488188976
20
-0.6563116929133858
11
0.1334914566929134
21
-0.6564677952755905
0
LINE
8
BLACK
6
CONTINUOUS
10
0.1334914566929134
20
-0.6564677952755905
11
0.1297419291338583
21
-0.6583425590551181
0
LINE
8
BLACK
6
CONTINUOUS
10
0.1297419291338583
20
-0.6583425590551181
11
0.1292012992125984
21
-0.6585494488188977
0
LINE
8
BLACK
6
CONTINUOUS
10
0.1292012992125984
20
-0.6585494488188977
11
0.1290954724409449
21
-0.6585569291338582
0
LINE
8
BLACK
6
CONTINUOUS
10
0.1290954724409449
20
-0.6585569291338582
11
0.1289974803149606
21
-0.6585975590551181
0
LINE
8
BLACK
6
CONTINUOUS
10
0.1289974803149606
20
-0.6585975590551181
11
0.1284214173228346
21
-0.6586542913385827
0
LINE
8
BLACK
6
CONTINUOUS
10
0.1284214173228346
20
-0.6586542913385827
11
0.122797125984252
21
-0.6586542913385827
0
LINE
8
BLACK
6
CONTINUOUS
10
0.122797125984252
20
-0.6586542913385827
11
0.122221062992126
21
-0.6585975590551181
0
LINE
8
BLACK
6
CONTINUOUS
10
0.122221062992126
20
-0.6585975590551181
11
0.1221230708661417
21
-0.658556968503937
0
LINE
8
BLACK
6
CONTINUOUS
10
0.1221230708661417
20
-0.658556968503937
11
0.1220172047244094
21
-0.6585494488188977
0
LINE
8
BLACK
6
CONTINUOUS
10
0.1220172047244094
20
-0.6585494488188977
11
0.1214766141732283
21
-0.6583425590551181
0
LINE
8
BLACK
6
CONTINUOUS
10
0.1214766141732283
20
-0.6583425590551181
11
0.1177270866141732
21
-0.6564677952755905
0
LINE
8
BLACK
6
CONTINUOUS
10
0.1177270866141732
20
-0.6564677952755905
11
0.1174790551181102
21
-0.6563116929133858
0
LINE
8
BLACK
6
CONTINUOUS
10
0.1174790551181102
20
-0.6563116929133858
11
0.117407125984252
21
-0.6562818897637795
0
LINE
8
BLACK
6
CONTINUOUS
10
0.117407125984252
20
-0.6562818897637795
11
0.1173261417322835
21
-0.6562154330708662
0
LINE
8
BLACK
6
CONTINUOUS
10
0.1173261417322835
20
-0.6562154330708662
11
0.1172372047244094
21
-0.6561594488188977
0
LINE
8
BLACK
6
CONTINUOUS
10
0.1172372047244094
20
-0.6561594488188977
11
0.1171859842519685
21
-0.6561003937007874
0
LINE
8
BLACK
6
CONTINUOUS
10
0.1171859842519685
20
-0.6561003937007874
11
0.1169596456692913
21
-0.6559146456692914
0
LINE
8
BLACK
6
CONTINUOUS
10
0.1169596456692913
20
-0.6559146456692914
11
0.1150848818897638
21
-0.6540398425196851
0
LINE
8
BLACK
6
CONTINUOUS
10
0.1150848818897638
20
-0.6540398425196851
11
0.1148991338582677
21
-0.6538135039370079
0
LINE
8
BLACK
6
CONTINUOUS
10
0.1148991338582677
20
-0.6538135039370079
11
0.114840157480315
21
-0.6537623622047244
0
LINE
8
BLACK
6
CONTINUOUS
10
0.114840157480315
20
-0.6537623622047244
11
0.1147841732283465
21
-0.6536734251968503
0
LINE
8
BLACK
6
CONTINUOUS
10
0.1147841732283465
20
-0.6536734251968503
11
0.1147176771653543
21
-0.6535924015748031
0
LINE
8
BLACK
6
CONTINUOUS
10
0.1147176771653543
20
-0.6535924015748031
11
0.1146878346456693
21
-0.6535203543307087
0
LINE
8
BLACK
6
CONTINUOUS
10
0.1146878346456693
20
-0.6535203543307087
11
0.114531811023622
21
-0.6532724803149607
0
LINE
8
BLACK
6
CONTINUOUS
10
0.114531811023622
20
-0.6532724803149607
11
0.1126570472440945
21
-0.6495229527559055
0
LINE
8
BLACK
6
CONTINUOUS
10
0.1126570472440945
20
-0.6495229527559055
11
0.112450157480315
21
-0.6489823228346456
0
LINE
8
BLACK
6
CONTINUOUS
10
0.112450157480315
20
-0.6489823228346456
11
0.1124426377952756
21
-0.6488764960629921
0
LINE
8
BLACK
6
CONTINUOUS
10
0.1124426377952756
20
-0.6488764960629921
11
0.1124020472440945
21
-0.6487785039370079
0
LINE
8
BLACK
6
CONTINUOUS
10
0.1124020472440945
20
-0.6487785039370079
11
0.1123453149606299
21
-0.6482024409448819
0
LINE
8
BLACK
6
CONTINUOUS
10
0.1123453149606299
20
-0.6482024409448819
11
0.1123453149606299
21
-0.6369538582677166
0
LINE
8
BLACK
6
CONTINUOUS
10
0.1123453149606299
20
-0.6369538582677166
11
0.1124020472440945
21
-0.6363777952755906
0
LINE
8
BLACK
6
CONTINUOUS
10
0.1124020472440945
20
-0.6363777952755906
11
0.1124426377952756
21
-0.6362797637795276
0
LINE
8
BLACK
6
CONTINUOUS
10
0.1124426377952756
20
-0.6362797637795276
11
0.112450157480315
21
-0.6361739763779527
0
LINE
8
BLACK
6
CONTINUOUS
10
0.112450157480315
20
-0.6361739763779527
11
0.1126570472440945
21
-0.6356333464566929
0
LINE
8
BLACK
6
CONTINUOUS
10
0.1126570472440945
20
-0.6356333464566929
11
0.114531811023622
21
-0.6318838188976378
0
LINE
8
BLACK
6
CONTINUOUS
10
0.114531811023622
20
-0.6318838188976378
11
0.114687874015748
21
-0.6316357874015748
0
LINE
8
BLACK
6
CONTINUOUS
10
0.114687874015748
20
-0.6316357874015748
11
0.1147177165354331
21
-0.6315638582677165
0
LINE
8
BLACK
6
CONTINUOUS
10
0.1147177165354331
20
-0.6315638582677165
11
0.1147841732283465
21
-0.631482874015748
0
LINE
8
BLACK
6
CONTINUOUS
10
0.1147841732283465
20
-0.631482874015748
11
0.114840157480315
21
-0.6313939370078741
0
LINE
8
BLACK
6
CONTINUOUS
10
0.114840157480315
20
-0.6313939370078741
11
0.1148991338582677
21
-0.6313427559055118
0
LINE
8
BLACK
6
CONTINUOUS
10
0.1148991338582677
20
-0.6313427559055118
11
0.1150849212598425
21
-0.6311164173228346
0
LINE
8
BLACK
6
CONTINUOUS
10
0.1150849212598425
20
-0.6311164173228346
11
0.1169596850393701
21
-0.6292416535433071
0
LINE
8
BLACK
6
CONTINUOUS
10
0.1169596850393701
20
-0.6292416535433071
11
0.1171860236220472
21
-0.6290558661417323
0
LINE
8
BLACK
6
CONTINUOUS
10
0.1171860236220472
20
-0.6290558661417323
11
0.1172372047244094
21
-0.6289968897637795
0
LINE
8
BLACK
6
CONTINUOUS
10
0.1172372047244094
20
-0.6289968897637795
11
0.1173261417322835
21
-0.628940905511811
0
LINE
8
BLACK
6
CONTINUOUS
10
0.1173261417322835
20
-0.628940905511811
11
0.117407125984252
21
-0.6288744488188976
0
LINE
8
BLACK
6
CONTINUOUS
10
0.117407125984252
20
-0.6288744488188976
11
0.1174790551181102
21
-0.6288446062992126
0
LINE
8
BLACK
6
CONTINUOUS
10
0.1174790551181102
20
-0.6288446062992126
11
0.1177270866141732
21
-0.6286885433070866
0
LINE
8
BLACK
6
CONTINUOUS
10
0.1177270866141732
20
-0.6286885433070866
11
0.1214766141732283
21
-0.626813779527559
0
LINE
8
BLACK
6
CONTINUOUS
10
0.1214766141732283
20
-0.626813779527559
11
0.1220172047244094
21
-0.6266068897637795
0
LINE
8
BLACK
6
CONTINUOUS
10
0.1220172047244094
20
-0.6266068897637795
11
0.1221230708661417
21
-0.6265993307086614
0
LINE
8
BLACK
6
CONTINUOUS
10
0.1221230708661417
20
-0.6265993307086614
11
0.122221062992126
21
-0.626558779527559
0
LINE
8
BLACK
6
CONTINUOUS
10
0.122221062992126
20
-0.626558779527559
11
0.122797125984252
21
-0.6265020472440945
0
LINE
8
BLACK
6
CONTINUOUS
10
0.122797125984252
20
-0.6265020472440945
11
0.1284214173228346
21
-0.6265020472440945
0
LINE
8
BLACK
6
CONTINUOUS
10
0.1284214173228346
20
-0.6265020472440945
11
0.1289974803149606
21
-0.626558779527559
0
LINE
8
BLACK
6
CONTINUOUS
10
0.1207966929133858
20
-0.6337562992125985
11
0.1195995669291339
21
-0.6349534251968504
0
LINE
8
BLACK
6
CONTINUOUS
10
0.1195995669291339
20
-0.6349534251968504
11
0.1182508267716535
21
-0.637650905511811
0
LINE
8
BLACK
6
CONTINUOUS
10
0.1182508267716535
20
-0.637650905511811
11
0.1182508267716535
21
-0.6475053937007874
0
LINE
8
BLACK
6
CONTINUOUS
10
0.1182508267716535
20
-0.6475053937007874
11
0.1195995669291339
21
-0.6502028740157481
0
LINE
8
BLACK
6
CONTINUOUS
10
0.1195995669291339
20
-0.6502028740157481
11
0.1207966929133858
21
-0.6514000393700787
0
LINE
8
BLACK
6
CONTINUOUS
10
0.1207966929133858
20
-0.6514000393700787
11
0.1234941732283465
21
-0.6527487795275591
0
LINE
8
BLACK
6
CONTINUOUS
10
0.1234941732283465
20
-0.6527487795275591
11
0.1277243700787402
21
-0.6527487795275591
0
LINE
8
BLACK
6
CONTINUOUS
10
0.1277243700787402
20
-0.6527487795275591
11
0.130421811023622
21
-0.6514000393700787
0
LINE
8
BLACK
6
CONTINUOUS
10
0.130421811023622
20
-0.6514000393700787
11
0.131618937007874
21
-0.6502028740157481
0
LINE
8
BLACK
6
CONTINUOUS
10
0.131618937007874
20
-0.6502028740157481
11
0.1329677165354331
21
-0.6475053937007874
0
LINE
8
BLACK
6
CONTINUOUS
10
0.1329677165354331
20
-0.6475053937007874
11
0.1329677165354331
21
-0.637650905511811
0
LINE
8
BLACK
6
CONTINUOUS
10
0.1329677165354331
20
-0.637650905511811
11
0.1316189763779528
21
-0.6349534251968504
0
LINE
8
BLACK
6
CONTINUOUS
10
0.1316189763779528
20
-0.6349534251968504
11
0.1304218503937008
21
-0.6337562992125985
0
LINE
8
BLACK
6
CONTINUOUS
10
0.1304218503937008
20
-0.6337562992125985
11
0.1277243700787402
21
-0.6324075590551181
0
LINE
8
BLACK
6
CONTINUOUS
10
0.1277243700787402
20
-0.6324075590551181
11
0.1234941732283465
21
-0.6324075590551181
0
LINE
8
BLACK
6
CONTINUOUS
10
0.1234941732283465
20
-0.6324075590551181
11
0.1207966929133858
21
-0.6337562992125985
0
LINE
8
BLACK
6
CONTINUOUS
10
0.1852404724409449
20
-0.626558779527559
11
0.1853384645669291
21
-0.6265993700787401
0
LINE
8
BLACK
6
CONTINUOUS
10
0.1853384645669291
20
-0.6265993700787401
11
0.1854442913385827
21
-0.6266068897637795
0
LINE
8
BLACK
6
CONTINUOUS
10
0.1854442913385827
20
-0.6266068897637795
11
0.1859849212598425
21
-0.626813779527559
0
LINE
8
BLACK
6
CONTINUOUS
10
0.1859849212598425
20
-0.626813779527559
11
0.1897344488188976
21
-0.6286885433070866
0
LINE
8
BLACK
6
CONTINUOUS
10
0.1897344488188976
20
-0.6286885433070866
11
0.1898307874015748
21
-0.6287491732283464
0
LINE
8
BLACK
6
CONTINUOUS
10
0.1898307874015748
20
-0.6287491732283464
11
0.1898762204724409
21
-0.6287643307086614
0
LINE
8
BLACK
6
CONTINUOUS
10
0.1898762204724409
20
-0.6287643307086614
11
0.1899327559055118
21
-0.6288133464566928
0
LINE
8
BLACK
6
CONTINUOUS
10
0.1899327559055118
20
-0.6288133464566928
11
0.1902243307086614
21
-0.6289968897637795
0
LINE
8
BLACK
6
CONTINUOUS
10
0.1902243307086614
20
-0.6289968897637795
11
0.1904668897637795
21
-0.6292765748031496
0
LINE
8
BLACK
6
CONTINUOUS
10
0.1904668897637795
20
-0.6292765748031496
11
0.1907466141732283
21
-0.6295191732283465
0
LINE
8
BLACK
6
CONTINUOUS
10
0.1907466141732283
20
-0.6295191732283465
11
0.1909301181102362
21
-0.6298107086614173
0
LINE
8
BLACK
6
CONTINUOUS
10
0.1909301181102362
20
-0.6298107086614173
11
0.1909791732283465
21
-0.6298672834645669
0
LINE
8
BLACK
6
CONTINUOUS
10
0.1909791732283465
20
-0.6298672834645669
11
0.1909942913385827
21
-0.6299126771653543
0
LINE
8
BLACK
6
CONTINUOUS
10
0.1909942913385827
20
-0.6299126771653543
11
0.1910549606299212
21
-0.6300090551181102
0
LINE
8
BLACK
6
CONTINUOUS
10
0.1910549606299212
20
-0.6300090551181102
11
0.1929297244094488
21
-0.6337585826771653
0
LINE
8
BLACK
6
CONTINUOUS
10
0.1929297244094488
20
-0.6337585826771653
11
0.1931366141732283
21
-0.6342991732283464
0
LINE
8
BLACK
6
CONTINUOUS
10
0.1931366141732283
20
-0.6342991732283464
11
0.1931441338582677
21
-0.6344050393700787
0
LINE
8
BLACK
6
CONTINUOUS
10
0.1931441338582677
20
-0.6344050393700787
11
0.1931847244094488
21
-0.634503031496063
0
LINE
8
BLACK
6
CONTINUOUS
10
0.1931847244094488
20
-0.634503031496063
11
0.1932414566929134
21
-0.635079094488189
0
LINE
8
BLACK
6
CONTINUOUS
10
0.1932414566929134
20
-0.635079094488189
11
0.1932414566929134
21
-0.6388286220472441
0
LINE
8
BLACK
6
CONTINUOUS
10
0.1932414566929134
20
-0.6388286220472441
11
0.1931847244094488
21
-0.6394046850393701
0
LINE
8
BLACK
6
CONTINUOUS
10
0.1931847244094488
20
-0.6394046850393701
11
0.193073937007874
21
-0.6396720472440944
0
LINE
8
BLACK
6
CONTINUOUS
10
0.193073937007874
20
-0.6396720472440944
11
0.1930178346456693
21
-0.639955748031496
0
LINE
8
BLACK
6
CONTINUOUS
10
0.1930178346456693
20
-0.639955748031496
11
0.192855748031496
21
-0.6401988582677165
0
LINE
8
BLACK
6
CONTINUOUS
10
0.192855748031496
20
-0.6401988582677165
11
0.1927438188976378
21
-0.640469094488189
0
LINE
8
BLACK
6
CONTINUOUS
10
0.1927438188976378
20
-0.640469094488189
11
0.1925391732283465
21
-0.6406737401574804
0
LINE
8
BLACK
6
CONTINUOUS
10
0.1925391732283465
20
-0.6406737401574804
11
0.1923787795275591
21
-0.6409143307086614
0
LINE
8
BLACK
6
CONTINUOUS
10
0.1923787795275591
20
-0.6409143307086614
11
0.1921359448818898
21
-0.6410769291338583
0
LINE
8
BLACK
6
CONTINUOUS
10
0.1921359448818898
20
-0.6410769291338583
11
0.1919291732283465
21
-0.6412837401574804
0
LINE
8
BLACK
6
CONTINUOUS
10
0.1919291732283465
20
-0.6412837401574804
11
0.1916618897637795
21
-0.6413944488188976
0
LINE
8
BLACK
6
CONTINUOUS
10
0.1916618897637795
20
-0.6413944488188976
11
0.1914215354330709
21
-0.6415554330708662
0
LINE
8
BLACK
6
CONTINUOUS
10
0.1914215354330709
20
-0.6415554330708662
11
0.1908677559055118
21
-0.6417240551181103
0
LINE
8
BLACK
6
CONTINUOUS
10
0.1908677559055118
20
-0.6417240551181103
11
0.1744938188976378
21
-0.6449988188976378
0
LINE
8
BLACK
6
CONTINUOUS
10
0.1744938188976378
20
-0.6449988188976378
11
0.1744938188976378
21
-0.649380157480315
0
LINE
8
BLACK
6
CONTINUOUS
10
0.1744938188976378
20
-0.649380157480315
11
0.1756166535433071
21
-0.651625905511811
0
LINE
8
BLACK
6
CONTINUOUS
10
0.1756166535433071
20
-0.651625905511811
11
0.1778624015748032
21
-0.6527487795275591
0
LINE
8
BLACK
6
CONTINUOUS
10
0.1778624015748032
20
-0.6527487795275591
11
0.1839673622047244
21
-0.6527487795275591
0
LINE
8
BLACK
6
CONTINUOUS
10
0.1839673622047244
20
-0.6527487795275591
11
0.1870934251968504
21
-0.6511857480314961
0
LINE
8
BLACK
6
CONTINUOUS
10
0.1870934251968504
20
-0.6511857480314961
11
0.1876340157480315
21
-0.6509788582677165
0
LINE
8
BLACK
6
CONTINUOUS
10
0.1876340157480315
20
-0.6509788582677165
11
0.1887832283464567
21
-0.6508972047244095
0
LINE
8
BLACK
6
CONTINUOUS
10
0.1887832283464567
20
-0.6508972047244095
11
0.1898762204724409
21
-0.6512615354330709
0
LINE
8
BLACK
6
CONTINUOUS
10
0.1898762204724409
20
-0.6512615354330709
11
0.1907465748031496
21
-0.6520163779527559
0
LINE
8
BLACK
6
CONTINUOUS
10
0.1907465748031496
20
-0.6520163779527559
11
0.1912618503937008
21
-0.6530468897637796
0
LINE
8
BLACK
6
CONTINUOUS
10
0.1912618503937008
20
-0.6530468897637796
11
0.1913435039370079
21
-0.6541961023622047
0
LINE
8
BLACK
6
CONTINUOUS
10
0.1913435039370079
20
-0.6541961023622047
11
0.1909791732283465
21
-0.6552890551181102
0
LINE
8
BLACK
6
CONTINUOUS
10
0.1909791732283465
20
-0.6552890551181102
11
0.1902243307086614
21
-0.6561594488188977
0
LINE
8
BLACK
6
CONTINUOUS
10
0.1902243307086614
20
-0.6561594488188977
11
0.1897344488188976
21
-0.6564677952755905
0
LINE
8
BLACK
6
CONTINUOUS
10
0.1897344488188976
20
-0.6564677952755905
11
0.1859849212598425
21
-0.6583425590551181
0
LINE
8
BLACK
6
CONTINUOUS
10
0.1859849212598425
20
-0.6583425590551181
11
0.1854442913385827
21
-0.6585494488188977
0
LINE
8
BLACK
6
CONTINUOUS
10
0.1854442913385827
20
-0.6585494488188977
11
0.1853384645669291
21
-0.6585569291338582
0
LINE
8
BLACK
6
CONTINUOUS
10
0.1853384645669291
20
-0.6585569291338582
11
0.1852404724409449
21
-0.6585975590551181
0
LINE
8
BLACK
6
CONTINUOUS
10
0.1852404724409449
20
-0.6585975590551181
11
0.1846644094488189
21
-0.6586542913385827
0
LINE
8
BLACK
6
CONTINUOUS
10
0.1846644094488189
20
-0.6586542913385827
11
0.1771653543307087
21
-0.6586542913385827
0
LINE
8
BLACK
6
CONTINUOUS
10
0.1771653543307087
20
-0.6586542913385827
11
0.1765892913385827
21
-0.6585975590551181
0
LINE
8
BLACK
6
CONTINUOUS
10
0.1765892913385827
20
-0.6585975590551181
11
0.1764912992125984
21
-0.658556968503937
0
LINE
8
BLACK
6
CONTINUOUS
10
0.1764912992125984
20
-0.658556968503937
11
0.1763854330708661
21
-0.6585494488188977
0
LINE
8
BLACK
6
CONTINUOUS
10
0.1763854330708661
20
-0.6585494488188977
11
0.175844842519685
21
-0.6583425590551181
0
LINE
8
BLACK
6
CONTINUOUS
10
0.175844842519685
20
-0.6583425590551181
11
0.1720953149606299
21
-0.6564677952755905
0
LINE
8
BLACK
6
CONTINUOUS
10
0.1720953149606299
20
-0.6564677952755905
11
0.171998937007874
21
-0.656407125984252
0
LINE
8
BLACK
6
CONTINUOUS
10
0.171998937007874
20
-0.656407125984252
11
0.1719535433070866
21
-0.6563920078740157
0
LINE
8
BLACK
6
CONTINUOUS
10
0.1719535433070866
20
-0.6563920078740157
11
0.171896968503937
21
-0.6563429527559055
0
LINE
8
BLACK
6
CONTINUOUS
10
0.171896968503937
20
-0.6563429527559055
11
0.1716054330708661
21
-0.6561594488188977
0
LINE
8
BLACK
6
CONTINUOUS
10
0.1716054330708661
20
-0.6561594488188977
11
0.1713627559055118
21
-0.6558796062992126
0
LINE
8
BLACK
6
CONTINUOUS
10
0.1713627559055118
20
-0.6558796062992126
11
0.1710831496062992
21
-0.6556371259842519
0
LINE
8
BLACK
6
CONTINUOUS
10
0.1710831496062992
20
-0.6556371259842519
11
0.1708996456692913
21
-0.6553456299212598
0
LINE
8
BLACK
6
CONTINUOUS
10
0.1708996456692913
20
-0.6553456299212598
11
0.1708505905511811
21
-0.6552890551181102
0
LINE
8
BLACK
6
CONTINUOUS
10
0.1708505905511811
20
-0.6552890551181102
11
0.1708354330708661
21
-0.6552435826771653
0
LINE
8
BLACK
6
CONTINUOUS
10
0.1708354330708661
20
-0.6552435826771653
11
0.1707748031496063
21
-0.655147283464567
0
LINE
8
BLACK
6
CONTINUOUS
10
0.1707748031496063
20
-0.655147283464567
11
0.1689000393700787
21
-0.6513977165354331
0
LINE
8
BLACK
6
CONTINUOUS
10
0.1689000393700787
20
-0.6513977165354331
11
0.1686931496062992
21
-0.6508570866141732
0
LINE
8
BLACK
6
CONTINUOUS
10
0.1686931496062992
20
-0.6508570866141732
11
0.1686856299212598
21
-0.6507512598425197
0
LINE
8
BLACK
6
CONTINUOUS
10
0.1686856299212598
20
-0.6507512598425197
11
0.1686450393700787
21
-0.6506532677165354
0
LINE
8
BLACK
6
CONTINUOUS
10
0.1686450393700787
20
-0.6506532677165354
11
0.1685883070866142
21
-0.6500772047244094
0
LINE
8
BLACK
6
CONTINUOUS
10
0.1685883070866142
20
-0.6500772047244094
11
0.1685883070866142
21
-0.635079094488189
0
LINE
8
BLACK
6
CONTINUOUS
10
0.1685883070866142
20
-0.635079094488189
11
0.1686450393700787
21
-0.634503031496063
0
LINE
8
BLACK
6
CONTINUOUS
10
0.1686450393700787
20
-0.634503031496063
11
0.1686856299212598
21
-0.634405
0
LINE
8
BLACK
6
CONTINUOUS
10
0.1686856299212598
20
-0.634405
11
0.1686931496062992
21
-0.6342992125984251
0
LINE
8
BLACK
6
CONTINUOUS
10
0.1686931496062992
20
-0.6342992125984251
11
0.1689000393700787
21
-0.6337585826771653
0
LINE
8
BLACK
6
CONTINUOUS
10
0.1689000393700787
20
-0.6337585826771653
11
0.1707748031496063
21
-0.6300090551181102
0
LINE
8
BLACK
6
CONTINUOUS
10
0.1707748031496063
20
-0.6300090551181102
11
0.1708354330708661
21
-0.6299126771653543
0
LINE
8
BLACK
6
CONTINUOUS
10
0.1708354330708661
20
-0.6299126771653543
11
0.1708505905511811
21
-0.6298672834645669
0
LINE
8
BLACK
6
CONTINUOUS
10
0.1708505905511811
20
-0.6298672834645669
11
0.1708996062992126
21
-0.6298107086614173
0
LINE
8
BLACK
6
CONTINUOUS
10
0.1708996062992126
20
-0.6298107086614173
11
0.1710831496062992
21
-0.6295191732283465
0
LINE
8
BLACK
6
CONTINUOUS
10
0.1710831496062992
20
-0.6295191732283465
11
0.1713628346456693
21
-0.6292765748031496
0
LINE
8
BLACK
6
CONTINUOUS
10
0.1713628346456693
20
-0.6292765748031496
11
0.1716054330708661
21
-0.6289968897637795
0
LINE
8
BLACK
6
CONTINUOUS
10
0.1716054330708661
20
-0.6289968897637795
11
0.171896968503937
21
-0.6288133464566928
0
LINE
8
BLACK
6
CONTINUOUS
10
0.171896968503937
20
-0.6288133464566928
11
0.1719535433070866
21
-0.6287643307086614
0
LINE
8
BLACK
6
CONTINUOUS
10
0.1719535433070866
20
-0.6287643307086614
11
0.171998937007874
21
-0.6287491732283464
0
LINE
8
BLACK
6
CONTINUOUS
10
0.171998937007874
20
-0.6287491732283464
11
0.1720953149606299
21
-0.6286885433070866
0
LINE
8
BLACK
6
CONTINUOUS
10
0.1720953149606299
20
-0.6286885433070866
11
0.175844842519685
21
-0.626813779527559
0
LINE
8
BLACK
6
CONTINUOUS
10
0.175844842519685
20
-0.626813779527559
11
0.1763854330708661
21
-0.6266068897637795
0
LINE
8
BLACK
6
CONTINUOUS
10
0.1763854330708661
20
-0.6266068897637795
11
0.1764912992125984
21
-0.6265993307086614
0
LINE
8
BLACK
6
CONTINUOUS
10
0.1764912992125984
20
-0.6265993307086614
11
0.1765892913385827
21
-0.626558779527559
0
LINE
8
BLACK
6
CONTINUOUS
10
0.1765892913385827
20
-0.626558779527559
11
0.1771653543307087
21
-0.6265020472440945
0
LINE
8
BLACK
6
CONTINUOUS
10
0.1771653543307087
20
-0.6265020472440945
11
0.1846644094488189
21
-0.6265020472440945
0
LINE
8
BLACK
6
CONTINUOUS
10
0.1846644094488189
20
-0.6265020472440945
11
0.1852404724409449
21
-0.626558779527559
0
LINE
8
BLACK
6
CONTINUOUS
10
0.1756166535433071
20
-0.6335303937007873
11
0.1744938188976378
21
-0.6357761417322835
0
LINE
8
BLACK
6
CONTINUOUS
10
0.1744938188976378
20
-0.6357761417322835
11
0.1744938188976378
21
-0.6389763385826771
0
LINE
8
BLACK
6
CONTINUOUS
10
0.1744938188976378
20
-0.6389763385826771
11
0.1873359448818898
21
-0.6364079527559054
0
LINE
8
BLACK
6
CONTINUOUS
10
0.1873359448818898
20
-0.6364079527559054
11
0.1873359448818898
21
-0.6357761417322835
0
LINE
8
BLACK
6
CONTINUOUS
10
0.1873359448818898
20
-0.6357761417322835
11
0.1862130708661417
21
-0.6335303937007873
0
LINE
8
BLACK
6
CONTINUOUS
10
0.1862130708661417
20
-0.6335303937007873
11
0.1839673622047244
21
-0.6324075590551181
0
LINE
8
BLACK
6
CONTINUOUS
10
0.1839673622047244
20
-0.6324075590551181
11
0.1778624015748032
21
-0.6324075590551181
0
LINE
8
BLACK
6
CONTINUOUS
10
0.1778624015748032
20
-0.6324075590551181
11
0.1756166535433071
21
-0.6335303937007873
0
LINE
8
BLACK
6
CONTINUOUS
10
0.1544338582677165
20
-0.6138763385826772
11
0.1552485039370079
21
-0.6146909842519684
0
LINE
8
BLACK
6
CONTINUOUS
10
0.1552485039370079
20
-0.6146909842519684
11
0.1556894094488189
21
-0.6157553937007874
0
LINE
8
BLACK
6
CONTINUOUS
10
0.1556894094488189
20
-0.6157553937007874
11
0.1557461417322835
21
-0.6163314566929133
0
LINE
8
BLACK
6
CONTINUOUS
10
0.1557461417322835
20
-0.6163314566929133
11
0.1557461417322835
21
-0.649380157480315
0
LINE
8
BLACK
6
CONTINUOUS
10
0.1557461417322835
20
-0.649380157480315
11
0.1568689763779527
21
-0.651625905511811
0
LINE
8
BLACK
6
CONTINUOUS
10
0.1568689763779527
20
-0.651625905511811
11
0.159738188976378
21
-0.6530605118110236
0
LINE
8
BLACK
6
CONTINUOUS
10
0.159738188976378
20
-0.6530605118110236
11
0.1602280708661417
21
-0.6533688582677165
0
LINE
8
BLACK
6
CONTINUOUS
10
0.1602280708661417
20
-0.6533688582677165
11
0.1609829133858268
21
-0.654239251968504
0
LINE
8
BLACK
6
CONTINUOUS
10
0.1609829133858268
20
-0.654239251968504
11
0.1613472440944882
21
-0.6553322047244095
0
LINE
8
BLACK
6
CONTINUOUS
10
0.1613472440944882
20
-0.6553322047244095
11
0.1612655905511811
21
-0.6564814173228346
0
LINE
8
BLACK
6
CONTINUOUS
10
0.1612655905511811
20
-0.6564814173228346
11
0.1607503149606299
21
-0.6575119291338583
0
LINE
8
BLACK
6
CONTINUOUS
10
0.1607503149606299
20
-0.6575119291338583
11
0.1598799606299213
21
-0.6582667716535433
0
LINE
8
BLACK
6
CONTINUOUS
10
0.1598799606299213
20
-0.6582667716535433
11
0.158786968503937
21
-0.6586311023622047
0
LINE
8
BLACK
6
CONTINUOUS
10
0.158786968503937
20
-0.6586311023622047
11
0.1576377559055118
21
-0.6585494488188977
0
LINE
8
BLACK
6
CONTINUOUS
10
0.1576377559055118
20
-0.6585494488188977
11
0.1570971653543307
21
-0.6583425590551181
0
LINE
8
BLACK
6
CONTINUOUS
10
0.1570971653543307
20
-0.6583425590551181
11
0.1533476377952756
21
-0.6564677952755905
0
LINE
8
BLACK
6
CONTINUOUS
10
0.1533476377952756
20
-0.6564677952755905
11
0.1532512598425197
21
-0.656407125984252
0
LINE
8
BLACK
6
CONTINUOUS
10
0.1532512598425197
20
-0.656407125984252
11
0.1532058661417323
21
-0.6563920078740157
0
LINE
8
BLACK
6
CONTINUOUS
10
0.1532058661417323
20
-0.6563920078740157
11
0.1531492913385827
21
-0.6563429527559055
0
LINE
8
BLACK
6
CONTINUOUS
10
0.1531492913385827
20
-0.6563429527559055
11
0.1528577559055118
21
-0.6561594488188977
0
LINE
8
BLACK
6
CONTINUOUS
10
0.1528577559055118
20
-0.6561594488188977
11
0.1526150787401575
21
-0.6558796062992126
0
LINE
8
BLACK
6
CONTINUOUS
10
0.1526150787401575
20
-0.6558796062992126
11
0.1523354724409449
21
-0.6556371259842519
0
LINE
8
BLACK
6
CONTINUOUS
10
0.1523354724409449
20
-0.6556371259842519
11
0.152151968503937
21
-0.6553456299212598
0
LINE
8
BLACK
6
CONTINUOUS
10
0.152151968503937
20
-0.6553456299212598
11
0.1521029133858268
21
-0.6552890551181102
0
LINE
8
BLACK
6
CONTINUOUS
10
0.1521029133858268
20
-0.6552890551181102
11
0.1520877559055118
21
-0.6552435826771653
0
LINE
8
BLACK
6
CONTINUOUS
10
0.1520877559055118
20
-0.6552435826771653
11
0.152027125984252
21
-0.655147283464567
0
LINE
8
BLACK
6
CONTINUOUS
10
0.152027125984252
20
-0.655147283464567
11
0.1501523622047244
21
-0.6513977165354331
0
LINE
8
BLACK
6
CONTINUOUS
10
0.1501523622047244
20
-0.6513977165354331
11
0.1499454724409449
21
-0.6508570866141732
0
LINE
8
BLACK
6
CONTINUOUS
10
0.1499454724409449
20
-0.6508570866141732
11
0.1499379527559055
21
-0.6507512598425197
0
LINE
8
BLACK
6
CONTINUOUS
10
0.1499379527559055
20
-0.6507512598425197
11
0.1498973622047244
21
-0.6506532677165354
0
LINE
8
BLACK
6
CONTINUOUS
10
0.1498973622047244
20
-0.6506532677165354
11
0.1498406299212598
21
-0.6500772047244094
0
LINE
8
BLACK
6
CONTINUOUS
10
0.1498406299212598
20
-0.6500772047244094
11
0.1498406299212598
21
-0.6163314566929133
0
LINE
8
BLACK
6
CONTINUOUS
10
0.1498406299212598
20
-0.6163314566929133
11
0.1498973622047244
21
-0.6157553937007874
0
LINE
8
BLACK
6
CONTINUOUS
10
0.1498973622047244
20
-0.6157553937007874
11
0.1503382677165354
21
-0.6146909842519684
0
LINE
8
BLACK
6
CONTINUOUS
10
0.1503382677165354
20
-0.6146909842519684
11
0.1511529133858268
21
-0.6138763385826772
0
LINE
8
BLACK
6
CONTINUOUS
10
0.1511529133858268
20
-0.6138763385826772
11
0.1522173228346457
21
-0.6134354330708661
0
LINE
8
BLACK
6
CONTINUOUS
10
0.1522173228346457
20
-0.6134354330708661
11
0.1533694488188976
21
-0.6134354330708661
0
LINE
8
BLACK
6
CONTINUOUS
10
0.1533694488188976
20
-0.6134354330708661
11
0.1544338582677165
21
-0.6138763385826772
0
LINE
8
BLACK
6
CONTINUOUS
10
-0.1621032677165354
20
-0.6134354330708661
11
-0.1615912204724409
21
-0.6134354330708661
0
LINE
8
BLACK
6
CONTINUOUS
10
-0.1615912204724409
20
-0.6134354330708661
11
-0.1615304724409449
21
-0.6134605905511811
0
LINE
8
BLACK
6
CONTINUOUS
10
-0.1615304724409449
20
-0.6134605905511811
11
-0.1614646062992126
21
-0.6134635039370079
0
LINE
8
BLACK
6
CONTINUOUS
10
-0.1614646062992126
20
-0.6134635039370079
11
-0.1609997637795275
21
-0.6136803937007874
0
LINE
8
BLACK
6
CONTINUOUS
10
-0.1609997637795275
20
-0.6136803937007874
11
-0.160526811023622
21
-0.6138763385826772
0
LINE
8
BLACK
6
CONTINUOUS
10
-0.160526811023622
20
-0.6138763385826772
11
-0.1604803149606299
21
-0.6139228346456693
0
LINE
8
BLACK
6
CONTINUOUS
10
-0.1604803149606299
20
-0.6139228346456693
11
-0.1604205905511811
21
-0.6139507086614173
0
LINE
8
BLACK
6
CONTINUOUS
10
-0.1604205905511811
20
-0.6139507086614173
11
-0.1600743700787401
21
-0.614328779527559
0
LINE
8
BLACK
6
CONTINUOUS
10
-0.1600743700787401
20
-0.614328779527559
11
-0.1597121653543307
21
-0.6146909842519684
0
LINE
8
BLACK
6
CONTINUOUS
10
-0.1597121653543307
20
-0.6146909842519684
11
-0.159686968503937
21
-0.6147518110236221
0
LINE
8
BLACK
6
CONTINUOUS
10
-0.159686968503937
20
-0.6147518110236221
11
-0.1596424803149606
21
-0.6148003937007874
0
LINE
8
BLACK
6
CONTINUOUS
10
-0.1596424803149606
20
-0.6148003937007874
11
-0.1594674015748032
21
-0.6152818897637795
0
LINE
8
BLACK
6
CONTINUOUS
10
-0.1594674015748032
20
-0.6152818897637795
11
-0.1592712598425197
21
-0.6157553937007874
0
LINE
8
BLACK
6
CONTINUOUS
10
-0.1592712598425197
20
-0.6157553937007874
11
-0.1592623622047244
21
-0.6158457480314961
0
LINE
8
BLACK
6
CONTINUOUS
10
-0.1592623622047244
20
-0.6158457480314961
11
-0.1592487795275591
21
-0.6158831102362204
0
LINE
8
BLACK
6
CONTINUOUS
10
-0.1592487795275591
20
-0.6158831102362204
11
-0.1592518503937008
21
-0.6159526377952755
0
LINE
8
BLACK
6
CONTINUOUS
10
-0.1592518503937008
20
-0.6159526377952755
11
-0.1592145275590551
21
-0.6163314566929133
0
LINE
8
BLACK
6
CONTINUOUS
10
-0.1592145275590551
20
-0.6163314566929133
11
-0.1592145275590551
21
-0.6557015354330709
0
LINE
8
BLACK
6
CONTINUOUS
10
-0.1592145275590551
20
-0.6557015354330709
11
-0.1592712598425197
21
-0.6562775984251968
0
LINE
8
BLACK
6
CONTINUOUS
10
-0.1592712598425197
20
-0.6562775984251968
11
-0.1597121653543307
21
-0.6573420078740158
0
LINE
8
BLACK
6
CONTINUOUS
10
-0.1597121653543307
20
-0.6573420078740158
11
-0.160526811023622
21
-0.6581566535433071
0
LINE
8
BLACK
6
CONTINUOUS
10
-0.160526811023622
20
-0.6581566535433071
11
-0.1615912204724409
21
-0.6585975590551181
0
LINE
8
BLACK
6
CONTINUOUS
10
-0.1615912204724409
20
-0.6585975590551181
11
-0.1627433464566929
21
-0.6585975590551181
0
LINE
8
BLACK
6
CONTINUOUS
10
-0.1627433464566929
20
-0.6585975590551181
11
-0.1638077559055118
21
-0.6581566535433071
0
LINE
8
BLACK
6
CONTINUOUS
10
-0.1638077559055118
20
-0.6581566535433071
11
-0.1646224015748032
21
-0.6573420078740158
0
LINE
8
BLACK
6
CONTINUOUS
10
-0.1646224015748032
20
-0.6573420078740158
11
-0.1650633070866142
21
-0.6562775984251968
0
LINE
8
BLACK
6
CONTINUOUS
10
-0.1650633070866142
20
-0.6562775984251968
11
-0.1651200393700787
21
-0.6557015354330709
0
LINE
8
BLACK
6
CONTINUOUS
10
-0.1651200393700787
20
-0.6557015354330709
11
-0.1651200393700787
21
-0.6296411811023622
0
LINE
8
BLACK
6
CONTINUOUS
10
-0.1651200393700787
20
-0.6296411811023622
11
-0.1726148818897638
21
-0.6457015748031496
0
LINE
8
BLACK
6
CONTINUOUS
10
-0.1726148818897638
20
-0.6457015748031496
11
-0.172739842519685
21
-0.6459124803149606
0
LINE
8
BLACK
6
CONTINUOUS
10
-0.172739842519685
20
-0.6459124803149606
11
-0.1727658267716535
21
-0.6459839763779528
0
LINE
8
BLACK
6
CONTINUOUS
10
-0.1727658267716535
20
-0.6459839763779528
11
-0.1728121653543307
21
-0.6460345275590551
0
LINE
8
BLACK
6
CONTINUOUS
10
-0.1728121653543307
20
-0.6460345275590551
11
-0.1729099212598425
21
-0.6461996062992126
0
LINE
8
BLACK
6
CONTINUOUS
10
-0.1729099212598425
20
-0.6461996062992126
11
-0.1732407480314961
21
-0.6465025196850394
0
LINE
8
BLACK
6
CONTINUOUS
10
-0.1732407480314961
20
-0.6465025196850394
11
-0.173543937007874
21
-0.6468336614173228
0
LINE
8
BLACK
6
CONTINUOUS
10
-0.173543937007874
20
-0.6468336614173228
11
-0.1736629133858268
21
-0.6468891338582677
0
LINE
8
BLACK
6
CONTINUOUS
10
-0.1736629133858268
20
-0.6468891338582677
11
-0.1737595669291339
21
-0.646977716535433
0
LINE
8
BLACK
6
CONTINUOUS
10
-0.1737595669291339
20
-0.646977716535433
11
-0.174181062992126
21
-0.6471309448818897
0
LINE
8
BLACK
6
CONTINUOUS
10
-0.174181062992126
20
-0.6471309448818897
11
-0.1745879527559055
21
-0.6473208661417322
0
LINE
8
BLACK
6
CONTINUOUS
10
-0.1745879527559055
20
-0.6473208661417322
11
-0.1747191338582677
21
-0.6473266141732283
0
LINE
8
BLACK
6
CONTINUOUS
10
-0.1747191338582677
20
-0.6473266141732283
11
-0.1748422834645669
21
-0.6473714173228347
0
LINE
8
BLACK
6
CONTINUOUS
10
-0.1748422834645669
20
-0.6473714173228347
11
-0.1752903937007874
21
-0.6473517322834645
0
LINE
8
BLACK
6
CONTINUOUS
10
-0.1752903937007874
20
-0.6473517322834645
11
-0.1757389763779527
21
-0.6473714566929134
0
LINE
8
BLACK
6
CONTINUOUS
10
-0.1757389763779527
20
-0.6473714566929134
11
-0.1758622834645669
21
-0.6473266141732283
0
LINE
8
BLACK
6
CONTINUOUS
10
-0.1758622834645669
20
-0.6473266141732283
11
-0.1759933070866142
21
-0.6473208661417322
0
LINE
8
BLACK
6
CONTINUOUS
10
-0.1759933070866142
20
-0.6473208661417322
11
-0.1763999606299212
21
-0.647131062992126
0
LINE
8
BLACK
6
CONTINUOUS
10
-0.1763999606299212
20
-0.647131062992126
11
-0.1768216929133858
21
-0.646977716535433
0
LINE
8
BLACK
6
CONTINUOUS
10
-0.1768216929133858
20
-0.646977716535433
11
-0.1769185039370079
21
-0.6468890551181102
0
LINE
8
BLACK
6
CONTINUOUS
10
-0.1769185039370079
20
-0.6468890551181102
11
-0.1770373228346457
21
-0.646833622047244
0
LINE
8
BLACK
6
CONTINUOUS
10
-0.1770373228346457
20
-0.646833622047244
11
-0.1773402755905512
21
-0.6465027952755905
0
LINE
8
BLACK
6
CONTINUOUS
10
-0.1773402755905512
20
-0.6465027952755905
11
-0.1776713385826772
21
-0.6461996456692913
0
LINE
8
BLACK
6
CONTINUOUS
10
-0.1776713385826772
20
-0.6461996456692913
11
-0.1777692125984252
21
-0.6460344488188976
0
LINE
8
BLACK
6
CONTINUOUS
10
-0.1777692125984252
20
-0.6460344488188976
11
-0.1778154330708661
21
-0.6459839763779528
0
LINE
8
BLACK
6
CONTINUOUS
10
-0.1778154330708661
20
-0.6459839763779528
11
-0.1778414173228346
21
-0.6459125984251969
0
LINE
8
BLACK
6
CONTINUOUS
10
-0.1778414173228346
20
-0.6459125984251969
11
-0.1779663779527559
21
-0.6457016141732284
0
LINE
8
BLACK
6
CONTINUOUS
10
-0.1779663779527559
20
-0.6457016141732284
11
-0.1854612204724409
21
-0.6296411811023622
0
LINE
8
BLACK
6
CONTINUOUS
10
-0.1854612204724409
20
-0.6296411811023622
11
-0.1854612204724409
21
-0.6557015354330709
0
LINE
8
BLACK
6
CONTINUOUS
10
-0.1854612204724409
20
-0.6557015354330709
11
-0.1855179527559055
21
-0.6562775984251968
0
LINE
8
BLACK
6
CONTINUOUS
10
-0.1855179527559055
20
-0.6562775984251968
11
-0.1859588582677165
21
-0.6573420078740158
0
LINE
8
BLACK
6
CONTINUOUS
10
-0.1859588582677165
20
-0.6573420078740158
11
-0.1867735039370079
21
-0.6581566535433071
0
LINE
8
BLACK
6
CONTINUOUS
10
-0.1867735039370079
20
-0.6581566535433071
11
-0.1878379133858268
21
-0.6585975590551181
0
LINE
8
BLACK
6
CONTINUOUS
10
-0.1878379133858268
20
-0.6585975590551181
11
-0.1889900393700787
21
-0.6585975590551181
0
LINE
8
BLACK
6
CONTINUOUS
10
-0.1889900393700787
20
-0.6585975590551181
11
-0.1900544488188976
21
-0.6581566535433071
0
LINE
8
BLACK
6
CONTINUOUS
10
-0.1900544488188976
20
-0.6581566535433071
11
-0.190869094488189
21
-0.6573420078740158
0
LINE
8
BLACK
6
CONTINUOUS
10
-0.190869094488189
20
-0.6573420078740158
11
-0.19131
21
-0.6562775984251968
0
LINE
8
BLACK
6
CONTINUOUS
10
-0.19131
20
-0.6562775984251968
11
-0.1913667322834646
21
-0.6557015354330709
0
LINE
8
BLACK
6
CONTINUOUS
10
-0.1913667322834646
20
-0.6557015354330709
11
-0.1913667322834646
21
-0.6163314566929133
0
LINE
8
BLACK
6
CONTINUOUS
10
-0.1913667322834646
20
-0.6163314566929133
11
-0.1913294488188976
21
-0.6159526377952755
0
LINE
8
BLACK
6
CONTINUOUS
10
-0.1913294488188976
20
-0.6159526377952755
11
-0.1913324803149606
21
-0.6158831102362204
0
LINE
8
BLACK
6
CONTINUOUS
10
-0.1913324803149606
20
-0.6158831102362204
11
-0.191318937007874
21
-0.6158457480314961
0
LINE
8
BLACK
6
CONTINUOUS
10
-0.191318937007874
20
-0.6158457480314961
11
-0.19131
21
-0.6157553937007874
0
LINE
8
BLACK
6
CONTINUOUS
10
-0.19131
20
-0.6157553937007874
11
-0.1911138976377953
21
-0.6152818897637795
0
LINE
8
BLACK
6
CONTINUOUS
10
-0.1911138976377953
20
-0.6152818897637795
11
-0.1909387795275591
21
-0.6148003937007874
0
LINE
8
BLACK
6
CONTINUOUS
10
-0.1909387795275591
20
-0.6148003937007874
11
-0.1908943307086614
21
-0.6147518110236221
0
LINE
8
BLACK
6
CONTINUOUS
10
-0.1908943307086614
20
-0.6147518110236221
11
-0.190869094488189
21
-0.6146909842519684
0
LINE
8
BLACK
6
CONTINUOUS
10
-0.190869094488189
20
-0.6146909842519684
11
-0.1905066929133858
21
-0.6143285433070866
0
LINE
8
BLACK
6
CONTINUOUS
10
-0.1905066929133858
20
-0.6143285433070866
11
-0.1901606692913386
21
-0.6139507480314961
0
LINE
8
BLACK
6
CONTINUOUS
10
-0.1901606692913386
20
-0.6139507480314961
11
-0.1901010236220472
21
-0.613922874015748
0
LINE
8
BLACK
6
CONTINUOUS
10
-0.1901010236220472
20
-0.613922874015748
11
-0.1900544488188976
21
-0.6138763385826772
0
LINE
8
BLACK
6
CONTINUOUS
10
-0.1900544488188976
20
-0.6138763385826772
11
-0.1895811811023622
21
-0.6136802755905512
0
LINE
8
BLACK
6
CONTINUOUS
10
-0.1895811811023622
20
-0.6136802755905512
11
-0.1891166535433071
21
-0.6134635039370079
0
LINE
8
BLACK
6
CONTINUOUS
10
-0.1891166535433071
20
-0.6134635039370079
11
-0.1890508661417323
21
-0.6134605905511811
0
LINE
8
BLACK
6
CONTINUOUS
10
-0.1890508661417323
20
-0.6134605905511811
11
-0.1889900393700787
21
-0.6134354330708661
0
LINE
8
BLACK
6
CONTINUOUS
10
-0.1889900393700787
20
-0.6134354330708661
11
-0.1884774803149606
21
-0.6134354330708661
0
LINE
8
BLACK
6
CONTINUOUS
10
-0.1884774803149606
20
-0.6134354330708661
11
-0.1879656299212598
21
-0.6134129527559055
0
LINE
8
BLACK
6
CONTINUOUS
10
-0.1879656299212598
20
-0.6134129527559055
11
-0.1879038188976378
21
-0.6134354330708661
0
LINE
8
BLACK
6
CONTINUOUS
10
-0.1879038188976378
20
-0.6134354330708661
11
-0.1878379133858268
21
-0.6134354330708661
0
LINE
8
BLACK
6
CONTINUOUS
10
-0.1878379133858268
20
-0.6134354330708661
11
-0.1873644488188976
21
-0.6136315354330708
0
LINE
8
BLACK
6
CONTINUOUS
10
-0.1873644488188976
20
-0.6136315354330708
11
-0.1868829133858268
21
-0.6138066535433071
0
LINE
8
BLACK
6
CONTINUOUS
10
-0.1868829133858268
20
-0.6138066535433071
11
-0.1868343700787402
21
-0.6138511023622047
0
LINE
8
BLACK
6
CONTINUOUS
10
-0.1868343700787402
20
-0.6138511023622047
11
-0.1867735039370079
21
-0.6138763385826772
0
LINE
8
BLACK
6
CONTINUOUS
10
-0.1867735039370079
20
-0.6138763385826772
11
-0.1864111023622047
21
-0.6142387401574803
0
LINE
8
BLACK
6
CONTINUOUS
10
-0.1864111023622047
20
-0.6142387401574803
11
-0.1860332677165354
21
-0.6145847637795275
0
LINE
8
BLACK
6
CONTINUOUS
10
-0.1860332677165354
20
-0.6145847637795275
11
-0.1859870472440945
21
-0.6146627952755905
0
LINE
8
BLACK
6
CONTINUOUS
10
-0.1859870472440945
20
-0.6146627952755905
11
-0.1859588582677165
21
-0.6146909842519684
0
LINE
8
BLACK
6
CONTINUOUS
10
-0.1859588582677165
20
-0.6146909842519684
11
-0.1859321653543307
21
-0.6147553937007874
0
LINE
8
BLACK
6
CONTINUOUS
10
-0.1859321653543307
20
-0.6147553937007874
11
-0.1857382283464567
21
-0.6150827952755905
0
LINE
8
BLACK
6
CONTINUOUS
10
-0.1857382283464567
20
-0.6150827952755905
11
-0.1752906692913386
21
-0.6374704724409449
0
LINE
8
BLACK
6
CONTINUOUS
10
-0.1752906692913386
20
-0.6374704724409449
11
-0.164843031496063
21
-0.6150827559055118
0
LINE
8
BLACK
6
CONTINUOUS
10
-0.164843031496063
20
-0.6150827559055118
11
-0.1646490551181102
21
-0.6147552755905512
0
LINE
8
BLACK
6
CONTINUOUS
10
-0.1646490551181102
20
-0.6147552755905512
11
-0.1646224015748032
21
-0.6146909842519684
0
LINE
8
BLACK
6
CONTINUOUS
10
-0.1646224015748032
20
-0.6146909842519684
11
-0.1645942913385827
21
-0.6146628346456693
0
LINE
8
BLACK
6
CONTINUOUS
10
-0.1645942913385827
20
-0.6146628346456693
11
-0.1645479921259843
21
-0.6145847244094488
0
LINE
8
BLACK
6
CONTINUOUS
10
-0.1645479921259843
20
-0.6145847244094488
11
-0.1641699212598425
21
-0.6142384645669291
0
LINE
8
BLACK
6
CONTINUOUS
10
-0.1641699212598425
20
-0.6142384645669291
11
-0.1638077559055118
21
-0.6138763385826772
0
LINE
8
BLACK
6
CONTINUOUS
10
-0.1638077559055118
20
-0.6138763385826772
11
-0.1637469291338583
21
-0.6138511417322835
0
LINE
8
BLACK
6
CONTINUOUS
10
-0.1637469291338583
20
-0.6138511417322835
11
-0.1636983464566929
21
-0.6138066535433071
0
LINE
8
BLACK
6
CONTINUOUS
10
-0.1636983464566929
20
-0.6138066535433071
11
-0.1632165354330709
21
-0.6136314173228347
0
LINE
8
BLACK
6
CONTINUOUS
10
-0.1632165354330709
20
-0.6136314173228347
11
-0.1627433464566929
21
-0.6134354330708661
0
LINE
8
BLACK
6
CONTINUOUS
10
-0.1627433464566929
20
-0.6134354330708661
11
-0.1626775590551181
21
-0.6134354330708661
0
LINE
8
BLACK
6
CONTINUOUS
10
-0.1626775590551181
20
-0.6134354330708661
11
-0.1626156299212598
21
-0.6134129133858267
0
LINE
8
BLACK
6
CONTINUOUS
10
-0.1626156299212598
20
-0.6134129133858267
11
-0.1621032677165354
21
-0.6134354330708661
0
LINE
8
BLACK
6
CONTINUOUS
10
-0.0603538582677165
20
-0.626558779527559
11
-0.0602558661417323
21
-0.6265993700787401
0
LINE
8
BLACK
6
CONTINUOUS
10
-0.0602558661417323
20
-0.6265993700787401
11
-0.0601500393700787
21
-0.6266068897637795
0
LINE
8
BLACK
6
CONTINUOUS
10
-0.0601500393700787
20
-0.6266068897637795
11
-0.0596094094488189
21
-0.626813779527559
0
LINE
8
BLACK
6
CONTINUOUS
10
-0.0596094094488189
20
-0.626813779527559
11
-0.0558598818897638
21
-0.6286885433070866
0
LINE
8
BLACK
6
CONTINUOUS
10
-0.0558598818897638
20
-0.6286885433070866
11
-0.0557635433070866
21
-0.6287491732283464
0
LINE
8
BLACK
6
CONTINUOUS
10
-0.0557635433070866
20
-0.6287491732283464
11
-0.0557181102362205
21
-0.6287643307086614
0
LINE
8
BLACK
6
CONTINUOUS
10
-0.0557181102362205
20
-0.6287643307086614
11
-0.0556615748031496
21
-0.6288133464566928
0
LINE
8
BLACK
6
CONTINUOUS
10
-0.0556615748031496
20
-0.6288133464566928
11
-0.05537
21
-0.6289968897637795
0
LINE
8
BLACK
6
CONTINUOUS
10
-0.05537
20
-0.6289968897637795
11
-0.0551274409448819
21
-0.6292765748031496
0
LINE
8
BLACK
6
CONTINUOUS
10
-0.0551274409448819
20
-0.6292765748031496
11
-0.0548477165354331
21
-0.6295191732283465
0
LINE
8
BLACK
6
CONTINUOUS
10
-0.0548477165354331
20
-0.6295191732283465
11
-0.0546642125984252
21
-0.6298107086614173
0
LINE
8
BLACK
6
CONTINUOUS
10
-0.0546642125984252
20
-0.6298107086614173
11
-0.054615157480315
21
-0.6298672834645669
0
LINE
8
BLACK
6
CONTINUOUS
10
-0.054615157480315
20
-0.6298672834645669
11
-0.0546000393700787
21
-0.6299126771653543
0
LINE
8
BLACK
6
CONTINUOUS
10
-0.0546000393700787
20
-0.6299126771653543
11
-0.0545393700787402
21
-0.6300090551181102
0
LINE
8
BLACK
6
CONTINUOUS
10
-0.0545393700787402
20
-0.6300090551181102
11
-0.0526646062992126
21
-0.6337585826771653
0
LINE
8
BLACK
6
CONTINUOUS
10
-0.0526646062992126
20
-0.6337585826771653
11
-0.0524577165354331
21
-0.6342991732283464
0
LINE
8
BLACK
6
CONTINUOUS
10
-0.0524577165354331
20
-0.6342991732283464
11
-0.0524501968503937
21
-0.6344050393700787
0
LINE
8
BLACK
6
CONTINUOUS
10
-0.0524501968503937
20
-0.6344050393700787
11
-0.0524096062992126
21
-0.634503031496063
0
LINE
8
BLACK
6
CONTINUOUS
10
-0.0524096062992126
20
-0.634503031496063
11
-0.052352874015748
21
-0.635079094488189
0
LINE
8
BLACK
6
CONTINUOUS
10
-0.052352874015748
20
-0.635079094488189
11
-0.052352874015748
21
-0.6557015354330709
0
LINE
8
BLACK
6
CONTINUOUS
10
-0.052352874015748
20
-0.6557015354330709
11
-0.0524096062992126
21
-0.6562775984251968
0
LINE
8
BLACK
6
CONTINUOUS
10
-0.0524096062992126
20
-0.6562775984251968
11
-0.0528505118110236
21
-0.6573420078740158
0
LINE
8
BLACK
6
CONTINUOUS
10
-0.0528505118110236
20
-0.6573420078740158
11
-0.053665157480315
21
-0.6581566535433071
0
LINE
8
BLACK
6
CONTINUOUS
10
-0.053665157480315
20
-0.6581566535433071
11
-0.0547295669291339
21
-0.6585975590551181
0
LINE
8
BLACK
6
CONTINUOUS
10
-0.0547295669291339
20
-0.6585975590551181
11
-0.0558816929133858
21
-0.6585975590551181
0
LINE
8
BLACK
6
CONTINUOUS
10
-0.0558816929133858
20
-0.6585975590551181
11
-0.0569461023622047
21
-0.6581566535433071
0
LINE
8
BLACK
6
CONTINUOUS
10
-0.0569461023622047
20
-0.6581566535433071
11
-0.0577607480314961
21
-0.6573420078740158
0
LINE
8
BLACK
6
CONTINUOUS
10
-0.0577607480314961
20
-0.6573420078740158
11
-0.0582016535433071
21
-0.6562775984251968
0
LINE
8
BLACK
6
CONTINUOUS
10
-0.0582016535433071
20
-0.6562775984251968
11
-0.0582583858267717
21
-0.6557015354330709
0
LINE
8
BLACK
6
CONTINUOUS
10
-0.0582583858267717
20
-0.6557015354330709
11
-0.0582583858267717
21
-0.6357761417322835
0
LINE
8
BLACK
6
CONTINUOUS
10
-0.0582583858267717
20
-0.6357761417322835
11
-0.0593812598425197
21
-0.6335303937007873
0
LINE
8
BLACK
6
CONTINUOUS
10
-0.0593812598425197
20
-0.6335303937007873
11
-0.061626968503937
21
-0.6324075590551181
0
LINE
8
BLACK
6
CONTINUOUS
10
-0.061626968503937
20
-0.6324075590551181
11
-0.0658571653543307
21
-0.6324075590551181
0
LINE
8
BLACK
6
CONTINUOUS
10
-0.0658571653543307
20
-0.6324075590551181
11
-0.0685546456692913
21
-0.6337562992125985
0
LINE
8
BLACK
6
CONTINUOUS
10
-0.0685546456692913
20
-0.6337562992125985
11
-0.0692257480314961
21
-0.6344274015748032
0
LINE
8
BLACK
6
CONTINUOUS
10
-0.0692257480314961
20
-0.6344274015748032
11
-0.0692257480314961
21
-0.6557015354330709
0
LINE
8
BLACK
6
CONTINUOUS
10
-0.0692257480314961
20
-0.6557015354330709
11
-0.0692824803149606
21
-0.6562775984251968
0
LINE
8
BLACK
6
CONTINUOUS
10
-0.0692824803149606
20
-0.6562775984251968
11
-0.0697233858267716
21
-0.6573420078740158
0
LINE
8
BLACK
6
CONTINUOUS
10
-0.0697233858267716
20
-0.6573420078740158
11
-0.070538031496063
21
-0.6581566535433071
0
LINE
8
BLACK
6
CONTINUOUS
10
-0.070538031496063
20
-0.6581566535433071
11
-0.0716024409448819
21
-0.6585975590551181
0
LINE
8
BLACK
6
CONTINUOUS
10
-0.0716024409448819
20
-0.6585975590551181
11
-0.0727545669291339
21
-0.6585975590551181
0
LINE
8
BLACK
6
CONTINUOUS
10
-0.0727545669291339
20
-0.6585975590551181
11
-0.0738189763779528
21
-0.6581566535433071
0
LINE
8
BLACK
6
CONTINUOUS
10
-0.0738189763779528
20
-0.6581566535433071
11
-0.0746336220472441
21
-0.6573420078740158
0
LINE
8
BLACK
6
CONTINUOUS
10
-0.0746336220472441
20
-0.6573420078740158
11
-0.0750745275590551
21
-0.6562775984251968
0
LINE
8
BLACK
6
CONTINUOUS
10
-0.0750745275590551
20
-0.6562775984251968
11
-0.0751312598425197
21
-0.6557015354330709
0
LINE
8
BLACK
6
CONTINUOUS
10
-0.0751312598425197
20
-0.6557015354330709
11
-0.0751312598425197
21
-0.6294548031496063
0
LINE
8
BLACK
6
CONTINUOUS
10
-0.0751312598425197
20
-0.6294548031496063
11
-0.0750745275590551
21
-0.6288787401574804
0
LINE
8
BLACK
6
CONTINUOUS
10
-0.0750745275590551
20
-0.6288787401574804
11
-0.0746336220472441
21
-0.6278143307086614
0
LINE
8
BLACK
6
CONTINUOUS
10
-0.0746336220472441
20
-0.6278143307086614
11
-0.0738189763779528
21
-0.6269996850393701
0
LINE
8
BLACK
6
CONTINUOUS
10
-0.0738189763779528
20
-0.6269996850393701
11
-0.0727545669291339
21
-0.626558779527559
0
LINE
8
BLACK
6
CONTINUOUS
10
-0.0727545669291339
20
-0.626558779527559
11
-0.0716024409448819
21
-0.626558779527559
0
LINE
8
BLACK
6
CONTINUOUS
10
-0.0716024409448819
20
-0.626558779527559
11
-0.070538031496063
21
-0.6269996850393701
0
LINE
8
BLACK
6
CONTINUOUS
10
-0.070538031496063
20
-0.6269996850393701
11
-0.0697742125984252
21
-0.6277635039370079
0
LINE
8
BLACK
6
CONTINUOUS
10
-0.0697742125984252
20
-0.6277635039370079
11
-0.0678747244094488
21
-0.626813779527559
0
LINE
8
BLACK
6
CONTINUOUS
10
-0.0678747244094488
20
-0.626813779527559
11
-0.0673341338582677
21
-0.6266068897637795
0
LINE
8
BLACK
6
CONTINUOUS
10
-0.0673341338582677
20
-0.6266068897637795
11
-0.0672282677165354
21
-0.6265993307086614
0
LINE
8
BLACK
6
CONTINUOUS
10
-0.0672282677165354
20
-0.6265993307086614
11
-0.0671302755905512
21
-0.626558779527559
0
LINE
8
BLACK
6
CONTINUOUS
10
-0.0671302755905512
20
-0.626558779527559
11
-0.0665542125984252
21
-0.6265020472440945
0
LINE
8
BLACK
6
CONTINUOUS
10
-0.0665542125984252
20
-0.6265020472440945
11
-0.0609299212598425
21
-0.6265020472440945
0
LINE
8
BLACK
6
CONTINUOUS
10
-0.0609299212598425
20
-0.6265020472440945
11
-0.0603538582677165
21
-0.626558779527559
0
LINE
8
BLACK
6
CONTINUOUS
10
-0.0124202755905512
20
-0.6269996850393701
11
-0.0116056299212598
21
-0.6278143307086614
0
LINE
8
BLACK
6
CONTINUOUS
10
-0.0116056299212598
20
-0.6278143307086614
11
-0.0111647244094488
21
-0.6288787401574804
0
LINE
8
BLACK
6
CONTINUOUS
10
-0.0111647244094488
20
-0.6288787401574804
11
-0.0111079921259843
21
-0.6294548031496063
0
LINE
8
BLACK
6
CONTINUOUS
10
-0.0111079921259843
20
-0.6294548031496063
11
-0.0111079921259843
21
-0.6557015354330709
0
LINE
8
BLACK
6
CONTINUOUS
10
-0.0111079921259843
20
-0.6557015354330709
11
-0.0111647244094488
21
-0.6562775984251968
0
LINE
8
BLACK
6
CONTINUOUS
10
-0.0111647244094488
20
-0.6562775984251968
11
-0.0116056299212598
21
-0.6573420078740158
0
LINE
8
BLACK
6
CONTINUOUS
10
-0.0116056299212598
20
-0.6573420078740158
11
-0.0124202755905512
21
-0.6581566535433071
0
LINE
8
BLACK
6
CONTINUOUS
10
-0.0124202755905512
20
-0.6581566535433071
11
-0.0134846850393701
21
-0.6585975590551181
0
LINE
8
BLACK
6
CONTINUOUS
10
-0.0134846850393701
20
-0.6585975590551181
11
-0.014636811023622
21
-0.6585975590551181
0
LINE
8
BLACK
6
CONTINUOUS
10
-0.014636811023622
20
-0.6585975590551181
11
-0.0157012204724409
21
-0.6581566535433071
0
LINE
8
BLACK
6
CONTINUOUS
10
-0.0157012204724409
20
-0.6581566535433071
11
-0.0165158661417323
21
-0.6573420078740158
0
LINE
8
BLACK
6
CONTINUOUS
10
-0.0165158661417323
20
-0.6573420078740158
11
-0.0169567716535433
21
-0.6562775984251968
0
LINE
8
BLACK
6
CONTINUOUS
10
-0.0169567716535433
20
-0.6562775984251968
11
-0.0170135039370079
21
-0.6557015354330709
0
LINE
8
BLACK
6
CONTINUOUS
10
-0.0170135039370079
20
-0.6557015354330709
11
-0.0170135039370079
21
-0.6294548031496063
0
LINE
8
BLACK
6
CONTINUOUS
10
-0.0170135039370079
20
-0.6294548031496063
11
-0.0169567716535433
21
-0.6288787401574804
0
LINE
8
BLACK
6
CONTINUOUS
10
-0.0169567716535433
20
-0.6288787401574804
11
-0.0165158661417323
21
-0.6278143307086614
0
LINE
8
BLACK
6
CONTINUOUS
10
-0.0165158661417323
20
-0.6278143307086614
11
-0.0157012204724409
21
-0.6269996850393701
0
LINE
8
BLACK
6
CONTINUOUS
10
-0.0157012204724409
20
-0.6269996850393701
11
-0.014636811023622
21
-0.626558779527559
0
LINE
8
BLACK
6
CONTINUOUS
10
-0.014636811023622
20
-0.626558779527559
11
-0.0134846850393701
21
-0.626558779527559
0
LINE
8
BLACK
6
CONTINUOUS
10
-0.0134846850393701
20
-0.626558779527559
11
-0.0124202755905512
21
-0.6269996850393701
0
LINE
8
BLACK
6
CONTINUOUS
10
0.0165115354330709
20
-0.626558779527559
11
0.0166095275590551
21
-0.6265993700787401
0
LINE
8
BLACK
6
CONTINUOUS
10
0.0166095275590551
20
-0.6265993700787401
11
0.0167153543307087
21
-0.6266068897637795
0
LINE
8
BLACK
6
CONTINUOUS
10
0.0167153543307087
20
-0.6266068897637795
11
0.0172559842519685
21
-0.626813779527559
0
LINE
8
BLACK
6
CONTINUOUS
10
0.0172559842519685
20
-0.626813779527559
11
0.0210055118110236
21
-0.6286885433070866
0
LINE
8
BLACK
6
CONTINUOUS
10
0.0210055118110236
20
-0.6286885433070866
11
0.0211018503937008
21
-0.6287491732283464
0
LINE
8
BLACK
6
CONTINUOUS
10
0.0211018503937008
20
-0.6287491732283464
11
0.0211472834645669
21
-0.6287643307086614
0
LINE
8
BLACK
6
CONTINUOUS
10
0.0211472834645669
20
-0.6287643307086614
11
0.0212038188976378
21
-0.6288133464566928
0
LINE
8
BLACK
6
CONTINUOUS
10
0.0212038188976378
20
-0.6288133464566928
11
0.0214953937007874
21
-0.6289968897637795
0
LINE
8
BLACK
6
CONTINUOUS
10
0.0214953937007874
20
-0.6289968897637795
11
0.0217379527559055
21
-0.6292765748031496
0
LINE
8
BLACK
6
CONTINUOUS
10
0.0217379527559055
20
-0.6292765748031496
11
0.0220176771653543
21
-0.6295191732283465
0
LINE
8
BLACK
6
CONTINUOUS
10
0.0220176771653543
20
-0.6295191732283465
11
0.0222011811023622
21
-0.6298107086614173
0
LINE
8
BLACK
6
CONTINUOUS
10
0.0222011811023622
20
-0.6298107086614173
11
0.0222502362204724
21
-0.6298672834645669
0
LINE
8
BLACK
6
CONTINUOUS
10
0.0222502362204724
20
-0.6298672834645669
11
0.0222653543307087
21
-0.6299126771653543
0
LINE
8
BLACK
6
CONTINUOUS
10
0.0222653543307087
20
-0.6299126771653543
11
0.0223260236220472
21
-0.6300090551181102
0
LINE
8
BLACK
6
CONTINUOUS
10
0.0223260236220472
20
-0.6300090551181102
11
0.0242007874015748
21
-0.6337585826771653
0
LINE
8
BLACK
6
CONTINUOUS
10
0.0242007874015748
20
-0.6337585826771653
11
0.0244076771653543
21
-0.6342991732283464
0
LINE
8
BLACK
6
CONTINUOUS
10
0.0244076771653543
20
-0.6342991732283464
11
0.0244151968503937
21
-0.6344050393700787
0
LINE
8
BLACK
6
CONTINUOUS
10
0.0244151968503937
20
-0.6344050393700787
11
0.0244557874015748
21
-0.634503031496063
0
LINE
8
BLACK
6
CONTINUOUS
10
0.0244557874015748
20
-0.634503031496063
11
0.0245125196850394
21
-0.635079094488189
0
LINE
8
BLACK
6
CONTINUOUS
10
0.0245125196850394
20
-0.635079094488189
11
0.0245125196850394
21
-0.6557015354330709
0
LINE
8
BLACK
6
CONTINUOUS
10
0.0245125196850394
20
-0.6557015354330709
11
0.0244557874015748
21
-0.6562775984251968
0
LINE
8
BLACK
6
CONTINUOUS
10
0.0244557874015748
20
-0.6562775984251968
11
0.0240148818897638
21
-0.6573420078740158
0
LINE
8
BLACK
6
CONTINUOUS
10
0.0240148818897638
20
-0.6573420078740158
11
0.0232002362204724
21
-0.6581566535433071
0
LINE
8
BLACK
6
CONTINUOUS
10
0.0232002362204724
20
-0.6581566535433071
11
0.0221358267716535
21
-0.6585975590551181
0
LINE
8
BLACK
6
CONTINUOUS
10
0.0221358267716535
20
-0.6585975590551181
11
0.0209837007874016
21
-0.6585975590551181
0
LINE
8
BLACK
6
CONTINUOUS
10
0.0209837007874016
20
-0.6585975590551181
11
0.0199192913385827
21
-0.6581566535433071
0
LINE
8
BLACK
6
CONTINUOUS
10
0.0199192913385827
20
-0.6581566535433071
11
0.0191046456692913
21
-0.6573420078740158
0
LINE
8
BLACK
6
CONTINUOUS
10
0.0191046456692913
20
-0.6573420078740158
11
0.0186637401574803
21
-0.6562775984251968
0
LINE
8
BLACK
6
CONTINUOUS
10
0.0186637401574803
20
-0.6562775984251968
11
0.0186070078740157
21
-0.6557015354330709
0
LINE
8
BLACK
6
CONTINUOUS
10
0.0186070078740157
20
-0.6557015354330709
11
0.0186070078740157
21
-0.6357761417322835
0
LINE
8
BLACK
6
CONTINUOUS
10
0.0186070078740157
20
-0.6357761417322835
11
0.0174841338582677
21
-0.6335303937007873
0
LINE
8
BLACK
6
CONTINUOUS
10
0.0174841338582677
20
-0.6335303937007873
11
0.0152384251968504
21
-0.6324075590551181
0
LINE
8
BLACK
6
CONTINUOUS
10
0.0152384251968504
20
-0.6324075590551181
11
0.0110082283464567
21
-0.6324075590551181
0
LINE
8
BLACK
6
CONTINUOUS
10
0.0110082283464567
20
-0.6324075590551181
11
0.0083107480314961
21
-0.6337562992125985
0
LINE
8
BLACK
6
CONTINUOUS
10
0.0083107480314961
20
-0.6337562992125985
11
0.0076396456692913
21
-0.6344274015748032
0
LINE
8
BLACK
6
CONTINUOUS
10
0.0076396456692913
20
-0.6344274015748032
11
0.0076396456692913
21
-0.6557015354330709
0
LINE
8
BLACK
6
CONTINUOUS
10
0.0076396456692913
20
-0.6557015354330709
11
0.0075829133858268
21
-0.6562775984251968
0
LINE
8
BLACK
6
CONTINUOUS
10
0.0075829133858268
20
-0.6562775984251968
11
0.0071420078740157
21
-0.6573420078740158
0
LINE
8
BLACK
6
CONTINUOUS
10
0.0071420078740157
20
-0.6573420078740158
11
0.0063273622047244
21
-0.6581566535433071
0
LINE
8
BLACK
6
CONTINUOUS
10
0.0063273622047244
20
-0.6581566535433071
11
0.0052629527559055
21
-0.6585975590551181
0
LINE
8
BLACK
6
CONTINUOUS
10
0.0052629527559055
20
-0.6585975590551181
11
0.0041108267716535
21
-0.6585975590551181
0
LINE
8
BLACK
6
CONTINUOUS
10
0.0041108267716535
20
-0.6585975590551181
11
0.0030464173228346
21
-0.6581566535433071
0
LINE
8
BLACK
6
CONTINUOUS
10
0.0030464173228346
20
-0.6581566535433071
11
0.0022317716535433
21
-0.6573420078740158
0
LINE
8
BLACK
6
CONTINUOUS
10
0.0022317716535433
20
-0.6573420078740158
11
0.0017908661417323
21
-0.6562775984251968
0
LINE
8
BLACK
6
CONTINUOUS
10
0.0017908661417323
20
-0.6562775984251968
11
0.0017341338582677
21
-0.6557015354330709
0
LINE
8
BLACK
6
CONTINUOUS
10
0.0017341338582677
20
-0.6557015354330709
11
0.0017341338582677
21
-0.6294548031496063
0
LINE
8
BLACK
6
CONTINUOUS
10
0.0017341338582677
20
-0.6294548031496063
11
0.0017908661417323
21
-0.6288787401574804
0
LINE
8
BLACK
6
CONTINUOUS
10
0.0017908661417323
20
-0.6288787401574804
11
0.0022317716535433
21
-0.6278143307086614
0
LINE
8
BLACK
6
CONTINUOUS
10
0.0022317716535433
20
-0.6278143307086614
11
0.0030464173228346
21
-0.6269996850393701
0
LINE
8
BLACK
6
CONTINUOUS
10
0.0030464173228346
20
-0.6269996850393701
11
0.0041108267716535
21
-0.626558779527559
0
LINE
8
BLACK
6
CONTINUOUS
10
0.0041108267716535
20
-0.626558779527559
11
0.0052629527559055
21
-0.626558779527559
0
LINE
8
BLACK
6
CONTINUOUS
10
0.0052629527559055
20
-0.626558779527559
11
0.0063273622047244
21
-0.6269996850393701
0
LINE
8
BLACK
6
CONTINUOUS
10
0.0063273622047244
20
-0.6269996850393701
11
0.0070911811023622
21
-0.6277635039370079
0
LINE
8
BLACK
6
CONTINUOUS
10
0.0070911811023622
20
-0.6277635039370079
11
0.0089906692913386
21
-0.626813779527559
0
LINE
8
BLACK
6
CONTINUOUS
10
0.0089906692913386
20
-0.626813779527559
11
0.0095312598425197
21
-0.6266068897637795
0
LINE
8
BLACK
6
CONTINUOUS
10
0.0095312598425197
20
-0.6266068897637795
11
0.009637125984252
21
-0.6265993307086614
0
LINE
8
BLACK
6
CONTINUOUS
10
0.009637125984252
20
-0.6265993307086614
11
0.0097351181102362
21
-0.626558779527559
0
LINE
8
BLACK
6
CONTINUOUS
10
0.0097351181102362
20
-0.626558779527559
11
0.0103111811023622
21
-0.6265020472440945
0
LINE
8
BLACK
6
CONTINUOUS
10
0.0103111811023622
20
-0.6265020472440945
11
0.0159354724409449
21
-0.6265020472440945
0
LINE
8
BLACK
6
CONTINUOUS
10
0.0159354724409449
20
-0.6265020472440945
11
0.0165115354330709
21
-0.626558779527559
0
LINE
8
BLACK
6
CONTINUOUS
10
0.0775684645669291
20
-0.6138763385826772
11
0.0783831102362205
21
-0.6146909842519684
0
LINE
8
BLACK
6
CONTINUOUS
10
0.0783831102362205
20
-0.6146909842519684
11
0.0788240157480315
21
-0.6157553937007874
0
LINE
8
BLACK
6
CONTINUOUS
10
0.0788240157480315
20
-0.6157553937007874
11
0.0788807480314961
21
-0.6163314566929133
0
LINE
8
BLACK
6
CONTINUOUS
10
0.0788807480314961
20
-0.6163314566929133
11
0.0788807480314961
21
-0.6321263385826772
0
LINE
8
BLACK
6
CONTINUOUS
10
0.0788807480314961
20
-0.6321263385826772
11
0.0954724015748031
21
-0.6321263385826772
0
LINE
8
BLACK
6
CONTINUOUS
10
0.0954724015748031
20
-0.6321263385826772
11
0.0954724015748031
21
-0.6163314566929133
0
LINE
8
BLACK
6
CONTINUOUS
10
0.0954724015748031
20
-0.6163314566929133
11
0.0955291338582677
21
-0.6157553937007874
0
LINE
8
BLACK
6
CONTINUOUS
10
0.0955291338582677
20
-0.6157553937007874
11
0.0959700393700787
21
-0.6146909842519684
0
LINE
8
BLACK
6
CONTINUOUS
10
0.0959700393700787
20
-0.6146909842519684
11
0.0967846850393701
21
-0.6138763385826772
0
LINE
8
BLACK
6
CONTINUOUS
10
0.0967846850393701
20
-0.6138763385826772
11
0.097849094488189
21
-0.6134354330708661
0
LINE
8
BLACK
6
CONTINUOUS
10
0.097849094488189
20
-0.6134354330708661
11
0.0990012204724409
21
-0.6134354330708661
0
LINE
8
BLACK
6
CONTINUOUS
10
0.0990012204724409
20
-0.6134354330708661
11
0.1000656299212598
21
-0.6138763385826772
0
LINE
8
BLACK
6
CONTINUOUS
10
0.1000656299212598
20
-0.6138763385826772
11
0.1008802755905512
21
-0.6146909842519684
0
LINE
8
BLACK
6
CONTINUOUS
10
0.1008802755905512
20
-0.6146909842519684
11
0.1013211811023622
21
-0.6157553937007874
0
LINE
8
BLACK
6
CONTINUOUS
10
0.1013211811023622
20
-0.6157553937007874
11
0.1013779133858268
21
-0.6163314566929133
0
LINE
8
BLACK
6
CONTINUOUS
10
0.1013779133858268
20
-0.6163314566929133
11
0.1013779133858268
21
-0.6557015354330709
0
LINE
8
BLACK
6
CONTINUOUS
10
0.1013779133858268
20
-0.6557015354330709
11
0.1013211811023622
21
-0.6562775984251968
0
LINE
8
BLACK
6
CONTINUOUS
10
0.1013211811023622
20
-0.6562775984251968
11
0.1008802755905512
21
-0.6573420078740158
0
LINE
8
BLACK
6
CONTINUOUS
10
0.1008802755905512
20
-0.6573420078740158
11
0.1000656299212598
21
-0.6581566535433071
0
LINE
8
BLACK
6
CONTINUOUS
10
0.1000656299212598
20
-0.6581566535433071
11
0.0990012204724409
21
-0.6585975590551181
0
LINE
8
BLACK
6
CONTINUOUS
10
0.0990012204724409
20
-0.6585975590551181
11
0.097849094488189
21
-0.6585975590551181
0
LINE
8
BLACK
6
CONTINUOUS
10
0.097849094488189
20
-0.6585975590551181
11
0.0967846850393701
21
-0.6581566535433071
0
LINE
8
BLACK
6
CONTINUOUS
10
0.0967846850393701
20
-0.6581566535433071
11
0.0959700393700787
21
-0.6573420078740158
0
LINE
8
BLACK
6
CONTINUOUS
10
0.0959700393700787
20
-0.6573420078740158
11
0.0955291338582677
21
-0.6562775984251968
0
LINE
8
BLACK
6
CONTINUOUS
10
0.0955291338582677
20
-0.6562775984251968
11
0.0954724015748031
21
-0.6557015354330709
0
LINE
8
BLACK
6
CONTINUOUS
10
0.0954724015748031
20
-0.6557015354330709
11
0.0954724015748031
21
-0.6380318503937008
0
LINE
8
BLACK
6
CONTINUOUS
10
0.0954724015748031
20
-0.6380318503937008
11
0.0788807480314961
21
-0.6380318503937008
0
LINE
8
BLACK
6
CONTINUOUS
10
0.0788807480314961
20
-0.6380318503937008
11
0.0788807480314961
21
-0.6557015354330709
0
LINE
8
BLACK
6
CONTINUOUS
10
0.0788807480314961
20
-0.6557015354330709
11
0.0788240157480315
21
-0.6562775984251968
0
LINE
8
BLACK
6
CONTINUOUS
10
0.0788240157480315
20
-0.6562775984251968
11
0.0783831102362205
21
-0.6573420078740158
0
LINE
8
BLACK
6
CONTINUOUS
10
0.0783831102362205
20
-0.6573420078740158
11
0.0775684645669291
21
-0.6581566535433071
0
LINE
8
BLACK
6
CONTINUOUS
10
0.0775684645669291
20
-0.6581566535433071
11
0.0765040551181102
21
-0.6585975590551181
0
LINE
8
BLACK
6
CONTINUOUS
10
0.0765040551181102
20
-0.6585975590551181
11
0.0753519291338583
21
-0.6585975590551181
0
LINE
8
BLACK
6
CONTINUOUS
10
0.0753519291338583
20
-0.6585975590551181
11
0.0742875196850394
21
-0.6581566535433071
0
LINE
8
BLACK
6
CONTINUOUS
10
0.0742875196850394
20
-0.6581566535433071
11
0.073472874015748
21
-0.6573420078740158
0
LINE
8
BLACK
6
CONTINUOUS
10
0.073472874015748
20
-0.6573420078740158
11
0.073031968503937
21
-0.6562775984251968
0
LINE
8
BLACK
6
CONTINUOUS
10
0.073031968503937
20
-0.6562775984251968
11
0.0729752362204724
21
-0.6557015354330709
0
LINE
8
BLACK
6
CONTINUOUS
10
0.0729752362204724
20
-0.6557015354330709
11
0.0729752362204724
21
-0.6163314566929133
0
LINE
8
BLACK
6
CONTINUOUS
10
0.0729752362204724
20
-0.6163314566929133
11
0.073031968503937
21
-0.6157553937007874
0
LINE
8
BLACK
6
CONTINUOUS
10
0.073031968503937
20
-0.6157553937007874
11
0.073472874015748
21
-0.6146909842519684
0
LINE
8
BLACK
6
CONTINUOUS
10
0.073472874015748
20
-0.6146909842519684
11
0.0742875196850394
21
-0.6138763385826772
0
LINE
8
BLACK
6
CONTINUOUS
10
0.0742875196850394
20
-0.6138763385826772
11
0.0753519291338583
21
-0.6134354330708661
0
LINE
8
BLACK
6
CONTINUOUS
10
0.0753519291338583
20
-0.6134354330708661
11
0.0765040551181102
21
-0.6134354330708661
0
LINE
8
BLACK
6
CONTINUOUS
10
0.0765040551181102
20
-0.6134354330708661
11
0.0775684645669291
21
-0.6138763385826772
0
LINE
8
BLACK
6
CONTINUOUS
10
-0.0125885039370079
20
-0.6138066535433071
11
-0.0124202755905512
21
-0.6138763385826772
0
LINE
8
BLACK
6
CONTINUOUS
10
-0.0124202755905512
20
-0.6138763385826772
11
-0.0119728346456693
21
-0.6142435433070866
0
LINE
8
BLACK
6
CONTINUOUS
10
-0.0119728346456693
20
-0.6142435433070866
11
-0.0100980708661417
21
-0.6161183070866142
0
LINE
8
BLACK
6
CONTINUOUS
10
-0.0100980708661417
20
-0.6161183070866142
11
-0.0097308661417323
21
-0.616565748031496
0
LINE
8
BLACK
6
CONTINUOUS
10
-0.0097308661417323
20
-0.616565748031496
11
-0.0093106692913386
21
-0.6175801181102362
0
LINE
8
BLACK
6
CONTINUOUS
10
-0.0093106692913386
20
-0.6175801181102362
11
-0.0092899606299213
21
-0.6176301968503937
0
LINE
8
BLACK
6
CONTINUOUS
10
-0.0092899606299213
20
-0.6176301968503937
11
-0.0092899606299213
21
-0.6187822834645669
0
LINE
8
BLACK
6
CONTINUOUS
10
-0.0092899606299213
20
-0.6187822834645669
11
-0.0097308661417323
21
-0.6198466929133858
0
LINE
8
BLACK
6
CONTINUOUS
10
-0.0097308661417323
20
-0.6198466929133858
11
-0.0100980708661417
21
-0.6202941338582677
0
LINE
8
BLACK
6
CONTINUOUS
10
-0.0100980708661417
20
-0.6202941338582677
11
-0.0119728346456693
21
-0.6221688976377953
0
LINE
8
BLACK
6
CONTINUOUS
10
-0.0119728346456693
20
-0.6221688976377953
11
-0.0124202755905512
21
-0.6225361023622047
0
LINE
8
BLACK
6
CONTINUOUS
10
-0.0124202755905512
20
-0.6225361023622047
11
-0.0134846850393701
21
-0.6229770078740158
0
LINE
8
BLACK
6
CONTINUOUS
10
-0.0134846850393701
20
-0.6229770078740158
11
-0.0134847244094488
21
-0.6229770078740158
0
LINE
8
BLACK
6
CONTINUOUS
10
-0.0134847244094488
20
-0.6229770078740158
11
-0.0146367716535433
21
-0.6229770078740158
0
LINE
8
BLACK
6
CONTINUOUS
10
-0.0146367716535433
20
-0.6229770078740158
11
-0.014636811023622
21
-0.6229770078740158
0
LINE
8
BLACK
6
CONTINUOUS
10
-0.014636811023622
20
-0.6229770078740158
11
-0.0157012204724409
21
-0.6225361023622047
0
LINE
8
BLACK
6
CONTINUOUS
10
-0.0157012204724409
20
-0.6225361023622047
11
-0.0161486614173228
21
-0.6221688976377953
0
LINE
8
BLACK
6
CONTINUOUS
10
-0.0161486614173228
20
-0.6221688976377953
11
-0.0180234251968504
21
-0.6202941338582677
0
LINE
8
BLACK
6
CONTINUOUS
10
-0.0180234251968504
20
-0.6202941338582677
11
-0.0183906299212598
21
-0.6198466929133858
0
LINE
8
BLACK
6
CONTINUOUS
10
-0.0183906299212598
20
-0.6198466929133858
11
-0.0188315354330709
21
-0.6187822440944881
0
LINE
8
BLACK
6
CONTINUOUS
10
-0.0188315354330709
20
-0.6187822440944881
11
-0.0188315354330709
21
-0.6176301968503937
0
LINE
8
BLACK
6
CONTINUOUS
10
-0.0188315354330709
20
-0.6176301968503937
11
-0.0183906299212598
21
-0.616565748031496
0
LINE
8
BLACK
6
CONTINUOUS
10
-0.0183906299212598
20
-0.616565748031496
11
-0.0180234251968504
21
-0.6161183070866142
0
LINE
8
BLACK
6
CONTINUOUS
10
-0.0180234251968504
20
-0.6161183070866142
11
-0.0161486614173228
21
-0.6142435433070866
0
LINE
8
BLACK
6
CONTINUOUS
10
-0.0161486614173228
20
-0.6142435433070866
11
-0.0157012204724409
21
-0.6138763385826772
0
LINE
8
BLACK
6
CONTINUOUS
10
-0.0157012204724409
20
-0.6138763385826772
11
-0.014636811023622
21
-0.6134354330708661
0
LINE
8
BLACK
6
CONTINUOUS
10
-0.014636811023622
20
-0.6134354330708661
11
-0.0134847244094488
21
-0.6134354330708661
0
LINE
8
BLACK
6
CONTINUOUS
10
-0.0134847244094488
20
-0.6134354330708661
11
-0.0134846850393701
21
-0.6134354330708661
0
LINE
8
BLACK
6
CONTINUOUS
10
-0.0134846850393701
20
-0.6134354330708661
11
-0.0125885039370079
21
-0.6138066535433071
0
LINE
8
BLACK
6
CONTINUOUS
10
0.0139694488188976
20
-0.4480811023622047
11
0.0142618503937008
21
-0.4480811023622047
0
LINE
8
BLACK
6
CONTINUOUS
10
0.0142618503937008
20
-0.4480811023622047
11
0.014529094488189
21
-0.448191811023622
0
LINE
8
BLACK
6
CONTINUOUS
10
0.014529094488189
20
-0.448191811023622
11
0.0148129133858268
21
-0.4482479527559055
0
LINE
8
BLACK
6
CONTINUOUS
10
0.0148129133858268
20
-0.4482479527559055
11
0.0150561811023622
21
-0.4484101181102362
0
LINE
8
BLACK
6
CONTINUOUS
10
0.0150561811023622
20
-0.4484101181102362
11
0.0153262598425197
21
-0.4485220078740157
0
LINE
8
BLACK
6
CONTINUOUS
10
0.0153262598425197
20
-0.4485220078740157
11
0.0155307086614173
21
-0.4487264566929134
0
LINE
8
BLACK
6
CONTINUOUS
10
0.0155307086614173
20
-0.4487264566929134
11
0.0157715354330709
21
-0.4488870078740158
0
LINE
8
BLACK
6
CONTINUOUS
10
0.0157715354330709
20
-0.4488870078740158
11
0.0159342519685039
21
-0.44913
0
LINE
8
BLACK
6
CONTINUOUS
10
0.0159342519685039
20
-0.44913
11
0.016140905511811
21
-0.4493366535433071
0
LINE
8
BLACK
6
CONTINUOUS
10
0.016140905511811
20
-0.4493366535433071
11
0.0162515748031496
21
-0.4496038582677165
0
LINE
8
BLACK
6
CONTINUOUS
10
0.0162515748031496
20
-0.4496038582677165
11
0.0164125984251969
21
-0.4498442913385827
0
LINE
8
BLACK
6
CONTINUOUS
10
0.0164125984251969
20
-0.4498442913385827
11
0.0164699212598425
21
-0.4501309448818898
0
LINE
8
BLACK
6
CONTINUOUS
10
0.0164699212598425
20
-0.4501309448818898
11
0.016581811023622
21
-0.450401062992126
0
LINE
8
BLACK
6
CONTINUOUS
10
0.016581811023622
20
-0.450401062992126
11
0.0166379133858268
21
-0.4509709842519685
0
LINE
8
BLACK
6
CONTINUOUS
10
0.0166379133858268
20
-0.4509709842519685
11
0.0166385433070866
21
-0.4509740157480315
0
LINE
8
BLACK
6
CONTINUOUS
10
0.0166385433070866
20
-0.4509740157480315
11
0.0166383070866142
21
-0.4509750393700787
0
LINE
8
BLACK
6
CONTINUOUS
10
0.0166383070866142
20
-0.4509750393700787
11
0.0166385433070866
21
-0.4509771259842519
0
LINE
8
BLACK
6
CONTINUOUS
10
0.0166385433070866
20
-0.4509771259842519
11
0.0166385433070866
21
-0.4873944488188977
0
LINE
8
BLACK
6
CONTINUOUS
10
0.0166385433070866
20
-0.4873944488188977
11
0.0249343700787402
21
-0.4873944488188977
0
LINE
8
BLACK
6
CONTINUOUS
10
0.0249343700787402
20
-0.4873944488188977
11
0.0255104330708661
21
-0.4874511811023622
0
LINE
8
BLACK
6
CONTINUOUS
10
0.0255104330708661
20
-0.4874511811023622
11
0.026574842519685
21
-0.4878920866141732
0
LINE
8
BLACK
6
CONTINUOUS
10
0.026574842519685
20
-0.4878920866141732
11
0.0273894881889764
21
-0.4887067322834646
0
LINE
8
BLACK
6
CONTINUOUS
10
0.0273894881889764
20
-0.4887067322834646
11
0.0278303937007874
21
-0.4897711417322835
0
LINE
8
BLACK
6
CONTINUOUS
10
0.0278303937007874
20
-0.4897711417322835
11
0.0278303937007874
21
-0.4909232677165354
0
LINE
8
BLACK
6
CONTINUOUS
10
0.0278303937007874
20
-0.4909232677165354
11
0.0273894881889764
21
-0.4919876771653543
0
LINE
8
BLACK
6
CONTINUOUS
10
0.0273894881889764
20
-0.4919876771653543
11
0.026574842519685
21
-0.4928023228346456
0
LINE
8
BLACK
6
CONTINUOUS
10
0.026574842519685
20
-0.4928023228346456
11
0.0255104330708661
21
-0.4932432283464567
0
LINE
8
BLACK
6
CONTINUOUS
10
0.0255104330708661
20
-0.4932432283464567
11
0.0249343700787402
21
-0.4932999606299213
0
LINE
8
BLACK
6
CONTINUOUS
10
0.0249343700787402
20
-0.4932999606299213
11
0.0024372047244094
21
-0.4932999606299213
0
LINE
8
BLACK
6
CONTINUOUS
10
0.0024372047244094
20
-0.4932999606299213
11
0.0018611417322835
21
-0.4932432283464567
0
LINE
8
BLACK
6
CONTINUOUS
10
0.0018611417322835
20
-0.4932432283464567
11
0.0007967322834646
21
-0.4928023228346456
0
LINE
8
BLACK
6
CONTINUOUS
10
0.0007967322834646
20
-0.4928023228346456
11
-0.0000179133858268
21
-0.4919876771653543
0
LINE
8
BLACK
6
CONTINUOUS
10
-0.0000179133858268
20
-0.4919876771653543
11
-0.0004588188976378
21
-0.4909232677165354
0
LINE
8
BLACK
6
CONTINUOUS
10
-0.0004588188976378
20
-0.4909232677165354
11
-0.0004588188976378
21
-0.4897711417322835
0
LINE
8
BLACK
6
CONTINUOUS
10
-0.0004588188976378
20
-0.4897711417322835
11
-0.0000179133858268
21
-0.4887067322834646
0
LINE
8
BLACK
6
CONTINUOUS
10
-0.0000179133858268
20
-0.4887067322834646
11
0.0007967322834646
21
-0.4878920866141732
0
LINE
8
BLACK
6
CONTINUOUS
10
0.0007967322834646
20
-0.4878920866141732
11
0.0018611417322835
21
-0.4874511811023622
0
LINE
8
BLACK
6
CONTINUOUS
10
0.0018611417322835
20
-0.4874511811023622
11
0.0024372047244094
21
-0.4873944488188977
0
LINE
8
BLACK
6
CONTINUOUS
10
0.0024372047244094
20
-0.4873944488188977
11
0.010733031496063
21
-0.4873944488188977
0
LINE
8
BLACK
6
CONTINUOUS
10
0.010733031496063
20
-0.4873944488188977
11
0.010733031496063
21
-0.4599804724409449
0
LINE
8
BLACK
6
CONTINUOUS
10
0.010733031496063
20
-0.4599804724409449
11
0.0082746456692913
21
-0.4624388582677165
0
LINE
8
BLACK
6
CONTINUOUS
10
0.0082746456692913
20
-0.4624388582677165
11
0.0080482677165354
21
-0.4626246062992126
0
LINE
8
BLACK
6
CONTINUOUS
10
0.0080482677165354
20
-0.4626246062992126
11
0.007997125984252
21
-0.4626836220472441
0
LINE
8
BLACK
6
CONTINUOUS
10
0.007997125984252
20
-0.4626836220472441
11
0.0079081496062992
21
-0.4627395669291339
0
LINE
8
BLACK
6
CONTINUOUS
10
0.0079081496062992
20
-0.4627395669291339
11
0.0078272047244094
21
-0.462806062992126
0
LINE
8
BLACK
6
CONTINUOUS
10
0.0078272047244094
20
-0.462806062992126
11
0.0077552362204724
21
-0.4628358661417323
0
LINE
8
BLACK
6
CONTINUOUS
10
0.0077552362204724
20
-0.4628358661417323
11
0.0075072440944882
21
-0.462991968503937
0
LINE
8
BLACK
6
CONTINUOUS
10
0.0075072440944882
20
-0.462991968503937
11
0.0037577165354331
21
-0.4648667322834645
0
LINE
8
BLACK
6
CONTINUOUS
10
0.0037577165354331
20
-0.4648667322834645
11
0.0032170866141732
21
-0.4650736220472441
0
LINE
8
BLACK
6
CONTINUOUS
10
0.0032170866141732
20
-0.4650736220472441
11
0.002067874015748
21
-0.4651552755905512
0
LINE
8
BLACK
6
CONTINUOUS
10
0.002067874015748
20
-0.4651552755905512
11
0.0009749212598425
21
-0.4647909448818898
0
LINE
8
BLACK
6
CONTINUOUS
10
0.0009749212598425
20
-0.4647909448818898
11
0.0001045275590551
21
-0.4640361023622047
0
LINE
8
BLACK
6
CONTINUOUS
10
0.0001045275590551
20
-0.4640361023622047
11
-0.0004107086614173
21
-0.4630055905511811
0
LINE
8
BLACK
6
CONTINUOUS
10
-0.0004107086614173
20
-0.4630055905511811
11
-0.0004923622047244
21
-0.4618563779527559
0
LINE
8
BLACK
6
CONTINUOUS
10
-0.0004923622047244
20
-0.4618563779527559
11
-0.000128031496063
21
-0.4607634251968504
0
LINE
8
BLACK
6
CONTINUOUS
10
-0.000128031496063
20
-0.4607634251968504
11
0.000626811023622
21
-0.459893031496063
0
LINE
8
BLACK
6
CONTINUOUS
10
0.000626811023622
20
-0.459893031496063
11
0.0011166929133858
21
-0.4595846850393701
0
LINE
8
BLACK
6
CONTINUOUS
10
0.0011166929133858
20
-0.4595846850393701
11
0.0044376377952756
21
-0.4579242125984252
0
LINE
8
BLACK
6
CONTINUOUS
10
0.0044376377952756
20
-0.4579242125984252
11
0.0076415354330709
21
-0.4547203149606299
0
LINE
8
BLACK
6
CONTINUOUS
10
0.0076415354330709
20
-0.4547203149606299
11
0.011228937007874
21
-0.4493392125984252
0
LINE
8
BLACK
6
CONTINUOUS
10
0.011228937007874
20
-0.4493392125984252
11
0.0112302755905512
21
-0.4493375196850394
0
LINE
8
BLACK
6
CONTINUOUS
10
0.0112302755905512
20
-0.4493375196850394
11
0.0112306692913386
21
-0.4493366535433071
0
LINE
8
BLACK
6
CONTINUOUS
10
0.0112306692913386
20
-0.4493366535433071
11
0.0112326771653543
21
-0.4493346062992126
0
LINE
8
BLACK
6
CONTINUOUS
10
0.0112326771653543
20
-0.4493346062992126
11
0.0115957086614173
21
-0.4488913779527559
0
LINE
8
BLACK
6
CONTINUOUS
10
0.0115957086614173
20
-0.4488913779527559
11
0.0118385826771654
21
-0.4487287007874016
0
LINE
8
BLACK
6
CONTINUOUS
10
0.0118385826771654
20
-0.4487287007874016
11
0.0120453149606299
21
-0.4485220078740157
0
LINE
8
BLACK
6
CONTINUOUS
10
0.0120453149606299
20
-0.4485220078740157
11
0.0123125984251969
21
-0.4484112598425197
0
LINE
8
BLACK
6
CONTINUOUS
10
0.0123125984251969
20
-0.4484112598425197
11
0.0125529921259843
21
-0.4482503149606299
0
LINE
8
BLACK
6
CONTINUOUS
10
0.0125529921259843
20
-0.4482503149606299
11
0.0128396062992126
21
-0.4481929527559055
0
LINE
8
BLACK
6
CONTINUOUS
10
0.0128396062992126
20
-0.4481929527559055
11
0.0131097244094488
21
-0.4480811023622047
0
LINE
8
BLACK
6
CONTINUOUS
10
0.0131097244094488
20
-0.4480811023622047
11
0.0133990157480315
21
-0.4480811023622047
0
LINE
8
BLACK
6
CONTINUOUS
10
0.0133990157480315
20
-0.4480811023622047
11
0.0136826771653543
21
-0.4480243700787401
0
LINE
8
BLACK
6
CONTINUOUS
10
0.0136826771653543
20
-0.4480243700787401
11
0.0139694488188976
21
-0.4480811023622047
0
LINE
8
BLACK
6
CONTINUOUS
10
0.0514647637795276
20
-0.4480811023622047
11
0.0517571653543307
21
-0.4480811023622047
0
LINE
8
BLACK
6
CONTINUOUS
10
0.0517571653543307
20
-0.4480811023622047
11
0.0520244094488189
21
-0.448191811023622
0
LINE
8
BLACK
6
CONTINUOUS
10
0.0520244094488189
20
-0.448191811023622
11
0.0523082283464567
21
-0.4482479527559055
0
LINE
8
BLACK
6
CONTINUOUS
10
0.0523082283464567
20
-0.4482479527559055
11
0.0525514960629921
21
-0.4484101181102362
0
LINE
8
BLACK
6
CONTINUOUS
10
0.0525514960629921
20
-0.4484101181102362
11
0.0528215748031496
21
-0.4485220078740157
0
LINE
8
BLACK
6
CONTINUOUS
10
0.0528215748031496
20
-0.4485220078740157
11
0.0530260236220472
21
-0.4487264566929134
0
LINE
8
BLACK
6
CONTINUOUS
10
0.0530260236220472
20
-0.4487264566929134
11
0.0532668503937008
21
-0.4488870078740158
0
LINE
8
BLACK
6
CONTINUOUS
10
0.0532668503937008
20
-0.4488870078740158
11
0.0534295669291339
21
-0.44913
0
LINE
8
BLACK
6
CONTINUOUS
10
0.0534295669291339
20
-0.44913
11
0.0536362204724409
21
-0.4493366535433071
0
LINE
8
BLACK
6
CONTINUOUS
10
0.0536362204724409
20
-0.4493366535433071
11
0.0537468897637795
21
-0.4496038582677165
0
LINE
8
BLACK
6
CONTINUOUS
10
0.0537468897637795
20
-0.4496038582677165
11
0.0539079133858268
21
-0.4498442913385827
0
LINE
8
BLACK
6
CONTINUOUS
10
0.0539079133858268
20
-0.4498442913385827
11
0.0539652362204724
21
-0.4501309448818898
0
LINE
8
BLACK
6
CONTINUOUS
10
0.0539652362204724
20
-0.4501309448818898
11
0.054077125984252
21
-0.450401062992126
0
LINE
8
BLACK
6
CONTINUOUS
10
0.054077125984252
20
-0.450401062992126
11
0.0541332283464567
21
-0.4509709842519685
0
LINE
8
BLACK
6
CONTINUOUS
10
0.0541332283464567
20
-0.4509709842519685
11
0.0541338582677165
21
-0.4509740157480315
0
LINE
8
BLACK
6
CONTINUOUS
10
0.0541338582677165
20
-0.4509740157480315
11
0.0541336220472441
21
-0.4509750393700787
0
LINE
8
BLACK
6
CONTINUOUS
10
0.0541336220472441
20
-0.4509750393700787
11
0.0541338582677165
21
-0.4509771259842519
0
LINE
8
BLACK
6
CONTINUOUS
10
0.0541338582677165
20
-0.4509771259842519
11
0.0541338582677165
21
-0.4873944488188977
0
LINE
8
BLACK
6
CONTINUOUS
10
0.0541338582677165
20
-0.4873944488188977
11
0.0624296850393701
21
-0.4873944488188977
0
LINE
8
BLACK
6
CONTINUOUS
10
0.0624296850393701
20
-0.4873944488188977
11
0.0630057480314961
21
-0.4874511811023622
0
LINE
8
BLACK
6
CONTINUOUS
10
0.0630057480314961
20
-0.4874511811023622
11
0.064070157480315
21
-0.4878920866141732
0
LINE
8
BLACK
6
CONTINUOUS
10
0.064070157480315
20
-0.4878920866141732
11
0.0648848031496063
21
-0.4887067322834646
0
LINE
8
BLACK
6
CONTINUOUS
10
0.0648848031496063
20
-0.4887067322834646
11
0.0653257086614173
21
-0.4897711417322835
0
LINE
8
BLACK
6
CONTINUOUS
10
0.0653257086614173
20
-0.4897711417322835
11
0.0653257086614173
21
-0.4909232677165354
0
LINE
8
BLACK
6
CONTINUOUS
10
0.0653257086614173
20
-0.4909232677165354
11
0.0648848031496063
21
-0.4919876771653543
0
LINE
8
BLACK
6
CONTINUOUS
10
0.0648848031496063
20
-0.4919876771653543
11
0.064070157480315
21
-0.4928023228346456
0
LINE
8
BLACK
6
CONTINUOUS
10
0.064070157480315
20
-0.4928023228346456
11
0.0630057480314961
21
-0.4932432283464567
0
LINE
8
BLACK
6
CONTINUOUS
10
0.0630057480314961
20
-0.4932432283464567
11
0.0624296850393701
21
-0.4932999606299213
0
LINE
8
BLACK
6
CONTINUOUS
10
0.0624296850393701
20
-0.4932999606299213
11
0.0399325196850394
21
-0.4932999606299213
0
LINE
8
BLACK
6
CONTINUOUS
10
0.0399325196850394
20
-0.4932999606299213
11
0.0393564566929134
21
-0.4932432283464567
0
LINE
8
BLACK
6
CONTINUOUS
10
0.0393564566929134
20
-0.4932432283464567
11
0.0382920472440945
21
-0.4928023228346456
0
LINE
8
BLACK
6
CONTINUOUS
10
0.0382920472440945
20
-0.4928023228346456
11
0.0374774015748031
21
-0.4919876771653543
0
LINE
8
BLACK
6
CONTINUOUS
10
0.0374774015748031
20
-0.4919876771653543
11
0.0370364960629921
21
-0.4909232677165354
0
LINE
8
BLACK
6
CONTINUOUS
10
0.0370364960629921
20
-0.4909232677165354
11
0.0370364960629921
21
-0.4897711417322835
0
LINE
8
BLACK
6
CONTINUOUS
10
0.0370364960629921
20
-0.4897711417322835
11
0.0374774015748031
21
-0.4887067322834646
0
LINE
8
BLACK
6
CONTINUOUS
10
0.0374774015748031
20
-0.4887067322834646
11
0.0382920472440945
21
-0.4878920866141732
0
LINE
8
BLACK
6
CONTINUOUS
10
0.0382920472440945
20
-0.4878920866141732
11
0.0393564566929134
21
-0.4874511811023622
0
LINE
8
BLACK
6
CONTINUOUS
10
0.0393564566929134
20
-0.4874511811023622
11
0.0399325196850394
21
-0.4873944488188977
0
LINE
8
BLACK
6
CONTINUOUS
10
0.0399325196850394
20
-0.4873944488188977
11
0.0482283464566929
21
-0.4873944488188977
0
LINE
8
BLACK
6
CONTINUOUS
10
0.0482283464566929
20
-0.4873944488188977
11
0.0482283464566929
21
-0.4599804724409449
0
LINE
8
BLACK
6
CONTINUOUS
10
0.0482283464566929
20
-0.4599804724409449
11
0.0457699606299213
21
-0.4624388582677165
0
LINE
8
BLACK
6
CONTINUOUS
10
0.0457699606299213
20
-0.4624388582677165
11
0.0455435826771654
21
-0.4626246062992126
0
LINE
8
BLACK
6
CONTINUOUS
10
0.0455435826771654
20
-0.4626246062992126
11
0.0454924409448819
21
-0.4626836220472441
0
LINE
8
BLACK
6
CONTINUOUS
10
0.0454924409448819
20
-0.4626836220472441
11
0.0454034645669291
21
-0.4627395669291339
0
LINE
8
BLACK
6
CONTINUOUS
10
0.0454034645669291
20
-0.4627395669291339
11
0.0453225196850394
21
-0.462806062992126
0
LINE
8
BLACK
6
CONTINUOUS
10
0.0453225196850394
20
-0.462806062992126
11
0.0452505511811024
21
-0.4628358661417323
0
LINE
8
BLACK
6
CONTINUOUS
10
0.0452505511811024
20
-0.4628358661417323
11
0.0450025590551181
21
-0.462991968503937
0
LINE
8
BLACK
6
CONTINUOUS
10
0.0450025590551181
20
-0.462991968503937
11
0.041253031496063
21
-0.4648667322834645
0
LINE
8
BLACK
6
CONTINUOUS
10
0.041253031496063
20
-0.4648667322834645
11
0.0407124015748032
21
-0.4650736220472441
0
LINE
8
BLACK
6
CONTINUOUS
10
0.0407124015748032
20
-0.4650736220472441
11
0.0395631889763779
21
-0.4651552755905512
0
LINE
8
BLACK
6
CONTINUOUS
10
0.0395631889763779
20
-0.4651552755905512
11
0.0384702362204724
21
-0.4647909448818898
0
LINE
8
BLACK
6
CONTINUOUS
10
0.0384702362204724
20
-0.4647909448818898
11
0.037599842519685
21
-0.4640361023622047
0
LINE
8
BLACK
6
CONTINUOUS
10
0.037599842519685
20
-0.4640361023622047
11
0.0370846062992126
21
-0.4630055905511811
0
LINE
8
BLACK
6
CONTINUOUS
10
0.0370846062992126
20
-0.4630055905511811
11
0.0370029527559055
21
-0.4618563779527559
0
LINE
8
BLACK
6
CONTINUOUS
10
0.0370029527559055
20
-0.4618563779527559
11
0.0373672834645669
21
-0.4607634251968504
0
LINE
8
BLACK
6
CONTINUOUS
10
0.0373672834645669
20
-0.4607634251968504
11
0.038122125984252
21
-0.459893031496063
0
LINE
8
BLACK
6
CONTINUOUS
10
0.038122125984252
20
-0.459893031496063
11
0.0386120078740157
21
-0.4595846850393701
0
LINE
8
BLACK
6
CONTINUOUS
10
0.0386120078740157
20
-0.4595846850393701
11
0.0419329527559055
21
-0.4579242125984252
0
LINE
8
BLACK
6
CONTINUOUS
10
0.0419329527559055
20
-0.4579242125984252
11
0.0451368503937008
21
-0.4547203149606299
0
LINE
8
BLACK
6
CONTINUOUS
10
0.0451368503937008
20
-0.4547203149606299
11
0.0487242519685039
21
-0.4493392125984252
0
LINE
8
BLACK
6
CONTINUOUS
10
0.0487242519685039
20
-0.4493392125984252
11
0.0487255905511811
21
-0.4493375196850394
0
LINE
8
BLACK
6
CONTINUOUS
10
0.0487255905511811
20
-0.4493375196850394
11
0.0487259842519685
21
-0.4493366535433071
0
LINE
8
BLACK
6
CONTINUOUS
10
0.0487259842519685
20
-0.4493366535433071
11
0.0487279921259842
21
-0.4493346062992126
0
LINE
8
BLACK
6
CONTINUOUS
10
0.0487279921259842
20
-0.4493346062992126
11
0.0490910236220472
21
-0.4488913779527559
0
LINE
8
BLACK
6
CONTINUOUS
10
0.0490910236220472
20
-0.4488913779527559
11
0.0493338976377953
21
-0.4487287007874016
0
LINE
8
BLACK
6
CONTINUOUS
10
0.0493338976377953
20
-0.4487287007874016
11
0.0495406299212598
21
-0.4485220078740157
0
LINE
8
BLACK
6
CONTINUOUS
10
0.0495406299212598
20
-0.4485220078740157
11
0.0498079133858268
21
-0.4484112598425197
0
LINE
8
BLACK
6
CONTINUOUS
10
0.0498079133858268
20
-0.4484112598425197
11
0.0500483070866142
21
-0.4482503149606299
0
LINE
8
BLACK
6
CONTINUOUS
10
0.0500483070866142
20
-0.4482503149606299
11
0.0503349212598425
21
-0.4481929527559055
0
LINE
8
BLACK
6
CONTINUOUS
10
0.0503349212598425
20
-0.4481929527559055
11
0.0506050393700787
21
-0.4480811023622047
0
LINE
8
BLACK
6
CONTINUOUS
10
0.0506050393700787
20
-0.4480811023622047
11
0.0508943307086614
21
-0.4480811023622047
0
LINE
8
BLACK
6
CONTINUOUS
10
0.0508943307086614
20
-0.4480811023622047
11
0.0511779921259842
21
-0.4480243700787401
0
LINE
8
BLACK
6
CONTINUOUS
10
0.0511779921259842
20
-0.4480243700787401
11
0.0514647637795276
21
-0.4480811023622047
0
LINE
8
BLACK
6
CONTINUOUS
10
-0.0352924015748032
20
-0.4485220078740157
11
-0.0344777559055118
21
-0.4493366535433071
0
LINE
8
BLACK
6
CONTINUOUS
10
-0.0344777559055118
20
-0.4493366535433071
11
-0.0340368503937008
21
-0.450401062992126
0
LINE
8
BLACK
6
CONTINUOUS
10
-0.0340368503937008
20
-0.450401062992126
11
-0.0339801181102362
21
-0.4509771259842519
0
LINE
8
BLACK
6
CONTINUOUS
10
-0.0339801181102362
20
-0.4509771259842519
11
-0.0339801181102362
21
-0.4667720078740157
0
LINE
8
BLACK
6
CONTINUOUS
10
-0.0339801181102362
20
-0.4667720078740157
11
-0.0173884645669291
21
-0.4667720078740157
0
LINE
8
BLACK
6
CONTINUOUS
10
-0.0173884645669291
20
-0.4667720078740157
11
-0.0173884645669291
21
-0.4509771259842519
0
LINE
8
BLACK
6
CONTINUOUS
10
-0.0173884645669291
20
-0.4509771259842519
11
-0.0173317322834646
21
-0.450401062992126
0
LINE
8
BLACK
6
CONTINUOUS
10
-0.0173317322834646
20
-0.450401062992126
11
-0.0168908267716535
21
-0.4493366535433071
0
LINE
8
BLACK
6
CONTINUOUS
10
-0.0168908267716535
20
-0.4493366535433071
11
-0.0160761811023622
21
-0.4485220078740157
0
LINE
8
BLACK
6
CONTINUOUS
10
-0.0160761811023622
20
-0.4485220078740157
11
-0.0150117716535433
21
-0.4480811023622047
0
LINE
8
BLACK
6
CONTINUOUS
10
-0.0150117716535433
20
-0.4480811023622047
11
-0.0138596456692913
21
-0.4480811023622047
0
LINE
8
BLACK
6
CONTINUOUS
10
-0.0138596456692913
20
-0.4480811023622047
11
-0.0127952362204724
21
-0.4485220078740157
0
LINE
8
BLACK
6
CONTINUOUS
10
-0.0127952362204724
20
-0.4485220078740157
11
-0.0119805905511811
21
-0.4493366535433071
0
LINE
8
BLACK
6
CONTINUOUS
10
-0.0119805905511811
20
-0.4493366535433071
11
-0.0115396850393701
21
-0.450401062992126
0
LINE
8
BLACK
6
CONTINUOUS
10
-0.0115396850393701
20
-0.450401062992126
11
-0.0114829527559055
21
-0.4509771259842519
0
LINE
8
BLACK
6
CONTINUOUS
10
-0.0114829527559055
20
-0.4509771259842519
11
-0.0114829527559055
21
-0.4903472047244095
0
LINE
8
BLACK
6
CONTINUOUS
10
-0.0114829527559055
20
-0.4903472047244095
11
-0.0115396850393701
21
-0.4909232677165354
0
LINE
8
BLACK
6
CONTINUOUS
10
-0.0115396850393701
20
-0.4909232677165354
11
-0.0119805905511811
21
-0.4919876771653543
0
LINE
8
BLACK
6
CONTINUOUS
10
-0.0119805905511811
20
-0.4919876771653543
11
-0.0127952362204724
21
-0.4928023228346456
0
LINE
8
BLACK
6
CONTINUOUS
10
-0.0127952362204724
20
-0.4928023228346456
11
-0.0138596456692913
21
-0.4932432283464567
0
LINE
8
BLACK
6
CONTINUOUS
10
-0.0138596456692913
20
-0.4932432283464567
11
-0.0150117716535433
21
-0.4932432283464567
0
LINE
8
BLACK
6
CONTINUOUS
10
-0.0150117716535433
20
-0.4932432283464567
11
-0.0160761811023622
21
-0.4928023228346456
0
LINE
8
BLACK
6
CONTINUOUS
10
-0.0160761811023622
20
-0.4928023228346456
11
-0.0168908267716535
21
-0.4919876771653543
0
LINE
8
BLACK
6
CONTINUOUS
10
-0.0168908267716535
20
-0.4919876771653543
11
-0.0173317322834646
21
-0.4909232677165354
0
LINE
8
BLACK
6
CONTINUOUS
10
-0.0173317322834646
20
-0.4909232677165354
11
-0.0173884645669291
21
-0.4903472047244095
0
LINE
8
BLACK
6
CONTINUOUS
10
-0.0173884645669291
20
-0.4903472047244095
11
-0.0173884645669291
21
-0.4726775196850393
0
LINE
8
BLACK
6
CONTINUOUS
10
-0.0173884645669291
20
-0.4726775196850393
11
-0.0339801181102362
21
-0.4726775196850393
0
LINE
8
BLACK
6
CONTINUOUS
10
-0.0339801181102362
20
-0.4726775196850393
11
-0.0339801181102362
21
-0.4903472047244095
0
LINE
8
BLACK
6
CONTINUOUS
10
-0.0339801181102362
20
-0.4903472047244095
11
-0.0340368503937008
21
-0.4909232677165354
0
LINE
8
BLACK
6
CONTINUOUS
10
-0.0340368503937008
20
-0.4909232677165354
11
-0.0344777559055118
21
-0.4919876771653543
0
LINE
8
BLACK
6
CONTINUOUS
10
-0.0344777559055118
20
-0.4919876771653543
11
-0.0352924015748032
21
-0.4928023228346456
0
LINE
8
BLACK
6
CONTINUOUS
10
-0.0352924015748032
20
-0.4928023228346456
11
-0.036356811023622
21
-0.4932432283464567
0
LINE
8
BLACK
6
CONTINUOUS
10
-0.036356811023622
20
-0.4932432283464567
11
-0.037508937007874
21
-0.4932432283464567
0
LINE
8
BLACK
6
CONTINUOUS
10
-0.037508937007874
20
-0.4932432283464567
11
-0.0385733464566929
21
-0.4928023228346456
0
LINE
8
BLACK
6
CONTINUOUS
10
-0.0385733464566929
20
-0.4928023228346456
11
-0.0393879921259843
21
-0.4919876771653543
0
LINE
8
BLACK
6
CONTINUOUS
10
-0.0393879921259843
20
-0.4919876771653543
11
-0.0398288976377953
21
-0.4909232677165354
0
LINE
8
BLACK
6
CONTINUOUS
10
-0.0398288976377953
20
-0.4909232677165354
11
-0.0398856299212598
21
-0.4903472047244095
0
LINE
8
BLACK
6
CONTINUOUS
10
-0.0398856299212598
20
-0.4903472047244095
11
-0.0398856299212598
21
-0.4509771259842519
0
LINE
8
BLACK
6
CONTINUOUS
10
-0.0398856299212598
20
-0.4509771259842519
11
-0.0398288976377953
21
-0.450401062992126
0
LINE
8
BLACK
6
CONTINUOUS
10
-0.0398288976377953
20
-0.450401062992126
11
-0.0393879921259843
21
-0.4493366535433071
0
LINE
8
BLACK
6
CONTINUOUS
10
-0.0393879921259843
20
-0.4493366535433071
11
-0.0385733464566929
21
-0.4485220078740157
0
LINE
8
BLACK
6
CONTINUOUS
10
-0.0385733464566929
20
-0.4485220078740157
11
-0.037508937007874
21
-0.4480811023622047
0
LINE
8
BLACK
6
CONTINUOUS
10
-0.037508937007874
20
-0.4480811023622047
11
-0.036356811023622
21
-0.4480811023622047
0
LINE
8
BLACK
6
CONTINUOUS
10
-0.036356811023622
20
-0.4480811023622047
11
-0.0352924015748032
21
-0.4485220078740157
0
LINE
8
BLACK
6
CONTINUOUS
10
0.1940518503937008
20
-0.1882385826771653
11
0.1951162598425197
21
-0.1886794881889764
0
LINE
8
BLACK
6
CONTINUOUS
10
0.1951162598425197
20
-0.1886794881889764
11
0.195930905511811
21
-0.1894941338582677
0
LINE
8
BLACK
6
CONTINUOUS
10
0.195930905511811
20
-0.1894941338582677
11
0.1963718110236221
21
-0.1905585433070866
0
LINE
8
BLACK
6
CONTINUOUS
10
0.1963718110236221
20
-0.1905585433070866
11
0.1963718110236221
21
-0.1917106692913386
0
LINE
8
BLACK
6
CONTINUOUS
10
0.1963718110236221
20
-0.1917106692913386
11
0.195930905511811
21
-0.1927750787401575
0
LINE
8
BLACK
6
CONTINUOUS
10
0.195930905511811
20
-0.1927750787401575
11
0.1951162598425197
21
-0.1935897244094488
0
LINE
8
BLACK
6
CONTINUOUS
10
0.1951162598425197
20
-0.1935897244094488
11
0.1940518503937008
21
-0.1940306299212598
0
LINE
8
BLACK
6
CONTINUOUS
10
0.1940518503937008
20
-0.1940306299212598
11
0.1934757874015748
21
-0.1940873622047244
0
LINE
8
BLACK
6
CONTINUOUS
10
0.1934757874015748
20
-0.1940873622047244
11
0.1866737795275591
21
-0.1940873622047244
0
LINE
8
BLACK
6
CONTINUOUS
10
0.1866737795275591
20
-0.1940873622047244
11
0.1839762992125984
21
-0.1954361023622047
0
LINE
8
BLACK
6
CONTINUOUS
10
0.1839762992125984
20
-0.1954361023622047
11
0.1826470866141732
21
-0.1967652755905512
0
LINE
8
BLACK
6
CONTINUOUS
10
0.1826470866141732
20
-0.1967652755905512
11
0.1793434645669291
21
-0.2017207480314961
0
LINE
8
BLACK
6
CONTINUOUS
10
0.1793434645669291
20
-0.2017207480314961
11
0.1786141732283464
21
-0.2046379527559055
0
LINE
8
BLACK
6
CONTINUOUS
10
0.1786141732283464
20
-0.2046379527559055
11
0.1809066929133858
21
-0.2034916929133858
0
LINE
8
BLACK
6
CONTINUOUS
10
0.1809066929133858
20
-0.2034916929133858
11
0.1814472834645669
21
-0.2032848031496063
0
LINE
8
BLACK
6
CONTINUOUS
10
0.1814472834645669
20
-0.2032848031496063
11
0.1815531496062992
21
-0.2032772440944882
0
LINE
8
BLACK
6
CONTINUOUS
10
0.1815531496062992
20
-0.2032772440944882
11
0.1816511417322835
21
-0.2032366929133858
0
LINE
8
BLACK
6
CONTINUOUS
10
0.1816511417322835
20
-0.2032366929133858
11
0.1822272047244095
21
-0.2031799606299212
0
LINE
8
BLACK
6
CONTINUOUS
10
0.1822272047244095
20
-0.2031799606299212
11
0.1897262598425197
21
-0.2031799606299212
0
LINE
8
BLACK
6
CONTINUOUS
10
0.1897262598425197
20
-0.2031799606299212
11
0.1903023228346457
21
-0.2032366929133858
0
LINE
8
BLACK
6
CONTINUOUS
10
0.1903023228346457
20
-0.2032366929133858
11
0.1904003149606299
21
-0.2032772834645669
0
LINE
8
BLACK
6
CONTINUOUS
10
0.1904003149606299
20
-0.2032772834645669
11
0.1905061417322835
21
-0.2032848031496063
0
LINE
8
BLACK
6
CONTINUOUS
10
0.1905061417322835
20
-0.2032848031496063
11
0.1910467716535433
21
-0.2034916929133858
0
LINE
8
BLACK
6
CONTINUOUS
10
0.1910467716535433
20
-0.2034916929133858
11
0.1947962992125984
21
-0.2053664566929134
0
LINE
8
BLACK
6
CONTINUOUS
10
0.1947962992125984
20
-0.2053664566929134
11
0.1950442913385827
21
-0.2055225196850394
0
LINE
8
BLACK
6
CONTINUOUS
10
0.1950442913385827
20
-0.2055225196850394
11
0.1951162598425197
21
-0.2055523622047244
0
LINE
8
BLACK
6
CONTINUOUS
10
0.1951162598425197
20
-0.2055523622047244
11
0.1951972047244094
21
-0.2056188188976378
0
LINE
8
BLACK
6
CONTINUOUS
10
0.1951972047244094
20
-0.2056188188976378
11
0.1952861811023622
21
-0.2056748031496063
0
LINE
8
BLACK
6
CONTINUOUS
10
0.1952861811023622
20
-0.2056748031496063
11
0.1953373228346457
21
-0.2057337795275591
0
LINE
8
BLACK
6
CONTINUOUS
10
0.1953373228346457
20
-0.2057337795275591
11
0.1955637007874016
21
-0.2059195669291339
0
LINE
8
BLACK
6
CONTINUOUS
10
0.1955637007874016
20
-0.2059195669291339
11
0.1974384645669291
21
-0.2077943307086614
0
LINE
8
BLACK
6
CONTINUOUS
10
0.1974384645669291
20
-0.2077943307086614
11
0.1976242125984252
21
-0.2080206692913386
0
LINE
8
BLACK
6
CONTINUOUS
10
0.1976242125984252
20
-0.2080206692913386
11
0.1976832283464567
21
-0.2080718503937008
0
LINE
8
BLACK
6
CONTINUOUS
10
0.1976832283464567
20
-0.2080718503937008
11
0.1977391732283464
21
-0.2081607874015748
0
LINE
8
BLACK
6
CONTINUOUS
10
0.1977391732283464
20
-0.2081607874015748
11
0.1978056692913386
21
-0.2082417716535433
0
LINE
8
BLACK
6
CONTINUOUS
10
0.1978056692913386
20
-0.2082417716535433
11
0.1978354724409449
21
-0.2083137007874016
0
LINE
8
BLACK
6
CONTINUOUS
10
0.1978354724409449
20
-0.2083137007874016
11
0.1979915748031496
21
-0.2085617322834646
0
LINE
8
BLACK
6
CONTINUOUS
10
0.1979915748031496
20
-0.2085617322834646
11
0.1998663385826772
21
-0.2123112598425197
0
LINE
8
BLACK
6
CONTINUOUS
10
0.1998663385826772
20
-0.2123112598425197
11
0.2000732283464567
21
-0.2128518503937008
0
LINE
8
BLACK
6
CONTINUOUS
10
0.2000732283464567
20
-0.2128518503937008
11
0.2000807480314961
21
-0.2129577165354331
0
LINE
8
BLACK
6
CONTINUOUS
10
0.2000807480314961
20
-0.2129577165354331
11
0.2001213385826772
21
-0.2130557086614173
0
LINE
8
BLACK
6
CONTINUOUS
10
0.2001213385826772
20
-0.2130557086614173
11
0.2001780708661417
21
-0.2136317716535433
0
LINE
8
BLACK
6
CONTINUOUS
10
0.2001780708661417
20
-0.2136317716535433
11
0.2001780708661417
21
-0.2230055905511811
0
LINE
8
BLACK
6
CONTINUOUS
10
0.2001780708661417
20
-0.2230055905511811
11
0.2001213385826772
21
-0.2235816535433071
0
LINE
8
BLACK
6
CONTINUOUS
10
0.2001213385826772
20
-0.2235816535433071
11
0.2000807480314961
21
-0.2236796062992126
0
LINE
8
BLACK
6
CONTINUOUS
10
0.2000807480314961
20
-0.2236796062992126
11
0.2000732283464567
21
-0.2237855118110236
0
LINE
8
BLACK
6
CONTINUOUS
10
0.2000732283464567
20
-0.2237855118110236
11
0.1998663385826772
21
-0.2243261023622047
0
LINE
8
BLACK
6
CONTINUOUS
10
0.1998663385826772
20
-0.2243261023622047
11
0.1979915748031496
21
-0.2280756299212598
0
LINE
8
BLACK
6
CONTINUOUS
10
0.1979915748031496
20
-0.2280756299212598
11
0.1978355118110236
21
-0.2283235039370079
0
LINE
8
BLACK
6
CONTINUOUS
10
0.1978355118110236
20
-0.2283235039370079
11
0.1978057086614173
21
-0.2283955511811024
0
LINE
8
BLACK
6
CONTINUOUS
10
0.1978057086614173
20
-0.2283955511811024
11
0.1977391732283464
21
-0.2284765748031496
0
LINE
8
BLACK
6
CONTINUOUS
10
0.1977391732283464
20
-0.2284765748031496
11
0.1976832283464567
21
-0.2285655118110236
0
LINE
8
BLACK
6
CONTINUOUS
10
0.1976832283464567
20
-0.2285655118110236
11
0.1976242125984252
21
-0.2286166535433071
0
LINE
8
BLACK
6
CONTINUOUS
10
0.1976242125984252
20
-0.2286166535433071
11
0.1974384645669291
21
-0.228843031496063
0
LINE
8
BLACK
6
CONTINUOUS
10
0.1974384645669291
20
-0.228843031496063
11
0.1955637401574803
21
-0.2307177952755906
0
LINE
8
BLACK
6
CONTINUOUS
10
0.1955637401574803
20
-0.2307177952755906
11
0.1953373622047244
21
-0.2309035433070866
0
LINE
8
BLACK
6
CONTINUOUS
10
0.1953373622047244
20
-0.2309035433070866
11
0.1952861811023622
21
-0.2309625984251968
0
LINE
8
BLACK
6
CONTINUOUS
10
0.1952861811023622
20
-0.2309625984251968
11
0.1951972047244094
21
-0.2310185826771654
0
LINE
8
BLACK
6
CONTINUOUS
10
0.1951972047244094
20
-0.2310185826771654
11
0.1951162598425197
21
-0.2310850393700787
0
LINE
8
BLACK
6
CONTINUOUS
10
0.1951162598425197
20
-0.2310850393700787
11
0.1950442913385827
21
-0.231114842519685
0
LINE
8
BLACK
6
CONTINUOUS
10
0.1950442913385827
20
-0.231114842519685
11
0.1947962992125984
21
-0.2312709448818898
0
LINE
8
BLACK
6
CONTINUOUS
10
0.1947962992125984
20
-0.2312709448818898
11
0.1910467716535433
21
-0.2331457086614173
0
LINE
8
BLACK
6
CONTINUOUS
10
0.1910467716535433
20
-0.2331457086614173
11
0.1905061417322835
21
-0.2333525984251968
0
LINE
8
BLACK
6
CONTINUOUS
10
0.1905061417322835
20
-0.2333525984251968
11
0.1904003149606299
21
-0.2333600787401575
0
LINE
8
BLACK
6
CONTINUOUS
10
0.1904003149606299
20
-0.2333600787401575
11
0.1903023228346457
21
-0.2334007086614173
0
LINE
8
BLACK
6
CONTINUOUS
10
0.1903023228346457
20
-0.2334007086614173
11
0.1897262598425197
21
-0.2334574409448819
0
LINE
8
BLACK
6
CONTINUOUS
10
0.1897262598425197
20
-0.2334574409448819
11
0.1822272047244095
21
-0.2334574409448819
0
LINE
8
BLACK
6
CONTINUOUS
10
0.1822272047244095
20
-0.2334574409448819
11
0.1816511417322835
21
-0.2334007086614173
0
LINE
8
BLACK
6
CONTINUOUS
10
0.1816511417322835
20
-0.2334007086614173
11
0.1815531496062992
21
-0.2333601181102362
0
LINE
8
BLACK
6
CONTINUOUS
10
0.1815531496062992
20
-0.2333601181102362
11
0.1814472834645669
21
-0.2333525984251968
0
LINE
8
BLACK
6
CONTINUOUS
10
0.1814472834645669
20
-0.2333525984251968
11
0.1809066929133858
21
-0.2331457086614173
0
LINE
8
BLACK
6
CONTINUOUS
10
0.1809066929133858
20
-0.2331457086614173
11
0.1771571653543307
21
-0.2312709448818898
0
LINE
8
BLACK
6
CONTINUOUS
10
0.1771571653543307
20
-0.2312709448818898
11
0.1769091338582677
21
-0.231114842519685
0
LINE
8
BLACK
6
CONTINUOUS
10
0.1769091338582677
20
-0.231114842519685
11
0.1768372047244094
21
-0.2310850393700787
0
LINE
8
BLACK
6
CONTINUOUS
10
0.1768372047244094
20
-0.2310850393700787
11
0.1767562204724409
21
-0.2310185826771654
0
LINE
8
BLACK
6
CONTINUOUS
10
0.1767562204724409
20
-0.2310185826771654
11
0.1766672834645669
21
-0.2309625984251968
0
LINE
8
BLACK
6
CONTINUOUS
10
0.1766672834645669
20
-0.2309625984251968
11
0.176616062992126
21
-0.2309035433070866
0
LINE
8
BLACK
6
CONTINUOUS
10
0.176616062992126
20
-0.2309035433070866
11
0.1763897244094488
21
-0.2307177952755906
0
LINE
8
BLACK
6
CONTINUOUS
10
0.1763897244094488
20
-0.2307177952755906
11
0.1745149606299213
21
-0.2288429921259842
0
LINE
8
BLACK
6
CONTINUOUS
10
0.1745149606299213
20
-0.2288429921259842
11
0.1743292125984252
21
-0.2286166535433071
0
LINE
8
BLACK
6
CONTINUOUS
10
0.1743292125984252
20
-0.2286166535433071
11
0.1742702362204724
21
-0.2285655118110236
0
LINE
8
BLACK
6
CONTINUOUS
10
0.1742702362204724
20
-0.2285655118110236
11
0.1742142519685039
21
-0.2284765748031496
0
LINE
8
BLACK
6
CONTINUOUS
10
0.1742142519685039
20
-0.2284765748031496
11
0.1741477559055118
21
-0.2283955511811024
0
LINE
8
BLACK
6
CONTINUOUS
10
0.1741477559055118
20
-0.2283955511811024
11
0.1741179133858268
21
-0.2283235039370079
0
LINE
8
BLACK
6
CONTINUOUS
10
0.1741179133858268
20
-0.2283235039370079
11
0.1739618897637795
21
-0.2280756299212598
0
LINE
8
BLACK
6
CONTINUOUS
10
0.1739618897637795
20
-0.2280756299212598
11
0.172087125984252
21
-0.2243261023622047
0
LINE
8
BLACK
6
CONTINUOUS
10
0.172087125984252
20
-0.2243261023622047
11
0.1718802362204724
21
-0.2237854724409449
0
LINE
8
BLACK
6
CONTINUOUS
10
0.1718802362204724
20
-0.2237854724409449
11
0.1718727165354331
21
-0.2236796456692913
0
LINE
8
BLACK
6
CONTINUOUS
10
0.1718727165354331
20
-0.2236796456692913
11
0.171832125984252
21
-0.2235816535433071
0
LINE
8
BLACK
6
CONTINUOUS
10
0.171832125984252
20
-0.2235816535433071
11
0.1717753937007874
21
-0.2230055905511811
0
LINE
8
BLACK
6
CONTINUOUS
10
0.1717753937007874
20
-0.2230055905511811
11
0.1717753937007874
21
-0.2080074803149606
0
LINE
8
BLACK
6
CONTINUOUS
10
0.1717753937007874
20
-0.2080074803149606
11
0.1717852755905512
21
-0.2079069291338583
0
LINE
8
BLACK
6
CONTINUOUS
10
0.1717852755905512
20
-0.2079069291338583
11
0.1717788976377953
21
-0.207863937007874
0
LINE
8
BLACK
6
CONTINUOUS
10
0.1717788976377953
20
-0.207863937007874
11
0.1718107480314961
21
-0.2076484251968504
0
LINE
8
BLACK
6
CONTINUOUS
10
0.1718107480314961
20
-0.2076484251968504
11
0.171832125984252
21
-0.2074314173228347
0
LINE
8
BLACK
6
CONTINUOUS
10
0.171832125984252
20
-0.2074314173228347
11
0.1718487401574803
21
-0.2073911811023622
0
LINE
8
BLACK
6
CONTINUOUS
10
0.1718487401574803
20
-0.2073911811023622
11
0.1718635433070866
21
-0.2072913385826771
0
LINE
8
BLACK
6
CONTINUOUS
10
0.1718635433070866
20
-0.2072913385826771
11
0.1737383070866142
21
-0.1997922834645669
0
LINE
8
BLACK
6
CONTINUOUS
10
0.1737383070866142
20
-0.1997922834645669
11
0.1738595669291338
21
-0.1994527952755905
0
LINE
8
BLACK
6
CONTINUOUS
10
0.1738595669291338
20
-0.1994527952755905
11
0.1738737401574803
21
-0.1993812992125984
0
LINE
8
BLACK
6
CONTINUOUS
10
0.1738737401574803
20
-0.1993812992125984
11
0.1739083070866142
21
-0.1993164173228346
0
LINE
8
BLACK
6
CONTINUOUS
10
0.1739083070866142
20
-0.1993164173228346
11
0.1739330708661417
21
-0.1992471653543307
0
LINE
8
BLACK
6
CONTINUOUS
10
0.1739330708661417
20
-0.1992471653543307
11
0.1739764960629921
21
-0.1991885433070866
0
LINE
8
BLACK
6
CONTINUOUS
10
0.1739764960629921
20
-0.1991885433070866
11
0.174146062992126
21
-0.1988705118110236
0
LINE
8
BLACK
6
CONTINUOUS
10
0.174146062992126
20
-0.1988705118110236
11
0.1778955905511811
21
-0.1932462204724409
0
LINE
8
BLACK
6
CONTINUOUS
10
0.1778955905511811
20
-0.1932462204724409
11
0.1778969291338583
21
-0.1932445275590551
0
LINE
8
BLACK
6
CONTINUOUS
10
0.1778969291338583
20
-0.1932445275590551
11
0.1778973228346457
21
-0.1932436614173228
0
LINE
8
BLACK
6
CONTINUOUS
10
0.1778973228346457
20
-0.1932436614173228
11
0.1780740157480315
21
-0.1930283464566929
0
LINE
8
BLACK
6
CONTINUOUS
10
0.1780740157480315
20
-0.1930283464566929
11
0.1782623622047244
21
-0.1927983858267716
0
LINE
8
BLACK
6
CONTINUOUS
10
0.1782623622047244
20
-0.1927983858267716
11
0.1782631889763779
21
-0.1927977952755905
0
LINE
8
BLACK
6
CONTINUOUS
10
0.1782631889763779
20
-0.1927977952755905
11
0.1782645275590551
21
-0.1927962204724409
0
LINE
8
BLACK
6
CONTINUOUS
10
0.1782645275590551
20
-0.1927962204724409
11
0.1801392913385827
21
-0.1909214566929134
0
LINE
8
BLACK
6
CONTINUOUS
10
0.1801392913385827
20
-0.1909214566929134
11
0.1803656299212598
21
-0.1907356692913386
0
LINE
8
BLACK
6
CONTINUOUS
10
0.1803656299212598
20
-0.1907356692913386
11
0.180416811023622
21
-0.1906766929133858
0
LINE
8
BLACK
6
CONTINUOUS
10
0.180416811023622
20
-0.1906766929133858
11
0.180505748031496
21
-0.1906207086614173
0
LINE
8
BLACK
6
CONTINUOUS
10
0.180505748031496
20
-0.1906207086614173
11
0.1805867322834646
21
-0.1905542519685039
0
LINE
8
BLACK
6
CONTINUOUS
10
0.1805867322834646
20
-0.1905542519685039
11
0.1806586614173228
21
-0.1905244094488189
0
LINE
8
BLACK
6
CONTINUOUS
10
0.1806586614173228
20
-0.1905244094488189
11
0.1809066929133858
21
-0.1903683464566929
0
LINE
8
BLACK
6
CONTINUOUS
10
0.1809066929133858
20
-0.1903683464566929
11
0.1846562204724409
21
-0.1884935826771653
0
LINE
8
BLACK
6
CONTINUOUS
10
0.1846562204724409
20
-0.1884935826771653
11
0.185196811023622
21
-0.1882866929133858
0
LINE
8
BLACK
6
CONTINUOUS
10
0.185196811023622
20
-0.1882866929133858
11
0.1853026771653543
21
-0.1882791338582677
0
LINE
8
BLACK
6
CONTINUOUS
10
0.1853026771653543
20
-0.1882791338582677
11
0.1854006692913386
21
-0.1882385826771653
0
LINE
8
BLACK
6
CONTINUOUS
10
0.1854006692913386
20
-0.1882385826771653
11
0.1859767322834646
21
-0.1881818503937008
0
LINE
8
BLACK
6
CONTINUOUS
10
0.1859767322834646
20
-0.1881818503937008
11
0.1934757874015748
21
-0.1881818503937008
0
LINE
8
BLACK
6
CONTINUOUS
10
0.1934757874015748
20
-0.1881818503937008
11
0.1940518503937008
21
-0.1882385826771653
0
LINE
8
BLACK
6
CONTINUOUS
10
0.1802267716535433
20
-0.2104342125984252
11
0.1790296456692913
21
-0.2116313385826772
0
LINE
8
BLACK
6
CONTINUOUS
10
0.1790296456692913
20
-0.2116313385826772
11
0.177680905511811
21
-0.2143288188976378
0
LINE
8
BLACK
6
CONTINUOUS
10
0.177680905511811
20
-0.2143288188976378
11
0.177680905511811
21
-0.2223085433070866
0
LINE
8
BLACK
6
CONTINUOUS
10
0.177680905511811
20
-0.2223085433070866
11
0.1790296456692913
21
-0.2250060236220472
0
LINE
8
BLACK
6
CONTINUOUS
10
0.1790296456692913
20
-0.2250060236220472
11
0.1802267716535433
21
-0.226203188976378
0
LINE
8
BLACK
6
CONTINUOUS
10
0.1802267716535433
20
-0.226203188976378
11
0.1829242519685039
21
-0.2275519291338583
0
LINE
8
BLACK
6
CONTINUOUS
10
0.1829242519685039
20
-0.2275519291338583
11
0.1890292125984252
21
-0.2275519291338583
0
LINE
8
BLACK
6
CONTINUOUS
10
0.1890292125984252
20
-0.2275519291338583
11
0.1917266535433071
21
-0.226203188976378
0
LINE
8
BLACK
6
CONTINUOUS
10
0.1917266535433071
20
-0.226203188976378
11
0.192923779527559
21
-0.2250060236220472
0
LINE
8
BLACK
6
CONTINUOUS
10
0.192923779527559
20
-0.2250060236220472
11
0.1942725590551181
21
-0.2223085433070866
0
LINE
8
BLACK
6
CONTINUOUS
10
0.1942725590551181
20
-0.2223085433070866
11
0.1942725590551181
21
-0.2143288188976378
0
LINE
8
BLACK
6
CONTINUOUS
10
0.1942725590551181
20
-0.2143288188976378
11
0.1929238188976378
21
-0.2116313385826772
0
LINE
8
BLACK
6
CONTINUOUS
10
0.1929238188976378
20
-0.2116313385826772
11
0.1917266929133858
21
-0.2104342125984252
0
LINE
8
BLACK
6
CONTINUOUS
10
0.1917266929133858
20
-0.2104342125984252
11
0.1890292125984252
21
-0.2090854724409449
0
LINE
8
BLACK
6
CONTINUOUS
10
0.1890292125984252
20
-0.2090854724409449
11
0.1829242519685039
21
-0.2090854724409449
0
LINE
8
BLACK
6
CONTINUOUS
10
0.1829242519685039
20
-0.2090854724409449
11
0.1802267716535433
21
-0.2104342125984252
0
LINE
8
BLACK
6
CONTINUOUS
10
0.1369985433070866
20
-0.1886794881889764
11
0.137813188976378
21
-0.1894941338582677
0
LINE
8
BLACK
6
CONTINUOUS
10
0.137813188976378
20
-0.1894941338582677
11
0.138254094488189
21
-0.1905585433070866
0
LINE
8
BLACK
6
CONTINUOUS
10
0.138254094488189
20
-0.1905585433070866
11
0.1383108267716535
21
-0.1911346062992126
0
LINE
8
BLACK
6
CONTINUOUS
10
0.1383108267716535
20
-0.1911346062992126
11
0.1383108267716535
21
-0.2069294881889764
0
LINE
8
BLACK
6
CONTINUOUS
10
0.1383108267716535
20
-0.2069294881889764
11
0.1549024803149606
21
-0.2069294881889764
0
LINE
8
BLACK
6
CONTINUOUS
10
0.1549024803149606
20
-0.2069294881889764
11
0.1549024803149606
21
-0.1911346062992126
0
LINE
8
BLACK
6
CONTINUOUS
10
0.1549024803149606
20
-0.1911346062992126
11
0.1549592125984252
21
-0.1905585433070866
0
LINE
8
BLACK
6
CONTINUOUS
10
0.1549592125984252
20
-0.1905585433070866
11
0.1554001181102362
21
-0.1894941338582677
0
LINE
8
BLACK
6
CONTINUOUS
10
0.1554001181102362
20
-0.1894941338582677
11
0.1562147637795276
21
-0.1886794881889764
0
LINE
8
BLACK
6
CONTINUOUS
10
0.1562147637795276
20
-0.1886794881889764
11
0.1572791732283464
21
-0.1882385826771653
0
LINE
8
BLACK
6
CONTINUOUS
10
0.1572791732283464
20
-0.1882385826771653
11
0.1584312992125984
21
-0.1882385826771653
0
LINE
8
BLACK
6
CONTINUOUS
10
0.1584312992125984
20
-0.1882385826771653
11
0.1594957086614173
21
-0.1886794881889764
0
LINE
8
BLACK
6
CONTINUOUS
10
0.1594957086614173
20
-0.1886794881889764
11
0.1603103543307087
21
-0.1894941338582677
0
LINE
8
BLACK
6
CONTINUOUS
10
0.1603103543307087
20
-0.1894941338582677
11
0.1607512598425197
21
-0.1905585433070866
0
LINE
8
BLACK
6
CONTINUOUS
10
0.1607512598425197
20
-0.1905585433070866
11
0.1608079921259843
21
-0.1911346062992126
0
LINE
8
BLACK
6
CONTINUOUS
10
0.1608079921259843
20
-0.1911346062992126
11
0.1608079921259843
21
-0.2305046850393701
0
LINE
8
BLACK
6
CONTINUOUS
10
0.1608079921259843
20
-0.2305046850393701
11
0.1607512598425197
21
-0.2310807480314961
0
LINE
8
BLACK
6
CONTINUOUS
10
0.1607512598425197
20
-0.2310807480314961
11
0.1603103543307087
21
-0.2321451574803149
0
LINE
8
BLACK
6
CONTINUOUS
10
0.1603103543307087
20
-0.2321451574803149
11
0.1594957086614173
21
-0.2329598031496063
0
LINE
8
BLACK
6
CONTINUOUS
10
0.1594957086614173
20
-0.2329598031496063
11
0.1584312992125984
21
-0.2334007086614173
0
LINE
8
BLACK
6
CONTINUOUS
10
0.1584312992125984
20
-0.2334007086614173
11
0.1572791732283464
21
-0.2334007086614173
0
LINE
8
BLACK
6
CONTINUOUS
10
0.1572791732283464
20
-0.2334007086614173
11
0.1562147637795276
21
-0.2329598031496063
0
LINE
8
BLACK
6
CONTINUOUS
10
0.1562147637795276
20
-0.2329598031496063
11
0.1554001181102362
21
-0.2321451574803149
0
LINE
8
BLACK
6
CONTINUOUS
10
0.1554001181102362
20
-0.2321451574803149
11
0.1549592125984252
21
-0.2310807480314961
0
LINE
8
BLACK
6
CONTINUOUS
10
0.1549592125984252
20
-0.2310807480314961
11
0.1549024803149606
21
-0.2305046850393701
0
LINE
8
BLACK
6
CONTINUOUS
10
0.1549024803149606
20
-0.2305046850393701
11
0.1549024803149606
21
-0.212835
0
LINE
8
BLACK
6
CONTINUOUS
10
0.1549024803149606
20
-0.212835
11
0.1383108267716535
21
-0.212835
0
LINE
8
BLACK
6
CONTINUOUS
10
0.1383108267716535
20
-0.212835
11
0.1383108267716535
21
-0.2305046850393701
0
LINE
8
BLACK
6
CONTINUOUS
10
0.1383108267716535
20
-0.2305046850393701
11
0.138254094488189
21
-0.2310807480314961
0
LINE
8
BLACK
6
CONTINUOUS
10
0.138254094488189
20
-0.2310807480314961
11
0.137813188976378
21
-0.2321451574803149
0
LINE
8
BLACK
6
CONTINUOUS
10
0.137813188976378
20
-0.2321451574803149
11
0.1369985433070866
21
-0.2329598031496063
0
LINE
8
BLACK
6
CONTINUOUS
10
0.1369985433070866
20
-0.2329598031496063
11
0.1359341338582677
21
-0.2334007086614173
0
LINE
8
BLACK
6
CONTINUOUS
10
0.1359341338582677
20
-0.2334007086614173
11
0.1347820078740158
21
-0.2334007086614173
0
LINE
8
BLACK
6
CONTINUOUS
10
0.1347820078740158
20
-0.2334007086614173
11
0.1337175984251968
21
-0.2329598031496063
0
LINE
8
BLACK
6
CONTINUOUS
10
0.1337175984251968
20
-0.2329598031496063
11
0.1329029527559055
21
-0.2321451574803149
0
LINE
8
BLACK
6
CONTINUOUS
10
0.1329029527559055
20
-0.2321451574803149
11
0.1324620472440945
21
-0.2310807480314961
0
LINE
8
BLACK
6
CONTINUOUS
10
0.1324620472440945
20
-0.2310807480314961
11
0.1324053149606299
21
-0.2305046850393701
0
LINE
8
BLACK
6
CONTINUOUS
10
0.1324053149606299
20
-0.2305046850393701
11
0.1324053149606299
21
-0.1911346062992126
0
LINE
8
BLACK
6
CONTINUOUS
10
0.1324053149606299
20
-0.1911346062992126
11
0.1324620472440945
21
-0.1905585433070866
0
LINE
8
BLACK
6
CONTINUOUS
10
0.1324620472440945
20
-0.1905585433070866
11
0.1329029527559055
21
-0.1894941338582677
0
LINE
8
BLACK
6
CONTINUOUS
10
0.1329029527559055
20
-0.1894941338582677
11
0.1337175984251968
21
-0.1886794881889764
0
LINE
8
BLACK
6
CONTINUOUS
10
0.1337175984251968
20
-0.1886794881889764
11
0.1347820078740158
21
-0.1882385826771653
0
LINE
8
BLACK
6
CONTINUOUS
10
0.1347820078740158
20
-0.1882385826771653
11
0.1359341338582677
21
-0.1882385826771653
0
LINE
8
BLACK
6
CONTINUOUS
10
0.1359341338582677
20
-0.1882385826771653
11
0.1369985433070866
21
-0.1886794881889764
0
LINE
8
BLACK
6
CONTINUOUS
10
0.4051504724409449
20
-0.2116731496062992
11
0.4062148818897638
21
-0.2121140551181102
0
LINE
8
BLACK
6
CONTINUOUS
10
0.4062148818897638
20
-0.2121140551181102
11
0.4070295275590551
21
-0.2129287007874016
0
LINE
8
BLACK
6
CONTINUOUS
10
0.4070295275590551
20
-0.2129287007874016
11
0.4074704330708661
21
-0.2139931102362205
0
LINE
8
BLACK
6
CONTINUOUS
10
0.4074704330708661
20
-0.2139931102362205
11
0.4074704330708661
21
-0.2151452362204724
0
LINE
8
BLACK
6
CONTINUOUS
10
0.4074704330708661
20
-0.2151452362204724
11
0.4070295275590551
21
-0.2162096456692913
0
LINE
8
BLACK
6
CONTINUOUS
10
0.4070295275590551
20
-0.2162096456692913
11
0.4062148818897638
21
-0.2170242913385827
0
LINE
8
BLACK
6
CONTINUOUS
10
0.4062148818897638
20
-0.2170242913385827
11
0.4051504724409449
21
-0.2174651968503937
0
LINE
8
BLACK
6
CONTINUOUS
10
0.4051504724409449
20
-0.2174651968503937
11
0.4045744094488189
21
-0.2175219291338583
0
LINE
8
BLACK
6
CONTINUOUS
10
0.4045744094488189
20
-0.2175219291338583
11
0.374578188976378
21
-0.2175219291338583
0
LINE
8
BLACK
6
CONTINUOUS
10
0.374578188976378
20
-0.2175219291338583
11
0.374002125984252
21
-0.2174651968503937
0
LINE
8
BLACK
6
CONTINUOUS
10
0.374002125984252
20
-0.2174651968503937
11
0.3729377165354331
21
-0.2170242913385827
0
LINE
8
BLACK
6
CONTINUOUS
10
0.3729377165354331
20
-0.2170242913385827
11
0.3721230708661417
21
-0.2162096456692913
0
LINE
8
BLACK
6
CONTINUOUS
10
0.3721230708661417
20
-0.2162096456692913
11
0.3716821653543307
21
-0.2151452362204724
0
LINE
8
BLACK
6
CONTINUOUS
10
0.3716821653543307
20
-0.2151452362204724
11
0.3716821653543307
21
-0.2139931102362205
0
LINE
8
BLACK
6
CONTINUOUS
10
0.3716821653543307
20
-0.2139931102362205
11
0.3721230708661417
21
-0.2129287007874016
0
LINE
8
BLACK
6
CONTINUOUS
10
0.3721230708661417
20
-0.2129287007874016
11
0.3729377165354331
21
-0.2121140551181102
0
LINE
8
BLACK
6
CONTINUOUS
10
0.3729377165354331
20
-0.2121140551181102
11
0.374002125984252
21
-0.2116731496062992
0
LINE
8
BLACK
6
CONTINUOUS
10
0.374002125984252
20
-0.2116731496062992
11
0.374578188976378
21
-0.2116164173228346
0
LINE
8
BLACK
6
CONTINUOUS
10
0.374578188976378
20
-0.2116164173228346
11
0.4045744094488189
21
-0.2116164173228346
0
LINE
8
BLACK
6
CONTINUOUS
10
0.4045744094488189
20
-0.2116164173228346
11
0.4051504724409449
21
-0.2116731496062992
0
LINE
8
BLACK
6
CONTINUOUS
10
0.2530099212598425
20
-0.1685255118110236
11
0.2530876771653544
21
-0.16852
0
LINE
8
BLACK
6
CONTINUOUS
10
0.2530876771653544
20
-0.16852
11
0.2531899212598425
21
-0.1685432283464567
0
LINE
8
BLACK
6
CONTINUOUS
10
0.2531899212598425
20
-0.1685432283464567
11
0.2532944488188976
21
-0.1685535433070866
0
LINE
8
BLACK
6
CONTINUOUS
10
0.2532944488188976
20
-0.1685535433070866
11
0.2533665354330709
21
-0.1685833858267717
0
LINE
8
BLACK
6
CONTINUOUS
10
0.2533665354330709
20
-0.1685833858267717
11
0.253652125984252
21
-0.1686483464566929
0
LINE
8
BLACK
6
CONTINUOUS
10
0.253652125984252
20
-0.1686483464566929
11
0.2592764173228346
21
-0.1705231102362205
0
LINE
8
BLACK
6
CONTINUOUS
10
0.2592764173228346
20
-0.1705231102362205
11
0.2598049606299213
21
-0.170759094488189
0
LINE
8
BLACK
6
CONTINUOUS
10
0.2598049606299213
20
-0.170759094488189
11
0.2598850787401575
21
-0.1708285826771654
0
LINE
8
BLACK
6
CONTINUOUS
10
0.2598850787401575
20
-0.1708285826771654
11
0.2599831496062992
21
-0.1708692125984252
0
LINE
8
BLACK
6
CONTINUOUS
10
0.2599831496062992
20
-0.1708692125984252
11
0.2604305905511811
21
-0.1712364173228346
0
LINE
8
BLACK
6
CONTINUOUS
10
0.2604305905511811
20
-0.1712364173228346
11
0.2623053543307087
21
-0.1731111811023622
0
LINE
8
BLACK
6
CONTINUOUS
10
0.2623053543307087
20
-0.1731111811023622
11
0.2626725590551181
21
-0.1735586220472441
0
LINE
8
BLACK
6
CONTINUOUS
10
0.2626725590551181
20
-0.1735586220472441
11
0.2631134645669291
21
-0.174623031496063
0
LINE
8
BLACK
6
CONTINUOUS
10
0.2631134645669291
20
-0.174623031496063
11
0.2631134645669291
21
-0.1757751181102362
0
LINE
8
BLACK
6
CONTINUOUS
10
0.2631134645669291
20
-0.1757751181102362
11
0.2626725590551181
21
-0.1768395275590551
0
LINE
8
BLACK
6
CONTINUOUS
10
0.2626725590551181
20
-0.1768395275590551
11
0.261857874015748
21
-0.1776542125984252
0
LINE
8
BLACK
6
CONTINUOUS
10
0.261857874015748
20
-0.1776542125984252
11
0.2607934645669291
21
-0.1780951181102362
0
LINE
8
BLACK
6
CONTINUOUS
10
0.2607934645669291
20
-0.1780951181102362
11
0.2596413779527559
21
-0.1780951181102362
0
LINE
8
BLACK
6
CONTINUOUS
10
0.2596413779527559
20
-0.1780951181102362
11
0.258576968503937
21
-0.1776542125984252
0
LINE
8
BLACK
6
CONTINUOUS
10
0.258576968503937
20
-0.1776542125984252
11
0.2581295275590551
21
-0.1772870078740157
0
LINE
8
BLACK
6
CONTINUOUS
10
0.2581295275590551
20
-0.1772870078740157
11
0.2567476377952756
21
-0.1759051181102362
0
LINE
8
BLACK
6
CONTINUOUS
10
0.2567476377952756
20
-0.1759051181102362
11
0.2522392519685039
21
-0.1744023228346457
0
LINE
8
BLACK
6
CONTINUOUS
10
0.2522392519685039
20
-0.1744023228346457
11
0.2494479921259843
21
-0.1744023228346457
0
LINE
8
BLACK
6
CONTINUOUS
10
0.2494479921259843
20
-0.1744023228346457
11
0.2449396062992126
21
-0.1759051181102362
0
LINE
8
BLACK
6
CONTINUOUS
10
0.2449396062992126
20
-0.1759051181102362
11
0.2420217716535433
21
-0.1788229527559055
0
LINE
8
BLACK
6
CONTINUOUS
10
0.2420217716535433
20
-0.1788229527559055
11
0.2405062598425197
21
-0.181853937007874
0
LINE
8
BLACK
6
CONTINUOUS
10
0.2405062598425197
20
-0.181853937007874
11
0.2387982677165354
21
-0.1886859842519685
0
LINE
8
BLACK
6
CONTINUOUS
10
0.2387982677165354
20
-0.1886859842519685
11
0.2387982677165354
21
-0.1935831889763779
0
LINE
8
BLACK
6
CONTINUOUS
10
0.2387982677165354
20
-0.1935831889763779
11
0.2405062598425197
21
-0.2004152362204724
0
LINE
8
BLACK
6
CONTINUOUS
10
0.2405062598425197
20
-0.2004152362204724
11
0.2420217716535433
21
-0.2034462204724409
0
LINE
8
BLACK
6
CONTINUOUS
10
0.2420217716535433
20
-0.2034462204724409
11
0.2449396062992126
21
-0.206364094488189
0
LINE
8
BLACK
6
CONTINUOUS
10
0.2449396062992126
20
-0.206364094488189
11
0.2494479921259843
21
-0.2078668897637795
0
LINE
8
BLACK
6
CONTINUOUS
10
0.2494479921259843
20
-0.2078668897637795
11
0.2522392519685039
21
-0.2078668897637795
0
LINE
8
BLACK
6
CONTINUOUS
10
0.2522392519685039
20
-0.2078668897637795
11
0.2567476377952756
21
-0.2063640551181102
0
LINE
8
BLACK
6
CONTINUOUS
10
0.2567476377952756
20
-0.2063640551181102
11
0.2581294881889764
21
-0.2049822047244095
0
LINE
8
BLACK
6
CONTINUOUS
10
0.2581294881889764
20
-0.2049822047244095
11
0.258576968503937
21
-0.2046149606299213
0
LINE
8
BLACK
6
CONTINUOUS
10
0.258576968503937
20
-0.2046149606299213
11
0.2596413779527559
21
-0.2041740551181102
0
LINE
8
BLACK
6
CONTINUOUS
10
0.2596413779527559
20
-0.2041740551181102
11
0.2607934645669291
21
-0.2041740551181102
0
LINE
8
BLACK
6
CONTINUOUS
10
0.2607934645669291
20
-0.2041740551181102
11
0.261857874015748
21
-0.2046149212598425
0
LINE
8
BLACK
6
CONTINUOUS
10
0.261857874015748
20
-0.2046149212598425
11
0.2626725590551181
21
-0.2054296062992126
0
LINE
8
BLACK
6
CONTINUOUS
10
0.2626725590551181
20
-0.2054296062992126
11
0.2631134645669291
21
-0.2064940157480315
0
LINE
8
BLACK
6
CONTINUOUS
10
0.2631134645669291
20
-0.2064940157480315
11
0.2631134645669291
21
-0.2076461023622047
0
LINE
8
BLACK
6
CONTINUOUS
10
0.2631134645669291
20
-0.2076461023622047
11
0.2626725984251969
21
-0.2087105118110236
0
LINE
8
BLACK
6
CONTINUOUS
10
0.2626725984251969
20
-0.2087105118110236
11
0.2623053543307087
21
-0.2091579921259842
0
LINE
8
BLACK
6
CONTINUOUS
10
0.2623053543307087
20
-0.2091579921259842
11
0.2604306299212598
21
-0.2110327559055118
0
LINE
8
BLACK
6
CONTINUOUS
10
0.2604306299212598
20
-0.2110327559055118
11
0.2599831496062992
21
-0.2114
0
LINE
8
BLACK
6
CONTINUOUS
10
0.2599831496062992
20
-0.2114
11
0.2598850787401575
21
-0.2114405905511811
0
LINE
8
BLACK
6
CONTINUOUS
10
0.2598850787401575
20
-0.2114405905511811
11
0.2598049606299213
21
-0.2115101181102362
0
LINE
8
BLACK
6
CONTINUOUS
10
0.2598049606299213
20
-0.2115101181102362
11
0.2592764173228346
21
-0.2117461023622047
0
LINE
8
BLACK
6
CONTINUOUS
10
0.2592764173228346
20
-0.2117461023622047
11
0.253652125984252
21
-0.2136208661417323
0
LINE
8
BLACK
6
CONTINUOUS
10
0.253652125984252
20
-0.2136208661417323
11
0.2533665354330709
21
-0.2136857874015748
0
LINE
8
BLACK
6
CONTINUOUS
10
0.2533665354330709
20
-0.2136857874015748
11
0.2532944488188976
21
-0.2137156692913386
0
LINE
8
BLACK
6
CONTINUOUS
10
0.2532944488188976
20
-0.2137156692913386
11
0.2531899212598425
21
-0.2137259448818898
0
LINE
8
BLACK
6
CONTINUOUS
10
0.2531899212598425
20
-0.2137259448818898
11
0.2530876771653544
21
-0.2137492125984252
0
LINE
8
BLACK
6
CONTINUOUS
10
0.2530876771653544
20
-0.2137492125984252
11
0.2530099212598425
21
-0.2137436614173228
0
LINE
8
BLACK
6
CONTINUOUS
10
0.2530099212598425
20
-0.2137436614173228
11
0.2527183858267716
21
-0.2137724015748032
0
LINE
8
BLACK
6
CONTINUOUS
10
0.2527183858267716
20
-0.2137724015748032
11
0.2489688582677165
21
-0.2137724015748032
0
LINE
8
BLACK
6
CONTINUOUS
10
0.2489688582677165
20
-0.2137724015748032
11
0.2486772440944882
21
-0.2137436614173228
0
LINE
8
BLACK
6
CONTINUOUS
10
0.2486772440944882
20
-0.2137436614173228
11
0.2485995275590551
21
-0.2137492125984252
0
LINE
8
BLACK
6
CONTINUOUS
10
0.2485995275590551
20
-0.2137492125984252
11
0.2484972440944882
21
-0.2137259448818898
0
LINE
8
BLACK
6
CONTINUOUS
10
0.2484972440944882
20
-0.2137259448818898
11
0.2483927952755905
21
-0.2137156692913386
0
LINE
8
BLACK
6
CONTINUOUS
10
0.2483927952755905
20
-0.2137156692913386
11
0.2483207086614173
21
-0.2136857874015748
0
LINE
8
BLACK
6
CONTINUOUS
10
0.2483207086614173
20
-0.2136857874015748
11
0.2480350787401575
21
-0.2136208661417323
0
LINE
8
BLACK
6
CONTINUOUS
10
0.2480350787401575
20
-0.2136208661417323
11
0.2424108267716535
21
-0.2117461023622047
0
LINE
8
BLACK
6
CONTINUOUS
10
0.2424108267716535
20
-0.2117461023622047
11
0.2418822440944882
21
-0.2115101181102362
0
LINE
8
BLACK
6
CONTINUOUS
10
0.2418822440944882
20
-0.2115101181102362
11
0.241802125984252
21
-0.2114406299212598
0
LINE
8
BLACK
6
CONTINUOUS
10
0.241802125984252
20
-0.2114406299212598
11
0.241704094488189
21
-0.2114000393700787
0
LINE
8
BLACK
6
CONTINUOUS
10
0.241704094488189
20
-0.2114000393700787
11
0.2412566535433071
21
-0.2110327952755905
0
LINE
8
BLACK
6
CONTINUOUS
10
0.2412566535433071
20
-0.2110327952755905
11
0.237507125984252
21
-0.2072832283464567
0
LINE
8
BLACK
6
CONTINUOUS
10
0.237507125984252
20
-0.2072832283464567
11
0.2373213385826771
21
-0.2070568503937008
0
LINE
8
BLACK
6
CONTINUOUS
10
0.2373213385826771
20
-0.2070568503937008
11
0.2372623622047244
21
-0.2070057086614173
0
LINE
8
BLACK
6
CONTINUOUS
10
0.2372623622047244
20
-0.2070057086614173
11
0.2372063779527559
21
-0.2069167716535433
0
LINE
8
BLACK
6
CONTINUOUS
10
0.2372063779527559
20
-0.2069167716535433
11
0.2371398818897638
21
-0.2068357480314961
0
LINE
8
BLACK
6
CONTINUOUS
10
0.2371398818897638
20
-0.2068357480314961
11
0.2371100393700787
21
-0.2067637007874016
0
LINE
8
BLACK
6
CONTINUOUS
10
0.2371100393700787
20
-0.2067637007874016
11
0.2369540157480315
21
-0.2065158267716535
0
LINE
8
BLACK
6
CONTINUOUS
10
0.2369540157480315
20
-0.2065158267716535
11
0.2350792519685039
21
-0.2027662992125984
0
LINE
8
BLACK
6
CONTINUOUS
10
0.2350792519685039
20
-0.2027662992125984
11
0.2350631102362205
21
-0.2027241732283465
0
LINE
8
BLACK
6
CONTINUOUS
10
0.2350631102362205
20
-0.2027241732283465
11
0.2350504330708661
21
-0.2027070472440945
0
LINE
8
BLACK
6
CONTINUOUS
10
0.2350504330708661
20
-0.2027070472440945
11
0.2349639763779527
21
-0.2024650787401575
0
LINE
8
BLACK
6
CONTINUOUS
10
0.2349639763779527
20
-0.2024650787401575
11
0.2348723622047244
21
-0.2022256692913386
0
LINE
8
BLACK
6
CONTINUOUS
10
0.2348723622047244
20
-0.2022256692913386
11
0.2348708267716536
21
-0.2022044094488189
0
LINE
8
BLACK
6
CONTINUOUS
10
0.2348708267716536
20
-0.2022044094488189
11
0.2348556692913386
21
-0.2021619291338583
0
LINE
8
BLACK
6
CONTINUOUS
10
0.2348556692913386
20
-0.2021619291338583
11
0.232980905511811
21
-0.194662874015748
0
LINE
8
BLACK
6
CONTINUOUS
10
0.232980905511811
20
-0.194662874015748
11
0.2329661023622047
21
-0.1945629921259842
0
LINE
8
BLACK
6
CONTINUOUS
10
0.2329661023622047
20
-0.1945629921259842
11
0.2329494881889764
21
-0.1945227952755905
0
LINE
8
BLACK
6
CONTINUOUS
10
0.2329494881889764
20
-0.1945227952755905
11
0.2329281102362205
21
-0.1943057480314961
0
LINE
8
BLACK
6
CONTINUOUS
10
0.2329281102362205
20
-0.1943057480314961
11
0.2328962598425197
21
-0.1940902755905512
0
LINE
8
BLACK
6
CONTINUOUS
10
0.2328962598425197
20
-0.1940902755905512
11
0.2329026377952756
21
-0.1940472440944882
0
LINE
8
BLACK
6
CONTINUOUS
10
0.2329026377952756
20
-0.1940472440944882
11
0.2328927559055118
21
-0.1939467322834646
0
LINE
8
BLACK
6
CONTINUOUS
10
0.2328927559055118
20
-0.1939467322834646
11
0.2328927559055118
21
-0.1883224409448819
0
LINE
8
BLACK
6
CONTINUOUS
10
0.2328927559055118
20
-0.1883224409448819
11
0.2329026377952756
21
-0.1882218897637795
0
LINE
8
BLACK
6
CONTINUOUS
10
0.2329026377952756
20
-0.1882218897637795
11
0.2328962598425197
21
-0.1881788976377953
0
LINE
8
BLACK
6
CONTINUOUS
10
0.2328962598425197
20
-0.1881788976377953
11
0.2329281102362205
21
-0.1879633858267717
0
LINE
8
BLACK
6
CONTINUOUS
10
0.2329281102362205
20
-0.1879633858267717
11
0.2329494881889764
21
-0.1877463779527559
0
LINE
8
BLACK
6
CONTINUOUS
10
0.2329494881889764
20
-0.1877463779527559
11
0.2329661023622047
21
-0.1877061417322834
0
LINE
8
BLACK
6
CONTINUOUS
10
0.2329661023622047
20
-0.1877061417322834
11
0.232980905511811
21
-0.1876062992125984
0
LINE
8
BLACK
6
CONTINUOUS
10
0.232980905511811
20
-0.1876062992125984
11
0.2348556692913386
21
-0.1801072440944882
0
LINE
8
BLACK
6
CONTINUOUS
10
0.2348556692913386
20
-0.1801072440944882
11
0.2348708267716536
21
-0.1800647244094488
0
LINE
8
BLACK
6
CONTINUOUS
10
0.2348708267716536
20
-0.1800647244094488
11
0.2348723622047244
21
-0.1800435039370079
0
LINE
8
BLACK
6
CONTINUOUS
10
0.2348723622047244
20
-0.1800435039370079
11
0.2349639763779527
21
-0.1798040551181102
0
LINE
8
BLACK
6
CONTINUOUS
10
0.2349639763779527
20
-0.1798040551181102
11
0.2350504330708661
21
-0.179562125984252
0
LINE
8
BLACK
6
CONTINUOUS
10
0.2350504330708661
20
-0.179562125984252
11
0.2350631102362205
21
-0.1795449606299213
0
LINE
8
BLACK
6
CONTINUOUS
10
0.2350631102362205
20
-0.1795449606299213
11
0.2350792519685039
21
-0.179502874015748
0
LINE
8
BLACK
6
CONTINUOUS
10
0.2350792519685039
20
-0.179502874015748
11
0.2369540157480315
21
-0.1757533464566929
0
LINE
8
BLACK
6
CONTINUOUS
10
0.2369540157480315
20
-0.1757533464566929
11
0.2371100787401575
21
-0.1755053149606299
0
LINE
8
BLACK
6
CONTINUOUS
10
0.2371100787401575
20
-0.1755053149606299
11
0.2371399212598425
21
-0.1754333858267716
0
LINE
8
BLACK
6
CONTINUOUS
10
0.2371399212598425
20
-0.1754333858267716
11
0.2372063779527559
21
-0.1753524015748031
0
LINE
8
BLACK
6
CONTINUOUS
10
0.2372063779527559
20
-0.1753524015748031
11
0.2372623622047244
21
-0.1752634645669291
0
LINE
8
BLACK
6
CONTINUOUS
10
0.2372623622047244
20
-0.1752634645669291
11
0.2373213385826771
21
-0.1752122834645669
0
LINE
8
BLACK
6
CONTINUOUS
10
0.2373213385826771
20
-0.1752122834645669
11
0.237507125984252
21
-0.1749859448818898
0
LINE
8
BLACK
6
CONTINUOUS
10
0.237507125984252
20
-0.1749859448818898
11
0.2412566535433071
21
-0.1712364173228346
0
LINE
8
BLACK
6
CONTINUOUS
10
0.2412566535433071
20
-0.1712364173228346
11
0.241704094488189
21
-0.1708691732283465
0
LINE
8
BLACK
6
CONTINUOUS
10
0.241704094488189
20
-0.1708691732283465
11
0.241802125984252
21
-0.1708285433070866
0
LINE
8
BLACK
6
CONTINUOUS
10
0.241802125984252
20
-0.1708285433070866
11
0.2418822440944882
21
-0.170759094488189
0
LINE
8
BLACK
6
CONTINUOUS
10
0.2418822440944882
20
-0.170759094488189
11
0.2424108267716535
21
-0.1705231102362205
0
LINE
8
BLACK
6
CONTINUOUS
10
0.2424108267716535
20
-0.1705231102362205
11
0.2480350787401575
21
-0.1686483464566929
0
LINE
8
BLACK
6
CONTINUOUS
10
0.2480350787401575
20
-0.1686483464566929
11
0.2483207086614173
21
-0.1685833858267717
0
LINE
8
BLACK
6
CONTINUOUS
10
0.2483207086614173
20
-0.1685833858267717
11
0.2483927952755905
21
-0.1685535433070866
0
LINE
8
BLACK
6
CONTINUOUS
10
0.2483927952755905
20
-0.1685535433070866
11
0.2484972440944882
21
-0.1685432283464567
0
LINE
8
BLACK
6
CONTINUOUS
10
0.2484972440944882
20
-0.1685432283464567
11
0.2485995275590551
21
-0.16852
0
LINE
8
BLACK
6
CONTINUOUS
10
0.2485995275590551
20
-0.16852
11
0.2486772440944882
21
-0.1685255118110236
0
LINE
8
BLACK
6
CONTINUOUS
10
0.2486772440944882
20
-0.1685255118110236
11
0.2489688582677165
21
-0.168496811023622
0
LINE
8
BLACK
6
CONTINUOUS
10
0.2489688582677165
20
-0.168496811023622
11
0.2527183858267716
21
-0.168496811023622
0
LINE
8
BLACK
6
CONTINUOUS
10
0.2527183858267716
20
-0.168496811023622
11
0.2530099212598425
21
-0.1685255118110236
0
LINE
8
BLACK
6
CONTINUOUS
10
0.288915
20
-0.1816768897637795
11
0.2890129921259842
21
-0.1817174803149606
0
LINE
8
BLACK
6
CONTINUOUS
10
0.2890129921259842
20
-0.1817174803149606
11
0.2891188188976378
21
-0.181725
0
LINE
8
BLACK
6
CONTINUOUS
10
0.2891188188976378
20
-0.181725
11
0.2896594488188977
21
-0.1819318897637795
0
LINE
8
BLACK
6
CONTINUOUS
10
0.2896594488188977
20
-0.1819318897637795
11
0.2934089763779528
21
-0.1838066535433071
0
LINE
8
BLACK
6
CONTINUOUS
10
0.2934089763779528
20
-0.1838066535433071
11
0.293656968503937
21
-0.1839627165354331
0
LINE
8
BLACK
6
CONTINUOUS
10
0.293656968503937
20
-0.1839627165354331
11
0.293728937007874
21
-0.1839925590551181
0
LINE
8
BLACK
6
CONTINUOUS
10
0.293728937007874
20
-0.1839925590551181
11
0.2938098818897638
21
-0.1840590157480315
0
LINE
8
BLACK
6
CONTINUOUS
10
0.2938098818897638
20
-0.1840590157480315
11
0.2938988582677166
21
-0.184115
0
LINE
8
BLACK
6
CONTINUOUS
10
0.2938988582677166
20
-0.184115
11
0.29395
21
-0.1841739763779527
0
LINE
8
BLACK
6
CONTINUOUS
10
0.29395
20
-0.1841739763779527
11
0.2941763779527559
21
-0.1843597637795276
0
LINE
8
BLACK
6
CONTINUOUS
10
0.2941763779527559
20
-0.1843597637795276
11
0.2960511417322835
21
-0.1862345275590551
0
LINE
8
BLACK
6
CONTINUOUS
10
0.2960511417322835
20
-0.1862345275590551
11
0.2962368897637795
21
-0.1864608661417323
0
LINE
8
BLACK
6
CONTINUOUS
10
0.2962368897637795
20
-0.1864608661417323
11
0.296295905511811
21
-0.1865120472440945
0
LINE
8
BLACK
6
CONTINUOUS
10
0.296295905511811
20
-0.1865120472440945
11
0.2963518503937008
21
-0.1866009842519685
0
LINE
8
BLACK
6
CONTINUOUS
10
0.2963518503937008
20
-0.1866009842519685
11
0.2964183464566929
21
-0.186681968503937
0
LINE
8
BLACK
6
CONTINUOUS
10
0.2964183464566929
20
-0.186681968503937
11
0.2964481496062992
21
-0.1867538976377953
0
LINE
8
BLACK
6
CONTINUOUS
10
0.2964481496062992
20
-0.1867538976377953
11
0.2966042519685039
21
-0.1870019291338583
0
LINE
8
BLACK
6
CONTINUOUS
10
0.2966042519685039
20
-0.1870019291338583
11
0.2984790157480315
21
-0.1907514566929134
0
LINE
8
BLACK
6
CONTINUOUS
10
0.2984790157480315
20
-0.1907514566929134
11
0.298685905511811
21
-0.1912920472440945
0
LINE
8
BLACK
6
CONTINUOUS
10
0.298685905511811
20
-0.1912920472440945
11
0.2986934251968504
21
-0.1913979133858268
0
LINE
8
BLACK
6
CONTINUOUS
10
0.2986934251968504
20
-0.1913979133858268
11
0.2987340157480315
21
-0.191495905511811
0
LINE
8
BLACK
6
CONTINUOUS
10
0.2987340157480315
20
-0.191495905511811
11
0.2987907480314961
21
-0.192071968503937
0
LINE
8
BLACK
6
CONTINUOUS
10
0.2987907480314961
20
-0.192071968503937
11
0.2987907480314961
21
-0.2033205511811024
0
LINE
8
BLACK
6
CONTINUOUS
10
0.2987907480314961
20
-0.2033205511811024
11
0.2987340157480315
21
-0.2038966141732284
0
LINE
8
BLACK
6
CONTINUOUS
10
0.2987340157480315
20
-0.2038966141732284
11
0.2986934251968504
21
-0.2039945669291338
0
LINE
8
BLACK
6
CONTINUOUS
10
0.2986934251968504
20
-0.2039945669291338
11
0.298685905511811
21
-0.2041004724409449
0
LINE
8
BLACK
6
CONTINUOUS
10
0.298685905511811
20
-0.2041004724409449
11
0.2984790157480315
21
-0.204641062992126
0
LINE
8
BLACK
6
CONTINUOUS
10
0.2984790157480315
20
-0.204641062992126
11
0.2966042519685039
21
-0.2083905905511811
0
LINE
8
BLACK
6
CONTINUOUS
10
0.2966042519685039
20
-0.2083905905511811
11
0.2964481889763779
21
-0.2086384645669291
0
LINE
8
BLACK
6
CONTINUOUS
10
0.2964481889763779
20
-0.2086384645669291
11
0.2964183858267717
21
-0.2087105118110236
0
LINE
8
BLACK
6
CONTINUOUS
10
0.2964183858267717
20
-0.2087105118110236
11
0.2963518503937008
21
-0.2087915354330709
0
LINE
8
BLACK
6
CONTINUOUS
10
0.2963518503937008
20
-0.2087915354330709
11
0.296295905511811
21
-0.2088804724409449
0
LINE
8
BLACK
6
CONTINUOUS
10
0.296295905511811
20
-0.2088804724409449
11
0.2962368897637795
21
-0.2089316141732283
0
LINE
8
BLACK
6
CONTINUOUS
10
0.2962368897637795
20
-0.2089316141732283
11
0.2960511417322835
21
-0.2091579921259842
0
LINE
8
BLACK
6
CONTINUOUS
10
0.2960511417322835
20
-0.2091579921259842
11
0.2941764173228346
21
-0.2110327559055118
0
LINE
8
BLACK
6
CONTINUOUS
10
0.2941764173228346
20
-0.2110327559055118
11
0.2939500393700787
21
-0.2112185039370079
0
LINE
8
BLACK
6
CONTINUOUS
10
0.2939500393700787
20
-0.2112185039370079
11
0.2938988582677166
21
-0.2112775590551181
0
LINE
8
BLACK
6
CONTINUOUS
10
0.2938988582677166
20
-0.2112775590551181
11
0.2938098818897638
21
-0.2113335433070866
0
LINE
8
BLACK
6
CONTINUOUS
10
0.2938098818897638
20
-0.2113335433070866
11
0.293728937007874
21
-0.2114
0
LINE
8
BLACK
6
CONTINUOUS
10
0.293728937007874
20
-0.2114
11
0.293656968503937
21
-0.2114298031496063
0
LINE
8
BLACK
6
CONTINUOUS
10
0.293656968503937
20
-0.2114298031496063
11
0.2934089763779528
21
-0.211585905511811
0
LINE
8
BLACK
6
CONTINUOUS
10
0.2934089763779528
20
-0.211585905511811
11
0.2896594488188977
21
-0.2134606692913386
0
LINE
8
BLACK
6
CONTINUOUS
10
0.2896594488188977
20
-0.2134606692913386
11
0.2891188188976378
21
-0.2136675590551181
0
LINE
8
BLACK
6
CONTINUOUS
10
0.2891188188976378
20
-0.2136675590551181
11
0.2890129921259842
21
-0.2136750393700787
0
LINE
8
BLACK
6
CONTINUOUS
10
0.2890129921259842
20
-0.2136750393700787
11
0.288915
21
-0.2137156692913386
0
LINE
8
BLACK
6
CONTINUOUS
10
0.288915
20
-0.2137156692913386
11
0.288338937007874
21
-0.2137724015748032
0
LINE
8
BLACK
6
CONTINUOUS
10
0.288338937007874
20
-0.2137724015748032
11
0.2827146456692913
21
-0.2137724015748032
0
LINE
8
BLACK
6
CONTINUOUS
10
0.2827146456692913
20
-0.2137724015748032
11
0.2821385826771654
21
-0.2137156692913386
0
LINE
8
BLACK
6
CONTINUOUS
10
0.2821385826771654
20
-0.2137156692913386
11
0.2820405905511811
21
-0.2136750787401575
0
LINE
8
BLACK
6
CONTINUOUS
10
0.2820405905511811
20
-0.2136750787401575
11
0.2819347244094488
21
-0.2136675590551181
0
LINE
8
BLACK
6
CONTINUOUS
10
0.2819347244094488
20
-0.2136675590551181
11
0.2813941338582677
21
-0.2134606692913386
0
LINE
8
BLACK
6
CONTINUOUS
10
0.2813941338582677
20
-0.2134606692913386
11
0.2776446062992126
21
-0.211585905511811
0
LINE
8
BLACK
6
CONTINUOUS
10
0.2776446062992126
20
-0.211585905511811
11
0.2773965748031496
21
-0.2114298031496063
0
LINE
8
BLACK
6
CONTINUOUS
10
0.2773965748031496
20
-0.2114298031496063
11
0.2773246456692913
21
-0.2114
0
LINE
8
BLACK
6
CONTINUOUS
10
0.2773246456692913
20
-0.2114
11
0.2772436614173228
21
-0.2113335433070866
0
LINE
8
BLACK
6
CONTINUOUS
10
0.2772436614173228
20
-0.2113335433070866
11
0.2771547244094488
21
-0.2112775590551181
0
LINE
8
BLACK
6
CONTINUOUS
10
0.2771547244094488
20
-0.2112775590551181
11
0.2771035039370079
21
-0.2112185039370079
0
LINE
8
BLACK
6
CONTINUOUS
10
0.2771035039370079
20
-0.2112185039370079
11
0.2768771653543307
21
-0.2110327559055118
0
LINE
8
BLACK
6
CONTINUOUS
10
0.2768771653543307
20
-0.2110327559055118
11
0.2750024015748032
21
-0.2091579527559055
0
LINE
8
BLACK
6
CONTINUOUS
10
0.2750024015748032
20
-0.2091579527559055
11
0.2748166535433071
21
-0.2089316141732283
0
LINE
8
BLACK
6
CONTINUOUS
10
0.2748166535433071
20
-0.2089316141732283
11
0.2747576771653543
21
-0.2088804724409449
0
LINE
8
BLACK
6
CONTINUOUS
10
0.2747576771653543
20
-0.2088804724409449
11
0.2747016929133858
21
-0.2087915354330709
0
LINE
8
BLACK
6
CONTINUOUS
10
0.2747016929133858
20
-0.2087915354330709
11
0.2746351968503937
21
-0.2087105118110236
0
LINE
8
BLACK
6
CONTINUOUS
10
0.2746351968503937
20
-0.2087105118110236
11
0.2746053543307087
21
-0.2086384645669291
0
LINE
8
BLACK
6
CONTINUOUS
10
0.2746053543307087
20
-0.2086384645669291
11
0.2744493307086614
21
-0.2083905905511811
0
LINE
8
BLACK
6
CONTINUOUS
10
0.2744493307086614
20
-0.2083905905511811
11
0.2725745669291338
21
-0.204641062992126
0
LINE
8
BLACK
6
CONTINUOUS
10
0.2725745669291338
20
-0.204641062992126
11
0.2723676771653543
21
-0.2041004330708661
0
LINE
8
BLACK
6
CONTINUOUS
10
0.2723676771653543
20
-0.2041004330708661
11
0.2723601574803149
21
-0.2039946062992126
0
LINE
8
BLACK
6
CONTINUOUS
10
0.2723601574803149
20
-0.2039946062992126
11
0.2723195669291338
21
-0.2038966141732284
0
LINE
8
BLACK
6
CONTINUOUS
10
0.2723195669291338
20
-0.2038966141732284
11
0.2722628346456693
21
-0.2033205511811024
0
LINE
8
BLACK
6
CONTINUOUS
10
0.2722628346456693
20
-0.2033205511811024
11
0.2722628346456693
21
-0.192071968503937
0
LINE
8
BLACK
6
CONTINUOUS
10
0.2722628346456693
20
-0.192071968503937
11
0.2723195669291338
21
-0.191495905511811
0
LINE
8
BLACK
6
CONTINUOUS
10
0.2723195669291338
20
-0.191495905511811
11
0.2723601574803149
21
-0.191397874015748
0
LINE
8
BLACK
6
CONTINUOUS
10
0.2723601574803149
20
-0.191397874015748
11
0.2723676771653543
21
-0.1912920866141732
0
LINE
8
BLACK
6
CONTINUOUS
10
0.2723676771653543
20
-0.1912920866141732
11
0.2725745669291338
21
-0.1907514566929134
0
LINE
8
BLACK
6
CONTINUOUS
10
0.2725745669291338
20
-0.1907514566929134
11
0.2744493307086614
21
-0.1870019291338583
0
LINE
8
BLACK
6
CONTINUOUS
10
0.2744493307086614
20
-0.1870019291338583
11
0.2746053937007874
21
-0.1867538976377953
0
LINE
8
BLACK
6
CONTINUOUS
10
0.2746053937007874
20
-0.1867538976377953
11
0.2746352362204724
21
-0.186681968503937
0
LINE
8
BLACK
6
CONTINUOUS
10
0.2746352362204724
20
-0.186681968503937
11
0.2747016929133858
21
-0.1866009842519685
0
LINE
8
BLACK
6
CONTINUOUS
10
0.2747016929133858
20
-0.1866009842519685
11
0.2747576771653543
21
-0.1865120472440945
0
LINE
8
BLACK
6
CONTINUOUS
10
0.2747576771653543
20
-0.1865120472440945
11
0.2748166535433071
21
-0.1864608661417323
0
LINE
8
BLACK
6
CONTINUOUS
10
0.2748166535433071
20
-0.1864608661417323
11
0.2750024409448819
21
-0.1862345275590551
0
LINE
8
BLACK
6
CONTINUOUS
10
0.2750024409448819
20
-0.1862345275590551
11
0.2768772047244095
21
-0.1843597637795276
0
LINE
8
BLACK
6
CONTINUOUS
10
0.2768772047244095
20
-0.1843597637795276
11
0.2771035433070866
21
-0.1841739763779527
0
LINE
8
BLACK
6
CONTINUOUS
10
0.2771035433070866
20
-0.1841739763779527
11
0.2771547244094488
21
-0.184115
0
LINE
8
BLACK
6
CONTINUOUS
10
0.2771547244094488
20
-0.184115
11
0.2772436614173228
21
-0.1840590157480315
0
LINE
8
BLACK
6
CONTINUOUS
10
0.2772436614173228
20
-0.1840590157480315
11
0.2773246456692913
21
-0.1839925590551181
0
LINE
8
BLACK
6
CONTINUOUS
10
0.2773246456692913
20
-0.1839925590551181
11
0.2773965748031496
21
-0.1839627165354331
0
LINE
8
BLACK
6
CONTINUOUS
10
0.2773965748031496
20
-0.1839627165354331
11
0.2776446062992126
21
-0.1838066535433071
0
LINE
8
BLACK
6
CONTINUOUS
10
0.2776446062992126
20
-0.1838066535433071
11
0.2813941338582677
21
-0.1819318897637795
0
LINE
8
BLACK
6
CONTINUOUS
10
0.2813941338582677
20
-0.1819318897637795
11
0.2819347244094488
21
-0.181725
0
LINE
8
BLACK
6
CONTINUOUS
10
0.2819347244094488
20
-0.181725
11
0.2820405905511811
21
-0.1817174409448819
0
LINE
8
BLACK
6
CONTINUOUS
10
0.2820405905511811
20
-0.1817174409448819
11
0.2821385826771654
21
-0.1816768897637795
0
LINE
8
BLACK
6
CONTINUOUS
10
0.2821385826771654
20
-0.1816768897637795
11
0.2827146456692913
21
-0.181620157480315
0
LINE
8
BLACK
6
CONTINUOUS
10
0.2827146456692913
20
-0.181620157480315
11
0.288338937007874
21
-0.181620157480315
0
LINE
8
BLACK
6
CONTINUOUS
10
0.288338937007874
20
-0.181620157480315
11
0.288915
21
-0.1816768897637795
0
LINE
8
BLACK
6
CONTINUOUS
10
0.2807142125984252
20
-0.1888744094488189
11
0.2795170866141732
21
-0.1900715354330709
0
LINE
8
BLACK
6
CONTINUOUS
10
0.2795170866141732
20
-0.1900715354330709
11
0.2781683464566929
21
-0.1927690157480315
0
LINE
8
BLACK
6
CONTINUOUS
10
0.2781683464566929
20
-0.1927690157480315
11
0.2781683464566929
21
-0.2026235039370079
0
LINE
8
BLACK
6
CONTINUOUS
10
0.2781683464566929
20
-0.2026235039370079
11
0.2795170866141732
21
-0.2053209842519685
0
LINE
8
BLACK
6
CONTINUOUS
10
0.2795170866141732
20
-0.2053209842519685
11
0.2807142125984252
21
-0.2065181496062992
0
LINE
8
BLACK
6
CONTINUOUS
10
0.2807142125984252
20
-0.2065181496062992
11
0.2834116929133858
21
-0.2078668897637795
0
LINE
8
BLACK
6
CONTINUOUS
10
0.2834116929133858
20
-0.2078668897637795
11
0.2876418897637795
21
-0.2078668897637795
0
LINE
8
BLACK
6
CONTINUOUS
10
0.2876418897637795
20
-0.2078668897637795
11
0.2903393307086614
21
-0.2065181496062992
0
LINE
8
BLACK
6
CONTINUOUS
10
0.2903393307086614
20
-0.2065181496062992
11
0.2915364566929134
21
-0.2053209842519685
0
LINE
8
BLACK
6
CONTINUOUS
10
0.2915364566929134
20
-0.2053209842519685
11
0.2928852362204724
21
-0.2026235039370079
0
LINE
8
BLACK
6
CONTINUOUS
10
0.2928852362204724
20
-0.2026235039370079
11
0.2928852362204724
21
-0.1927690157480315
0
LINE
8
BLACK
6
CONTINUOUS
10
0.2928852362204724
20
-0.1927690157480315
11
0.2915364960629921
21
-0.1900715354330709
0
LINE
8
BLACK
6
CONTINUOUS
10
0.2915364960629921
20
-0.1900715354330709
11
0.2903393700787402
21
-0.1888744094488189
0
LINE
8
BLACK
6
CONTINUOUS
10
0.2903393700787402
20
-0.1888744094488189
11
0.2876418897637795
21
-0.1875256692913386
0
LINE
8
BLACK
6
CONTINUOUS
10
0.2876418897637795
20
-0.1875256692913386
11
0.2834116929133858
21
-0.1875256692913386
0
LINE
8
BLACK
6
CONTINUOUS
10
0.2834116929133858
20
-0.1875256692913386
11
0.2807142125984252
21
-0.1888744094488189
0
LINE
8
BLACK
6
CONTINUOUS
10
0.4292379133858268
20
-0.1685255118110236
11
0.4293156692913386
21
-0.16852
0
LINE
8
BLACK
6
CONTINUOUS
10
0.4293156692913386
20
-0.16852
11
0.4294179133858267
21
-0.1685432283464567
0
LINE
8
BLACK
6
CONTINUOUS
10
0.4294179133858267
20
-0.1685432283464567
11
0.4295224409448819
21
-0.1685535433070866
0
LINE
8
BLACK
6
CONTINUOUS
10
0.4295224409448819
20
-0.1685535433070866
11
0.4295945275590551
21
-0.1685833858267717
0
LINE
8
BLACK
6
CONTINUOUS
10
0.4295945275590551
20
-0.1685833858267717
11
0.4298801181102362
21
-0.1686483464566929
0
LINE
8
BLACK
6
CONTINUOUS
10
0.4298801181102362
20
-0.1686483464566929
11
0.4355044094488189
21
-0.1705231102362205
0
LINE
8
BLACK
6
CONTINUOUS
10
0.4355044094488189
20
-0.1705231102362205
11
0.4360329527559055
21
-0.170759094488189
0
LINE
8
BLACK
6
CONTINUOUS
10
0.4360329527559055
20
-0.170759094488189
11
0.4361130708661417
21
-0.1708285826771654
0
LINE
8
BLACK
6
CONTINUOUS
10
0.4361130708661417
20
-0.1708285826771654
11
0.4362111417322835
21
-0.1708692125984252
0
LINE
8
BLACK
6
CONTINUOUS
10
0.4362111417322835
20
-0.1708692125984252
11
0.4366585826771653
21
-0.1712364173228346
0
LINE
8
BLACK
6
CONTINUOUS
10
0.4366585826771653
20
-0.1712364173228346
11
0.4385333464566929
21
-0.1731111811023622
0
LINE
8
BLACK
6
CONTINUOUS
10
0.4385333464566929
20
-0.1731111811023622
11
0.4389005511811023
21
-0.1735586220472441
0
LINE
8
BLACK
6
CONTINUOUS
10
0.4389005511811023
20
-0.1735586220472441
11
0.4393414566929134
21
-0.174623031496063
0
LINE
8
BLACK
6
CONTINUOUS
10
0.4393414566929134
20
-0.174623031496063
11
0.4393414566929134
21
-0.1757751181102362
0
LINE
8
BLACK
6
CONTINUOUS
10
0.4393414566929134
20
-0.1757751181102362
11
0.4389005511811023
21
-0.1768395275590551
0
LINE
8
BLACK
6
CONTINUOUS
10
0.4389005511811023
20
-0.1768395275590551
11
0.4380858661417323
21
-0.1776542125984252
0
LINE
8
BLACK
6
CONTINUOUS
10
0.4380858661417323
20
-0.1776542125984252
11
0.4370214566929134
21
-0.1780951181102362
0
LINE
8
BLACK
6
CONTINUOUS
10
0.4370214566929134
20
-0.1780951181102362
11
0.4358693700787402
21
-0.1780951181102362
0
LINE
8
BLACK
6
CONTINUOUS
10
0.4358693700787402
20
-0.1780951181102362
11
0.4348049606299212
21
-0.1776542125984252
0
LINE
8
BLACK
6
CONTINUOUS
10
0.4348049606299212
20
-0.1776542125984252
11
0.4343575196850394
21
-0.1772870078740157
0
LINE
8
BLACK
6
CONTINUOUS
10
0.4343575196850394
20
-0.1772870078740157
11
0.4329756299212598
21
-0.1759051181102362
0
LINE
8
BLACK
6
CONTINUOUS
10
0.4329756299212598
20
-0.1759051181102362
11
0.4284672440944882
21
-0.1744023228346457
0
LINE
8
BLACK
6
CONTINUOUS
10
0.4284672440944882
20
-0.1744023228346457
11
0.4256759842519685
21
-0.1744023228346457
0
LINE
8
BLACK
6
CONTINUOUS
10
0.4256759842519685
20
-0.1744023228346457
11
0.4211675984251969
21
-0.1759051181102362
0
LINE
8
BLACK
6
CONTINUOUS
10
0.4211675984251969
20
-0.1759051181102362
11
0.4182497637795276
21
-0.1788229527559055
0
LINE
8
BLACK
6
CONTINUOUS
10
0.4182497637795276
20
-0.1788229527559055
11
0.4167342519685039
21
-0.181853937007874
0
LINE
8
BLACK
6
CONTINUOUS
10
0.4167342519685039
20
-0.181853937007874
11
0.4150262598425197
21
-0.1886859842519685
0
LINE
8
BLACK
6
CONTINUOUS
10
0.4150262598425197
20
-0.1886859842519685
11
0.4150262598425197
21
-0.1935831889763779
0
LINE
8
BLACK
6
CONTINUOUS
10
0.4150262598425197
20
-0.1935831889763779
11
0.4167342519685039
21
-0.2004152362204724
0
LINE
8
BLACK
6
CONTINUOUS
10
0.4167342519685039
20
-0.2004152362204724
11
0.4182497637795276
21
-0.2034462204724409
0
LINE
8
BLACK
6
CONTINUOUS
10
0.4182497637795276
20
-0.2034462204724409
11
0.4211675984251969
21
-0.206364094488189
0
LINE
8
BLACK
6
CONTINUOUS
10
0.4211675984251969
20
-0.206364094488189
11
0.4256759842519685
21
-0.2078668897637795
0
LINE
8
BLACK
6
CONTINUOUS
10
0.4256759842519685
20
-0.2078668897637795
11
0.4284672440944882
21
-0.2078668897637795
0
LINE
8
BLACK
6
CONTINUOUS
10
0.4284672440944882
20
-0.2078668897637795
11
0.4329756299212598
21
-0.2063640551181102
0
LINE
8
BLACK
6
CONTINUOUS
10
0.4329756299212598
20
-0.2063640551181102
11
0.4343574803149606
21
-0.2049822047244095
0
LINE
8
BLACK
6
CONTINUOUS
10
0.4343574803149606
20
-0.2049822047244095
11
0.4348049606299212
21
-0.2046149606299213
0
LINE
8
BLACK
6
CONTINUOUS
10
0.4348049606299212
20
-0.2046149606299213
11
0.4358693700787402
21
-0.2041740551181102
0
LINE
8
BLACK
6
CONTINUOUS
10
0.4358693700787402
20
-0.2041740551181102
11
0.4370214566929134
21
-0.2041740551181102
0
LINE
8
BLACK
6
CONTINUOUS
10
0.4370214566929134
20
-0.2041740551181102
11
0.4380858661417323
21
-0.2046149212598425
0
LINE
8
BLACK
6
CONTINUOUS
10
0.4380858661417323
20
-0.2046149212598425
11
0.4389005511811023
21
-0.2054296062992126
0
LINE
8
BLACK
6
CONTINUOUS
10
0.4389005511811023
20
-0.2054296062992126
11
0.4393414566929134
21
-0.2064940157480315
0
LINE
8
BLACK
6
CONTINUOUS
10
0.4393414566929134
20
-0.2064940157480315
11
0.4393414566929134
21
-0.2076461023622047
0
LINE
8
BLACK
6
CONTINUOUS
10
0.4393414566929134
20
-0.2076461023622047
11
0.4389005905511811
21
-0.2087105118110236
0
LINE
8
BLACK
6
CONTINUOUS
10
0.4389005905511811
20
-0.2087105118110236
11
0.4385333464566929
21
-0.2091579921259842
0
LINE
8
BLACK
6
CONTINUOUS
10
0.4385333464566929
20
-0.2091579921259842
11
0.4366586220472441
21
-0.2110327559055118
0
LINE
8
BLACK
6
CONTINUOUS
10
0.4366586220472441
20
-0.2110327559055118
11
0.4362111417322835
21
-0.2114
0
LINE
8
BLACK
6
CONTINUOUS
10
0.4362111417322835
20
-0.2114
11
0.4361130708661417
21
-0.2114405905511811
0
LINE
8
BLACK
6
CONTINUOUS
10
0.4361130708661417
20
-0.2114405905511811
11
0.4360329527559055
21
-0.2115101181102362
0
LINE
8
BLACK
6
CONTINUOUS
10
0.4360329527559055
20
-0.2115101181102362
11
0.4355044094488189
21
-0.2117461023622047
0
LINE
8
BLACK
6
CONTINUOUS
10
0.4355044094488189
20
-0.2117461023622047
11
0.4298801181102362
21
-0.2136208661417323
0
LINE
8
BLACK
6
CONTINUOUS
10
0.4298801181102362
20
-0.2136208661417323
11
0.4295945275590551
21
-0.2136857874015748
0
LINE
8
BLACK
6
CONTINUOUS
10
0.4295945275590551
20
-0.2136857874015748
11
0.4295224409448819
21
-0.2137156692913386
0
LINE
8
BLACK
6
CONTINUOUS
10
0.4295224409448819
20
-0.2137156692913386
11
0.4294179133858267
21
-0.2137259448818898
0
LINE
8
BLACK
6
CONTINUOUS
10
0.4294179133858267
20
-0.2137259448818898
11
0.4293156692913386
21
-0.2137492125984252
0
LINE
8
BLACK
6
CONTINUOUS
10
0.4293156692913386
20
-0.2137492125984252
11
0.4292379133858268
21
-0.2137436614173228
0
LINE
8
BLACK
6
CONTINUOUS
10
0.4292379133858268
20
-0.2137436614173228
11
0.4289463779527559
21
-0.2137724015748032
0
LINE
8
BLACK
6
CONTINUOUS
10
0.4289463779527559
20
-0.2137724015748032
11
0.4251968503937008
21
-0.2137724015748032
0
LINE
8
BLACK
6
CONTINUOUS
10
0.4251968503937008
20
-0.2137724015748032
11
0.4249052362204724
21
-0.2137436614173228
0
LINE
8
BLACK
6
CONTINUOUS
10
0.4249052362204724
20
-0.2137436614173228
11
0.4248275196850393
21
-0.2137492125984252
0
LINE
8
BLACK
6
CONTINUOUS
10
0.4248275196850393
20
-0.2137492125984252
11
0.4247252362204724
21
-0.2137259448818898
0
LINE
8
BLACK
6
CONTINUOUS
10
0.4247252362204724
20
-0.2137259448818898
11
0.4246207874015748
21
-0.2137156692913386
0
LINE
8
BLACK
6
CONTINUOUS
10
0.4246207874015748
20
-0.2137156692913386
11
0.4245487007874016
21
-0.2136857874015748
0
LINE
8
BLACK
6
CONTINUOUS
10
0.4245487007874016
20
-0.2136857874015748
11
0.4242630708661417
21
-0.2136208661417323
0
LINE
8
BLACK
6
CONTINUOUS
10
0.4242630708661417
20
-0.2136208661417323
11
0.4186388188976378
21
-0.2117461023622047
0
LINE
8
BLACK
6
CONTINUOUS
10
0.4186388188976378
20
-0.2117461023622047
11
0.4181102362204724
21
-0.2115101181102362
0
LINE
8
BLACK
6
CONTINUOUS
10
0.4181102362204724
20
-0.2115101181102362
11
0.4180301181102362
21
-0.2114406299212598
0
LINE
8
BLACK
6
CONTINUOUS
10
0.4180301181102362
20
-0.2114406299212598
11
0.4179320866141732
21
-0.2114000393700787
0
LINE
8
BLACK
6
CONTINUOUS
10
0.4179320866141732
20
-0.2114000393700787
11
0.4174846456692913
21
-0.2110327952755905
0
LINE
8
BLACK
6
CONTINUOUS
10
0.4174846456692913
20
-0.2110327952755905
11
0.4137351181102362
21
-0.2072832283464567
0
LINE
8
BLACK
6
CONTINUOUS
10
0.4137351181102362
20
-0.2072832283464567
11
0.4135493307086614
21
-0.2070568503937008
0
LINE
8
BLACK
6
CONTINUOUS
10
0.4135493307086614
20
-0.2070568503937008
11
0.4134903543307086
21
-0.2070057086614173
0
LINE
8
BLACK
6
CONTINUOUS
10
0.4134903543307086
20
-0.2070057086614173
11
0.4134343700787401
21
-0.2069167716535433
0
LINE
8
BLACK
6
CONTINUOUS
10
0.4134343700787401
20
-0.2069167716535433
11
0.413367874015748
21
-0.2068357480314961
0
LINE
8
BLACK
6
CONTINUOUS
10
0.413367874015748
20
-0.2068357480314961
11
0.413338031496063
21
-0.2067637007874016
0
LINE
8
BLACK
6
CONTINUOUS
10
0.413338031496063
20
-0.2067637007874016
11
0.4131820078740157
21
-0.2065158267716535
0
LINE
8
BLACK
6
CONTINUOUS
10
0.4131820078740157
20
-0.2065158267716535
11
0.4113072440944882
21
-0.2027662992125984
0
LINE
8
BLACK
6
CONTINUOUS
10
0.4113072440944882
20
-0.2027662992125984
11
0.4112911023622047
21
-0.2027241732283465
0
LINE
8
BLACK
6
CONTINUOUS
10
0.4112911023622047
20
-0.2027241732283465
11
0.4112784251968504
21
-0.2027070472440945
0
LINE
8
BLACK
6
CONTINUOUS
10
0.4112784251968504
20
-0.2027070472440945
11
0.411191968503937
21
-0.2024650787401575
0
LINE
8
BLACK
6
CONTINUOUS
10
0.411191968503937
20
-0.2024650787401575
11
0.4111003543307086
21
-0.2022256692913386
0
LINE
8
BLACK
6
CONTINUOUS
10
0.4111003543307086
20
-0.2022256692913386
11
0.4110988188976378
21
-0.2022044094488189
0
LINE
8
BLACK
6
CONTINUOUS
10
0.4110988188976378
20
-0.2022044094488189
11
0.4110836614173228
21
-0.2021619291338583
0
LINE
8
BLACK
6
CONTINUOUS
10
0.4110836614173228
20
-0.2021619291338583
11
0.4092088976377953
21
-0.194662874015748
0
LINE
8
BLACK
6
CONTINUOUS
10
0.4092088976377953
20
-0.194662874015748
11
0.4091940944881889
21
-0.1945629921259842
0
LINE
8
BLACK
6
CONTINUOUS
10
0.4091940944881889
20
-0.1945629921259842
11
0.4091774803149606
21
-0.1945227952755905
0
LINE
8
BLACK
6
CONTINUOUS
10
0.4091774803149606
20
-0.1945227952755905
11
0.4091561023622047
21
-0.1943057480314961
0
LINE
8
BLACK
6
CONTINUOUS
10
0.4091561023622047
20
-0.1943057480314961
11
0.4091242519685039
21
-0.1940902755905512
0
LINE
8
BLACK
6
CONTINUOUS
10
0.4091242519685039
20
-0.1940902755905512
11
0.4091306299212598
21
-0.1940472440944882
0
LINE
8
BLACK
6
CONTINUOUS
10
0.4091306299212598
20
-0.1940472440944882
11
0.4091207480314961
21
-0.1939467322834646
0
LINE
8
BLACK
6
CONTINUOUS
10
0.4091207480314961
20
-0.1939467322834646
11
0.4091207480314961
21
-0.1883224409448819
0
LINE
8
BLACK
6
CONTINUOUS
10
0.4091207480314961
20
-0.1883224409448819
11
0.4091306299212598
21
-0.1882218897637795
0
LINE
8
BLACK
6
CONTINUOUS
10
0.4091306299212598
20
-0.1882218897637795
11
0.4091242519685039
21
-0.1881788976377953
0
LINE
8
BLACK
6
CONTINUOUS
10
0.4091242519685039
20
-0.1881788976377953
11
0.4091561023622047
21
-0.1879633858267717
0
LINE
8
BLACK
6
CONTINUOUS
10
0.4091561023622047
20
-0.1879633858267717
11
0.4091774803149606
21
-0.1877463779527559
0
LINE
8
BLACK
6
CONTINUOUS
10
0.4091774803149606
20
-0.1877463779527559
11
0.4091940944881889
21
-0.1877061417322834
0
LINE
8
BLACK
6
CONTINUOUS
10
0.4091940944881889
20
-0.1877061417322834
11
0.4092088976377953
21
-0.1876062992125984
0
LINE
8
BLACK
6
CONTINUOUS
10
0.4092088976377953
20
-0.1876062992125984
11
0.4110836614173228
21
-0.1801072440944882
0
LINE
8
BLACK
6
CONTINUOUS
10
0.4110836614173228
20
-0.1801072440944882
11
0.4110988188976378
21
-0.1800647244094488
0
LINE
8
BLACK
6
CONTINUOUS
10
0.4110988188976378
20
-0.1800647244094488
11
0.4111003543307086
21
-0.1800435039370079
0
LINE
8
BLACK
6
CONTINUOUS
10
0.4111003543307086
20
-0.1800435039370079
11
0.411191968503937
21
-0.1798040551181102
0
LINE
8
BLACK
6
CONTINUOUS
10
0.411191968503937
20
-0.1798040551181102
11
0.4112784251968504
21
-0.179562125984252
0
LINE
8
BLACK
6
CONTINUOUS
10
0.4112784251968504
20
-0.179562125984252
11
0.4112911023622047
21
-0.1795449606299213
0
LINE
8
BLACK
6
CONTINUOUS
10
0.4112911023622047
20
-0.1795449606299213
11
0.4113072440944882
21
-0.179502874015748
0
LINE
8
BLACK
6
CONTINUOUS
10
0.4113072440944882
20
-0.179502874015748
11
0.4131820078740157
21
-0.1757533464566929
0
LINE
8
BLACK
6
CONTINUOUS
10
0.4131820078740157
20
-0.1757533464566929
11
0.4133380708661417
21
-0.1755053149606299
0
LINE
8
BLACK
6
CONTINUOUS
10
0.4133380708661417
20
-0.1755053149606299
11
0.4133679133858267
21
-0.1754333858267716
0
LINE
8
BLACK
6
CONTINUOUS
10
0.4133679133858267
20
-0.1754333858267716
11
0.4134343700787401
21
-0.1753524015748031
0
LINE
8
BLACK
6
CONTINUOUS
10
0.4134343700787401
20
-0.1753524015748031
11
0.4134903543307086
21
-0.1752634645669291
0
LINE
8
BLACK
6
CONTINUOUS
10
0.4134903543307086
20
-0.1752634645669291
11
0.4135493307086614
21
-0.1752122834645669
0
LINE
8
BLACK
6
CONTINUOUS
10
0.4135493307086614
20
-0.1752122834645669
11
0.4137351181102362
21
-0.1749859448818898
0
LINE
8
BLACK
6
CONTINUOUS
10
0.4137351181102362
20
-0.1749859448818898
11
0.4174846456692913
21
-0.1712364173228346
0
LINE
8
BLACK
6
CONTINUOUS
10
0.4174846456692913
20
-0.1712364173228346
11
0.4179320866141732
21
-0.1708691732283465
0
LINE
8
BLACK
6
CONTINUOUS
10
0.4179320866141732
20
-0.1708691732283465
11
0.4180301181102362
21
-0.1708285433070866
0
LINE
8
BLACK
6
CONTINUOUS
10
0.4180301181102362
20
-0.1708285433070866
11
0.4181102362204724
21
-0.170759094488189
0
LINE
8
BLACK
6
CONTINUOUS
10
0.4181102362204724
20
-0.170759094488189
11
0.4186388188976378
21
-0.1705231102362205
0
LINE
8
BLACK
6
CONTINUOUS
10
0.4186388188976378
20
-0.1705231102362205
11
0.4242630708661417
21
-0.1686483464566929
0
LINE
8
BLACK
6
CONTINUOUS
10
0.4242630708661417
20
-0.1686483464566929
11
0.4245487007874016
21
-0.1685833858267717
0
LINE
8
BLACK
6
CONTINUOUS
10
0.4245487007874016
20
-0.1685833858267717
11
0.4246207874015748
21
-0.1685535433070866
0
LINE
8
BLACK
6
CONTINUOUS
10
0.4246207874015748
20
-0.1685535433070866
11
0.4247252362204724
21
-0.1685432283464567
0
LINE
8
BLACK
6
CONTINUOUS
10
0.4247252362204724
20
-0.1685432283464567
11
0.4248275196850393
21
-0.16852
0
LINE
8
BLACK
6
CONTINUOUS
10
0.4248275196850393
20
-0.16852
11
0.4249052362204724
21
-0.1685255118110236
0
LINE
8
BLACK
6
CONTINUOUS
10
0.4249052362204724
20
-0.1685255118110236
11
0.4251968503937008
21
-0.168496811023622
0
LINE
8
BLACK
6
CONTINUOUS
10
0.4251968503937008
20
-0.168496811023622
11
0.4289463779527559
21
-0.168496811023622
0
LINE
8
BLACK
6
CONTINUOUS
10
0.4289463779527559
20
-0.168496811023622
11
0.4292379133858268
21
-0.1685255118110236
0
LINE
8
BLACK
6
CONTINUOUS
10
0.4651429921259843
20
-0.1816768897637795
11
0.4652409842519685
21
-0.1817174803149606
0
LINE
8
BLACK
6
CONTINUOUS
10
0.4652409842519685
20
-0.1817174803149606
11
0.465346811023622
21
-0.181725
0
LINE
8
BLACK
6
CONTINUOUS
10
0.465346811023622
20
-0.181725
11
0.4658874409448819
21
-0.1819318897637795
0
LINE
8
BLACK
6
CONTINUOUS
10
0.4658874409448819
20
-0.1819318897637795
11
0.469636968503937
21
-0.1838066535433071
0
LINE
8
BLACK
6
CONTINUOUS
10
0.469636968503937
20
-0.1838066535433071
11
0.4698849606299212
21
-0.1839627165354331
0
LINE
8
BLACK
6
CONTINUOUS
10
0.4698849606299212
20
-0.1839627165354331
11
0.4699569291338583
21
-0.1839925590551181
0
LINE
8
BLACK
6
CONTINUOUS
10
0.4699569291338583
20
-0.1839925590551181
11
0.470037874015748
21
-0.1840590157480315
0
LINE
8
BLACK
6
CONTINUOUS
10
0.470037874015748
20
-0.1840590157480315
11
0.4701268503937008
21
-0.184115
0
LINE
8
BLACK
6
CONTINUOUS
10
0.4701268503937008
20
-0.184115
11
0.4701779921259843
21
-0.1841739763779527
0
LINE
8
BLACK
6
CONTINUOUS
10
0.4701779921259843
20
-0.1841739763779527
11
0.4704043700787401
21
-0.1843597637795276
0
LINE
8
BLACK
6
CONTINUOUS
10
0.4704043700787401
20
-0.1843597637795276
11
0.4722791338582677
21
-0.1862345275590551
0
LINE
8
BLACK
6
CONTINUOUS
10
0.4722791338582677
20
-0.1862345275590551
11
0.4724648818897638
21
-0.1864608661417323
0
LINE
8
BLACK
6
CONTINUOUS
10
0.4724648818897638
20
-0.1864608661417323
11
0.4725238976377953
21
-0.1865120472440945
0
LINE
8
BLACK
6
CONTINUOUS
10
0.4725238976377953
20
-0.1865120472440945
11
0.472579842519685
21
-0.1866009842519685
0
LINE
8
BLACK
6
CONTINUOUS
10
0.472579842519685
20
-0.1866009842519685
11
0.4726463385826771
21
-0.186681968503937
0
LINE
8
BLACK
6
CONTINUOUS
10
0.4726463385826771
20
-0.186681968503937
11
0.4726761417322835
21
-0.1867538976377953
0
LINE
8
BLACK
6
CONTINUOUS
10
0.4726761417322835
20
-0.1867538976377953
11
0.4728322440944882
21
-0.1870019291338583
0
LINE
8
BLACK
6
CONTINUOUS
10
0.4728322440944882
20
-0.1870019291338583
11
0.4747070078740158
21
-0.1907514566929134
0
LINE
8
BLACK
6
CONTINUOUS
10
0.4747070078740158
20
-0.1907514566929134
11
0.4749138976377953
21
-0.1912920472440945
0
LINE
8
BLACK
6
CONTINUOUS
10
0.4749138976377953
20
-0.1912920472440945
11
0.4749214173228347
21
-0.1913979133858268
0
LINE
8
BLACK
6
CONTINUOUS
10
0.4749214173228347
20
-0.1913979133858268
11
0.4749620078740157
21
-0.191495905511811
0
LINE
8
BLACK
6
CONTINUOUS
10
0.4749620078740157
20
-0.191495905511811
11
0.4750187401574803
21
-0.192071968503937
0
LINE
8
BLACK
6
CONTINUOUS
10
0.4750187401574803
20
-0.192071968503937
11
0.4750187401574803
21
-0.2033205511811024
0
LINE
8
BLACK
6
CONTINUOUS
10
0.4750187401574803
20
-0.2033205511811024
11
0.4749620078740157
21
-0.2038966141732284
0
LINE
8
BLACK
6
CONTINUOUS
10
0.4749620078740157
20
-0.2038966141732284
11
0.4749214173228347
21
-0.2039945669291338
0
LINE
8
BLACK
6
CONTINUOUS
10
0.4749214173228347
20
-0.2039945669291338
11
0.4749138976377953
21
-0.2041004724409449
0
LINE
8
BLACK
6
CONTINUOUS
10
0.4749138976377953
20
-0.2041004724409449
11
0.4747070078740158
21
-0.204641062992126
0
LINE
8
BLACK
6
CONTINUOUS
10
0.4747070078740158
20
-0.204641062992126
11
0.4728322440944882
21
-0.2083905905511811
0
LINE
8
BLACK
6
CONTINUOUS
10
0.4728322440944882
20
-0.2083905905511811
11
0.4726761811023622
21
-0.2086384645669291
0
LINE
8
BLACK
6
CONTINUOUS
10
0.4726761811023622
20
-0.2086384645669291
11
0.4726463779527559
21
-0.2087105118110236
0
LINE
8
BLACK
6
CONTINUOUS
10
0.4726463779527559
20
-0.2087105118110236
11
0.472579842519685
21
-0.2087915354330709
0
LINE
8
BLACK
6
CONTINUOUS
10
0.472579842519685
20
-0.2087915354330709
11
0.4725238976377953
21
-0.2088804724409449
0
LINE
8
BLACK
6
CONTINUOUS
10
0.4725238976377953
20
-0.2088804724409449
11
0.4724648818897638
21
-0.2089316141732283
0
LINE
8
BLACK
6
CONTINUOUS
10
0.4724648818897638
20
-0.2089316141732283
11
0.4722791338582677
21
-0.2091579921259842
0
LINE
8
BLACK
6
CONTINUOUS
10
0.4722791338582677
20
-0.2091579921259842
11
0.4704044094488189
21
-0.2110327559055118
0
LINE
8
BLACK
6
CONTINUOUS
10
0.4704044094488189
20
-0.2110327559055118
11
0.470178031496063
21
-0.2112185039370079
0
LINE
8
BLACK
6
CONTINUOUS
10
0.470178031496063
20
-0.2112185039370079
11
0.4701268503937008
21
-0.2112775590551181
0
LINE
8
BLACK
6
CONTINUOUS
10
0.4701268503937008
20
-0.2112775590551181
11
0.470037874015748
21
-0.2113335433070866
0
LINE
8
BLACK
6
CONTINUOUS
10
0.470037874015748
20
-0.2113335433070866
11
0.4699569291338583
21
-0.2114
0
LINE
8
BLACK
6
CONTINUOUS
10
0.4699569291338583
20
-0.2114
11
0.4698849606299212
21
-0.2114298031496063
0
LINE
8
BLACK
6
CONTINUOUS
10
0.4698849606299212
20
-0.2114298031496063
11
0.469636968503937
21
-0.211585905511811
0
LINE
8
BLACK
6
CONTINUOUS
10
0.469636968503937
20
-0.211585905511811
11
0.4658874409448819
21
-0.2134606692913386
0
LINE
8
BLACK
6
CONTINUOUS
10
0.4658874409448819
20
-0.2134606692913386
11
0.465346811023622
21
-0.2136675590551181
0
LINE
8
BLACK
6
CONTINUOUS
10
0.465346811023622
20
-0.2136675590551181
11
0.4652409842519685
21
-0.2136750393700787
0
LINE
8
BLACK
6
CONTINUOUS
10
0.4652409842519685
20
-0.2136750393700787
11
0.4651429921259843
21
-0.2137156692913386
0
LINE
8
BLACK
6
CONTINUOUS
10
0.4651429921259843
20
-0.2137156692913386
11
0.4645669291338583
21
-0.2137724015748032
0
LINE
8
BLACK
6
CONTINUOUS
10
0.4645669291338583
20
-0.2137724015748032
11
0.4589426377952756
21
-0.2137724015748032
0
LINE
8
BLACK
6
CONTINUOUS
10
0.4589426377952756
20
-0.2137724015748032
11
0.4583665748031496
21
-0.2137156692913386
0
LINE
8
BLACK
6
CONTINUOUS
10
0.4583665748031496
20
-0.2137156692913386
11
0.4582685826771654
21
-0.2136750787401575
0
LINE
8
BLACK
6
CONTINUOUS
10
0.4582685826771654
20
-0.2136750787401575
11
0.4581627165354331
21
-0.2136675590551181
0
LINE
8
BLACK
6
CONTINUOUS
10
0.4581627165354331
20
-0.2136675590551181
11
0.4576221259842519
21
-0.2134606692913386
0
LINE
8
BLACK
6
CONTINUOUS
10
0.4576221259842519
20
-0.2134606692913386
11
0.4538725984251968
21
-0.211585905511811
0
LINE
8
BLACK
6
CONTINUOUS
10
0.4538725984251968
20
-0.211585905511811
11
0.4536245669291338
21
-0.2114298031496063
0
LINE
8
BLACK
6
CONTINUOUS
10
0.4536245669291338
20
-0.2114298031496063
11
0.4535526377952756
21
-0.2114
0
LINE
8
BLACK
6
CONTINUOUS
10
0.4535526377952756
20
-0.2114
11
0.4534716535433071
21
-0.2113335433070866
0
LINE
8
BLACK
6
CONTINUOUS
10
0.4534716535433071
20
-0.2113335433070866
11
0.4533827165354331
21
-0.2112775590551181
0
LINE
8
BLACK
6
CONTINUOUS
10
0.4533827165354331
20
-0.2112775590551181
11
0.4533314960629921
21
-0.2112185039370079
0
LINE
8
BLACK
6
CONTINUOUS
10
0.4533314960629921
20
-0.2112185039370079
11
0.4531051574803149
21
-0.2110327559055118
0
LINE
8
BLACK
6
CONTINUOUS
10
0.4531051574803149
20
-0.2110327559055118
11
0.4512303937007874
21
-0.2091579527559055
0
LINE
8
BLACK
6
CONTINUOUS
10
0.4512303937007874
20
-0.2091579527559055
11
0.4510446456692913
21
-0.2089316141732283
0
LINE
8
BLACK
6
CONTINUOUS
10
0.4510446456692913
20
-0.2089316141732283
11
0.4509856692913386
21
-0.2088804724409449
0
LINE
8
BLACK
6
CONTINUOUS
10
0.4509856692913386
20
-0.2088804724409449
11
0.4509296850393701
21
-0.2087915354330709
0
LINE
8
BLACK
6
CONTINUOUS
10
0.4509296850393701
20
-0.2087915354330709
11
0.4508631889763779
21
-0.2087105118110236
0
LINE
8
BLACK
6
CONTINUOUS
10
0.4508631889763779
20
-0.2087105118110236
11
0.4508333464566929
21
-0.2086384645669291
0
LINE
8
BLACK
6
CONTINUOUS
10
0.4508333464566929
20
-0.2086384645669291
11
0.4506773228346457
21
-0.2083905905511811
0
LINE
8
BLACK
6
CONTINUOUS
10
0.4506773228346457
20
-0.2083905905511811
11
0.4488025590551181
21
-0.204641062992126
0
LINE
8
BLACK
6
CONTINUOUS
10
0.4488025590551181
20
-0.204641062992126
11
0.4485956692913386
21
-0.2041004330708661
0
LINE
8
BLACK
6
CONTINUOUS
10
0.4485956692913386
20
-0.2041004330708661
11
0.4485881496062992
21
-0.2039946062992126
0
LINE
8
BLACK
6
CONTINUOUS
10
0.4485881496062992
20
-0.2039946062992126
11
0.4485475590551181
21
-0.2038966141732284
0
LINE
8
BLACK
6
CONTINUOUS
10
0.4485475590551181
20
-0.2038966141732284
11
0.4484908267716535
21
-0.2033205511811024
0
LINE
8
BLACK
6
CONTINUOUS
10
0.4484908267716535
20
-0.2033205511811024
11
0.4484908267716535
21
-0.192071968503937
0
LINE
8
BLACK
6
CONTINUOUS
10
0.4484908267716535
20
-0.192071968503937
11
0.4485475590551181
21
-0.191495905511811
0
LINE
8
BLACK
6
CONTINUOUS
10
0.4485475590551181
20
-0.191495905511811
11
0.4485881496062992
21
-0.191397874015748
0
LINE
8
BLACK
6
CONTINUOUS
10
0.4485881496062992
20
-0.191397874015748
11
0.4485956692913386
21
-0.1912920866141732
0
LINE
8
BLACK
6
CONTINUOUS
10
0.4485956692913386
20
-0.1912920866141732
11
0.4488025590551181
21
-0.1907514566929134
0
LINE
8
BLACK
6
CONTINUOUS
10
0.4488025590551181
20
-0.1907514566929134
11
0.4506773228346457
21
-0.1870019291338583
0
LINE
8
BLACK
6
CONTINUOUS
10
0.4506773228346457
20
-0.1870019291338583
11
0.4508333858267716
21
-0.1867538976377953
0
LINE
8
BLACK
6
CONTINUOUS
10
0.4508333858267716
20
-0.1867538976377953
11
0.4508632283464567
21
-0.186681968503937
0
LINE
8
BLACK
6
CONTINUOUS
10
0.4508632283464567
20
-0.186681968503937
11
0.4509296850393701
21
-0.1866009842519685
0
LINE
8
BLACK
6
CONTINUOUS
10
0.4509296850393701
20
-0.1866009842519685
11
0.4509856692913386
21
-0.1865120472440945
0
LINE
8
BLACK
6
CONTINUOUS
10
0.4509856692913386
20
-0.1865120472440945
11
0.4510446456692913
21
-0.1864608661417323
0
LINE
8
BLACK
6
CONTINUOUS
10
0.4510446456692913
20
-0.1864608661417323
11
0.4512304330708661
21
-0.1862345275590551
0
LINE
8
BLACK
6
CONTINUOUS
10
0.4512304330708661
20
-0.1862345275590551
11
0.4531051968503937
21
-0.1843597637795276
0
LINE
8
BLACK
6
CONTINUOUS
10
0.4531051968503937
20
-0.1843597637795276
11
0.4533315354330709
21
-0.1841739763779527
0
LINE
8
BLACK
6
CONTINUOUS
10
0.4533315354330709
20
-0.1841739763779527
11
0.4533827165354331
21
-0.184115
0
LINE
8
BLACK
6
CONTINUOUS
10
0.4533827165354331
20
-0.184115
11
0.4534716535433071
21
-0.1840590157480315
0
LINE
8
BLACK
6
CONTINUOUS
10
0.4534716535433071
20
-0.1840590157480315
11
0.4535526377952756
21
-0.1839925590551181
0
LINE
8
BLACK
6
CONTINUOUS
10
0.4535526377952756
20
-0.1839925590551181
11
0.4536245669291338
21
-0.1839627165354331
0
LINE
8
BLACK
6
CONTINUOUS
10
0.4536245669291338
20
-0.1839627165354331
11
0.4538725984251968
21
-0.1838066535433071
0
LINE
8
BLACK
6
CONTINUOUS
10
0.4538725984251968
20
-0.1838066535433071
11
0.4576221259842519
21
-0.1819318897637795
0
LINE
8
BLACK
6
CONTINUOUS
10
0.4576221259842519
20
-0.1819318897637795
11
0.4581627165354331
21
-0.181725
0
LINE
8
BLACK
6
CONTINUOUS
10
0.4581627165354331
20
-0.181725
11
0.4582685826771654
21
-0.1817174409448819
0
LINE
8
BLACK
6
CONTINUOUS
10
0.4582685826771654
20
-0.1817174409448819
11
0.4583665748031496
21
-0.1816768897637795
0
LINE
8
BLACK
6
CONTINUOUS
10
0.4583665748031496
20
-0.1816768897637795
11
0.4589426377952756
21
-0.181620157480315
0
LINE
8
BLACK
6
CONTINUOUS
10
0.4589426377952756
20
-0.181620157480315
11
0.4645669291338583
21
-0.181620157480315
0
LINE
8
BLACK
6
CONTINUOUS
10
0.4645669291338583
20
-0.181620157480315
11
0.4651429921259843
21
-0.1816768897637795
0
LINE
8
BLACK
6
CONTINUOUS
10
0.4569422047244094
20
-0.1888744094488189
11
0.4557450787401575
21
-0.1900715354330709
0
LINE
8
BLACK
6
CONTINUOUS
10
0.4557450787401575
20
-0.1900715354330709
11
0.4543963385826771
21
-0.1927690157480315
0
LINE
8
BLACK
6
CONTINUOUS
10
0.4543963385826771
20
-0.1927690157480315
11
0.4543963385826771
21
-0.2026235039370079
0
LINE
8
BLACK
6
CONTINUOUS
10
0.4543963385826771
20
-0.2026235039370079
11
0.4557450787401575
21
-0.2053209842519685
0
LINE
8
BLACK
6
CONTINUOUS
10
0.4557450787401575
20
-0.2053209842519685
11
0.4569422047244094
21
-0.2065181496062992
0
LINE
8
BLACK
6
CONTINUOUS
10
0.4569422047244094
20
-0.2065181496062992
11
0.4596396850393701
21
-0.2078668897637795
0
LINE
8
BLACK
6
CONTINUOUS
10
0.4596396850393701
20
-0.2078668897637795
11
0.4638698818897637
21
-0.2078668897637795
0
LINE
8
BLACK
6
CONTINUOUS
10
0.4638698818897637
20
-0.2078668897637795
11
0.4665673228346456
21
-0.2065181496062992
0
LINE
8
BLACK
6
CONTINUOUS
10
0.4665673228346456
20
-0.2065181496062992
11
0.4677644488188976
21
-0.2053209842519685
0
LINE
8
BLACK
6
CONTINUOUS
10
0.4677644488188976
20
-0.2053209842519685
11
0.4691132283464567
21
-0.2026235039370079
0
LINE
8
BLACK
6
CONTINUOUS
10
0.4691132283464567
20
-0.2026235039370079
11
0.4691132283464567
21
-0.1927690157480315
0
LINE
8
BLACK
6
CONTINUOUS
10
0.4691132283464567
20
-0.1927690157480315
11
0.4677644881889764
21
-0.1900715354330709
0
LINE
8
BLACK
6
CONTINUOUS
10
0.4677644881889764
20
-0.1900715354330709
11
0.4665673622047244
21
-0.1888744094488189
0
LINE
8
BLACK
6
CONTINUOUS
10
0.4665673622047244
20
-0.1888744094488189
11
0.4638698818897637
21
-0.1875256692913386
0
LINE
8
BLACK
6
CONTINUOUS
10
0.4638698818897637
20
-0.1875256692913386
11
0.4596396850393701
21
-0.1875256692913386
0
LINE
8
BLACK
6
CONTINUOUS
10
0.4596396850393701
20
-0.1875256692913386
11
0.4569422047244094
21
-0.1888744094488189
0
LINE
8
BLACK
6
CONTINUOUS
10
0.5007635433070866
20
-0.1816768897637795
11
0.5008615354330709
21
-0.1817174803149606
0
LINE
8
BLACK
6
CONTINUOUS
10
0.5008615354330709
20
-0.1817174803149606
11
0.5009673622047244
21
-0.181725
0
LINE
8
BLACK
6
CONTINUOUS
10
0.5009673622047244
20
-0.181725
11
0.5015079921259843
21
-0.1819318897637795
0
LINE
8
BLACK
6
CONTINUOUS
10
0.5015079921259843
20
-0.1819318897637795
11
0.5052575196850394
21
-0.1838066535433071
0
LINE
8
BLACK
6
CONTINUOUS
10
0.5052575196850394
20
-0.1838066535433071
11
0.5053538582677165
21
-0.1838672834645669
0
LINE
8
BLACK
6
CONTINUOUS
10
0.5053538582677165
20
-0.1838672834645669
11
0.5053992913385826
21
-0.1838824409448819
0
LINE
8
BLACK
6
CONTINUOUS
10
0.5053992913385826
20
-0.1838824409448819
11
0.5054558267716536
21
-0.1839314566929134
0
LINE
8
BLACK
6
CONTINUOUS
10
0.5054558267716536
20
-0.1839314566929134
11
0.5057474015748031
21
-0.184115
0
LINE
8
BLACK
6
CONTINUOUS
10
0.5057474015748031
20
-0.184115
11
0.5059899606299213
21
-0.1843946850393701
0
LINE
8
BLACK
6
CONTINUOUS
10
0.5059899606299213
20
-0.1843946850393701
11
0.5062696850393701
21
-0.1846372834645669
0
LINE
8
BLACK
6
CONTINUOUS
10
0.5062696850393701
20
-0.1846372834645669
11
0.5064531889763779
21
-0.1849288188976378
0
LINE
8
BLACK
6
CONTINUOUS
10
0.5064531889763779
20
-0.1849288188976378
11
0.5065022440944882
21
-0.1849853937007874
0
LINE
8
BLACK
6
CONTINUOUS
10
0.5065022440944882
20
-0.1849853937007874
11
0.5065173622047244
21
-0.1850307874015748
0
LINE
8
BLACK
6
CONTINUOUS
10
0.5065173622047244
20
-0.1850307874015748
11
0.506578031496063
21
-0.1851271653543307
0
LINE
8
BLACK
6
CONTINUOUS
10
0.506578031496063
20
-0.1851271653543307
11
0.5084527952755905
21
-0.1888766929133858
0
LINE
8
BLACK
6
CONTINUOUS
10
0.5084527952755905
20
-0.1888766929133858
11
0.5086596850393701
21
-0.1894172834645669
0
LINE
8
BLACK
6
CONTINUOUS
10
0.5086596850393701
20
-0.1894172834645669
11
0.5086672047244094
21
-0.1895231496062992
0
LINE
8
BLACK
6
CONTINUOUS
10
0.5086672047244094
20
-0.1895231496062992
11
0.5087077952755905
21
-0.1896211417322834
0
LINE
8
BLACK
6
CONTINUOUS
10
0.5087077952755905
20
-0.1896211417322834
11
0.5087645275590551
21
-0.1901972047244095
0
LINE
8
BLACK
6
CONTINUOUS
10
0.5087645275590551
20
-0.1901972047244095
11
0.5087645275590551
21
-0.2108196456692913
0
LINE
8
BLACK
6
CONTINUOUS
10
0.5087645275590551
20
-0.2108196456692913
11
0.5087077952755905
21
-0.2113957086614173
0
LINE
8
BLACK
6
CONTINUOUS
10
0.5087077952755905
20
-0.2113957086614173
11
0.5082668897637795
21
-0.2124601181102362
0
LINE
8
BLACK
6
CONTINUOUS
10
0.5082668897637795
20
-0.2124601181102362
11
0.5074522440944882
21
-0.2132747637795276
0
LINE
8
BLACK
6
CONTINUOUS
10
0.5074522440944882
20
-0.2132747637795276
11
0.5063878346456693
21
-0.2137156692913386
0
LINE
8
BLACK
6
CONTINUOUS
10
0.5063878346456693
20
-0.2137156692913386
11
0.5052357086614173
21
-0.2137156692913386
0
LINE
8
BLACK
6
CONTINUOUS
10
0.5052357086614173
20
-0.2137156692913386
11
0.5041712992125984
21
-0.2132747637795276
0
LINE
8
BLACK
6
CONTINUOUS
10
0.5041712992125984
20
-0.2132747637795276
11
0.5040323622047244
21
-0.2131358267716535
0
LINE
8
BLACK
6
CONTINUOUS
10
0.5040323622047244
20
-0.2131358267716535
11
0.5033827559055118
21
-0.2134606692913386
0
LINE
8
BLACK
6
CONTINUOUS
10
0.5033827559055118
20
-0.2134606692913386
11
0.5028421259842519
21
-0.2136675590551181
0
LINE
8
BLACK
6
CONTINUOUS
10
0.5028421259842519
20
-0.2136675590551181
11
0.5027362992125984
21
-0.2136750393700787
0
LINE
8
BLACK
6
CONTINUOUS
10
0.5027362992125984
20
-0.2136750393700787
11
0.5026383070866142
21
-0.2137156692913386
0
LINE
8
BLACK
6
CONTINUOUS
10
0.5026383070866142
20
-0.2137156692913386
11
0.5020622440944882
21
-0.2137724015748032
0
LINE
8
BLACK
6
CONTINUOUS
10
0.5020622440944882
20
-0.2137724015748032
11
0.4926884251968504
21
-0.2137724015748032
0
LINE
8
BLACK
6
CONTINUOUS
10
0.4926884251968504
20
-0.2137724015748032
11
0.4921123622047244
21
-0.2137156692913386
0
LINE
8
BLACK
6
CONTINUOUS
10
0.4921123622047244
20
-0.2137156692913386
11
0.4920143700787402
21
-0.2136750787401575
0
LINE
8
BLACK
6
CONTINUOUS
10
0.4920143700787402
20
-0.2136750787401575
11
0.4919085039370079
21
-0.2136675590551181
0
LINE
8
BLACK
6
CONTINUOUS
10
0.4919085039370079
20
-0.2136675590551181
11
0.4913679133858267
21
-0.2134606692913386
0
LINE
8
BLACK
6
CONTINUOUS
10
0.4913679133858267
20
-0.2134606692913386
11
0.4876183858267716
21
-0.211585905511811
0
LINE
8
BLACK
6
CONTINUOUS
10
0.4876183858267716
20
-0.211585905511811
11
0.4875220078740157
21
-0.2115252362204724
0
LINE
8
BLACK
6
CONTINUOUS
10
0.4875220078740157
20
-0.2115252362204724
11
0.4874766141732284
21
-0.2115101181102362
0
LINE
8
BLACK
6
CONTINUOUS
10
0.4874766141732284
20
-0.2115101181102362
11
0.4874200393700787
21
-0.211461062992126
0
LINE
8
BLACK
6
CONTINUOUS
10
0.4874200393700787
20
-0.211461062992126
11
0.4871285039370079
21
-0.2112775590551181
0
LINE
8
BLACK
6
CONTINUOUS
10
0.4871285039370079
20
-0.2112775590551181
11
0.4868858267716535
21
-0.2109977165354331
0
LINE
8
BLACK
6
CONTINUOUS
10
0.4868858267716535
20
-0.2109977165354331
11
0.486606220472441
21
-0.2107552362204724
0
LINE
8
BLACK
6
CONTINUOUS
10
0.486606220472441
20
-0.2107552362204724
11
0.4864227165354331
21
-0.2104637401574803
0
LINE
8
BLACK
6
CONTINUOUS
10
0.4864227165354331
20
-0.2104637401574803
11
0.4863736614173228
21
-0.2104071653543307
0
LINE
8
BLACK
6
CONTINUOUS
10
0.4863736614173228
20
-0.2104071653543307
11
0.4863585039370079
21
-0.2103616929133858
0
LINE
8
BLACK
6
CONTINUOUS
10
0.4863585039370079
20
-0.2103616929133858
11
0.486297874015748
21
-0.2102653937007874
0
LINE
8
BLACK
6
CONTINUOUS
10
0.486297874015748
20
-0.2102653937007874
11
0.4844231102362205
21
-0.2065158267716535
0
LINE
8
BLACK
6
CONTINUOUS
10
0.4844231102362205
20
-0.2065158267716535
11
0.484216220472441
21
-0.2059751968503937
0
LINE
8
BLACK
6
CONTINUOUS
10
0.484216220472441
20
-0.2059751968503937
11
0.4842087007874016
21
-0.2058693700787401
0
LINE
8
BLACK
6
CONTINUOUS
10
0.4842087007874016
20
-0.2058693700787401
11
0.4841681102362205
21
-0.2057713779527559
0
LINE
8
BLACK
6
CONTINUOUS
10
0.4841681102362205
20
-0.2057713779527559
11
0.4841113779527559
21
-0.2051953149606299
0
LINE
8
BLACK
6
CONTINUOUS
10
0.4841113779527559
20
-0.2051953149606299
11
0.4841113779527559
21
-0.2014457874015748
0
LINE
8
BLACK
6
CONTINUOUS
10
0.4841113779527559
20
-0.2014457874015748
11
0.4841681102362205
21
-0.2008697244094488
0
LINE
8
BLACK
6
CONTINUOUS
10
0.4841681102362205
20
-0.2008697244094488
11
0.4842087007874016
21
-0.2007716929133858
0
LINE
8
BLACK
6
CONTINUOUS
10
0.4842087007874016
20
-0.2007716929133858
11
0.484216220472441
21
-0.200665905511811
0
LINE
8
BLACK
6
CONTINUOUS
10
0.484216220472441
20
-0.200665905511811
11
0.4844231102362205
21
-0.2001252755905512
0
LINE
8
BLACK
6
CONTINUOUS
10
0.4844231102362205
20
-0.2001252755905512
11
0.486297874015748
21
-0.1963757480314961
0
LINE
8
BLACK
6
CONTINUOUS
10
0.486297874015748
20
-0.1963757480314961
11
0.4863585039370079
21
-0.1962793700787402
0
LINE
8
BLACK
6
CONTINUOUS
10
0.4863585039370079
20
-0.1962793700787402
11
0.4863736614173228
21
-0.1962339763779528
0
LINE
8
BLACK
6
CONTINUOUS
10
0.4863736614173228
20
-0.1962339763779528
11
0.4864226771653543
21
-0.1961774015748032
0
LINE
8
BLACK
6
CONTINUOUS
10
0.4864226771653543
20
-0.1961774015748032
11
0.486606220472441
21
-0.1958858661417323
0
LINE
8
BLACK
6
CONTINUOUS
10
0.486606220472441
20
-0.1958858661417323
11
0.486885905511811
21
-0.1956432677165354
0
LINE
8
BLACK
6
CONTINUOUS
10
0.486885905511811
20
-0.1956432677165354
11
0.4871285039370079
21
-0.1953635826771654
0
LINE
8
BLACK
6
CONTINUOUS
10
0.4871285039370079
20
-0.1953635826771654
11
0.4874200393700787
21
-0.1951800393700787
0
LINE
8
BLACK
6
CONTINUOUS
10
0.4874200393700787
20
-0.1951800393700787
11
0.4874766141732284
21
-0.1951310236220472
0
LINE
8
BLACK
6
CONTINUOUS
10
0.4874766141732284
20
-0.1951310236220472
11
0.4875220078740157
21
-0.1951158661417323
0
LINE
8
BLACK
6
CONTINUOUS
10
0.4875220078740157
20
-0.1951158661417323
11
0.4876183858267716
21
-0.1950552362204724
0
LINE
8
BLACK
6
CONTINUOUS
10
0.4876183858267716
20
-0.1950552362204724
11
0.4913679133858267
21
-0.1931804724409449
0
LINE
8
BLACK
6
CONTINUOUS
10
0.4913679133858267
20
-0.1931804724409449
11
0.4919085039370079
21
-0.1929735826771654
0
LINE
8
BLACK
6
CONTINUOUS
10
0.4919085039370079
20
-0.1929735826771654
11
0.4920143700787402
21
-0.1929660236220472
0
LINE
8
BLACK
6
CONTINUOUS
10
0.4920143700787402
20
-0.1929660236220472
11
0.4921123622047244
21
-0.1929254724409449
0
LINE
8
BLACK
6
CONTINUOUS
10
0.4921123622047244
20
-0.1929254724409449
11
0.4926884251968504
21
-0.1928687401574803
0
LINE
8
BLACK
6
CONTINUOUS
10
0.4926884251968504
20
-0.1928687401574803
11
0.5013651968503937
21
-0.1928687401574803
0
LINE
8
BLACK
6
CONTINUOUS
10
0.5013651968503937
20
-0.1928687401574803
11
0.5028590157480315
21
-0.1921218110236221
0
LINE
8
BLACK
6
CONTINUOUS
10
0.5028590157480315
20
-0.1921218110236221
11
0.5028590157480315
21
-0.1908942519685039
0
LINE
8
BLACK
6
CONTINUOUS
10
0.5028590157480315
20
-0.1908942519685039
11
0.5017361417322834
21
-0.1886485039370079
0
LINE
8
BLACK
6
CONTINUOUS
10
0.5017361417322834
20
-0.1886485039370079
11
0.4994904330708662
21
-0.1875256692913386
0
LINE
8
BLACK
6
CONTINUOUS
10
0.4994904330708662
20
-0.1875256692913386
11
0.4933854724409449
21
-0.1875256692913386
0
LINE
8
BLACK
6
CONTINUOUS
10
0.4933854724409449
20
-0.1875256692913386
11
0.4902594094488189
21
-0.1890887007874016
0
LINE
8
BLACK
6
CONTINUOUS
10
0.4902594094488189
20
-0.1890887007874016
11
0.489718779527559
21
-0.1892955905511811
0
LINE
8
BLACK
6
CONTINUOUS
10
0.489718779527559
20
-0.1892955905511811
11
0.4885695669291338
21
-0.1893772440944882
0
LINE
8
BLACK
6
CONTINUOUS
10
0.4885695669291338
20
-0.1893772440944882
11
0.4874766141732284
21
-0.1890129133858268
0
LINE
8
BLACK
6
CONTINUOUS
10
0.4874766141732284
20
-0.1890129133858268
11
0.486606220472441
21
-0.1882580708661417
0
LINE
8
BLACK
6
CONTINUOUS
10
0.486606220472441
20
-0.1882580708661417
11
0.4860909842519685
21
-0.1872275590551181
0
LINE
8
BLACK
6
CONTINUOUS
10
0.4860909842519685
20
-0.1872275590551181
11
0.4860093307086614
21
-0.1860783464566929
0
LINE
8
BLACK
6
CONTINUOUS
10
0.4860093307086614
20
-0.1860783464566929
11
0.4863736614173228
21
-0.1849853937007874
0
LINE
8
BLACK
6
CONTINUOUS
10
0.4863736614173228
20
-0.1849853937007874
11
0.4871285039370079
21
-0.184115
0
LINE
8
BLACK
6
CONTINUOUS
10
0.4871285039370079
20
-0.184115
11
0.4876183858267716
21
-0.1838066535433071
0
LINE
8
BLACK
6
CONTINUOUS
10
0.4876183858267716
20
-0.1838066535433071
11
0.4913679133858267
21
-0.1819318897637795
0
LINE
8
BLACK
6
CONTINUOUS
10
0.4913679133858267
20
-0.1819318897637795
11
0.4919085039370079
21
-0.181725
0
LINE
8
BLACK
6
CONTINUOUS
10
0.4919085039370079
20
-0.181725
11
0.4920143700787402
21
-0.1817174409448819
0
LINE
8
BLACK
6
CONTINUOUS
10
0.4920143700787402
20
-0.1817174409448819
11
0.4921123622047244
21
-0.1816768897637795
0
LINE
8
BLACK
6
CONTINUOUS
10
0.4921123622047244
20
-0.1816768897637795
11
0.4926884251968504
21
-0.181620157480315
0
LINE
8
BLACK
6
CONTINUOUS
10
0.4926884251968504
20
-0.181620157480315
11
0.5001874803149606
21
-0.181620157480315
0
LINE
8
BLACK
6
CONTINUOUS
10
0.5001874803149606
20
-0.181620157480315
11
0.5007635433070866
21
-0.1816768897637795
0
LINE
8
BLACK
6
CONTINUOUS
10
0.5028421259842519
20
-0.1986694094488189
11
0.5027362992125984
21
-0.1986768897637795
0
LINE
8
BLACK
6
CONTINUOUS
10
0.5027362992125984
20
-0.1986768897637795
11
0.5026383070866142
21
-0.1987175196850394
0
LINE
8
BLACK
6
CONTINUOUS
10
0.5026383070866142
20
-0.1987175196850394
11
0.5020622440944882
21
-0.1987742519685039
0
LINE
8
BLACK
6
CONTINUOUS
10
0.5020622440944882
20
-0.1987742519685039
11
0.4933854724409449
21
-0.1987742519685039
0
LINE
8
BLACK
6
CONTINUOUS
10
0.4933854724409449
20
-0.1987742519685039
11
0.4911397244094488
21
-0.1998970866141732
0
LINE
8
BLACK
6
CONTINUOUS
10
0.4911397244094488
20
-0.1998970866141732
11
0.4900168897637795
21
-0.2021428346456693
0
LINE
8
BLACK
6
CONTINUOUS
10
0.4900168897637795
20
-0.2021428346456693
11
0.4900168897637795
21
-0.2044982677165354
0
LINE
8
BLACK
6
CONTINUOUS
10
0.4900168897637795
20
-0.2044982677165354
11
0.4911397244094488
21
-0.2067440157480315
0
LINE
8
BLACK
6
CONTINUOUS
10
0.4911397244094488
20
-0.2067440157480315
11
0.4933854724409449
21
-0.2078668897637795
0
LINE
8
BLACK
6
CONTINUOUS
10
0.4933854724409449
20
-0.2078668897637795
11
0.5013651968503937
21
-0.2078668897637795
0
LINE
8
BLACK
6
CONTINUOUS
10
0.5013651968503937
20
-0.2078668897637795
11
0.5028590157480315
21
-0.2071199606299212
0
LINE
8
BLACK
6
CONTINUOUS
10
0.5028590157480315
20
-0.2071199606299212
11
0.5028590157480315
21
-0.1986629133858268
0
LINE
8
BLACK
6
CONTINUOUS
10
0.5028590157480315
20
-0.1986629133858268
11
0.5028421259842519
21
-0.1986694094488189
0
LINE
8
BLACK
6
CONTINUOUS
10
0.5870027559055118
20
-0.1816768897637795
11
0.587100748031496
21
-0.1817174803149606
0
LINE
8
BLACK
6
CONTINUOUS
10
0.587100748031496
20
-0.1817174803149606
11
0.5872065748031496
21
-0.181725
0
LINE
8
BLACK
6
CONTINUOUS
10
0.5872065748031496
20
-0.181725
11
0.5877472047244094
21
-0.1819318897637795
0
LINE
8
BLACK
6
CONTINUOUS
10
0.5877472047244094
20
-0.1819318897637795
11
0.5914967322834646
21
-0.1838066535433071
0
LINE
8
BLACK
6
CONTINUOUS
10
0.5914967322834646
20
-0.1838066535433071
11
0.5915930708661418
21
-0.1838672834645669
0
LINE
8
BLACK
6
CONTINUOUS
10
0.5915930708661418
20
-0.1838672834645669
11
0.5916385039370079
21
-0.1838824409448819
0
LINE
8
BLACK
6
CONTINUOUS
10
0.5916385039370079
20
-0.1838824409448819
11
0.5916950393700787
21
-0.1839314566929134
0
LINE
8
BLACK
6
CONTINUOUS
10
0.5916950393700787
20
-0.1839314566929134
11
0.5919866141732283
21
-0.184115
0
LINE
8
BLACK
6
CONTINUOUS
10
0.5919866141732283
20
-0.184115
11
0.5922291732283465
21
-0.1843946850393701
0
LINE
8
BLACK
6
CONTINUOUS
10
0.5922291732283465
20
-0.1843946850393701
11
0.5925088976377952
21
-0.1846372834645669
0
LINE
8
BLACK
6
CONTINUOUS
10
0.5925088976377952
20
-0.1846372834645669
11
0.5926924015748032
21
-0.1849288188976378
0
LINE
8
BLACK
6
CONTINUOUS
10
0.5926924015748032
20
-0.1849288188976378
11
0.5927414566929133
21
-0.1849853937007874
0
LINE
8
BLACK
6
CONTINUOUS
10
0.5927414566929133
20
-0.1849853937007874
11
0.5927565748031496
21
-0.1850307874015748
0
LINE
8
BLACK
6
CONTINUOUS
10
0.5927565748031496
20
-0.1850307874015748
11
0.5928172440944882
21
-0.1851271653543307
0
LINE
8
BLACK
6
CONTINUOUS
10
0.5928172440944882
20
-0.1851271653543307
11
0.5946920078740158
21
-0.1888766929133858
0
LINE
8
BLACK
6
CONTINUOUS
10
0.5946920078740158
20
-0.1888766929133858
11
0.5948988976377952
21
-0.1894172834645669
0
LINE
8
BLACK
6
CONTINUOUS
10
0.5948988976377952
20
-0.1894172834645669
11
0.5949064173228347
21
-0.1895231496062992
0
LINE
8
BLACK
6
CONTINUOUS
10
0.5949064173228347
20
-0.1895231496062992
11
0.5949470078740158
21
-0.1896211417322834
0
LINE
8
BLACK
6
CONTINUOUS
10
0.5949470078740158
20
-0.1896211417322834
11
0.5950037401574803
21
-0.1901972047244095
0
LINE
8
BLACK
6
CONTINUOUS
10
0.5950037401574803
20
-0.1901972047244095
11
0.5950037401574803
21
-0.2108196456692913
0
LINE
8
BLACK
6
CONTINUOUS
10
0.5950037401574803
20
-0.2108196456692913
11
0.5949470078740158
21
-0.2113957086614173
0
LINE
8
BLACK
6
CONTINUOUS
10
0.5949470078740158
20
-0.2113957086614173
11
0.5945061023622047
21
-0.2124601181102362
0
LINE
8
BLACK
6
CONTINUOUS
10
0.5945061023622047
20
-0.2124601181102362
11
0.5936914566929133
21
-0.2132747637795276
0
LINE
8
BLACK
6
CONTINUOUS
10
0.5936914566929133
20
-0.2132747637795276
11
0.5926270472440944
21
-0.2137156692913386
0
LINE
8
BLACK
6
CONTINUOUS
10
0.5926270472440944
20
-0.2137156692913386
11
0.5914749212598425
21
-0.2137156692913386
0
LINE
8
BLACK
6
CONTINUOUS
10
0.5914749212598425
20
-0.2137156692913386
11
0.5904105118110237
21
-0.2132747637795276
0
LINE
8
BLACK
6
CONTINUOUS
10
0.5904105118110237
20
-0.2132747637795276
11
0.5902715748031496
21
-0.2131358267716535
0
LINE
8
BLACK
6
CONTINUOUS
10
0.5902715748031496
20
-0.2131358267716535
11
0.589621968503937
21
-0.2134606692913386
0
LINE
8
BLACK
6
CONTINUOUS
10
0.589621968503937
20
-0.2134606692913386
11
0.5890813385826772
21
-0.2136675590551181
0
LINE
8
BLACK
6
CONTINUOUS
10
0.5890813385826772
20
-0.2136675590551181
11
0.5889755118110236
21
-0.2136750393700787
0
LINE
8
BLACK
6
CONTINUOUS
10
0.5889755118110236
20
-0.2136750393700787
11
0.5888775196850393
21
-0.2137156692913386
0
LINE
8
BLACK
6
CONTINUOUS
10
0.5888775196850393
20
-0.2137156692913386
11
0.5883014566929133
21
-0.2137724015748032
0
LINE
8
BLACK
6
CONTINUOUS
10
0.5883014566929133
20
-0.2137724015748032
11
0.5789276377952756
21
-0.2137724015748032
0
LINE
8
BLACK
6
CONTINUOUS
10
0.5789276377952756
20
-0.2137724015748032
11
0.5783515748031496
21
-0.2137156692913386
0
LINE
8
BLACK
6
CONTINUOUS
10
0.5783515748031496
20
-0.2137156692913386
11
0.5782535826771653
21
-0.2136750787401575
0
LINE
8
BLACK
6
CONTINUOUS
10
0.5782535826771653
20
-0.2136750787401575
11
0.5781477165354331
21
-0.2136675590551181
0
LINE
8
BLACK
6
CONTINUOUS
10
0.5781477165354331
20
-0.2136675590551181
11
0.5776071259842519
21
-0.2134606692913386
0
LINE
8
BLACK
6
CONTINUOUS
10
0.5776071259842519
20
-0.2134606692913386
11
0.5738575984251968
21
-0.211585905511811
0
LINE
8
BLACK
6
CONTINUOUS
10
0.5738575984251968
20
-0.211585905511811
11
0.5737612204724409
21
-0.2115252362204724
0
LINE
8
BLACK
6
CONTINUOUS
10
0.5737612204724409
20
-0.2115252362204724
11
0.5737158267716536
21
-0.2115101181102362
0
LINE
8
BLACK
6
CONTINUOUS
10
0.5737158267716536
20
-0.2115101181102362
11
0.5736592519685039
21
-0.211461062992126
0
LINE
8
BLACK
6
CONTINUOUS
10
0.5736592519685039
20
-0.211461062992126
11
0.5733677165354331
21
-0.2112775590551181
0
LINE
8
BLACK
6
CONTINUOUS
10
0.5733677165354331
20
-0.2112775590551181
11
0.5731250393700787
21
-0.2109977165354331
0
LINE
8
BLACK
6
CONTINUOUS
10
0.5731250393700787
20
-0.2109977165354331
11
0.5728454330708661
21
-0.2107552362204724
0
LINE
8
BLACK
6
CONTINUOUS
10
0.5728454330708661
20
-0.2107552362204724
11
0.5726619291338583
21
-0.2104637401574803
0
LINE
8
BLACK
6
CONTINUOUS
10
0.5726619291338583
20
-0.2104637401574803
11
0.572612874015748
21
-0.2104071653543307
0
LINE
8
BLACK
6
CONTINUOUS
10
0.572612874015748
20
-0.2104071653543307
11
0.572597716535433
21
-0.2103616929133858
0
LINE
8
BLACK
6
CONTINUOUS
10
0.572597716535433
20
-0.2103616929133858
11
0.5725370866141732
21
-0.2102653937007874
0
LINE
8
BLACK
6
CONTINUOUS
10
0.5725370866141732
20
-0.2102653937007874
11
0.5706623228346457
21
-0.2065158267716535
0
LINE
8
BLACK
6
CONTINUOUS
10
0.5706623228346457
20
-0.2065158267716535
11
0.5704554330708661
21
-0.2059751968503937
0
LINE
8
BLACK
6
CONTINUOUS
10
0.5704554330708661
20
-0.2059751968503937
11
0.5704479133858268
21
-0.2058693700787401
0
LINE
8
BLACK
6
CONTINUOUS
10
0.5704479133858268
20
-0.2058693700787401
11
0.5704073228346457
21
-0.2057713779527559
0
LINE
8
BLACK
6
CONTINUOUS
10
0.5704073228346457
20
-0.2057713779527559
11
0.5703505905511811
21
-0.2051953149606299
0
LINE
8
BLACK
6
CONTINUOUS
10
0.5703505905511811
20
-0.2051953149606299
11
0.5703505905511811
21
-0.2014457874015748
0
LINE
8
BLACK
6
CONTINUOUS
10
0.5703505905511811
20
-0.2014457874015748
11
0.5704073228346457
21
-0.2008697244094488
0
LINE
8
BLACK
6
CONTINUOUS
10
0.5704073228346457
20
-0.2008697244094488
11
0.5704479133858268
21
-0.2007716929133858
0
LINE
8
BLACK
6
CONTINUOUS
10
0.5704479133858268
20
-0.2007716929133858
11
0.5704554330708661
21
-0.200665905511811
0
LINE
8
BLACK
6
CONTINUOUS
10
0.5704554330708661
20
-0.200665905511811
11
0.5706623228346457
21
-0.2001252755905512
0
LINE
8
BLACK
6
CONTINUOUS
10
0.5706623228346457
20
-0.2001252755905512
11
0.5725370866141732
21
-0.1963757480314961
0
LINE
8
BLACK
6
CONTINUOUS
10
0.5725370866141732
20
-0.1963757480314961
11
0.572597716535433
21
-0.1962793700787402
0
LINE
8
BLACK
6
CONTINUOUS
10
0.572597716535433
20
-0.1962793700787402
11
0.572612874015748
21
-0.1962339763779528
0
LINE
8
BLACK
6
CONTINUOUS
10
0.572612874015748
20
-0.1962339763779528
11
0.5726618897637795
21
-0.1961774015748032
0
LINE
8
BLACK
6
CONTINUOUS
10
0.5726618897637795
20
-0.1961774015748032
11
0.5728454330708661
21
-0.1958858661417323
0
LINE
8
BLACK
6
CONTINUOUS
10
0.5728454330708661
20
-0.1958858661417323
11
0.5731251181102363
21
-0.1956432677165354
0
LINE
8
BLACK
6
CONTINUOUS
10
0.5731251181102363
20
-0.1956432677165354
11
0.5733677165354331
21
-0.1953635826771654
0
LINE
8
BLACK
6
CONTINUOUS
10
0.5733677165354331
20
-0.1953635826771654
11
0.5736592519685039
21
-0.1951800393700787
0
LINE
8
BLACK
6
CONTINUOUS
10
0.5736592519685039
20
-0.1951800393700787
11
0.5737158267716536
21
-0.1951310236220472
0
LINE
8
BLACK
6
CONTINUOUS
10
0.5737158267716536
20
-0.1951310236220472
11
0.5737612204724409
21
-0.1951158661417323
0
LINE
8
BLACK
6
CONTINUOUS
10
0.5737612204724409
20
-0.1951158661417323
11
0.5738575984251968
21
-0.1950552362204724
0
LINE
8
BLACK
6
CONTINUOUS
10
0.5738575984251968
20
-0.1950552362204724
11
0.5776071259842519
21
-0.1931804724409449
0
LINE
8
BLACK
6
CONTINUOUS
10
0.5776071259842519
20
-0.1931804724409449
11
0.5781477165354331
21
-0.1929735826771654
0
LINE
8
BLACK
6
CONTINUOUS
10
0.5781477165354331
20
-0.1929735826771654
11
0.5782535826771653
21
-0.1929660236220472
0
LINE
8
BLACK
6
CONTINUOUS
10
0.5782535826771653
20
-0.1929660236220472
11
0.5783515748031496
21
-0.1929254724409449
0
LINE
8
BLACK
6
CONTINUOUS
10
0.5783515748031496
20
-0.1929254724409449
11
0.5789276377952756
21
-0.1928687401574803
0
LINE
8
BLACK
6
CONTINUOUS
10
0.5789276377952756
20
-0.1928687401574803
11
0.5876044094488189
21
-0.1928687401574803
0
LINE
8
BLACK
6
CONTINUOUS
10
0.5876044094488189
20
-0.1928687401574803
11
0.5890982283464566
21
-0.1921218110236221
0
LINE
8
BLACK
6
CONTINUOUS
10
0.5890982283464566
20
-0.1921218110236221
11
0.5890982283464566
21
-0.1908942519685039
0
LINE
8
BLACK
6
CONTINUOUS
10
0.5890982283464566
20
-0.1908942519685039
11
0.5879753543307087
21
-0.1886485039370079
0
LINE
8
BLACK
6
CONTINUOUS
10
0.5879753543307087
20
-0.1886485039370079
11
0.5857296456692913
21
-0.1875256692913386
0
LINE
8
BLACK
6
CONTINUOUS
10
0.5857296456692913
20
-0.1875256692913386
11
0.57962468503937
21
-0.1875256692913386
0
LINE
8
BLACK
6
CONTINUOUS
10
0.57962468503937
20
-0.1875256692913386
11
0.5764986220472441
21
-0.1890887007874016
0
LINE
8
BLACK
6
CONTINUOUS
10
0.5764986220472441
20
-0.1890887007874016
11
0.5759579921259842
21
-0.1892955905511811
0
LINE
8
BLACK
6
CONTINUOUS
10
0.5759579921259842
20
-0.1892955905511811
11
0.574808779527559
21
-0.1893772440944882
0
LINE
8
BLACK
6
CONTINUOUS
10
0.574808779527559
20
-0.1893772440944882
11
0.5737158267716536
21
-0.1890129133858268
0
LINE
8
BLACK
6
CONTINUOUS
10
0.5737158267716536
20
-0.1890129133858268
11
0.5728454330708661
21
-0.1882580708661417
0
LINE
8
BLACK
6
CONTINUOUS
10
0.5728454330708661
20
-0.1882580708661417
11
0.5723301968503937
21
-0.1872275590551181
0
LINE
8
BLACK
6
CONTINUOUS
10
0.5723301968503937
20
-0.1872275590551181
11
0.5722485433070866
21
-0.1860783464566929
0
LINE
8
BLACK
6
CONTINUOUS
10
0.5722485433070866
20
-0.1860783464566929
11
0.572612874015748
21
-0.1849853937007874
0
LINE
8
BLACK
6
CONTINUOUS
10
0.572612874015748
20
-0.1849853937007874
11
0.5733677165354331
21
-0.184115
0
LINE
8
BLACK
6
CONTINUOUS
10
0.5733677165354331
20
-0.184115
11
0.5738575984251968
21
-0.1838066535433071
0
LINE
8
BLACK
6
CONTINUOUS
10
0.5738575984251968
20
-0.1838066535433071
11
0.5776071259842519
21
-0.1819318897637795
0
LINE
8
BLACK
6
CONTINUOUS
10
0.5776071259842519
20
-0.1819318897637795
11
0.5781477165354331
21
-0.181725
0
LINE
8
BLACK
6
CONTINUOUS
10
0.5781477165354331
20
-0.181725
11
0.5782535826771653
21
-0.1817174409448819
0
LINE
8
BLACK
6
CONTINUOUS
10
0.5782535826771653
20
-0.1817174409448819
11
0.5783515748031496
21
-0.1816768897637795
0
LINE
8
BLACK
6
CONTINUOUS
10
0.5783515748031496
20
-0.1816768897637795
11
0.5789276377952756
21
-0.181620157480315
0
LINE
8
BLACK
6
CONTINUOUS
10
0.5789276377952756
20
-0.181620157480315
11
0.5864266929133858
21
-0.181620157480315
0
LINE
8
BLACK
6
CONTINUOUS
10
0.5864266929133858
20
-0.181620157480315
11
0.5870027559055118
21
-0.1816768897637795
0
LINE
8
BLACK
6
CONTINUOUS
10
0.5890813385826772
20
-0.1986694094488189
11
0.5889755118110236
21
-0.1986768897637795
0
LINE
8
BLACK
6
CONTINUOUS
10
0.5889755118110236
20
-0.1986768897637795
11
0.5888775196850393
21
-0.1987175196850394
0
LINE
8
BLACK
6
CONTINUOUS
10
0.5888775196850393
20
-0.1987175196850394
11
0.5883014566929133
21
-0.1987742519685039
0
LINE
8
BLACK
6
CONTINUOUS
10
0.5883014566929133
20
-0.1987742519685039
11
0.57962468503937
21
-0.1987742519685039
0
LINE
8
BLACK
6
CONTINUOUS
10
0.57962468503937
20
-0.1987742519685039
11
0.577378937007874
21
-0.1998970866141732
0
LINE
8
BLACK
6
CONTINUOUS
10
0.577378937007874
20
-0.1998970866141732
11
0.5762561023622047
21
-0.2021428346456693
0
LINE
8
BLACK
6
CONTINUOUS
10
0.5762561023622047
20
-0.2021428346456693
11
0.5762561023622047
21
-0.2044982677165354
0
LINE
8
BLACK
6
CONTINUOUS
10
0.5762561023622047
20
-0.2044982677165354
11
0.577378937007874
21
-0.2067440157480315
0
LINE
8
BLACK
6
CONTINUOUS
10
0.577378937007874
20
-0.2067440157480315
11
0.57962468503937
21
-0.2078668897637795
0
LINE
8
BLACK
6
CONTINUOUS
10
0.57962468503937
20
-0.2078668897637795
11
0.5876044094488189
21
-0.2078668897637795
0
LINE
8
BLACK
6
CONTINUOUS
10
0.5876044094488189
20
-0.2078668897637795
11
0.5890982283464566
21
-0.2071199606299212
0
LINE
8
BLACK
6
CONTINUOUS
10
0.5890982283464566
20
-0.2071199606299212
11
0.5890982283464566
21
-0.1986629133858268
0
LINE
8
BLACK
6
CONTINUOUS
10
0.5890982283464566
20
-0.1986629133858268
11
0.5890813385826772
21
-0.1986694094488189
0
LINE
8
BLACK
6
CONTINUOUS
10
0.5427685826771653
20
-0.1819398031496063
11
0.5436745275590551
21
-0.1826516141732283
0
LINE
8
BLACK
6
CONTINUOUS
10
0.5436745275590551
20
-0.1826516141732283
11
0.544239094488189
21
-0.1836559448818898
0
LINE
8
BLACK
6
CONTINUOUS
10
0.544239094488189
20
-0.1836559448818898
11
0.5443763385826772
21
-0.1847998031496063
0
LINE
8
BLACK
6
CONTINUOUS
10
0.5443763385826772
20
-0.1847998031496063
11
0.5440654330708661
21
-0.1859091732283465
0
LINE
8
BLACK
6
CONTINUOUS
10
0.5440654330708661
20
-0.1859091732283465
11
0.5437541338582677
21
-0.1863972047244094
0
LINE
8
BLACK
6
CONTINUOUS
10
0.5437541338582677
20
-0.1863972047244094
11
0.5348762992125984
21
-0.1976962598425197
0
LINE
8
BLACK
6
CONTINUOUS
10
0.5348762992125984
20
-0.1976962598425197
11
0.5437541338582677
21
-0.2089953543307086
0
LINE
8
BLACK
6
CONTINUOUS
10
0.5437541338582677
20
-0.2089953543307086
11
0.5440654330708661
21
-0.2094833858267716
0
LINE
8
BLACK
6
CONTINUOUS
10
0.5440654330708661
20
-0.2094833858267716
11
0.5443763385826772
21
-0.2105927559055118
0
LINE
8
BLACK
6
CONTINUOUS
10
0.5443763385826772
20
-0.2105927559055118
11
0.544239094488189
21
-0.2117366141732283
0
LINE
8
BLACK
6
CONTINUOUS
10
0.544239094488189
20
-0.2117366141732283
11
0.5436745275590551
21
-0.2127409448818898
0
LINE
8
BLACK
6
CONTINUOUS
10
0.5436745275590551
20
-0.2127409448818898
11
0.5427685826771653
21
-0.2134527559055118
0
LINE
8
BLACK
6
CONTINUOUS
10
0.5427685826771653
20
-0.2134527559055118
11
0.5416592125984252
21
-0.2137636614173228
0
LINE
8
BLACK
6
CONTINUOUS
10
0.5416592125984252
20
-0.2137636614173228
11
0.5405153543307086
21
-0.2136264173228346
0
LINE
8
BLACK
6
CONTINUOUS
10
0.5405153543307086
20
-0.2136264173228346
11
0.5395110236220473
21
-0.2130618503937008
0
LINE
8
BLACK
6
CONTINUOUS
10
0.5395110236220473
20
-0.2130618503937008
11
0.5391105118110237
21
-0.212643937007874
0
LINE
8
BLACK
6
CONTINUOUS
10
0.5391105118110237
20
-0.212643937007874
11
0.5311211023622047
21
-0.2024755905511811
0
LINE
8
BLACK
6
CONTINUOUS
10
0.5311211023622047
20
-0.2024755905511811
11
0.5231317322834645
21
-0.212643937007874
0
LINE
8
BLACK
6
CONTINUOUS
10
0.5231317322834645
20
-0.212643937007874
11
0.5227312204724409
21
-0.2130618503937008
0
LINE
8
BLACK
6
CONTINUOUS
10
0.5227312204724409
20
-0.2130618503937008
11
0.5217268897637796
21
-0.2136264173228346
0
LINE
8
BLACK
6
CONTINUOUS
10
0.5217268897637796
20
-0.2136264173228346
11
0.520583031496063
21
-0.2137636614173228
0
LINE
8
BLACK
6
CONTINUOUS
10
0.520583031496063
20
-0.2137636614173228
11
0.5194736614173229
21
-0.2134527559055118
0
LINE
8
BLACK
6
CONTINUOUS
10
0.5194736614173229
20
-0.2134527559055118
11
0.5185677165354331
21
-0.2127409448818898
0
LINE
8
BLACK
6
CONTINUOUS
10
0.5185677165354331
20
-0.2127409448818898
11
0.5180031496062992
21
-0.2117366141732283
0
LINE
8
BLACK
6
CONTINUOUS
10
0.5180031496062992
20
-0.2117366141732283
11
0.517865905511811
21
-0.2105927559055118
0
LINE
8
BLACK
6
CONTINUOUS
10
0.517865905511811
20
-0.2105927559055118
11
0.518176811023622
21
-0.2094833858267716
0
LINE
8
BLACK
6
CONTINUOUS
10
0.518176811023622
20
-0.2094833858267716
11
0.5184881102362204
21
-0.2089953543307086
0
LINE
8
BLACK
6
CONTINUOUS
10
0.5184881102362204
20
-0.2089953543307086
11
0.5273659055118111
21
-0.1976962598425197
0
LINE
8
BLACK
6
CONTINUOUS
10
0.5273659055118111
20
-0.1976962598425197
11
0.5184881102362204
21
-0.1863972047244094
0
LINE
8
BLACK
6
CONTINUOUS
10
0.5184881102362204
20
-0.1863972047244094
11
0.518176811023622
21
-0.1859091732283465
0
LINE
8
BLACK
6
CONTINUOUS
10
0.518176811023622
20
-0.1859091732283465
11
0.517865905511811
21
-0.1847998031496063
0
LINE
8
BLACK
6
CONTINUOUS
10
0.517865905511811
20
-0.1847998031496063
11
0.5180031496062992
21
-0.1836559448818898
0
LINE
8
BLACK
6
CONTINUOUS
10
0.5180031496062992
20
-0.1836559448818898
11
0.5185677165354331
21
-0.1826516141732283
0
LINE
8
BLACK
6
CONTINUOUS
10
0.5185677165354331
20
-0.1826516141732283
11
0.5194736614173229
21
-0.1819398031496063
0
LINE
8
BLACK
6
CONTINUOUS
10
0.5194736614173229
20
-0.1819398031496063
11
0.520583031496063
21
-0.1816288976377953
0
LINE
8
BLACK
6
CONTINUOUS
10
0.520583031496063
20
-0.1816288976377953
11
0.5217268897637796
21
-0.1817661417322834
0
LINE
8
BLACK
6
CONTINUOUS
10
0.5217268897637796
20
-0.1817661417322834
11
0.5227312204724409
21
-0.1823307086614173
0
LINE
8
BLACK
6
CONTINUOUS
10
0.5227312204724409
20
-0.1823307086614173
11
0.5231317322834645
21
-0.1827486220472441
0
LINE
8
BLACK
6
CONTINUOUS
10
0.5231317322834645
20
-0.1827486220472441
11
0.5311211023622047
21
-0.1929169291338583
0
LINE
8
BLACK
6
CONTINUOUS
10
0.5311211023622047
20
-0.1929169291338583
11
0.5391105118110237
21
-0.1827486220472441
0
LINE
8
BLACK
6
CONTINUOUS
10
0.5391105118110237
20
-0.1827486220472441
11
0.5395110236220473
21
-0.1823307086614173
0
LINE
8
BLACK
6
CONTINUOUS
10
0.5395110236220473
20
-0.1823307086614173
11
0.5405153543307086
21
-0.1817661417322834
0
LINE
8
BLACK
6
CONTINUOUS
10
0.5405153543307086
20
-0.1817661417322834
11
0.5416592125984252
21
-0.1816288976377953
0
LINE
8
BLACK
6
CONTINUOUS
10
0.5416592125984252
20
-0.1816288976377953
11
0.5427685826771653
21
-0.1819398031496063
0
LINE
8
BLACK
6
CONTINUOUS
10
0.6124391338582676
20
-0.1689944488188976
11
0.613253779527559
21
-0.169809094488189
0
LINE
8
BLACK
6
CONTINUOUS
10
0.613253779527559
20
-0.169809094488189
11
0.6136946850393701
21
-0.1708735039370079
0
LINE
8
BLACK
6
CONTINUOUS
10
0.6136946850393701
20
-0.1708735039370079
11
0.6137514173228347
21
-0.1714495669291339
0
LINE
8
BLACK
6
CONTINUOUS
10
0.6137514173228347
20
-0.1714495669291339
11
0.6137514173228347
21
-0.2044982677165354
0
LINE
8
BLACK
6
CONTINUOUS
10
0.6137514173228347
20
-0.2044982677165354
11
0.6148742519685039
21
-0.2067440157480315
0
LINE
8
BLACK
6
CONTINUOUS
10
0.6148742519685039
20
-0.2067440157480315
11
0.6177434645669291
21
-0.2081786220472441
0
LINE
8
BLACK
6
CONTINUOUS
10
0.6177434645669291
20
-0.2081786220472441
11
0.6182333464566929
21
-0.208486968503937
0
LINE
8
BLACK
6
CONTINUOUS
10
0.6182333464566929
20
-0.208486968503937
11
0.618988188976378
21
-0.2093573622047244
0
LINE
8
BLACK
6
CONTINUOUS
10
0.618988188976378
20
-0.2093573622047244
11
0.6193525196850393
21
-0.2104503149606299
0
LINE
8
BLACK
6
CONTINUOUS
10
0.6193525196850393
20
-0.2104503149606299
11
0.6192708661417323
21
-0.2115995275590551
0
LINE
8
BLACK
6
CONTINUOUS
10
0.6192708661417323
20
-0.2115995275590551
11
0.6187555905511811
21
-0.2126300393700787
0
LINE
8
BLACK
6
CONTINUOUS
10
0.6187555905511811
20
-0.2126300393700787
11
0.6178852362204724
21
-0.2133848818897638
0
LINE
8
BLACK
6
CONTINUOUS
10
0.6178852362204724
20
-0.2133848818897638
11
0.6167922440944882
21
-0.2137492125984252
0
LINE
8
BLACK
6
CONTINUOUS
10
0.6167922440944882
20
-0.2137492125984252
11
0.615643031496063
21
-0.2136675590551181
0
LINE
8
BLACK
6
CONTINUOUS
10
0.615643031496063
20
-0.2136675590551181
11
0.6151024409448819
21
-0.2134606692913386
0
LINE
8
BLACK
6
CONTINUOUS
10
0.6151024409448819
20
-0.2134606692913386
11
0.6113529133858268
21
-0.211585905511811
0
LINE
8
BLACK
6
CONTINUOUS
10
0.6113529133858268
20
-0.211585905511811
11
0.6112565354330709
21
-0.2115252362204724
0
LINE
8
BLACK
6
CONTINUOUS
10
0.6112565354330709
20
-0.2115252362204724
11
0.6112111417322834
21
-0.2115101181102362
0
LINE
8
BLACK
6
CONTINUOUS
10
0.6112111417322834
20
-0.2115101181102362
11
0.6111545669291338
21
-0.211461062992126
0
LINE
8
BLACK
6
CONTINUOUS
10
0.6111545669291338
20
-0.211461062992126
11
0.610863031496063
21
-0.2112775590551181
0
LINE
8
BLACK
6
CONTINUOUS
10
0.610863031496063
20
-0.2112775590551181
11
0.6106203543307086
21
-0.2109977165354331
0
LINE
8
BLACK
6
CONTINUOUS
10
0.6106203543307086
20
-0.2109977165354331
11
0.6103407480314961
21
-0.2107552362204724
0
LINE
8
BLACK
6
CONTINUOUS
10
0.6103407480314961
20
-0.2107552362204724
11
0.6101572440944881
21
-0.2104637401574803
0
LINE
8
BLACK
6
CONTINUOUS
10
0.6101572440944881
20
-0.2104637401574803
11
0.610108188976378
21
-0.2104071653543307
0
LINE
8
BLACK
6
CONTINUOUS
10
0.610108188976378
20
-0.2104071653543307
11
0.610093031496063
21
-0.2103616929133858
0
LINE
8
BLACK
6
CONTINUOUS
10
0.610093031496063
20
-0.2103616929133858
11
0.6100324015748031
21
-0.2102653937007874
0
LINE
8
BLACK
6
CONTINUOUS
10
0.6100324015748031
20
-0.2102653937007874
11
0.6081576377952755
21
-0.2065158267716535
0
LINE
8
BLACK
6
CONTINUOUS
10
0.6081576377952755
20
-0.2065158267716535
11
0.6079507480314961
21
-0.2059751968503937
0
LINE
8
BLACK
6
CONTINUOUS
10
0.6079507480314961
20
-0.2059751968503937
11
0.6079432283464566
21
-0.2058693700787401
0
LINE
8
BLACK
6
CONTINUOUS
10
0.6079432283464566
20
-0.2058693700787401
11
0.6079026377952755
21
-0.2057713779527559
0
LINE
8
BLACK
6
CONTINUOUS
10
0.6079026377952755
20
-0.2057713779527559
11
0.6078459055118111
21
-0.2051953149606299
0
LINE
8
BLACK
6
CONTINUOUS
10
0.6078459055118111
20
-0.2051953149606299
11
0.6078459055118111
21
-0.1714495669291339
0
LINE
8
BLACK
6
CONTINUOUS
10
0.6078459055118111
20
-0.1714495669291339
11
0.6079026377952755
21
-0.1708735039370079
0
LINE
8
BLACK
6
CONTINUOUS
10
0.6079026377952755
20
-0.1708735039370079
11
0.6083435433070866
21
-0.169809094488189
0
LINE
8
BLACK
6
CONTINUOUS
10
0.6083435433070866
20
-0.169809094488189
11
0.609158188976378
21
-0.1689944488188976
0
LINE
8
BLACK
6
CONTINUOUS
10
0.609158188976378
20
-0.1689944488188976
11
0.6102225984251969
21
-0.1685535433070866
0
LINE
8
BLACK
6
CONTINUOUS
10
0.6102225984251969
20
-0.1685535433070866
11
0.6113747244094488
21
-0.1685535433070866
0
LINE
8
BLACK
6
CONTINUOUS
10
0.6113747244094488
20
-0.1685535433070866
11
0.6124391338582676
21
-0.1689944488188976
0
LINE
8
BLACK
6
CONTINUOUS
10
0.3245355511811023
20
-0.1816768897637795
11
0.3246335433070866
21
-0.1817174803149606
0
LINE
8
BLACK
6
CONTINUOUS
10
0.3246335433070866
20
-0.1817174803149606
11
0.3247393700787402
21
-0.181725
0
LINE
8
BLACK
6
CONTINUOUS
10
0.3247393700787402
20
-0.181725
11
0.32528
21
-0.1819318897637795
0
LINE
8
BLACK
6
CONTINUOUS
10
0.32528
20
-0.1819318897637795
11
0.3290295275590551
21
-0.1838066535433071
0
LINE
8
BLACK
6
CONTINUOUS
10
0.3290295275590551
20
-0.1838066535433071
11
0.3291258661417323
21
-0.1838672834645669
0
LINE
8
BLACK
6
CONTINUOUS
10
0.3291258661417323
20
-0.1838672834645669
11
0.3291712992125984
21
-0.1838824409448819
0
LINE
8
BLACK
6
CONTINUOUS
10
0.3291712992125984
20
-0.1838824409448819
11
0.3292278346456693
21
-0.1839314566929134
0
LINE
8
BLACK
6
CONTINUOUS
10
0.3292278346456693
20
-0.1839314566929134
11
0.3295194094488189
21
-0.184115
0
LINE
8
BLACK
6
CONTINUOUS
10
0.3295194094488189
20
-0.184115
11
0.329761968503937
21
-0.1843946850393701
0
LINE
8
BLACK
6
CONTINUOUS
10
0.329761968503937
20
-0.1843946850393701
11
0.3300416929133858
21
-0.1846372834645669
0
LINE
8
BLACK
6
CONTINUOUS
10
0.3300416929133858
20
-0.1846372834645669
11
0.3302251968503937
21
-0.1849288188976378
0
LINE
8
BLACK
6
CONTINUOUS
10
0.3302251968503937
20
-0.1849288188976378
11
0.3302742519685039
21
-0.1849853937007874
0
LINE
8
BLACK
6
CONTINUOUS
10
0.3302742519685039
20
-0.1849853937007874
11
0.3302893700787402
21
-0.1850307874015748
0
LINE
8
BLACK
6
CONTINUOUS
10
0.3302893700787402
20
-0.1850307874015748
11
0.3303500393700787
21
-0.1851271653543307
0
LINE
8
BLACK
6
CONTINUOUS
10
0.3303500393700787
20
-0.1851271653543307
11
0.3322248031496063
21
-0.1888766929133858
0
LINE
8
BLACK
6
CONTINUOUS
10
0.3322248031496063
20
-0.1888766929133858
11
0.3324316929133858
21
-0.1894172834645669
0
LINE
8
BLACK
6
CONTINUOUS
10
0.3324316929133858
20
-0.1894172834645669
11
0.3324392125984252
21
-0.1895231496062992
0
LINE
8
BLACK
6
CONTINUOUS
10
0.3324392125984252
20
-0.1895231496062992
11
0.3324798031496063
21
-0.1896211417322834
0
LINE
8
BLACK
6
CONTINUOUS
10
0.3324798031496063
20
-0.1896211417322834
11
0.3325365354330709
21
-0.1901972047244095
0
LINE
8
BLACK
6
CONTINUOUS
10
0.3325365354330709
20
-0.1901972047244095
11
0.3325365354330709
21
-0.2108196456692913
0
LINE
8
BLACK
6
CONTINUOUS
10
0.3325365354330709
20
-0.2108196456692913
11
0.3324798031496063
21
-0.2113957086614173
0
LINE
8
BLACK
6
CONTINUOUS
10
0.3324798031496063
20
-0.2113957086614173
11
0.3320388976377953
21
-0.2124601181102362
0
LINE
8
BLACK
6
CONTINUOUS
10
0.3320388976377953
20
-0.2124601181102362
11
0.3312242519685039
21
-0.2132747637795276
0
LINE
8
BLACK
6
CONTINUOUS
10
0.3312242519685039
20
-0.2132747637795276
11
0.3301598425196851
21
-0.2137156692913386
0
LINE
8
BLACK
6
CONTINUOUS
10
0.3301598425196851
20
-0.2137156692913386
11
0.329007716535433
21
-0.2137156692913386
0
LINE
8
BLACK
6
CONTINUOUS
10
0.329007716535433
20
-0.2137156692913386
11
0.3279433070866142
21
-0.2132747637795276
0
LINE
8
BLACK
6
CONTINUOUS
10
0.3279433070866142
20
-0.2132747637795276
11
0.3271286614173228
21
-0.2124601181102362
0
LINE
8
BLACK
6
CONTINUOUS
10
0.3271286614173228
20
-0.2124601181102362
11
0.3266877559055118
21
-0.2113957086614173
0
LINE
8
BLACK
6
CONTINUOUS
10
0.3266877559055118
20
-0.2113957086614173
11
0.3266310236220472
21
-0.2108196456692913
0
LINE
8
BLACK
6
CONTINUOUS
10
0.3266310236220472
20
-0.2108196456692913
11
0.3266310236220472
21
-0.1908942519685039
0
LINE
8
BLACK
6
CONTINUOUS
10
0.3266310236220472
20
-0.1908942519685039
11
0.3255081496062992
21
-0.1886485039370079
0
LINE
8
BLACK
6
CONTINUOUS
10
0.3255081496062992
20
-0.1886485039370079
11
0.3232624409448819
21
-0.1875256692913386
0
LINE
8
BLACK
6
CONTINUOUS
10
0.3232624409448819
20
-0.1875256692913386
11
0.3190322440944882
21
-0.1875256692913386
0
LINE
8
BLACK
6
CONTINUOUS
10
0.3190322440944882
20
-0.1875256692913386
11
0.3163347637795276
21
-0.1888744094488189
0
LINE
8
BLACK
6
CONTINUOUS
10
0.3163347637795276
20
-0.1888744094488189
11
0.3156636614173228
21
-0.1895455118110236
0
LINE
8
BLACK
6
CONTINUOUS
10
0.3156636614173228
20
-0.1895455118110236
11
0.3156636614173228
21
-0.2108196456692913
0
LINE
8
BLACK
6
CONTINUOUS
10
0.3156636614173228
20
-0.2108196456692913
11
0.3156069291338582
21
-0.2113957086614173
0
LINE
8
BLACK
6
CONTINUOUS
10
0.3156069291338582
20
-0.2113957086614173
11
0.3151660236220473
21
-0.2124601181102362
0
LINE
8
BLACK
6
CONTINUOUS
10
0.3151660236220473
20
-0.2124601181102362
11
0.3143513779527559
21
-0.2132747637795276
0
LINE
8
BLACK
6
CONTINUOUS
10
0.3143513779527559
20
-0.2132747637795276
11
0.313286968503937
21
-0.2137156692913386
0
LINE
8
BLACK
6
CONTINUOUS
10
0.313286968503937
20
-0.2137156692913386
11
0.312134842519685
21
-0.2137156692913386
0
LINE
8
BLACK
6
CONTINUOUS
10
0.312134842519685
20
-0.2137156692913386
11
0.3110704330708661
21
-0.2132747637795276
0
LINE
8
BLACK
6
CONTINUOUS
10
0.3110704330708661
20
-0.2132747637795276
11
0.3102557874015748
21
-0.2124601181102362
0
LINE
8
BLACK
6
CONTINUOUS
10
0.3102557874015748
20
-0.2124601181102362
11
0.3098148818897637
21
-0.2113957086614173
0
LINE
8
BLACK
6
CONTINUOUS
10
0.3098148818897637
20
-0.2113957086614173
11
0.3097581496062992
21
-0.2108196456692913
0
LINE
8
BLACK
6
CONTINUOUS
10
0.3097581496062992
20
-0.2108196456692913
11
0.3097581496062992
21
-0.1845729133858268
0
LINE
8
BLACK
6
CONTINUOUS
10
0.3097581496062992
20
-0.1845729133858268
11
0.3098148818897637
21
-0.1839968503937008
0
LINE
8
BLACK
6
CONTINUOUS
10
0.3098148818897637
20
-0.1839968503937008
11
0.3102557874015748
21
-0.1829324409448819
0
LINE
8
BLACK
6
CONTINUOUS
10
0.3102557874015748
20
-0.1829324409448819
11
0.3110704330708661
21
-0.1821177952755905
0
LINE
8
BLACK
6
CONTINUOUS
10
0.3110704330708661
20
-0.1821177952755905
11
0.312134842519685
21
-0.1816768897637795
0
LINE
8
BLACK
6
CONTINUOUS
10
0.312134842519685
20
-0.1816768897637795
11
0.313286968503937
21
-0.1816768897637795
0
LINE
8
BLACK
6
CONTINUOUS
10
0.313286968503937
20
-0.1816768897637795
11
0.3143513779527559
21
-0.1821177952755905
0
LINE
8
BLACK
6
CONTINUOUS
10
0.3143513779527559
20
-0.1821177952755905
11
0.3151151968503937
21
-0.1828816141732283
0
LINE
8
BLACK
6
CONTINUOUS
10
0.3151151968503937
20
-0.1828816141732283
11
0.3170146850393701
21
-0.1819318897637795
0
LINE
8
BLACK
6
CONTINUOUS
10
0.3170146850393701
20
-0.1819318897637795
11
0.3175552755905512
21
-0.181725
0
LINE
8
BLACK
6
CONTINUOUS
10
0.3175552755905512
20
-0.181725
11
0.3176611417322834
21
-0.1817174409448819
0
LINE
8
BLACK
6
CONTINUOUS
10
0.3176611417322834
20
-0.1817174409448819
11
0.3177591338582677
21
-0.1816768897637795
0
LINE
8
BLACK
6
CONTINUOUS
10
0.3177591338582677
20
-0.1816768897637795
11
0.3183351968503937
21
-0.181620157480315
0
LINE
8
BLACK
6
CONTINUOUS
10
0.3183351968503937
20
-0.181620157480315
11
0.3239594881889764
21
-0.181620157480315
0
LINE
8
BLACK
6
CONTINUOUS
10
0.3239594881889764
20
-0.181620157480315
11
0.3245355511811023
21
-0.1816768897637795
0
LINE
8
BLACK
6
CONTINUOUS
10
0.3601561023622047
20
-0.1816768897637795
11
0.360254094488189
21
-0.1817174803149606
0
LINE
8
BLACK
6
CONTINUOUS
10
0.360254094488189
20
-0.1817174803149606
11
0.3603599212598425
21
-0.181725
0
LINE
8
BLACK
6
CONTINUOUS
10
0.3603599212598425
20
-0.181725
11
0.3609005511811024
21
-0.1819318897637795
0
LINE
8
BLACK
6
CONTINUOUS
10
0.3609005511811024
20
-0.1819318897637795
11
0.3646500787401575
21
-0.1838066535433071
0
LINE
8
BLACK
6
CONTINUOUS
10
0.3646500787401575
20
-0.1838066535433071
11
0.3647464173228346
21
-0.1838672834645669
0
LINE
8
BLACK
6
CONTINUOUS
10
0.3647464173228346
20
-0.1838672834645669
11
0.3647918503937008
21
-0.1838824409448819
0
LINE
8
BLACK
6
CONTINUOUS
10
0.3647918503937008
20
-0.1838824409448819
11
0.3648483858267716
21
-0.1839314566929134
0
LINE
8
BLACK
6
CONTINUOUS
10
0.3648483858267716
20
-0.1839314566929134
11
0.3651399606299213
21
-0.184115
0
LINE
8
BLACK
6
CONTINUOUS
10
0.3651399606299213
20
-0.184115
11
0.3653825196850394
21
-0.1843946850393701
0
LINE
8
BLACK
6
CONTINUOUS
10
0.3653825196850394
20
-0.1843946850393701
11
0.3656622440944882
21
-0.1846372834645669
0
LINE
8
BLACK
6
CONTINUOUS
10
0.3656622440944882
20
-0.1846372834645669
11
0.3658457480314961
21
-0.1849288188976378
0
LINE
8
BLACK
6
CONTINUOUS
10
0.3658457480314961
20
-0.1849288188976378
11
0.3658948031496063
21
-0.1849853937007874
0
LINE
8
BLACK
6
CONTINUOUS
10
0.3658948031496063
20
-0.1849853937007874
11
0.3659099212598425
21
-0.1850307874015748
0
LINE
8
BLACK
6
CONTINUOUS
10
0.3659099212598425
20
-0.1850307874015748
11
0.3659705905511811
21
-0.1851271653543307
0
LINE
8
BLACK
6
CONTINUOUS
10
0.3659705905511811
20
-0.1851271653543307
11
0.3678453543307086
21
-0.1888766929133858
0
LINE
8
BLACK
6
CONTINUOUS
10
0.3678453543307086
20
-0.1888766929133858
11
0.3680522440944882
21
-0.1894172834645669
0
LINE
8
BLACK
6
CONTINUOUS
10
0.3680522440944882
20
-0.1894172834645669
11
0.3680597637795275
21
-0.1895231496062992
0
LINE
8
BLACK
6
CONTINUOUS
10
0.3680597637795275
20
-0.1895231496062992
11
0.3681003543307086
21
-0.1896211417322834
0
LINE
8
BLACK
6
CONTINUOUS
10
0.3681003543307086
20
-0.1896211417322834
11
0.3681570866141732
21
-0.1901972047244095
0
LINE
8
BLACK
6
CONTINUOUS
10
0.3681570866141732
20
-0.1901972047244095
11
0.3681570866141732
21
-0.2108196456692913
0
LINE
8
BLACK
6
CONTINUOUS
10
0.3681570866141732
20
-0.2108196456692913
11
0.3681003543307086
21
-0.2113957086614173
0
LINE
8
BLACK
6
CONTINUOUS
10
0.3681003543307086
20
-0.2113957086614173
11
0.3676594488188976
21
-0.2124601181102362
0
LINE
8
BLACK
6
CONTINUOUS
10
0.3676594488188976
20
-0.2124601181102362
11
0.3668448031496063
21
-0.2132747637795276
0
LINE
8
BLACK
6
CONTINUOUS
10
0.3668448031496063
20
-0.2132747637795276
11
0.3657803937007874
21
-0.2137156692913386
0
LINE
8
BLACK
6
CONTINUOUS
10
0.3657803937007874
20
-0.2137156692913386
11
0.3646282677165354
21
-0.2137156692913386
0
LINE
8
BLACK
6
CONTINUOUS
10
0.3646282677165354
20
-0.2137156692913386
11
0.3635638582677165
21
-0.2132747637795276
0
LINE
8
BLACK
6
CONTINUOUS
10
0.3635638582677165
20
-0.2132747637795276
11
0.3627492125984252
21
-0.2124601181102362
0
LINE
8
BLACK
6
CONTINUOUS
10
0.3627492125984252
20
-0.2124601181102362
11
0.3623083070866142
21
-0.2113957086614173
0
LINE
8
BLACK
6
CONTINUOUS
10
0.3623083070866142
20
-0.2113957086614173
11
0.3622515748031496
21
-0.2108196456692913
0
LINE
8
BLACK
6
CONTINUOUS
10
0.3622515748031496
20
-0.2108196456692913
11
0.3622515748031496
21
-0.1908942519685039
0
LINE
8
BLACK
6
CONTINUOUS
10
0.3622515748031496
20
-0.1908942519685039
11
0.3611287007874016
21
-0.1886485039370079
0
LINE
8
BLACK
6
CONTINUOUS
10
0.3611287007874016
20
-0.1886485039370079
11
0.3588829921259842
21
-0.1875256692913386
0
LINE
8
BLACK
6
CONTINUOUS
10
0.3588829921259842
20
-0.1875256692913386
11
0.3546527952755905
21
-0.1875256692913386
0
LINE
8
BLACK
6
CONTINUOUS
10
0.3546527952755905
20
-0.1875256692913386
11
0.3519553149606299
21
-0.1888744094488189
0
LINE
8
BLACK
6
CONTINUOUS
10
0.3519553149606299
20
-0.1888744094488189
11
0.3512842125984252
21
-0.1895455118110236
0
LINE
8
BLACK
6
CONTINUOUS
10
0.3512842125984252
20
-0.1895455118110236
11
0.3512842125984252
21
-0.2108196456692913
0
LINE
8
BLACK
6
CONTINUOUS
10
0.3512842125984252
20
-0.2108196456692913
11
0.3512274803149606
21
-0.2113957086614173
0
LINE
8
BLACK
6
CONTINUOUS
10
0.3512274803149606
20
-0.2113957086614173
11
0.3507865748031496
21
-0.2124601181102362
0
LINE
8
BLACK
6
CONTINUOUS
10
0.3507865748031496
20
-0.2124601181102362
11
0.3499719291338583
21
-0.2132747637795276
0
LINE
8
BLACK
6
CONTINUOUS
10
0.3499719291338583
20
-0.2132747637795276
11
0.3489075196850394
21
-0.2137156692913386
0
LINE
8
BLACK
6
CONTINUOUS
10
0.3489075196850394
20
-0.2137156692913386
11
0.3477553937007874
21
-0.2137156692913386
0
LINE
8
BLACK
6
CONTINUOUS
10
0.3477553937007874
20
-0.2137156692913386
11
0.3466909842519685
21
-0.2132747637795276
0
LINE
8
BLACK
6
CONTINUOUS
10
0.3466909842519685
20
-0.2132747637795276
11
0.3458763385826771
21
-0.2124601181102362
0
LINE
8
BLACK
6
CONTINUOUS
10
0.3458763385826771
20
-0.2124601181102362
11
0.3454354330708662
21
-0.2113957086614173
0
LINE
8
BLACK
6
CONTINUOUS
10
0.3454354330708662
20
-0.2113957086614173
11
0.3453787007874016
21
-0.2108196456692913
0
LINE
8
BLACK
6
CONTINUOUS
10
0.3453787007874016
20
-0.2108196456692913
11
0.3453787007874016
21
-0.1845729133858268
0
LINE
8
BLACK
6
CONTINUOUS
10
0.3453787007874016
20
-0.1845729133858268
11
0.3454354330708662
21
-0.1839968503937008
0
LINE
8
BLACK
6
CONTINUOUS
10
0.3454354330708662
20
-0.1839968503937008
11
0.3458763385826771
21
-0.1829324409448819
0
LINE
8
BLACK
6
CONTINUOUS
10
0.3458763385826771
20
-0.1829324409448819
11
0.3466909842519685
21
-0.1821177952755905
0
LINE
8
BLACK
6
CONTINUOUS
10
0.3466909842519685
20
-0.1821177952755905
11
0.3477553937007874
21
-0.1816768897637795
0
LINE
8
BLACK
6
CONTINUOUS
10
0.3477553937007874
20
-0.1816768897637795
11
0.3489075196850394
21
-0.1816768897637795
0
LINE
8
BLACK
6
CONTINUOUS
10
0.3489075196850394
20
-0.1816768897637795
11
0.3499719291338583
21
-0.1821177952755905
0
LINE
8
BLACK
6
CONTINUOUS
10
0.3499719291338583
20
-0.1821177952755905
11
0.350735748031496
21
-0.1828816141732283
0
LINE
8
BLACK
6
CONTINUOUS
10
0.350735748031496
20
-0.1828816141732283
11
0.3526352362204724
21
-0.1819318897637795
0
LINE
8
BLACK
6
CONTINUOUS
10
0.3526352362204724
20
-0.1819318897637795
11
0.3531758267716535
21
-0.181725
0
LINE
8
BLACK
6
CONTINUOUS
10
0.3531758267716535
20
-0.181725
11
0.3532816929133858
21
-0.1817174409448819
0
LINE
8
BLACK
6
CONTINUOUS
10
0.3532816929133858
20
-0.1817174409448819
11
0.3533796850393701
21
-0.1816768897637795
0
LINE
8
BLACK
6
CONTINUOUS
10
0.3533796850393701
20
-0.1816768897637795
11
0.353955748031496
21
-0.181620157480315
0
LINE
8
BLACK
6
CONTINUOUS
10
0.353955748031496
20
-0.181620157480315
11
0.3595800393700787
21
-0.181620157480315
0
LINE
8
BLACK
6
CONTINUOUS
10
0.3595800393700787
20
-0.181620157480315
11
0.3601561023622047
21
-0.1816768897637795
0
LINE
8
BLACK
6
CONTINUOUS
10
0.5580709448818898
20
-0.1821177952755905
11
0.5588855905511811
21
-0.1829324409448819
0
LINE
8
BLACK
6
CONTINUOUS
10
0.5588855905511811
20
-0.1829324409448819
11
0.5593264960629921
21
-0.1839968503937008
0
LINE
8
BLACK
6
CONTINUOUS
10
0.5593264960629921
20
-0.1839968503937008
11
0.5593832283464567
21
-0.1845729133858268
0
LINE
8
BLACK
6
CONTINUOUS
10
0.5593832283464567
20
-0.1845729133858268
11
0.5593832283464567
21
-0.2108196456692913
0
LINE
8
BLACK
6
CONTINUOUS
10
0.5593832283464567
20
-0.2108196456692913
11
0.5593264960629921
21
-0.2113957086614173
0
LINE
8
BLACK
6
CONTINUOUS
10
0.5593264960629921
20
-0.2113957086614173
11
0.5588855905511811
21
-0.2124601181102362
0
LINE
8
BLACK
6
CONTINUOUS
10
0.5588855905511811
20
-0.2124601181102362
11
0.5580709448818898
21
-0.2132747637795276
0
LINE
8
BLACK
6
CONTINUOUS
10
0.5580709448818898
20
-0.2132747637795276
11
0.5570065354330709
21
-0.2137156692913386
0
LINE
8
BLACK
6
CONTINUOUS
10
0.5570065354330709
20
-0.2137156692913386
11
0.5558544094488189
21
-0.2137156692913386
0
LINE
8
BLACK
6
CONTINUOUS
10
0.5558544094488189
20
-0.2137156692913386
11
0.55479
21
-0.2132747637795276
0
LINE
8
BLACK
6
CONTINUOUS
10
0.55479
20
-0.2132747637795276
11
0.5539753543307087
21
-0.2124601181102362
0
LINE
8
BLACK
6
CONTINUOUS
10
0.5539753543307087
20
-0.2124601181102362
11
0.5535344488188976
21
-0.2113957086614173
0
LINE
8
BLACK
6
CONTINUOUS
10
0.5535344488188976
20
-0.2113957086614173
11
0.5534777165354331
21
-0.2108196456692913
0
LINE
8
BLACK
6
CONTINUOUS
10
0.5534777165354331
20
-0.2108196456692913
11
0.5534777165354331
21
-0.1845729133858268
0
LINE
8
BLACK
6
CONTINUOUS
10
0.5534777165354331
20
-0.1845729133858268
11
0.5535344488188976
21
-0.1839968503937008
0
LINE
8
BLACK
6
CONTINUOUS
10
0.5535344488188976
20
-0.1839968503937008
11
0.5539753543307087
21
-0.1829324409448819
0
LINE
8
BLACK
6
CONTINUOUS
10
0.5539753543307087
20
-0.1829324409448819
11
0.55479
21
-0.1821177952755905
0
LINE
8
BLACK
6
CONTINUOUS
10
0.55479
20
-0.1821177952755905
11
0.5558544094488189
21
-0.1816768897637795
0
LINE
8
BLACK
6
CONTINUOUS
10
0.5558544094488189
20
-0.1816768897637795
11
0.5570065354330709
21
-0.1816768897637795
0
LINE
8
BLACK
6
CONTINUOUS
10
0.5570065354330709
20
-0.1816768897637795
11
0.5580709448818898
21
-0.1821177952755905
0
LINE
8
BLACK
6
CONTINUOUS
10
-0.418434094488189
20
-0.1541178346456693
11
-0.4183361023622047
21
-0.1541584251968504
0
LINE
8
BLACK
6
CONTINUOUS
10
-0.4183361023622047
20
-0.1541584251968504
11
-0.4182302755905511
21
-0.1541659448818898
0
LINE
8
BLACK
6
CONTINUOUS
10
-0.4182302755905511
20
-0.1541659448818898
11
-0.4176896456692913
21
-0.1543728346456693
0
LINE
8
BLACK
6
CONTINUOUS
10
-0.4176896456692913
20
-0.1543728346456693
11
-0.4170400393700787
21
-0.1546976377952756
0
LINE
8
BLACK
6
CONTINUOUS
10
-0.4170400393700787
20
-0.1546976377952756
11
-0.4169011023622047
21
-0.1545587401574803
0
LINE
8
BLACK
6
CONTINUOUS
10
-0.4169011023622047
20
-0.1545587401574803
11
-0.4158366929133858
21
-0.1541178346456693
0
LINE
8
BLACK
6
CONTINUOUS
10
-0.4158366929133858
20
-0.1541178346456693
11
-0.4146845669291339
21
-0.1541178346456693
0
LINE
8
BLACK
6
CONTINUOUS
10
-0.4146845669291339
20
-0.1541178346456693
11
-0.4136201574803149
21
-0.1545587401574803
0
LINE
8
BLACK
6
CONTINUOUS
10
-0.4136201574803149
20
-0.1545587401574803
11
-0.4128055118110236
21
-0.1553733858267717
0
LINE
8
BLACK
6
CONTINUOUS
10
-0.4128055118110236
20
-0.1553733858267717
11
-0.4123646062992126
21
-0.1564377952755905
0
LINE
8
BLACK
6
CONTINUOUS
10
-0.4123646062992126
20
-0.1564377952755905
11
-0.412307874015748
21
-0.1570138582677165
0
LINE
8
BLACK
6
CONTINUOUS
10
-0.412307874015748
20
-0.1570138582677165
11
-0.412307874015748
21
-0.1888848818897638
0
LINE
8
BLACK
6
CONTINUOUS
10
-0.412307874015748
20
-0.1888848818897638
11
-0.4123646062992126
21
-0.1894609448818897
0
LINE
8
BLACK
6
CONTINUOUS
10
-0.4123646062992126
20
-0.1894609448818897
11
-0.4124051968503937
21
-0.1895588976377953
0
LINE
8
BLACK
6
CONTINUOUS
10
-0.4124051968503937
20
-0.1895588976377953
11
-0.412412716535433
21
-0.1896648031496063
0
LINE
8
BLACK
6
CONTINUOUS
10
-0.412412716535433
20
-0.1896648031496063
11
-0.4126196062992126
21
-0.1902053937007874
0
LINE
8
BLACK
6
CONTINUOUS
10
-0.4126196062992126
20
-0.1902053937007874
11
-0.4144943700787401
21
-0.1939549212598425
0
LINE
8
BLACK
6
CONTINUOUS
10
-0.4144943700787401
20
-0.1939549212598425
11
-0.4146504724409449
21
-0.1942029133858268
0
LINE
8
BLACK
6
CONTINUOUS
10
-0.4146504724409449
20
-0.1942029133858268
11
-0.4146802755905512
21
-0.1942748818897638
0
LINE
8
BLACK
6
CONTINUOUS
10
-0.4146802755905512
20
-0.1942748818897638
11
-0.4147467716535433
21
-0.1943558267716535
0
LINE
8
BLACK
6
CONTINUOUS
10
-0.4147467716535433
20
-0.1943558267716535
11
-0.414802716535433
21
-0.1944448031496063
0
LINE
8
BLACK
6
CONTINUOUS
10
-0.414802716535433
20
-0.1944448031496063
11
-0.4148617322834646
21
-0.1944959448818898
0
LINE
8
BLACK
6
CONTINUOUS
10
-0.4148617322834646
20
-0.1944959448818898
11
-0.4150474803149606
21
-0.1947223228346457
0
LINE
8
BLACK
6
CONTINUOUS
10
-0.4150474803149606
20
-0.1947223228346457
11
-0.4169222440944882
21
-0.1965970866141732
0
LINE
8
BLACK
6
CONTINUOUS
10
-0.4169222440944882
20
-0.1965970866141732
11
-0.4171486220472441
21
-0.1967828346456693
0
LINE
8
BLACK
6
CONTINUOUS
10
-0.4171486220472441
20
-0.1967828346456693
11
-0.4171997637795276
21
-0.1968418503937008
0
LINE
8
BLACK
6
CONTINUOUS
10
-0.4171997637795276
20
-0.1968418503937008
11
-0.4172887401574803
21
-0.1968977952755905
0
LINE
8
BLACK
6
CONTINUOUS
10
-0.4172887401574803
20
-0.1968977952755905
11
-0.4173696850393701
21
-0.1969642913385827
0
LINE
8
BLACK
6
CONTINUOUS
10
-0.4173696850393701
20
-0.1969642913385827
11
-0.4174416535433071
21
-0.196994094488189
0
LINE
8
BLACK
6
CONTINUOUS
10
-0.4174416535433071
20
-0.196994094488189
11
-0.4176896456692913
21
-0.1971501968503937
0
LINE
8
BLACK
6
CONTINUOUS
10
-0.4176896456692913
20
-0.1971501968503937
11
-0.4214391732283465
21
-0.1990249606299213
0
LINE
8
BLACK
6
CONTINUOUS
10
-0.4214391732283465
20
-0.1990249606299213
11
-0.4219798031496063
21
-0.1992318503937008
0
LINE
8
BLACK
6
CONTINUOUS
10
-0.4219798031496063
20
-0.1992318503937008
11
-0.4220856299212598
21
-0.1992393307086614
0
LINE
8
BLACK
6
CONTINUOUS
10
-0.4220856299212598
20
-0.1992393307086614
11
-0.4221836220472441
21
-0.1992799606299213
0
LINE
8
BLACK
6
CONTINUOUS
10
-0.4221836220472441
20
-0.1992799606299213
11
-0.4227596850393701
21
-0.1993366929133858
0
LINE
8
BLACK
6
CONTINUOUS
10
-0.4227596850393701
20
-0.1993366929133858
11
-0.4283839763779527
21
-0.1993366929133858
0
LINE
8
BLACK
6
CONTINUOUS
10
-0.4283839763779527
20
-0.1993366929133858
11
-0.4289600393700787
21
-0.1992799606299213
0
LINE
8
BLACK
6
CONTINUOUS
10
-0.4289600393700787
20
-0.1992799606299213
11
-0.429058031496063
21
-0.1992393700787402
0
LINE
8
BLACK
6
CONTINUOUS
10
-0.429058031496063
20
-0.1992393700787402
11
-0.4291638976377953
21
-0.1992318503937008
0
LINE
8
BLACK
6
CONTINUOUS
10
-0.4291638976377953
20
-0.1992318503937008
11
-0.4297044881889764
21
-0.1990249606299213
0
LINE
8
BLACK
6
CONTINUOUS
10
-0.4297044881889764
20
-0.1990249606299213
11
-0.4334540157480315
21
-0.1971501968503937
0
LINE
8
BLACK
6
CONTINUOUS
10
-0.4334540157480315
20
-0.1971501968503937
11
-0.4339438976377953
21
-0.1968418503937008
0
LINE
8
BLACK
6
CONTINUOUS
10
-0.4339438976377953
20
-0.1968418503937008
11
-0.4346987401574803
21
-0.1959714566929134
0
LINE
8
BLACK
6
CONTINUOUS
10
-0.4346987401574803
20
-0.1959714566929134
11
-0.4350630708661417
21
-0.1948785039370079
0
LINE
8
BLACK
6
CONTINUOUS
10
-0.4350630708661417
20
-0.1948785039370079
11
-0.4349814173228346
21
-0.1937292913385827
0
LINE
8
BLACK
6
CONTINUOUS
10
-0.4349814173228346
20
-0.1937292913385827
11
-0.4344661811023622
21
-0.192698779527559
0
LINE
8
BLACK
6
CONTINUOUS
10
-0.4344661811023622
20
-0.192698779527559
11
-0.4335957874015748
21
-0.191943937007874
0
LINE
8
BLACK
6
CONTINUOUS
10
-0.4335957874015748
20
-0.191943937007874
11
-0.4325028346456693
21
-0.1915796062992126
0
LINE
8
BLACK
6
CONTINUOUS
10
-0.4325028346456693
20
-0.1915796062992126
11
-0.4313536220472441
21
-0.1916612598425197
0
LINE
8
BLACK
6
CONTINUOUS
10
-0.4313536220472441
20
-0.1916612598425197
11
-0.4308129921259842
21
-0.1918681496062992
0
LINE
8
BLACK
6
CONTINUOUS
10
-0.4308129921259842
20
-0.1918681496062992
11
-0.4276869291338583
21
-0.1934311811023622
0
LINE
8
BLACK
6
CONTINUOUS
10
-0.4276869291338583
20
-0.1934311811023622
11
-0.4234567322834645
21
-0.1934311811023622
0
LINE
8
BLACK
6
CONTINUOUS
10
-0.4234567322834645
20
-0.1934311811023622
11
-0.4207592519685039
21
-0.1920824409448819
0
LINE
8
BLACK
6
CONTINUOUS
10
-0.4207592519685039
20
-0.1920824409448819
11
-0.419562125984252
21
-0.1908853149606299
0
LINE
8
BLACK
6
CONTINUOUS
10
-0.419562125984252
20
-0.1908853149606299
11
-0.4182133858267716
21
-0.1881878346456693
0
LINE
8
BLACK
6
CONTINUOUS
10
-0.4182133858267716
20
-0.1881878346456693
11
-0.4182133858267716
21
-0.1861020078740157
0
LINE
8
BLACK
6
CONTINUOUS
10
-0.4182133858267716
20
-0.1861020078740157
11
-0.4182302755905511
21
-0.1861085039370079
0
LINE
8
BLACK
6
CONTINUOUS
10
-0.4182302755905511
20
-0.1861085039370079
11
-0.4183361023622047
21
-0.1861159842519685
0
LINE
8
BLACK
6
CONTINUOUS
10
-0.4183361023622047
20
-0.1861159842519685
11
-0.418434094488189
21
-0.1861566141732283
0
LINE
8
BLACK
6
CONTINUOUS
10
-0.418434094488189
20
-0.1861566141732283
11
-0.4190101574803149
21
-0.1862133464566929
0
LINE
8
BLACK
6
CONTINUOUS
10
-0.4190101574803149
20
-0.1862133464566929
11
-0.4265092125984252
21
-0.1862133464566929
0
LINE
8
BLACK
6
CONTINUOUS
10
-0.4265092125984252
20
-0.1862133464566929
11
-0.4270852755905511
21
-0.1861566141732283
0
LINE
8
BLACK
6
CONTINUOUS
10
-0.4270852755905511
20
-0.1861566141732283
11
-0.4271832677165354
21
-0.1861160236220472
0
LINE
8
BLACK
6
CONTINUOUS
10
-0.4271832677165354
20
-0.1861160236220472
11
-0.4272891338582677
21
-0.1861085039370079
0
LINE
8
BLACK
6
CONTINUOUS
10
-0.4272891338582677
20
-0.1861085039370079
11
-0.4278297244094488
21
-0.1859016141732283
0
LINE
8
BLACK
6
CONTINUOUS
10
-0.4278297244094488
20
-0.1859016141732283
11
-0.4315792519685039
21
-0.1840268503937008
0
LINE
8
BLACK
6
CONTINUOUS
10
-0.4315792519685039
20
-0.1840268503937008
11
-0.4318272834645669
21
-0.1838707480314961
0
LINE
8
BLACK
6
CONTINUOUS
10
-0.4318272834645669
20
-0.1838707480314961
11
-0.4318992125984252
21
-0.1838409448818898
0
LINE
8
BLACK
6
CONTINUOUS
10
-0.4318992125984252
20
-0.1838409448818898
11
-0.4319801968503937
21
-0.1837744881889764
0
LINE
8
BLACK
6
CONTINUOUS
10
-0.4319801968503937
20
-0.1837744881889764
11
-0.4320691338582677
21
-0.1837185039370079
0
LINE
8
BLACK
6
CONTINUOUS
10
-0.4320691338582677
20
-0.1837185039370079
11
-0.4321203543307087
21
-0.1836594488188976
0
LINE
8
BLACK
6
CONTINUOUS
10
-0.4321203543307087
20
-0.1836594488188976
11
-0.4323466929133858
21
-0.1834737007874016
0
LINE
8
BLACK
6
CONTINUOUS
10
-0.4323466929133858
20
-0.1834737007874016
11
-0.4342214566929134
21
-0.1815988976377953
0
LINE
8
BLACK
6
CONTINUOUS
10
-0.4342214566929134
20
-0.1815988976377953
11
-0.4344072047244094
21
-0.1813725590551181
0
LINE
8
BLACK
6
CONTINUOUS
10
-0.4344072047244094
20
-0.1813725590551181
11
-0.4344661811023622
21
-0.1813214173228346
0
LINE
8
BLACK
6
CONTINUOUS
10
-0.4344661811023622
20
-0.1813214173228346
11
-0.4345221653543307
21
-0.1812324803149606
0
LINE
8
BLACK
6
CONTINUOUS
10
-0.4345221653543307
20
-0.1812324803149606
11
-0.4345886614173228
21
-0.1811514566929134
0
LINE
8
BLACK
6
CONTINUOUS
10
-0.4345886614173228
20
-0.1811514566929134
11
-0.4346185039370078
21
-0.1810794094488189
0
LINE
8
BLACK
6
CONTINUOUS
10
-0.4346185039370078
20
-0.1810794094488189
11
-0.4347745275590551
21
-0.1808315354330709
0
LINE
8
BLACK
6
CONTINUOUS
10
-0.4347745275590551
20
-0.1808315354330709
11
-0.4366492913385827
21
-0.1770820078740157
0
LINE
8
BLACK
6
CONTINUOUS
10
-0.4366492913385827
20
-0.1770820078740157
11
-0.4368561811023622
21
-0.1765413779527559
0
LINE
8
BLACK
6
CONTINUOUS
10
-0.4368561811023622
20
-0.1765413779527559
11
-0.4368637007874016
21
-0.1764355511811024
0
LINE
8
BLACK
6
CONTINUOUS
10
-0.4368637007874016
20
-0.1764355511811024
11
-0.4369042913385827
21
-0.1763375590551181
0
LINE
8
BLACK
6
CONTINUOUS
10
-0.4369042913385827
20
-0.1763375590551181
11
-0.4369610236220473
21
-0.1757614960629921
0
LINE
8
BLACK
6
CONTINUOUS
10
-0.4369610236220473
20
-0.1757614960629921
11
-0.4369610236220473
21
-0.1645129133858268
0
LINE
8
BLACK
6
CONTINUOUS
10
-0.4369610236220473
20
-0.1645129133858268
11
-0.4369042913385827
21
-0.1639368503937008
0
LINE
8
BLACK
6
CONTINUOUS
10
-0.4369042913385827
20
-0.1639368503937008
11
-0.4368637007874016
21
-0.1638388188976378
0
LINE
8
BLACK
6
CONTINUOUS
10
-0.4368637007874016
20
-0.1638388188976378
11
-0.4368561811023622
21
-0.163733031496063
0
LINE
8
BLACK
6
CONTINUOUS
10
-0.4368561811023622
20
-0.163733031496063
11
-0.4366492913385827
21
-0.1631924015748031
0
LINE
8
BLACK
6
CONTINUOUS
10
-0.4366492913385827
20
-0.1631924015748031
11
-0.4347745275590551
21
-0.159442874015748
0
LINE
8
BLACK
6
CONTINUOUS
10
-0.4347745275590551
20
-0.159442874015748
11
-0.4346184645669291
21
-0.159194842519685
0
LINE
8
BLACK
6
CONTINUOUS
10
-0.4346184645669291
20
-0.159194842519685
11
-0.4345886220472441
21
-0.1591229133858268
0
LINE
8
BLACK
6
CONTINUOUS
10
-0.4345886220472441
20
-0.1591229133858268
11
-0.4345221653543307
21
-0.1590419291338583
0
LINE
8
BLACK
6
CONTINUOUS
10
-0.4345221653543307
20
-0.1590419291338583
11
-0.4344661811023622
21
-0.1589529921259842
0
LINE
8
BLACK
6
CONTINUOUS
10
-0.4344661811023622
20
-0.1589529921259842
11
-0.4344072047244094
21
-0.1589018110236221
0
LINE
8
BLACK
6
CONTINUOUS
10
-0.4344072047244094
20
-0.1589018110236221
11
-0.4342214173228346
21
-0.1586754724409449
0
LINE
8
BLACK
6
CONTINUOUS
10
-0.4342214173228346
20
-0.1586754724409449
11
-0.4323466535433071
21
-0.1568007086614173
0
LINE
8
BLACK
6
CONTINUOUS
10
-0.4323466535433071
20
-0.1568007086614173
11
-0.4321203149606299
21
-0.1566149212598425
0
LINE
8
BLACK
6
CONTINUOUS
10
-0.4321203149606299
20
-0.1566149212598425
11
-0.4320691338582677
21
-0.1565559448818898
0
LINE
8
BLACK
6
CONTINUOUS
10
-0.4320691338582677
20
-0.1565559448818898
11
-0.4319801968503937
21
-0.1564999606299212
0
LINE
8
BLACK
6
CONTINUOUS
10
-0.4319801968503937
20
-0.1564999606299212
11
-0.4318992125984252
21
-0.1564335039370079
0
LINE
8
BLACK
6
CONTINUOUS
10
-0.4318992125984252
20
-0.1564335039370079
11
-0.4318272834645669
21
-0.1564036614173228
0
LINE
8
BLACK
6
CONTINUOUS
10
-0.4318272834645669
20
-0.1564036614173228
11
-0.4315792519685039
21
-0.1562475984251968
0
LINE
8
BLACK
6
CONTINUOUS
10
-0.4315792519685039
20
-0.1562475984251968
11
-0.4278297244094488
21
-0.1543728346456693
0
LINE
8
BLACK
6
CONTINUOUS
10
-0.4278297244094488
20
-0.1543728346456693
11
-0.4272891338582677
21
-0.1541659448818898
0
LINE
8
BLACK
6
CONTINUOUS
10
-0.4272891338582677
20
-0.1541659448818898
11
-0.4271832677165354
21
-0.1541583858267717
0
LINE
8
BLACK
6
CONTINUOUS
10
-0.4271832677165354
20
-0.1541583858267717
11
-0.4270852755905511
21
-0.1541178346456693
0
LINE
8
BLACK
6
CONTINUOUS
10
-0.4270852755905511
20
-0.1541178346456693
11
-0.4265092125984252
21
-0.1540611023622047
0
LINE
8
BLACK
6
CONTINUOUS
10
-0.4265092125984252
20
-0.1540611023622047
11
-0.4190101574803149
21
-0.1540611023622047
0
LINE
8
BLACK
6
CONTINUOUS
10
-0.4190101574803149
20
-0.1540611023622047
11
-0.418434094488189
21
-0.1541178346456693
0
LINE
8
BLACK
6
CONTINUOUS
10
-0.4285096456692913
20
-0.1613153543307086
11
-0.4297067716535433
21
-0.1625124803149606
0
LINE
8
BLACK
6
CONTINUOUS
10
-0.4297067716535433
20
-0.1625124803149606
11
-0.4310555118110236
21
-0.1652099606299212
0
LINE
8
BLACK
6
CONTINUOUS
10
-0.4310555118110236
20
-0.1652099606299212
11
-0.4310555118110236
21
-0.1750644488188976
0
LINE
8
BLACK
6
CONTINUOUS
10
-0.4310555118110236
20
-0.1750644488188976
11
-0.4297067716535433
21
-0.1777619291338583
0
LINE
8
BLACK
6
CONTINUOUS
10
-0.4297067716535433
20
-0.1777619291338583
11
-0.4285096456692913
21
-0.178959094488189
0
LINE
8
BLACK
6
CONTINUOUS
10
-0.4285096456692913
20
-0.178959094488189
11
-0.4258121653543307
21
-0.1803078346456693
0
LINE
8
BLACK
6
CONTINUOUS
10
-0.4258121653543307
20
-0.1803078346456693
11
-0.4197072047244094
21
-0.1803078346456693
0
LINE
8
BLACK
6
CONTINUOUS
10
-0.4197072047244094
20
-0.1803078346456693
11
-0.4182133858267716
21
-0.179560905511811
0
LINE
8
BLACK
6
CONTINUOUS
10
-0.4182133858267716
20
-0.179560905511811
11
-0.4182133858267716
21
-0.1607135039370079
0
LINE
8
BLACK
6
CONTINUOUS
10
-0.4182133858267716
20
-0.1607135039370079
11
-0.4197072047244094
21
-0.1599666141732284
0
LINE
8
BLACK
6
CONTINUOUS
10
-0.4197072047244094
20
-0.1599666141732284
11
-0.4258121653543307
21
-0.1599666141732284
0
LINE
8
BLACK
6
CONTINUOUS
10
-0.4258121653543307
20
-0.1599666141732284
11
-0.4285096456692913
21
-0.1613153543307086
0
LINE
8
BLACK
6
CONTINUOUS
10
-0.604035905511811
20
-0.1541178346456693
11
-0.6039379133858268
21
-0.1541584251968504
0
LINE
8
BLACK
6
CONTINUOUS
10
-0.6039379133858268
20
-0.1541584251968504
11
-0.6038320866141732
21
-0.1541659448818898
0
LINE
8
BLACK
6
CONTINUOUS
10
-0.6038320866141732
20
-0.1541659448818898
11
-0.6032914566929134
21
-0.1543728346456693
0
LINE
8
BLACK
6
CONTINUOUS
10
-0.6032914566929134
20
-0.1543728346456693
11
-0.5995419291338583
21
-0.1562475984251968
0
LINE
8
BLACK
6
CONTINUOUS
10
-0.5995419291338583
20
-0.1562475984251968
11
-0.599293937007874
21
-0.1564036614173228
0
LINE
8
BLACK
6
CONTINUOUS
10
-0.599293937007874
20
-0.1564036614173228
11
-0.5992219685039369
21
-0.1564335039370079
0
LINE
8
BLACK
6
CONTINUOUS
10
-0.5992219685039369
20
-0.1564335039370079
11
-0.5991410236220472
21
-0.1564999606299212
0
LINE
8
BLACK
6
CONTINUOUS
10
-0.5991410236220472
20
-0.1564999606299212
11
-0.5990520472440944
21
-0.1565559448818898
0
LINE
8
BLACK
6
CONTINUOUS
10
-0.5990520472440944
20
-0.1565559448818898
11
-0.599000905511811
21
-0.1566149212598425
0
LINE
8
BLACK
6
CONTINUOUS
10
-0.599000905511811
20
-0.1566149212598425
11
-0.5987745275590551
21
-0.1568007086614173
0
LINE
8
BLACK
6
CONTINUOUS
10
-0.5987745275590551
20
-0.1568007086614173
11
-0.5968997637795276
21
-0.1586754724409449
0
LINE
8
BLACK
6
CONTINUOUS
10
-0.5968997637795276
20
-0.1586754724409449
11
-0.5967140157480315
21
-0.1589018110236221
0
LINE
8
BLACK
6
CONTINUOUS
10
-0.5967140157480315
20
-0.1589018110236221
11
-0.5966549999999999
21
-0.1589529921259842
0
LINE
8
BLACK
6
CONTINUOUS
10
-0.5966549999999999
20
-0.1589529921259842
11
-0.5965990551181102
21
-0.1590419291338583
0
LINE
8
BLACK
6
CONTINUOUS
10
-0.5965990551181102
20
-0.1590419291338583
11
-0.5965325590551182
21
-0.1591229133858268
0
LINE
8
BLACK
6
CONTINUOUS
10
-0.5965325590551182
20
-0.1591229133858268
11
-0.5965027559055118
21
-0.159194842519685
0
LINE
8
BLACK
6
CONTINUOUS
10
-0.5965027559055118
20
-0.159194842519685
11
-0.5963466535433071
21
-0.159442874015748
0
LINE
8
BLACK
6
CONTINUOUS
10
-0.5963466535433071
20
-0.159442874015748
11
-0.5944718897637795
21
-0.1631924015748031
0
LINE
8
BLACK
6
CONTINUOUS
10
-0.5944718897637795
20
-0.1631924015748031
11
-0.5942649999999999
21
-0.1637329921259842
0
LINE
8
BLACK
6
CONTINUOUS
10
-0.5942649999999999
20
-0.1637329921259842
11
-0.5942574803149606
21
-0.1638388582677165
0
LINE
8
BLACK
6
CONTINUOUS
10
-0.5942574803149606
20
-0.1638388582677165
11
-0.5942168897637795
21
-0.1639368503937008
0
LINE
8
BLACK
6
CONTINUOUS
10
-0.5942168897637795
20
-0.1639368503937008
11
-0.5941601574803149
21
-0.1645129133858268
0
LINE
8
BLACK
6
CONTINUOUS
10
-0.5941601574803149
20
-0.1645129133858268
11
-0.5941601574803149
21
-0.1757614960629921
0
LINE
8
BLACK
6
CONTINUOUS
10
-0.5941601574803149
20
-0.1757614960629921
11
-0.5942168897637795
21
-0.1763375590551181
0
LINE
8
BLACK
6
CONTINUOUS
10
-0.5942168897637795
20
-0.1763375590551181
11
-0.5942574803149606
21
-0.1764355118110236
0
LINE
8
BLACK
6
CONTINUOUS
10
-0.5942574803149606
20
-0.1764355118110236
11
-0.5942649999999999
21
-0.1765414173228347
0
LINE
8
BLACK
6
CONTINUOUS
10
-0.5942649999999999
20
-0.1765414173228347
11
-0.5944718897637795
21
-0.1770820078740157
0
LINE
8
BLACK
6
CONTINUOUS
10
-0.5944718897637795
20
-0.1770820078740157
11
-0.5963466535433071
21
-0.1808315354330709
0
LINE
8
BLACK
6
CONTINUOUS
10
-0.5963466535433071
20
-0.1808315354330709
11
-0.5965027165354331
21
-0.1810794094488189
0
LINE
8
BLACK
6
CONTINUOUS
10
-0.5965027165354331
20
-0.1810794094488189
11
-0.5965325196850394
21
-0.1811514566929134
0
LINE
8
BLACK
6
CONTINUOUS
10
-0.5965325196850394
20
-0.1811514566929134
11
-0.5965990551181102
21
-0.1812324803149606
0
LINE
8
BLACK
6
CONTINUOUS
10
-0.5965990551181102
20
-0.1812324803149606
11
-0.5966549999999999
21
-0.1813214173228346
0
LINE
8
BLACK
6
CONTINUOUS
10
-0.5966549999999999
20
-0.1813214173228346
11
-0.5967140157480315
21
-0.1813725590551181
0
LINE
8
BLACK
6
CONTINUOUS
10
-0.5967140157480315
20
-0.1813725590551181
11
-0.5968997637795276
21
-0.181598937007874
0
LINE
8
BLACK
6
CONTINUOUS
10
-0.5968997637795276
20
-0.181598937007874
11
-0.5987744881889764
21
-0.1834737007874016
0
LINE
8
BLACK
6
CONTINUOUS
10
-0.5987744881889764
20
-0.1834737007874016
11
-0.5990008661417323
21
-0.1836594488188976
0
LINE
8
BLACK
6
CONTINUOUS
10
-0.5990008661417323
20
-0.1836594488188976
11
-0.5990520472440944
21
-0.1837185039370079
0
LINE
8
BLACK
6
CONTINUOUS
10
-0.5990520472440944
20
-0.1837185039370079
11
-0.5991410236220472
21
-0.1837744881889764
0
LINE
8
BLACK
6
CONTINUOUS
10
-0.5991410236220472
20
-0.1837744881889764
11
-0.5992219685039369
21
-0.1838409448818898
0
LINE
8
BLACK
6
CONTINUOUS
10
-0.5992219685039369
20
-0.1838409448818898
11
-0.599293937007874
21
-0.1838707480314961
0
LINE
8
BLACK
6
CONTINUOUS
10
-0.599293937007874
20
-0.1838707480314961
11
-0.5995419291338583
21
-0.1840268503937008
0
LINE
8
BLACK
6
CONTINUOUS
10
-0.5995419291338583
20
-0.1840268503937008
11
-0.6032914566929134
21
-0.1859016141732283
0
LINE
8
BLACK
6
CONTINUOUS
10
-0.6032914566929134
20
-0.1859016141732283
11
-0.6038320866141732
21
-0.1861085039370079
0
LINE
8
BLACK
6
CONTINUOUS
10
-0.6038320866141732
20
-0.1861085039370079
11
-0.6039379133858268
21
-0.1861159842519685
0
LINE
8
BLACK
6
CONTINUOUS
10
-0.6039379133858268
20
-0.1861159842519685
11
-0.604035905511811
21
-0.1861566141732283
0
LINE
8
BLACK
6
CONTINUOUS
10
-0.604035905511811
20
-0.1861566141732283
11
-0.6046119685039369
21
-0.1862133464566929
0
LINE
8
BLACK
6
CONTINUOUS
10
-0.6046119685039369
20
-0.1862133464566929
11
-0.6102362598425197
21
-0.1862133464566929
0
LINE
8
BLACK
6
CONTINUOUS
10
-0.6102362598425197
20
-0.1862133464566929
11
-0.6108123228346457
21
-0.1861566141732283
0
LINE
8
BLACK
6
CONTINUOUS
10
-0.6108123228346457
20
-0.1861566141732283
11
-0.6109103149606299
21
-0.1861160236220472
0
LINE
8
BLACK
6
CONTINUOUS
10
-0.6109103149606299
20
-0.1861160236220472
11
-0.6110161811023622
21
-0.1861085039370079
0
LINE
8
BLACK
6
CONTINUOUS
10
-0.6110161811023622
20
-0.1861085039370079
11
-0.6115567716535433
21
-0.1859016141732283
0
LINE
8
BLACK
6
CONTINUOUS
10
-0.6115567716535433
20
-0.1859016141732283
11
-0.6153062992125984
21
-0.1840268503937008
0
LINE
8
BLACK
6
CONTINUOUS
10
-0.6153062992125984
20
-0.1840268503937008
11
-0.6155543307086614
21
-0.1838707480314961
0
LINE
8
BLACK
6
CONTINUOUS
10
-0.6155543307086614
20
-0.1838707480314961
11
-0.6156262598425196
21
-0.1838409448818898
0
LINE
8
BLACK
6
CONTINUOUS
10
-0.6156262598425196
20
-0.1838409448818898
11
-0.6157072440944882
21
-0.1837744881889764
0
LINE
8
BLACK
6
CONTINUOUS
10
-0.6157072440944882
20
-0.1837744881889764
11
-0.6157961811023622
21
-0.1837185039370079
0
LINE
8
BLACK
6
CONTINUOUS
10
-0.6157961811023622
20
-0.1837185039370079
11
-0.6158474015748031
21
-0.1836594488188976
0
LINE
8
BLACK
6
CONTINUOUS
10
-0.6158474015748031
20
-0.1836594488188976
11
-0.6160737401574803
21
-0.1834737007874016
0
LINE
8
BLACK
6
CONTINUOUS
10
-0.6160737401574803
20
-0.1834737007874016
11
-0.6179485039370078
21
-0.1815988976377953
0
LINE
8
BLACK
6
CONTINUOUS
10
-0.6179485039370078
20
-0.1815988976377953
11
-0.6181342519685039
21
-0.1813725590551181
0
LINE
8
BLACK
6
CONTINUOUS
10
-0.6181342519685039
20
-0.1813725590551181
11
-0.6181932283464566
21
-0.1813214173228346
0
LINE
8
BLACK
6
CONTINUOUS
10
-0.6181932283464566
20
-0.1813214173228346
11
-0.6182492125984251
21
-0.1812324803149606
0
LINE
8
BLACK
6
CONTINUOUS
10
-0.6182492125984251
20
-0.1812324803149606
11
-0.6183157086614173
21
-0.1811514566929134
0
LINE
8
BLACK
6
CONTINUOUS
10
-0.6183157086614173
20
-0.1811514566929134
11
-0.6183455511811023
21
-0.1810794094488189
0
LINE
8
BLACK
6
CONTINUOUS
10
-0.6183455511811023
20
-0.1810794094488189
11
-0.6185015748031496
21
-0.1808315354330709
0
LINE
8
BLACK
6
CONTINUOUS
10
-0.6185015748031496
20
-0.1808315354330709
11
-0.6203763385826772
21
-0.1770820078740157
0
LINE
8
BLACK
6
CONTINUOUS
10
-0.6203763385826772
20
-0.1770820078740157
11
-0.6205832283464566
21
-0.1765413779527559
0
LINE
8
BLACK
6
CONTINUOUS
10
-0.6205832283464566
20
-0.1765413779527559
11
-0.6205907480314961
21
-0.1764355511811024
0
LINE
8
BLACK
6
CONTINUOUS
10
-0.6205907480314961
20
-0.1764355511811024
11
-0.6206313385826772
21
-0.1763375590551181
0
LINE
8
BLACK
6
CONTINUOUS
10
-0.6206313385826772
20
-0.1763375590551181
11
-0.6206880708661418
21
-0.1757614960629921
0
LINE
8
BLACK
6
CONTINUOUS
10
-0.6206880708661418
20
-0.1757614960629921
11
-0.6206880708661418
21
-0.1645129133858268
0
LINE
8
BLACK
6
CONTINUOUS
10
-0.6206880708661418
20
-0.1645129133858268
11
-0.6206313385826772
21
-0.1639368503937008
0
LINE
8
BLACK
6
CONTINUOUS
10
-0.6206313385826772
20
-0.1639368503937008
11
-0.6205907480314961
21
-0.1638388188976378
0
LINE
8
BLACK
6
CONTINUOUS
10
-0.6205907480314961
20
-0.1638388188976378
11
-0.6205832283464566
21
-0.163733031496063
0
LINE
8
BLACK
6
CONTINUOUS
10
-0.6205832283464566
20
-0.163733031496063
11
-0.6203763385826772
21
-0.1631924015748031
0
LINE
8
BLACK
6
CONTINUOUS
10
-0.6203763385826772
20
-0.1631924015748031
11
-0.6185015748031496
21
-0.159442874015748
0
LINE
8
BLACK
6
CONTINUOUS
10
-0.6185015748031496
20
-0.159442874015748
11
-0.6183455118110236
21
-0.159194842519685
0
LINE
8
BLACK
6
CONTINUOUS
10
-0.6183455118110236
20
-0.159194842519685
11
-0.6183156692913385
21
-0.1591229133858268
0
LINE
8
BLACK
6
CONTINUOUS
10
-0.6183156692913385
20
-0.1591229133858268
11
-0.6182492125984251
21
-0.1590419291338583
0
LINE
8
BLACK
6
CONTINUOUS
10
-0.6182492125984251
20
-0.1590419291338583
11
-0.6181932283464566
21
-0.1589529921259842
0
LINE
8
BLACK
6
CONTINUOUS
10
-0.6181932283464566
20
-0.1589529921259842
11
-0.6181342519685039
21
-0.1589018110236221
0
LINE
8
BLACK
6
CONTINUOUS
10
-0.6181342519685039
20
-0.1589018110236221
11
-0.6179484645669291
21
-0.1586754724409449
0
LINE
8
BLACK
6
CONTINUOUS
10
-0.6179484645669291
20
-0.1586754724409449
11
-0.6160737007874015
21
-0.1568007086614173
0
LINE
8
BLACK
6
CONTINUOUS
10
-0.6160737007874015
20
-0.1568007086614173
11
-0.6158473622047244
21
-0.1566149212598425
0
LINE
8
BLACK
6
CONTINUOUS
10
-0.6158473622047244
20
-0.1566149212598425
11
-0.6157961811023622
21
-0.1565559448818898
0
LINE
8
BLACK
6
CONTINUOUS
10
-0.6157961811023622
20
-0.1565559448818898
11
-0.6157072440944882
21
-0.1564999606299212
0
LINE
8
BLACK
6
CONTINUOUS
10
-0.6157072440944882
20
-0.1564999606299212
11
-0.6156262598425196
21
-0.1564335039370079
0
LINE
8
BLACK
6
CONTINUOUS
10
-0.6156262598425196
20
-0.1564335039370079
11
-0.6155543307086614
21
-0.1564036614173228
0
LINE
8
BLACK
6
CONTINUOUS
10
-0.6155543307086614
20
-0.1564036614173228
11
-0.6153062992125984
21
-0.1562475984251968
0
LINE
8
BLACK
6
CONTINUOUS
10
-0.6153062992125984
20
-0.1562475984251968
11
-0.6115567716535433
21
-0.1543728346456693
0
LINE
8
BLACK
6
CONTINUOUS
10
-0.6115567716535433
20
-0.1543728346456693
11
-0.6110161811023622
21
-0.1541659448818898
0
LINE
8
BLACK
6
CONTINUOUS
10
-0.6110161811023622
20
-0.1541659448818898
11
-0.6109103149606299
21
-0.1541583858267717
0
LINE
8
BLACK
6
CONTINUOUS
10
-0.6109103149606299
20
-0.1541583858267717
11
-0.6108123228346457
21
-0.1541178346456693
0
LINE
8
BLACK
6
CONTINUOUS
10
-0.6108123228346457
20
-0.1541178346456693
11
-0.6102362598425197
21
-0.1540611023622047
0
LINE
8
BLACK
6
CONTINUOUS
10
-0.6102362598425197
20
-0.1540611023622047
11
-0.6046119685039369
21
-0.1540611023622047
0
LINE
8
BLACK
6
CONTINUOUS
10
-0.6046119685039369
20
-0.1540611023622047
11
-0.604035905511811
21
-0.1541178346456693
0
LINE
8
BLACK
6
CONTINUOUS
10
-0.6122366929133858
20
-0.1613153543307086
11
-0.6134338188976378
21
-0.1625124803149606
0
LINE
8
BLACK
6
CONTINUOUS
10
-0.6134338188976378
20
-0.1625124803149606
11
-0.6147825590551181
21
-0.1652099606299212
0
LINE
8
BLACK
6
CONTINUOUS
10
-0.6147825590551181
20
-0.1652099606299212
11
-0.6147825590551181
21
-0.1750644488188976
0
LINE
8
BLACK
6
CONTINUOUS
10
-0.6147825590551181
20
-0.1750644488188976
11
-0.6134338188976378
21
-0.1777619291338583
0
LINE
8
BLACK
6
CONTINUOUS
10
-0.6134338188976378
20
-0.1777619291338583
11
-0.6122366929133858
21
-0.178959094488189
0
LINE
8
BLACK
6
CONTINUOUS
10
-0.6122366929133858
20
-0.178959094488189
11
-0.6095392125984251
21
-0.1803078346456693
0
LINE
8
BLACK
6
CONTINUOUS
10
-0.6095392125984251
20
-0.1803078346456693
11
-0.6053090157480315
21
-0.1803078346456693
0
LINE
8
BLACK
6
CONTINUOUS
10
-0.6053090157480315
20
-0.1803078346456693
11
-0.6026115748031496
21
-0.178959094488189
0
LINE
8
BLACK
6
CONTINUOUS
10
-0.6026115748031496
20
-0.178959094488189
11
-0.6014144488188976
21
-0.1777619291338583
0
LINE
8
BLACK
6
CONTINUOUS
10
-0.6014144488188976
20
-0.1777619291338583
11
-0.6000656692913385
21
-0.1750644488188976
0
LINE
8
BLACK
6
CONTINUOUS
10
-0.6000656692913385
20
-0.1750644488188976
11
-0.6000656692913385
21
-0.1652099606299212
0
LINE
8
BLACK
6
CONTINUOUS
10
-0.6000656692913385
20
-0.1652099606299212
11
-0.6014144094488189
21
-0.1625124803149606
0
LINE
8
BLACK
6
CONTINUOUS
10
-0.6014144094488189
20
-0.1625124803149606
11
-0.6026115354330709
21
-0.1613153543307086
0
LINE
8
BLACK
6
CONTINUOUS
10
-0.6026115354330709
20
-0.1613153543307086
11
-0.6053090157480315
21
-0.1599666141732284
0
LINE
8
BLACK
6
CONTINUOUS
10
-0.6053090157480315
20
-0.1599666141732284
11
-0.6095392125984251
21
-0.1599666141732284
0
LINE
8
BLACK
6
CONTINUOUS
10
-0.6095392125984251
20
-0.1599666141732284
11
-0.6122366929133858
21
-0.1613153543307086
0
LINE
8
BLACK
6
CONTINUOUS
10
-0.5785995275590551
20
-0.1545587401574803
11
-0.5777848818897637
21
-0.1553733858267717
0
LINE
8
BLACK
6
CONTINUOUS
10
-0.5777848818897637
20
-0.1553733858267717
11
-0.5773439763779528
21
-0.1564377952755905
0
LINE
8
BLACK
6
CONTINUOUS
10
-0.5773439763779528
20
-0.1564377952755905
11
-0.5772872440944882
21
-0.1570138582677165
0
LINE
8
BLACK
6
CONTINUOUS
10
-0.5772872440944882
20
-0.1570138582677165
11
-0.5772872440944882
21
-0.1769392125984252
0
LINE
8
BLACK
6
CONTINUOUS
10
-0.5772872440944882
20
-0.1769392125984252
11
-0.5761644094488189
21
-0.1791849606299213
0
LINE
8
BLACK
6
CONTINUOUS
10
-0.5761644094488189
20
-0.1791849606299213
11
-0.5739186614173228
21
-0.1803078346456693
0
LINE
8
BLACK
6
CONTINUOUS
10
-0.5739186614173228
20
-0.1803078346456693
11
-0.5696884645669291
21
-0.1803078346456693
0
LINE
8
BLACK
6
CONTINUOUS
10
-0.5696884645669291
20
-0.1803078346456693
11
-0.5669910236220472
21
-0.178959094488189
0
LINE
8
BLACK
6
CONTINUOUS
10
-0.5669910236220472
20
-0.178959094488189
11
-0.5663198818897638
21
-0.1782879527559055
0
LINE
8
BLACK
6
CONTINUOUS
10
-0.5663198818897638
20
-0.1782879527559055
11
-0.5663198818897638
21
-0.1570138582677165
0
LINE
8
BLACK
6
CONTINUOUS
10
-0.5663198818897638
20
-0.1570138582677165
11
-0.5662631496062992
21
-0.1564377952755905
0
LINE
8
BLACK
6
CONTINUOUS
10
-0.5662631496062992
20
-0.1564377952755905
11
-0.5658222440944882
21
-0.1553733858267717
0
LINE
8
BLACK
6
CONTINUOUS
10
-0.5658222440944882
20
-0.1553733858267717
11
-0.5650075984251969
21
-0.1545587401574803
0
LINE
8
BLACK
6
CONTINUOUS
10
-0.5650075984251969
20
-0.1545587401574803
11
-0.563943188976378
21
-0.1541178346456693
0
LINE
8
BLACK
6
CONTINUOUS
10
-0.563943188976378
20
-0.1541178346456693
11
-0.562791062992126
21
-0.1541178346456693
0
LINE
8
BLACK
6
CONTINUOUS
10
-0.562791062992126
20
-0.1541178346456693
11
-0.5617266535433071
21
-0.1545587401574803
0
LINE
8
BLACK
6
CONTINUOUS
10
-0.5617266535433071
20
-0.1545587401574803
11
-0.5609120078740157
21
-0.1553733858267717
0
LINE
8
BLACK
6
CONTINUOUS
10
-0.5609120078740157
20
-0.1553733858267717
11
-0.5604711023622048
21
-0.1564377952755905
0
LINE
8
BLACK
6
CONTINUOUS
10
-0.5604711023622048
20
-0.1564377952755905
11
-0.5604143700787402
21
-0.1570138582677165
0
LINE
8
BLACK
6
CONTINUOUS
10
-0.5604143700787402
20
-0.1570138582677165
11
-0.5604143700787402
21
-0.1832605905511811
0
LINE
8
BLACK
6
CONTINUOUS
10
-0.5604143700787402
20
-0.1832605905511811
11
-0.5604711023622048
21
-0.1838366535433071
0
LINE
8
BLACK
6
CONTINUOUS
10
-0.5604711023622048
20
-0.1838366535433071
11
-0.5609120078740157
21
-0.184901062992126
0
LINE
8
BLACK
6
CONTINUOUS
10
-0.5609120078740157
20
-0.184901062992126
11
-0.5617266535433071
21
-0.1857157086614173
0
LINE
8
BLACK
6
CONTINUOUS
10
-0.5617266535433071
20
-0.1857157086614173
11
-0.562791062992126
21
-0.1861566141732283
0
LINE
8
BLACK
6
CONTINUOUS
10
-0.562791062992126
20
-0.1861566141732283
11
-0.563943188976378
21
-0.1861566141732283
0
LINE
8
BLACK
6
CONTINUOUS
10
-0.563943188976378
20
-0.1861566141732283
11
-0.5650075984251969
21
-0.1857157086614173
0
LINE
8
BLACK
6
CONTINUOUS
10
-0.5650075984251969
20
-0.1857157086614173
11
-0.5657714566929134
21
-0.1849518503937008
0
LINE
8
BLACK
6
CONTINUOUS
10
-0.5657714566929134
20
-0.1849518503937008
11
-0.567670905511811
21
-0.1859016141732283
0
LINE
8
BLACK
6
CONTINUOUS
10
-0.567670905511811
20
-0.1859016141732283
11
-0.5682115354330709
21
-0.1861085039370079
0
LINE
8
BLACK
6
CONTINUOUS
10
-0.5682115354330709
20
-0.1861085039370079
11
-0.5683173622047244
21
-0.1861159842519685
0
LINE
8
BLACK
6
CONTINUOUS
10
-0.5683173622047244
20
-0.1861159842519685
11
-0.5684153543307087
21
-0.1861566141732283
0
LINE
8
BLACK
6
CONTINUOUS
10
-0.5684153543307087
20
-0.1861566141732283
11
-0.5689914173228346
21
-0.1862133464566929
0
LINE
8
BLACK
6
CONTINUOUS
10
-0.5689914173228346
20
-0.1862133464566929
11
-0.5746157086614173
21
-0.1862133464566929
0
LINE
8
BLACK
6
CONTINUOUS
10
-0.5746157086614173
20
-0.1862133464566929
11
-0.5751917716535433
21
-0.1861566141732283
0
LINE
8
BLACK
6
CONTINUOUS
10
-0.5751917716535433
20
-0.1861566141732283
11
-0.5752897637795276
21
-0.1861160236220472
0
LINE
8
BLACK
6
CONTINUOUS
10
-0.5752897637795276
20
-0.1861160236220472
11
-0.5753956299212598
21
-0.1861085039370079
0
LINE
8
BLACK
6
CONTINUOUS
10
-0.5753956299212598
20
-0.1861085039370079
11
-0.575936220472441
21
-0.1859016141732283
0
LINE
8
BLACK
6
CONTINUOUS
10
-0.575936220472441
20
-0.1859016141732283
11
-0.5796857480314961
21
-0.1840268503937008
0
LINE
8
BLACK
6
CONTINUOUS
10
-0.5796857480314961
20
-0.1840268503937008
11
-0.5797821259842519
21
-0.1839661811023622
0
LINE
8
BLACK
6
CONTINUOUS
10
-0.5797821259842519
20
-0.1839661811023622
11
-0.5798275196850393
21
-0.183951062992126
0
LINE
8
BLACK
6
CONTINUOUS
10
-0.5798275196850393
20
-0.183951062992126
11
-0.579884094488189
21
-0.1839020078740158
0
LINE
8
BLACK
6
CONTINUOUS
10
-0.579884094488189
20
-0.1839020078740158
11
-0.5801756299212598
21
-0.1837185039370079
0
LINE
8
BLACK
6
CONTINUOUS
10
-0.5801756299212598
20
-0.1837185039370079
11
-0.5804183070866141
21
-0.1834386614173228
0
LINE
8
BLACK
6
CONTINUOUS
10
-0.5804183070866141
20
-0.1834386614173228
11
-0.5806979133858268
21
-0.1831961811023622
0
LINE
8
BLACK
6
CONTINUOUS
10
-0.5806979133858268
20
-0.1831961811023622
11
-0.5808814173228346
21
-0.1829046850393701
0
LINE
8
BLACK
6
CONTINUOUS
10
-0.5808814173228346
20
-0.1829046850393701
11
-0.5809304724409449
21
-0.1828481102362205
0
LINE
8
BLACK
6
CONTINUOUS
10
-0.5809304724409449
20
-0.1828481102362205
11
-0.5809456299212599
21
-0.1828026377952756
0
LINE
8
BLACK
6
CONTINUOUS
10
-0.5809456299212599
20
-0.1828026377952756
11
-0.5810062598425196
21
-0.1827063385826772
0
LINE
8
BLACK
6
CONTINUOUS
10
-0.5810062598425196
20
-0.1827063385826772
11
-0.5828810236220472
21
-0.1789567716535433
0
LINE
8
BLACK
6
CONTINUOUS
10
-0.5828810236220472
20
-0.1789567716535433
11
-0.5830879133858268
21
-0.1784161417322835
0
LINE
8
BLACK
6
CONTINUOUS
10
-0.5830879133858268
20
-0.1784161417322835
11
-0.5830954330708661
21
-0.1783103149606299
0
LINE
8
BLACK
6
CONTINUOUS
10
-0.5830954330708661
20
-0.1783103149606299
11
-0.5831360236220472
21
-0.1782123228346457
0
LINE
8
BLACK
6
CONTINUOUS
10
-0.5831360236220472
20
-0.1782123228346457
11
-0.5831927559055118
21
-0.1776362598425197
0
LINE
8
BLACK
6
CONTINUOUS
10
-0.5831927559055118
20
-0.1776362598425197
11
-0.5831927559055118
21
-0.1570138582677165
0
LINE
8
BLACK
6
CONTINUOUS
10
-0.5831927559055118
20
-0.1570138582677165
11
-0.5831360236220472
21
-0.1564377952755905
0
LINE
8
BLACK
6
CONTINUOUS
10
-0.5831360236220472
20
-0.1564377952755905
11
-0.5826951181102362
21
-0.1553733858267717
0
LINE
8
BLACK
6
CONTINUOUS
10
-0.5826951181102362
20
-0.1553733858267717
11
-0.5818804724409449
21
-0.1545587401574803
0
LINE
8
BLACK
6
CONTINUOUS
10
-0.5818804724409449
20
-0.1545587401574803
11
-0.580816062992126
21
-0.1541178346456693
0
LINE
8
BLACK
6
CONTINUOUS
10
-0.580816062992126
20
-0.1541178346456693
11
-0.579663937007874
21
-0.1541178346456693
0
LINE
8
BLACK
6
CONTINUOUS
10
-0.579663937007874
20
-0.1541178346456693
11
-0.5785995275590551
21
-0.1545587401574803
0
LINE
8
BLACK
6
CONTINUOUS
10
-0.5073584251968504
20
-0.1414353937007874
11
-0.506543779527559
21
-0.1422500393700787
0
LINE
8
BLACK
6
CONTINUOUS
10
-0.506543779527559
20
-0.1422500393700787
11
-0.506102874015748
21
-0.1433144488188976
0
LINE
8
BLACK
6
CONTINUOUS
10
-0.506102874015748
20
-0.1433144488188976
11
-0.5060461417322835
21
-0.1438905118110236
0
LINE
8
BLACK
6
CONTINUOUS
10
-0.5060461417322835
20
-0.1438905118110236
11
-0.5060461417322835
21
-0.1540611023622047
0
LINE
8
BLACK
6
CONTINUOUS
10
-0.5060461417322835
20
-0.1540611023622047
11
-0.4996250787401575
21
-0.1540611023622047
0
LINE
8
BLACK
6
CONTINUOUS
10
-0.4996250787401575
20
-0.1540611023622047
11
-0.4990490157480315
21
-0.1541178346456693
0
LINE
8
BLACK
6
CONTINUOUS
10
-0.4990490157480315
20
-0.1541178346456693
11
-0.4979846062992126
21
-0.1545587401574803
0
LINE
8
BLACK
6
CONTINUOUS
10
-0.4979846062992126
20
-0.1545587401574803
11
-0.4971699606299212
21
-0.1553733858267717
0
LINE
8
BLACK
6
CONTINUOUS
10
-0.4971699606299212
20
-0.1553733858267717
11
-0.4967290551181102
21
-0.1564377952755905
0
LINE
8
BLACK
6
CONTINUOUS
10
-0.4967290551181102
20
-0.1564377952755905
11
-0.4967290551181102
21
-0.1575899212598425
0
LINE
8
BLACK
6
CONTINUOUS
10
-0.4967290551181102
20
-0.1575899212598425
11
-0.4971699606299212
21
-0.1586543307086614
0
LINE
8
BLACK
6
CONTINUOUS
10
-0.4971699606299212
20
-0.1586543307086614
11
-0.4979846062992126
21
-0.1594689763779528
0
LINE
8
BLACK
6
CONTINUOUS
10
-0.4979846062992126
20
-0.1594689763779528
11
-0.4990490157480315
21
-0.1599098818897638
0
LINE
8
BLACK
6
CONTINUOUS
10
-0.4990490157480315
20
-0.1599098818897638
11
-0.4996250787401575
21
-0.1599666141732284
0
LINE
8
BLACK
6
CONTINUOUS
10
-0.4996250787401575
20
-0.1599666141732284
11
-0.5060461417322835
21
-0.1599666141732284
0
LINE
8
BLACK
6
CONTINUOUS
10
-0.5060461417322835
20
-0.1599666141732284
11
-0.5060461417322835
21
-0.1769392125984252
0
LINE
8
BLACK
6
CONTINUOUS
10
-0.5060461417322835
20
-0.1769392125984252
11
-0.5049233070866141
21
-0.1791849606299213
0
LINE
8
BLACK
6
CONTINUOUS
10
-0.5049233070866141
20
-0.1791849606299213
11
-0.5026775590551181
21
-0.1803078346456693
0
LINE
8
BLACK
6
CONTINUOUS
10
-0.5026775590551181
20
-0.1803078346456693
11
-0.4996250787401575
21
-0.1803078346456693
0
LINE
8
BLACK
6
CONTINUOUS
10
-0.4996250787401575
20
-0.1803078346456693
11
-0.4990490157480315
21
-0.1803645669291339
0
LINE
8
BLACK
6
CONTINUOUS
10
-0.4990490157480315
20
-0.1803645669291339
11
-0.4979846062992126
21
-0.1808054724409449
0
LINE
8
BLACK
6
CONTINUOUS
10
-0.4979846062992126
20
-0.1808054724409449
11
-0.4971699606299212
21
-0.1816201181102362
0
LINE
8
BLACK
6
CONTINUOUS
10
-0.4971699606299212
20
-0.1816201181102362
11
-0.4967290551181102
21
-0.1826845275590551
0
LINE
8
BLACK
6
CONTINUOUS
10
-0.4967290551181102
20
-0.1826845275590551
11
-0.4967290551181102
21
-0.1838366535433071
0
LINE
8
BLACK
6
CONTINUOUS
10
-0.4967290551181102
20
-0.1838366535433071
11
-0.4971699606299212
21
-0.184901062992126
0
LINE
8
BLACK
6
CONTINUOUS
10
-0.4971699606299212
20
-0.184901062992126
11
-0.4979846062992126
21
-0.1857157086614173
0
LINE
8
BLACK
6
CONTINUOUS
10
-0.4979846062992126
20
-0.1857157086614173
11
-0.4990490157480315
21
-0.1861566141732283
0
LINE
8
BLACK
6
CONTINUOUS
10
-0.4990490157480315
20
-0.1861566141732283
11
-0.4996250787401575
21
-0.1862133464566929
0
LINE
8
BLACK
6
CONTINUOUS
10
-0.4996250787401575
20
-0.1862133464566929
11
-0.5033746062992126
21
-0.1862133464566929
0
LINE
8
BLACK
6
CONTINUOUS
10
-0.5033746062992126
20
-0.1862133464566929
11
-0.5039506692913386
21
-0.1861566141732283
0
LINE
8
BLACK
6
CONTINUOUS
10
-0.5039506692913386
20
-0.1861566141732283
11
-0.5040486614173229
21
-0.1861160236220472
0
LINE
8
BLACK
6
CONTINUOUS
10
-0.5040486614173229
20
-0.1861160236220472
11
-0.5041545275590551
21
-0.1861085039370079
0
LINE
8
BLACK
6
CONTINUOUS
10
-0.5041545275590551
20
-0.1861085039370079
11
-0.5046951181102363
21
-0.1859016141732283
0
LINE
8
BLACK
6
CONTINUOUS
10
-0.5046951181102363
20
-0.1859016141732283
11
-0.5084446456692914
21
-0.1840268503937008
0
LINE
8
BLACK
6
CONTINUOUS
10
-0.5084446456692914
20
-0.1840268503937008
11
-0.5085410236220472
21
-0.1839661811023622
0
LINE
8
BLACK
6
CONTINUOUS
10
-0.5085410236220472
20
-0.1839661811023622
11
-0.5085864173228346
21
-0.183951062992126
0
LINE
8
BLACK
6
CONTINUOUS
10
-0.5085864173228346
20
-0.183951062992126
11
-0.5086429921259843
21
-0.1839020078740158
0
LINE
8
BLACK
6
CONTINUOUS
10
-0.5086429921259843
20
-0.1839020078740158
11
-0.5089345275590551
21
-0.1837185039370079
0
LINE
8
BLACK
6
CONTINUOUS
10
-0.5089345275590551
20
-0.1837185039370079
11
-0.5091772047244094
21
-0.1834386614173228
0
LINE
8
BLACK
6
CONTINUOUS
10
-0.5091772047244094
20
-0.1834386614173228
11
-0.5094568110236221
21
-0.1831961811023622
0
LINE
8
BLACK
6
CONTINUOUS
10
-0.5094568110236221
20
-0.1831961811023622
11
-0.5096403149606299
21
-0.1829046850393701
0
LINE
8
BLACK
6
CONTINUOUS
10
-0.5096403149606299
20
-0.1829046850393701
11
-0.5096893700787402
21
-0.1828481102362205
0
LINE
8
BLACK
6
CONTINUOUS
10
-0.5096893700787402
20
-0.1828481102362205
11
-0.5097045275590552
21
-0.1828026377952756
0
LINE
8
BLACK
6
CONTINUOUS
10
-0.5097045275590552
20
-0.1828026377952756
11
-0.5097651574803149
21
-0.1827063385826772
0
LINE
8
BLACK
6
CONTINUOUS
10
-0.5097651574803149
20
-0.1827063385826772
11
-0.5116399212598425
21
-0.1789567716535433
0
LINE
8
BLACK
6
CONTINUOUS
10
-0.5116399212598425
20
-0.1789567716535433
11
-0.5118468110236221
21
-0.1784161417322835
0
LINE
8
BLACK
6
CONTINUOUS
10
-0.5118468110236221
20
-0.1784161417322835
11
-0.5118543307086614
21
-0.1783103149606299
0
LINE
8
BLACK
6
CONTINUOUS
10
-0.5118543307086614
20
-0.1783103149606299
11
-0.5118949212598425
21
-0.1782123228346457
0
LINE
8
BLACK
6
CONTINUOUS
10
-0.5118949212598425
20
-0.1782123228346457
11
-0.5119516535433071
21
-0.1776362598425197
0
LINE
8
BLACK
6
CONTINUOUS
10
-0.5119516535433071
20
-0.1776362598425197
11
-0.5119516535433071
21
-0.1599666141732284
0
LINE
8
BLACK
6
CONTINUOUS
10
-0.5119516535433071
20
-0.1599666141732284
11
-0.5146231889763779
21
-0.1599666141732284
0
LINE
8
BLACK
6
CONTINUOUS
10
-0.5146231889763779
20
-0.1599666141732284
11
-0.5151992519685039
21
-0.1599098818897638
0
LINE
8
BLACK
6
CONTINUOUS
10
-0.5151992519685039
20
-0.1599098818897638
11
-0.5162636614173228
21
-0.1594689763779528
0
LINE
8
BLACK
6
CONTINUOUS
10
-0.5162636614173228
20
-0.1594689763779528
11
-0.5170783070866142
21
-0.1586543307086614
0
LINE
8
BLACK
6
CONTINUOUS
10
-0.5170783070866142
20
-0.1586543307086614
11
-0.5175192125984251
21
-0.1575899212598425
0
LINE
8
BLACK
6
CONTINUOUS
10
-0.5175192125984251
20
-0.1575899212598425
11
-0.5175192125984251
21
-0.1564377952755905
0
LINE
8
BLACK
6
CONTINUOUS
10
-0.5175192125984251
20
-0.1564377952755905
11
-0.5170783070866142
21
-0.1553733858267717
0
LINE
8
BLACK
6
CONTINUOUS
10
-0.5170783070866142
20
-0.1553733858267717
11
-0.5162636614173228
21
-0.1545587401574803
0
LINE
8
BLACK
6
CONTINUOUS
10
-0.5162636614173228
20
-0.1545587401574803
11
-0.5151992519685039
21
-0.1541178346456693
0
LINE
8
BLACK
6
CONTINUOUS
10
-0.5151992519685039
20
-0.1541178346456693
11
-0.5146231889763779
21
-0.1540611023622047
0
LINE
8
BLACK
6
CONTINUOUS
10
-0.5146231889763779
20
-0.1540611023622047
11
-0.5119516535433071
21
-0.1540611023622047
0
LINE
8
BLACK
6
CONTINUOUS
10
-0.5119516535433071
20
-0.1540611023622047
11
-0.5119516535433071
21
-0.1438905118110236
0
LINE
8
BLACK
6
CONTINUOUS
10
-0.5119516535433071
20
-0.1438905118110236
11
-0.5118949212598425
21
-0.1433144488188976
0
LINE
8
BLACK
6
CONTINUOUS
10
-0.5118949212598425
20
-0.1433144488188976
11
-0.5114540157480315
21
-0.1422500393700787
0
LINE
8
BLACK
6
CONTINUOUS
10
-0.5114540157480315
20
-0.1422500393700787
11
-0.5106393700787402
21
-0.1414353937007874
0
LINE
8
BLACK
6
CONTINUOUS
10
-0.5106393700787402
20
-0.1414353937007874
11
-0.5095749606299212
21
-0.1409944881889764
0
LINE
8
BLACK
6
CONTINUOUS
10
-0.5095749606299212
20
-0.1409944881889764
11
-0.5084228346456693
21
-0.1409944881889764
0
LINE
8
BLACK
6
CONTINUOUS
10
-0.5084228346456693
20
-0.1409944881889764
11
-0.5073584251968504
21
-0.1414353937007874
0
LINE
8
BLACK
6
CONTINUOUS
10
-0.3434434645669291
20
-0.1541178346456693
11
-0.3433454724409449
21
-0.1541584251968504
0
LINE
8
BLACK
6
CONTINUOUS
10
-0.3433454724409449
20
-0.1541584251968504
11
-0.3432396456692913
21
-0.1541659448818898
0
LINE
8
BLACK
6
CONTINUOUS
10
-0.3432396456692913
20
-0.1541659448818898
11
-0.3426990157480315
21
-0.1543728346456693
0
LINE
8
BLACK
6
CONTINUOUS
10
-0.3426990157480315
20
-0.1543728346456693
11
-0.3389494881889764
21
-0.1562475984251968
0
LINE
8
BLACK
6
CONTINUOUS
10
-0.3389494881889764
20
-0.1562475984251968
11
-0.3387014960629921
21
-0.1564036614173228
0
LINE
8
BLACK
6
CONTINUOUS
10
-0.3387014960629921
20
-0.1564036614173228
11
-0.3386295275590551
21
-0.1564335039370079
0
LINE
8
BLACK
6
CONTINUOUS
10
-0.3386295275590551
20
-0.1564335039370079
11
-0.3385485826771654
21
-0.1564999606299212
0
LINE
8
BLACK
6
CONTINUOUS
10
-0.3385485826771654
20
-0.1564999606299212
11
-0.3384596062992126
21
-0.1565559448818898
0
LINE
8
BLACK
6
CONTINUOUS
10
-0.3384596062992126
20
-0.1565559448818898
11
-0.3384084645669291
21
-0.1566149212598425
0
LINE
8
BLACK
6
CONTINUOUS
10
-0.3384084645669291
20
-0.1566149212598425
11
-0.3381820866141732
21
-0.1568007086614173
0
LINE
8
BLACK
6
CONTINUOUS
10
-0.3381820866141732
20
-0.1568007086614173
11
-0.3363073228346457
21
-0.1586754724409449
0
LINE
8
BLACK
6
CONTINUOUS
10
-0.3363073228346457
20
-0.1586754724409449
11
-0.3361215748031496
21
-0.1589018110236221
0
LINE
8
BLACK
6
CONTINUOUS
10
-0.3361215748031496
20
-0.1589018110236221
11
-0.3360625590551181
21
-0.1589529921259842
0
LINE
8
BLACK
6
CONTINUOUS
10
-0.3360625590551181
20
-0.1589529921259842
11
-0.3360066141732284
21
-0.1590419291338583
0
LINE
8
BLACK
6
CONTINUOUS
10
-0.3360066141732284
20
-0.1590419291338583
11
-0.3359401181102362
21
-0.1591229133858268
0
LINE
8
BLACK
6
CONTINUOUS
10
-0.3359401181102362
20
-0.1591229133858268
11
-0.3359103149606299
21
-0.159194842519685
0
LINE
8
BLACK
6
CONTINUOUS
10
-0.3359103149606299
20
-0.159194842519685
11
-0.3357542125984252
21
-0.159442874015748
0
LINE
8
BLACK
6
CONTINUOUS
10
-0.3357542125984252
20
-0.159442874015748
11
-0.3338794488188976
21
-0.1631924015748031
0
LINE
8
BLACK
6
CONTINUOUS
10
-0.3338794488188976
20
-0.1631924015748031
11
-0.3336725590551181
21
-0.1637329921259842
0
LINE
8
BLACK
6
CONTINUOUS
10
-0.3336725590551181
20
-0.1637329921259842
11
-0.3336650393700787
21
-0.1638388582677165
0
LINE
8
BLACK
6
CONTINUOUS
10
-0.3336650393700787
20
-0.1638388582677165
11
-0.3336244488188976
21
-0.1639368503937008
0
LINE
8
BLACK
6
CONTINUOUS
10
-0.3336244488188976
20
-0.1639368503937008
11
-0.333567716535433
21
-0.1645129133858268
0
LINE
8
BLACK
6
CONTINUOUS
10
-0.333567716535433
20
-0.1645129133858268
11
-0.333567716535433
21
-0.1757614960629921
0
LINE
8
BLACK
6
CONTINUOUS
10
-0.333567716535433
20
-0.1757614960629921
11
-0.3336244488188976
21
-0.1763375590551181
0
LINE
8
BLACK
6
CONTINUOUS
10
-0.3336244488188976
20
-0.1763375590551181
11
-0.3336650393700787
21
-0.1764355118110236
0
LINE
8
BLACK
6
CONTINUOUS
10
-0.3336650393700787
20
-0.1764355118110236
11
-0.3336725590551181
21
-0.1765414173228347
0
LINE
8
BLACK
6
CONTINUOUS
10
-0.3336725590551181
20
-0.1765414173228347
11
-0.3338794488188976
21
-0.1770820078740157
0
LINE
8
BLACK
6
CONTINUOUS
10
-0.3338794488188976
20
-0.1770820078740157
11
-0.3357542125984252
21
-0.1808315354330709
0
LINE
8
BLACK
6
CONTINUOUS
10
-0.3357542125984252
20
-0.1808315354330709
11
-0.3359102755905512
21
-0.1810794094488189
0
LINE
8
BLACK
6
CONTINUOUS
10
-0.3359102755905512
20
-0.1810794094488189
11
-0.3359400787401575
21
-0.1811514566929134
0
LINE
8
BLACK
6
CONTINUOUS
10
-0.3359400787401575
20
-0.1811514566929134
11
-0.3360066141732284
21
-0.1812324803149606
0
LINE
8
BLACK
6
CONTINUOUS
10
-0.3360066141732284
20
-0.1812324803149606
11
-0.3360625590551181
21
-0.1813214173228346
0
LINE
8
BLACK
6
CONTINUOUS
10
-0.3360625590551181
20
-0.1813214173228346
11
-0.3361215748031496
21
-0.1813725590551181
0
LINE
8
BLACK
6
CONTINUOUS
10
-0.3361215748031496
20
-0.1813725590551181
11
-0.3363073228346457
21
-0.181598937007874
0
LINE
8
BLACK
6
CONTINUOUS
10
-0.3363073228346457
20
-0.181598937007874
11
-0.3381820472440945
21
-0.1834737007874016
0
LINE
8
BLACK
6
CONTINUOUS
10
-0.3381820472440945
20
-0.1834737007874016
11
-0.3384084251968504
21
-0.1836594488188976
0
LINE
8
BLACK
6
CONTINUOUS
10
-0.3384084251968504
20
-0.1836594488188976
11
-0.3384596062992126
21
-0.1837185039370079
0
LINE
8
BLACK
6
CONTINUOUS
10
-0.3384596062992126
20
-0.1837185039370079
11
-0.3385485826771654
21
-0.1837744881889764
0
LINE
8
BLACK
6
CONTINUOUS
10
-0.3385485826771654
20
-0.1837744881889764
11
-0.3386295275590551
21
-0.1838409448818898
0
LINE
8
BLACK
6
CONTINUOUS
10
-0.3386295275590551
20
-0.1838409448818898
11
-0.3387014960629921
21
-0.1838707480314961
0
LINE
8
BLACK
6
CONTINUOUS
10
-0.3387014960629921
20
-0.1838707480314961
11
-0.3389494881889764
21
-0.1840268503937008
0
LINE
8
BLACK
6
CONTINUOUS
10
-0.3389494881889764
20
-0.1840268503937008
11
-0.3426990157480315
21
-0.1859016141732283
0
LINE
8
BLACK
6
CONTINUOUS
10
-0.3426990157480315
20
-0.1859016141732283
11
-0.3432396456692913
21
-0.1861085039370079
0
LINE
8
BLACK
6
CONTINUOUS
10
-0.3432396456692913
20
-0.1861085039370079
11
-0.3433454724409449
21
-0.1861159842519685
0
LINE
8
BLACK
6
CONTINUOUS
10
-0.3433454724409449
20
-0.1861159842519685
11
-0.3434434645669291
21
-0.1861566141732283
0
LINE
8
BLACK
6
CONTINUOUS
10
-0.3434434645669291
20
-0.1861566141732283
11
-0.3440195275590551
21
-0.1862133464566929
0
LINE
8
BLACK
6
CONTINUOUS
10
-0.3440195275590551
20
-0.1862133464566929
11
-0.3496438188976378
21
-0.1862133464566929
0
LINE
8
BLACK
6
CONTINUOUS
10
-0.3496438188976378
20
-0.1862133464566929
11
-0.3502198818897638
21
-0.1861566141732283
0
LINE
8
BLACK
6
CONTINUOUS
10
-0.3502198818897638
20
-0.1861566141732283
11
-0.350317874015748
21
-0.1861160236220472
0
LINE
8
BLACK
6
CONTINUOUS
10
-0.350317874015748
20
-0.1861160236220472
11
-0.3504237401574803
21
-0.1861085039370079
0
LINE
8
BLACK
6
CONTINUOUS
10
-0.3504237401574803
20
-0.1861085039370079
11
-0.3509643307086614
21
-0.1859016141732283
0
LINE
8
BLACK
6
CONTINUOUS
10
-0.3509643307086614
20
-0.1859016141732283
11
-0.3547138582677165
21
-0.1840268503937008
0
LINE
8
BLACK
6
CONTINUOUS
10
-0.3547138582677165
20
-0.1840268503937008
11
-0.3549618897637795
21
-0.1838707480314961
0
LINE
8
BLACK
6
CONTINUOUS
10
-0.3549618897637795
20
-0.1838707480314961
11
-0.3550338188976378
21
-0.1838409448818898
0
LINE
8
BLACK
6
CONTINUOUS
10
-0.3550338188976378
20
-0.1838409448818898
11
-0.3551148031496063
21
-0.1837744881889764
0
LINE
8
BLACK
6
CONTINUOUS
10
-0.3551148031496063
20
-0.1837744881889764
11
-0.3552037401574803
21
-0.1837185039370079
0
LINE
8
BLACK
6
CONTINUOUS
10
-0.3552037401574803
20
-0.1837185039370079
11
-0.3552549606299212
21
-0.1836594488188976
0
LINE
8
BLACK
6
CONTINUOUS
10
-0.3552549606299212
20
-0.1836594488188976
11
-0.3554812992125984
21
-0.1834737007874016
0
LINE
8
BLACK
6
CONTINUOUS
10
-0.3554812992125984
20
-0.1834737007874016
11
-0.357356062992126
21
-0.1815988976377953
0
LINE
8
BLACK
6
CONTINUOUS
10
-0.357356062992126
20
-0.1815988976377953
11
-0.357541811023622
21
-0.1813725590551181
0
LINE
8
BLACK
6
CONTINUOUS
10
-0.357541811023622
20
-0.1813725590551181
11
-0.3576007874015748
21
-0.1813214173228346
0
LINE
8
BLACK
6
CONTINUOUS
10
-0.3576007874015748
20
-0.1813214173228346
11
-0.3576567716535433
21
-0.1812324803149606
0
LINE
8
BLACK
6
CONTINUOUS
10
-0.3576567716535433
20
-0.1812324803149606
11
-0.3577232677165354
21
-0.1811514566929134
0
LINE
8
BLACK
6
CONTINUOUS
10
-0.3577232677165354
20
-0.1811514566929134
11
-0.3577531102362205
21
-0.1810794094488189
0
LINE
8
BLACK
6
CONTINUOUS
10
-0.3577531102362205
20
-0.1810794094488189
11
-0.3579091338582677
21
-0.1808315354330709
0
LINE
8
BLACK
6
CONTINUOUS
10
-0.3579091338582677
20
-0.1808315354330709
11
-0.3597838976377953
21
-0.1770820078740157
0
LINE
8
BLACK
6
CONTINUOUS
10
-0.3597838976377953
20
-0.1770820078740157
11
-0.3599907874015748
21
-0.1765413779527559
0
LINE
8
BLACK
6
CONTINUOUS
10
-0.3599907874015748
20
-0.1765413779527559
11
-0.3599983070866142
21
-0.1764355511811024
0
LINE
8
BLACK
6
CONTINUOUS
10
-0.3599983070866142
20
-0.1764355511811024
11
-0.3600388976377953
21
-0.1763375590551181
0
LINE
8
BLACK
6
CONTINUOUS
10
-0.3600388976377953
20
-0.1763375590551181
11
-0.3600956299212598
21
-0.1757614960629921
0
LINE
8
BLACK
6
CONTINUOUS
10
-0.3600956299212598
20
-0.1757614960629921
11
-0.3600956299212598
21
-0.1645129133858268
0
LINE
8
BLACK
6
CONTINUOUS
10
-0.3600956299212598
20
-0.1645129133858268
11
-0.3600388976377953
21
-0.1639368503937008
0
LINE
8
BLACK
6
CONTINUOUS
10
-0.3600388976377953
20
-0.1639368503937008
11
-0.3599983070866142
21
-0.1638388188976378
0
LINE
8
BLACK
6
CONTINUOUS
10
-0.3599983070866142
20
-0.1638388188976378
11
-0.3599907874015748
21
-0.163733031496063
0
LINE
8
BLACK
6
CONTINUOUS
10
-0.3599907874015748
20
-0.163733031496063
11
-0.3597838976377953
21
-0.1631924015748031
0
LINE
8
BLACK
6
CONTINUOUS
10
-0.3597838976377953
20
-0.1631924015748031
11
-0.3579091338582677
21
-0.159442874015748
0
LINE
8
BLACK
6
CONTINUOUS
10
-0.3579091338582677
20
-0.159442874015748
11
-0.3577530708661417
21
-0.159194842519685
0
LINE
8
BLACK
6
CONTINUOUS
10
-0.3577530708661417
20
-0.159194842519685
11
-0.3577232283464567
21
-0.1591229133858268
0
LINE
8
BLACK
6
CONTINUOUS
10
-0.3577232283464567
20
-0.1591229133858268
11
-0.3576567716535433
21
-0.1590419291338583
0
LINE
8
BLACK
6
CONTINUOUS
10
-0.3576567716535433
20
-0.1590419291338583
11
-0.3576007874015748
21
-0.1589529921259842
0
LINE
8
BLACK
6
CONTINUOUS
10
-0.3576007874015748
20
-0.1589529921259842
11
-0.357541811023622
21
-0.1589018110236221
0
LINE
8
BLACK
6
CONTINUOUS
10
-0.357541811023622
20
-0.1589018110236221
11
-0.3573560236220472
21
-0.1586754724409449
0
LINE
8
BLACK
6
CONTINUOUS
10
-0.3573560236220472
20
-0.1586754724409449
11
-0.3554812598425197
21
-0.1568007086614173
0
LINE
8
BLACK
6
CONTINUOUS
10
-0.3554812598425197
20
-0.1568007086614173
11
-0.3552549212598425
21
-0.1566149212598425
0
LINE
8
BLACK
6
CONTINUOUS
10
-0.3552549212598425
20
-0.1566149212598425
11
-0.3552037401574803
21
-0.1565559448818898
0
LINE
8
BLACK
6
CONTINUOUS
10
-0.3552037401574803
20
-0.1565559448818898
11
-0.3551148031496063
21
-0.1564999606299212
0
LINE
8
BLACK
6
CONTINUOUS
10
-0.3551148031496063
20
-0.1564999606299212
11
-0.3550338188976378
21
-0.1564335039370079
0
LINE
8
BLACK
6
CONTINUOUS
10
-0.3550338188976378
20
-0.1564335039370079
11
-0.3549618897637795
21
-0.1564036614173228
0
LINE
8
BLACK
6
CONTINUOUS
10
-0.3549618897637795
20
-0.1564036614173228
11
-0.3547138582677165
21
-0.1562475984251968
0
LINE
8
BLACK
6
CONTINUOUS
10
-0.3547138582677165
20
-0.1562475984251968
11
-0.3509643307086614
21
-0.1543728346456693
0
LINE
8
BLACK
6
CONTINUOUS
10
-0.3509643307086614
20
-0.1543728346456693
11
-0.3504237401574803
21
-0.1541659448818898
0
LINE
8
BLACK
6
CONTINUOUS
10
-0.3504237401574803
20
-0.1541659448818898
11
-0.350317874015748
21
-0.1541583858267717
0
LINE
8
BLACK
6
CONTINUOUS
10
-0.350317874015748
20
-0.1541583858267717
11
-0.3502198818897638
21
-0.1541178346456693
0
LINE
8
BLACK
6
CONTINUOUS
10
-0.3502198818897638
20
-0.1541178346456693
11
-0.3496438188976378
21
-0.1540611023622047
0
LINE
8
BLACK
6
CONTINUOUS
10
-0.3496438188976378
20
-0.1540611023622047
11
-0.3440195275590551
21
-0.1540611023622047
0
LINE
8
BLACK
6
CONTINUOUS
10
-0.3440195275590551
20
-0.1540611023622047
11
-0.3434434645669291
21
-0.1541178346456693
0
LINE
8
BLACK
6
CONTINUOUS
10
-0.3516442519685039
20
-0.1613153543307086
11
-0.3528413779527559
21
-0.1625124803149606
0
LINE
8
BLACK
6
CONTINUOUS
10
-0.3528413779527559
20
-0.1625124803149606
11
-0.3541901181102362
21
-0.1652099606299212
0
LINE
8
BLACK
6
CONTINUOUS
10
-0.3541901181102362
20
-0.1652099606299212
11
-0.3541901181102362
21
-0.1750644488188976
0
LINE
8
BLACK
6
CONTINUOUS
10
-0.3541901181102362
20
-0.1750644488188976
11
-0.3528413779527559
21
-0.1777619291338583
0
LINE
8
BLACK
6
CONTINUOUS
10
-0.3528413779527559
20
-0.1777619291338583
11
-0.3516442519685039
21
-0.178959094488189
0
LINE
8
BLACK
6
CONTINUOUS
10
-0.3516442519685039
20
-0.178959094488189
11
-0.3489467716535433
21
-0.1803078346456693
0
LINE
8
BLACK
6
CONTINUOUS
10
-0.3489467716535433
20
-0.1803078346456693
11
-0.3447165748031496
21
-0.1803078346456693
0
LINE
8
BLACK
6
CONTINUOUS
10
-0.3447165748031496
20
-0.1803078346456693
11
-0.3420191338582677
21
-0.178959094488189
0
LINE
8
BLACK
6
CONTINUOUS
10
-0.3420191338582677
20
-0.178959094488189
11
-0.3408220078740157
21
-0.1777619291338583
0
LINE
8
BLACK
6
CONTINUOUS
10
-0.3408220078740157
20
-0.1777619291338583
11
-0.3394732283464567
21
-0.1750644488188976
0
LINE
8
BLACK
6
CONTINUOUS
10
-0.3394732283464567
20
-0.1750644488188976
11
-0.3394732283464567
21
-0.1652099606299212
0
LINE
8
BLACK
6
CONTINUOUS
10
-0.3394732283464567
20
-0.1652099606299212
11
-0.340821968503937
21
-0.1625124803149606
0
LINE
8
BLACK
6
CONTINUOUS
10
-0.340821968503937
20
-0.1625124803149606
11
-0.342019094488189
21
-0.1613153543307086
0
LINE
8
BLACK
6
CONTINUOUS
10
-0.342019094488189
20
-0.1613153543307086
11
-0.3447165748031496
21
-0.1599666141732284
0
LINE
8
BLACK
6
CONTINUOUS
10
-0.3447165748031496
20
-0.1599666141732284
11
-0.3489467716535433
21
-0.1599666141732284
0
LINE
8
BLACK
6
CONTINUOUS
10
-0.3489467716535433
20
-0.1599666141732284
11
-0.3516442519685039
21
-0.1613153543307086
0
LINE
8
BLACK
6
CONTINUOUS
10
-0.2872004724409449
20
-0.1541178346456693
11
-0.2871024803149606
21
-0.1541584251968504
0
LINE
8
BLACK
6
CONTINUOUS
10
-0.2871024803149606
20
-0.1541584251968504
11
-0.2869966535433071
21
-0.1541659448818898
0
LINE
8
BLACK
6
CONTINUOUS
10
-0.2869966535433071
20
-0.1541659448818898
11
-0.2864560236220473
21
-0.1543728346456693
0
LINE
8
BLACK
6
CONTINUOUS
10
-0.2864560236220473
20
-0.1543728346456693
11
-0.2827064960629921
21
-0.1562475984251968
0
LINE
8
BLACK
6
CONTINUOUS
10
-0.2827064960629921
20
-0.1562475984251968
11
-0.2826101574803149
21
-0.1563082283464567
0
LINE
8
BLACK
6
CONTINUOUS
10
-0.2826101574803149
20
-0.1563082283464567
11
-0.2825647244094488
21
-0.1563233858267717
0
LINE
8
BLACK
6
CONTINUOUS
10
-0.2825647244094488
20
-0.1563233858267717
11
-0.282508188976378
21
-0.1563724015748031
0
LINE
8
BLACK
6
CONTINUOUS
10
-0.282508188976378
20
-0.1563724015748031
11
-0.2822166141732284
21
-0.1565559448818898
0
LINE
8
BLACK
6
CONTINUOUS
10
-0.2822166141732284
20
-0.1565559448818898
11
-0.2819740551181102
21
-0.1568356299212599
0
LINE
8
BLACK
6
CONTINUOUS
10
-0.2819740551181102
20
-0.1568356299212599
11
-0.2816943307086614
21
-0.1570782283464567
0
LINE
8
BLACK
6
CONTINUOUS
10
-0.2816943307086614
20
-0.1570782283464567
11
-0.2815108267716535
21
-0.1573697637795275
0
LINE
8
BLACK
6
CONTINUOUS
10
-0.2815108267716535
20
-0.1573697637795275
11
-0.2814617716535433
21
-0.1574263385826772
0
LINE
8
BLACK
6
CONTINUOUS
10
-0.2814617716535433
20
-0.1574263385826772
11
-0.2814466535433071
21
-0.1574717322834646
0
LINE
8
BLACK
6
CONTINUOUS
10
-0.2814466535433071
20
-0.1574717322834646
11
-0.2813859842519685
21
-0.1575681102362205
0
LINE
8
BLACK
6
CONTINUOUS
10
-0.2813859842519685
20
-0.1575681102362205
11
-0.2795112204724409
21
-0.1613176377952756
0
LINE
8
BLACK
6
CONTINUOUS
10
-0.2795112204724409
20
-0.1613176377952756
11
-0.2793043307086614
21
-0.1618582283464567
0
LINE
8
BLACK
6
CONTINUOUS
10
-0.2793043307086614
20
-0.1618582283464567
11
-0.279296811023622
21
-0.161964094488189
0
LINE
8
BLACK
6
CONTINUOUS
10
-0.279296811023622
20
-0.161964094488189
11
-0.2792562204724409
21
-0.1620620866141732
0
LINE
8
BLACK
6
CONTINUOUS
10
-0.2792562204724409
20
-0.1620620866141732
11
-0.2791994881889764
21
-0.1626381496062992
0
LINE
8
BLACK
6
CONTINUOUS
10
-0.2791994881889764
20
-0.1626381496062992
11
-0.2791994881889764
21
-0.1663876771653543
0
LINE
8
BLACK
6
CONTINUOUS
10
-0.2791994881889764
20
-0.1663876771653543
11
-0.2792562204724409
21
-0.1669637401574803
0
LINE
8
BLACK
6
CONTINUOUS
10
-0.2792562204724409
20
-0.1669637401574803
11
-0.2793670078740157
21
-0.1672311023622047
0
LINE
8
BLACK
6
CONTINUOUS
10
-0.2793670078740157
20
-0.1672311023622047
11
-0.2794231102362205
21
-0.1675148031496063
0
LINE
8
BLACK
6
CONTINUOUS
10
-0.2794231102362205
20
-0.1675148031496063
11
-0.2795851968503937
21
-0.1677579133858268
0
LINE
8
BLACK
6
CONTINUOUS
10
-0.2795851968503937
20
-0.1677579133858268
11
-0.2796971259842519
21
-0.1680281496062992
0
LINE
8
BLACK
6
CONTINUOUS
10
-0.2796971259842519
20
-0.1680281496062992
11
-0.2799017716535433
21
-0.1682327952755905
0
LINE
8
BLACK
6
CONTINUOUS
10
-0.2799017716535433
20
-0.1682327952755905
11
-0.2800621653543307
21
-0.1684733858267717
0
LINE
8
BLACK
6
CONTINUOUS
10
-0.2800621653543307
20
-0.1684733858267717
11
-0.280305
21
-0.1686359842519685
0
LINE
8
BLACK
6
CONTINUOUS
10
-0.280305
20
-0.1686359842519685
11
-0.2805117716535433
21
-0.1688427952755905
0
LINE
8
BLACK
6
CONTINUOUS
10
-0.2805117716535433
20
-0.1688427952755905
11
-0.2807790551181102
21
-0.1689535039370079
0
LINE
8
BLACK
6
CONTINUOUS
10
-0.2807790551181102
20
-0.1689535039370079
11
-0.2810194094488189
21
-0.1691144881889764
0
LINE
8
BLACK
6
CONTINUOUS
10
-0.2810194094488189
20
-0.1691144881889764
11
-0.281573188976378
21
-0.1692831102362205
0
LINE
8
BLACK
6
CONTINUOUS
10
-0.281573188976378
20
-0.1692831102362205
11
-0.2979471259842519
21
-0.172557874015748
0
LINE
8
BLACK
6
CONTINUOUS
10
-0.2979471259842519
20
-0.172557874015748
11
-0.2979471259842519
21
-0.1769392125984252
0
LINE
8
BLACK
6
CONTINUOUS
10
-0.2979471259842519
20
-0.1769392125984252
11
-0.2968242913385827
21
-0.1791849606299213
0
LINE
8
BLACK
6
CONTINUOUS
10
-0.2968242913385827
20
-0.1791849606299213
11
-0.2945785433070866
21
-0.1803078346456693
0
LINE
8
BLACK
6
CONTINUOUS
10
-0.2945785433070866
20
-0.1803078346456693
11
-0.2884735826771653
21
-0.1803078346456693
0
LINE
8
BLACK
6
CONTINUOUS
10
-0.2884735826771653
20
-0.1803078346456693
11
-0.2853475196850394
21
-0.1787448031496063
0
LINE
8
BLACK
6
CONTINUOUS
10
-0.2853475196850394
20
-0.1787448031496063
11
-0.2848069291338582
21
-0.1785379133858268
0
LINE
8
BLACK
6
CONTINUOUS
10
-0.2848069291338582
20
-0.1785379133858268
11
-0.2836577165354331
21
-0.1784562598425197
0
LINE
8
BLACK
6
CONTINUOUS
10
-0.2836577165354331
20
-0.1784562598425197
11
-0.2825647244094488
21
-0.1788205905511811
0
LINE
8
BLACK
6
CONTINUOUS
10
-0.2825647244094488
20
-0.1788205905511811
11
-0.2816943700787402
21
-0.1795754330708661
0
LINE
8
BLACK
6
CONTINUOUS
10
-0.2816943700787402
20
-0.1795754330708661
11
-0.281179094488189
21
-0.1806059448818897
0
LINE
8
BLACK
6
CONTINUOUS
10
-0.281179094488189
20
-0.1806059448818897
11
-0.2810974409448819
21
-0.181755157480315
0
LINE
8
BLACK
6
CONTINUOUS
10
-0.2810974409448819
20
-0.181755157480315
11
-0.2814617716535433
21
-0.1828481102362205
0
LINE
8
BLACK
6
CONTINUOUS
10
-0.2814617716535433
20
-0.1828481102362205
11
-0.2822166141732284
21
-0.1837185039370079
0
LINE
8
BLACK
6
CONTINUOUS
10
-0.2822166141732284
20
-0.1837185039370079
11
-0.2827064960629921
21
-0.1840268503937008
0
LINE
8
BLACK
6
CONTINUOUS
10
-0.2827064960629921
20
-0.1840268503937008
11
-0.2864560236220473
21
-0.1859016141732283
0
LINE
8
BLACK
6
CONTINUOUS
10
-0.2864560236220473
20
-0.1859016141732283
11
-0.2869966535433071
21
-0.1861085039370079
0
LINE
8
BLACK
6
CONTINUOUS
10
-0.2869966535433071
20
-0.1861085039370079
11
-0.2871024803149606
21
-0.1861159842519685
0
LINE
8
BLACK
6
CONTINUOUS
10
-0.2871024803149606
20
-0.1861159842519685
11
-0.2872004724409449
21
-0.1861566141732283
0
LINE
8
BLACK
6
CONTINUOUS
10
-0.2872004724409449
20
-0.1861566141732283
11
-0.2877765354330709
21
-0.1862133464566929
0
LINE
8
BLACK
6
CONTINUOUS
10
-0.2877765354330709
20
-0.1862133464566929
11
-0.2952755905511811
21
-0.1862133464566929
0
LINE
8
BLACK
6
CONTINUOUS
10
-0.2952755905511811
20
-0.1862133464566929
11
-0.2958516535433071
21
-0.1861566141732283
0
LINE
8
BLACK
6
CONTINUOUS
10
-0.2958516535433071
20
-0.1861566141732283
11
-0.2959496456692913
21
-0.1861160236220472
0
LINE
8
BLACK
6
CONTINUOUS
10
-0.2959496456692913
20
-0.1861160236220472
11
-0.2960555118110236
21
-0.1861085039370079
0
LINE
8
BLACK
6
CONTINUOUS
10
-0.2960555118110236
20
-0.1861085039370079
11
-0.2965961023622047
21
-0.1859016141732283
0
LINE
8
BLACK
6
CONTINUOUS
10
-0.2965961023622047
20
-0.1859016141732283
11
-0.3003456299212598
21
-0.1840268503937008
0
LINE
8
BLACK
6
CONTINUOUS
10
-0.3003456299212598
20
-0.1840268503937008
11
-0.3004420078740158
21
-0.1839661811023622
0
LINE
8
BLACK
6
CONTINUOUS
10
-0.3004420078740158
20
-0.1839661811023622
11
-0.3004874015748031
21
-0.183951062992126
0
LINE
8
BLACK
6
CONTINUOUS
10
-0.3004874015748031
20
-0.183951062992126
11
-0.3005439763779528
21
-0.1839020078740158
0
LINE
8
BLACK
6
CONTINUOUS
10
-0.3005439763779528
20
-0.1839020078740158
11
-0.3008355118110236
21
-0.1837185039370079
0
LINE
8
BLACK
6
CONTINUOUS
10
-0.3008355118110236
20
-0.1837185039370079
11
-0.3010781889763779
21
-0.1834386614173228
0
LINE
8
BLACK
6
CONTINUOUS
10
-0.3010781889763779
20
-0.1834386614173228
11
-0.3013577952755905
21
-0.1831961811023622
0
LINE
8
BLACK
6
CONTINUOUS
10
-0.3013577952755905
20
-0.1831961811023622
11
-0.3015412992125984
21
-0.1829046850393701
0
LINE
8
BLACK
6
CONTINUOUS
10
-0.3015412992125984
20
-0.1829046850393701
11
-0.3015903543307086
21
-0.1828481102362205
0
LINE
8
BLACK
6
CONTINUOUS
10
-0.3015903543307086
20
-0.1828481102362205
11
-0.3016055118110236
21
-0.1828026377952756
0
LINE
8
BLACK
6
CONTINUOUS
10
-0.3016055118110236
20
-0.1828026377952756
11
-0.3016661417322835
21
-0.1827063385826772
0
LINE
8
BLACK
6
CONTINUOUS
10
-0.3016661417322835
20
-0.1827063385826772
11
-0.303540905511811
21
-0.1789567716535433
0
LINE
8
BLACK
6
CONTINUOUS
10
-0.303540905511811
20
-0.1789567716535433
11
-0.3037477952755905
21
-0.1784161417322835
0
LINE
8
BLACK
6
CONTINUOUS
10
-0.3037477952755905
20
-0.1784161417322835
11
-0.3037553149606299
21
-0.1783103149606299
0
LINE
8
BLACK
6
CONTINUOUS
10
-0.3037553149606299
20
-0.1783103149606299
11
-0.303795905511811
21
-0.1782123228346457
0
LINE
8
BLACK
6
CONTINUOUS
10
-0.303795905511811
20
-0.1782123228346457
11
-0.3038526377952756
21
-0.1776362598425197
0
LINE
8
BLACK
6
CONTINUOUS
10
-0.3038526377952756
20
-0.1776362598425197
11
-0.3038526377952756
21
-0.1626381496062992
0
LINE
8
BLACK
6
CONTINUOUS
10
-0.3038526377952756
20
-0.1626381496062992
11
-0.303795905511811
21
-0.1620620866141732
0
LINE
8
BLACK
6
CONTINUOUS
10
-0.303795905511811
20
-0.1620620866141732
11
-0.3037553149606299
21
-0.1619640551181102
0
LINE
8
BLACK
6
CONTINUOUS
10
-0.3037553149606299
20
-0.1619640551181102
11
-0.3037477952755905
21
-0.1618582677165354
0
LINE
8
BLACK
6
CONTINUOUS
10
-0.3037477952755905
20
-0.1618582677165354
11
-0.303540905511811
21
-0.1613176377952756
0
LINE
8
BLACK
6
CONTINUOUS
10
-0.303540905511811
20
-0.1613176377952756
11
-0.3016661417322835
21
-0.1575681102362205
0
LINE
8
BLACK
6
CONTINUOUS
10
-0.3016661417322835
20
-0.1575681102362205
11
-0.3016055118110236
21
-0.1574717322834646
0
LINE
8
BLACK
6
CONTINUOUS
10
-0.3016055118110236
20
-0.1574717322834646
11
-0.3015903543307086
21
-0.1574263385826772
0
LINE
8
BLACK
6
CONTINUOUS
10
-0.3015903543307086
20
-0.1574263385826772
11
-0.3015413385826772
21
-0.1573697637795275
0
LINE
8
BLACK
6
CONTINUOUS
10
-0.3015413385826772
20
-0.1573697637795275
11
-0.3013577952755905
21
-0.1570782283464567
0
LINE
8
BLACK
6
CONTINUOUS
10
-0.3013577952755905
20
-0.1570782283464567
11
-0.3010781102362204
21
-0.1568356299212599
0
LINE
8
BLACK
6
CONTINUOUS
10
-0.3010781102362204
20
-0.1568356299212599
11
-0.3008355118110236
21
-0.1565559448818898
0
LINE
8
BLACK
6
CONTINUOUS
10
-0.3008355118110236
20
-0.1565559448818898
11
-0.3005439763779528
21
-0.1563724015748031
0
LINE
8
BLACK
6
CONTINUOUS
10
-0.3005439763779528
20
-0.1563724015748031
11
-0.3004874015748031
21
-0.1563233858267717
0
LINE
8
BLACK
6
CONTINUOUS
10
-0.3004874015748031
20
-0.1563233858267717
11
-0.3004420078740158
21
-0.1563082283464567
0
LINE
8
BLACK
6
CONTINUOUS
10
-0.3004420078740158
20
-0.1563082283464567
11
-0.3003456299212598
21
-0.1562475984251968
0
LINE
8
BLACK
6
CONTINUOUS
10
-0.3003456299212598
20
-0.1562475984251968
11
-0.2965961023622047
21
-0.1543728346456693
0
LINE
8
BLACK
6
CONTINUOUS
10
-0.2965961023622047
20
-0.1543728346456693
11
-0.2960555118110236
21
-0.1541659448818898
0
LINE
8
BLACK
6
CONTINUOUS
10
-0.2960555118110236
20
-0.1541659448818898
11
-0.2959496456692913
21
-0.1541583858267717
0
LINE
8
BLACK
6
CONTINUOUS
10
-0.2959496456692913
20
-0.1541583858267717
11
-0.2958516535433071
21
-0.1541178346456693
0
LINE
8
BLACK
6
CONTINUOUS
10
-0.2958516535433071
20
-0.1541178346456693
11
-0.2952755905511811
21
-0.1540611023622047
0
LINE
8
BLACK
6
CONTINUOUS
10
-0.2952755905511811
20
-0.1540611023622047
11
-0.2877765354330709
21
-0.1540611023622047
0
LINE
8
BLACK
6
CONTINUOUS
10
-0.2877765354330709
20
-0.1540611023622047
11
-0.2872004724409449
21
-0.1541178346456693
0
LINE
8
BLACK
6
CONTINUOUS
10
-0.2968242913385827
20
-0.1610894488188976
11
-0.2979471259842519
21
-0.1633351968503937
0
LINE
8
BLACK
6
CONTINUOUS
10
-0.2979471259842519
20
-0.1633351968503937
11
-0.2979471259842519
21
-0.1665353937007874
0
LINE
8
BLACK
6
CONTINUOUS
10
-0.2979471259842519
20
-0.1665353937007874
11
-0.285105
21
-0.1639670078740157
0
LINE
8
BLACK
6
CONTINUOUS
10
-0.285105
20
-0.1639670078740157
11
-0.285105
21
-0.1633351968503937
0
LINE
8
BLACK
6
CONTINUOUS
10
-0.285105
20
-0.1633351968503937
11
-0.286227874015748
21
-0.1610894488188976
0
LINE
8
BLACK
6
CONTINUOUS
10
-0.286227874015748
20
-0.1610894488188976
11
-0.2884735826771653
21
-0.1599666141732284
0
LINE
8
BLACK
6
CONTINUOUS
10
-0.2884735826771653
20
-0.1599666141732284
11
-0.2945785433070866
21
-0.1599666141732284
0
LINE
8
BLACK
6
CONTINUOUS
10
-0.2945785433070866
20
-0.1599666141732284
11
-0.2968242913385827
21
-0.1610894488188976
0
LINE
8
BLACK
6
CONTINUOUS
10
-0.3180070866141732
20
-0.1414353937007874
11
-0.3171924409448819
21
-0.1422500393700787
0
LINE
8
BLACK
6
CONTINUOUS
10
-0.3171924409448819
20
-0.1422500393700787
11
-0.3167515354330709
21
-0.1433144488188976
0
LINE
8
BLACK
6
CONTINUOUS
10
-0.3167515354330709
20
-0.1433144488188976
11
-0.3166948031496063
21
-0.1438905118110236
0
LINE
8
BLACK
6
CONTINUOUS
10
-0.3166948031496063
20
-0.1438905118110236
11
-0.3166948031496063
21
-0.1769392125984252
0
LINE
8
BLACK
6
CONTINUOUS
10
-0.3166948031496063
20
-0.1769392125984252
11
-0.315571968503937
21
-0.1791849606299213
0
LINE
8
BLACK
6
CONTINUOUS
10
-0.315571968503937
20
-0.1791849606299213
11
-0.3127027559055118
21
-0.1806195669291339
0
LINE
8
BLACK
6
CONTINUOUS
10
-0.3127027559055118
20
-0.1806195669291339
11
-0.312212874015748
21
-0.1809279133858268
0
LINE
8
BLACK
6
CONTINUOUS
10
-0.312212874015748
20
-0.1809279133858268
11
-0.311458031496063
21
-0.1817983070866142
0
LINE
8
BLACK
6
CONTINUOUS
10
-0.311458031496063
20
-0.1817983070866142
11
-0.3110937007874016
21
-0.1828912598425197
0
LINE
8
BLACK
6
CONTINUOUS
10
-0.3110937007874016
20
-0.1828912598425197
11
-0.3111753543307086
21
-0.1840404724409449
0
LINE
8
BLACK
6
CONTINUOUS
10
-0.3111753543307086
20
-0.1840404724409449
11
-0.3116906299212598
21
-0.1850709842519685
0
LINE
8
BLACK
6
CONTINUOUS
10
-0.3116906299212598
20
-0.1850709842519685
11
-0.3125609842519685
21
-0.1858258267716535
0
LINE
8
BLACK
6
CONTINUOUS
10
-0.3125609842519685
20
-0.1858258267716535
11
-0.3136539763779527
21
-0.1861901574803149
0
LINE
8
BLACK
6
CONTINUOUS
10
-0.3136539763779527
20
-0.1861901574803149
11
-0.3148031889763779
21
-0.1861085039370079
0
LINE
8
BLACK
6
CONTINUOUS
10
-0.3148031889763779
20
-0.1861085039370079
11
-0.315343779527559
21
-0.1859016141732283
0
LINE
8
BLACK
6
CONTINUOUS
10
-0.315343779527559
20
-0.1859016141732283
11
-0.3190933070866142
21
-0.1840268503937008
0
LINE
8
BLACK
6
CONTINUOUS
10
-0.3190933070866142
20
-0.1840268503937008
11
-0.3191896850393701
21
-0.1839661811023622
0
LINE
8
BLACK
6
CONTINUOUS
10
-0.3191896850393701
20
-0.1839661811023622
11
-0.3192350787401575
21
-0.183951062992126
0
LINE
8
BLACK
6
CONTINUOUS
10
-0.3192350787401575
20
-0.183951062992126
11
-0.3192916535433071
21
-0.1839020078740158
0
LINE
8
BLACK
6
CONTINUOUS
10
-0.3192916535433071
20
-0.1839020078740158
11
-0.3195831889763779
21
-0.1837185039370079
0
LINE
8
BLACK
6
CONTINUOUS
10
-0.3195831889763779
20
-0.1837185039370079
11
-0.3198258661417323
21
-0.1834386614173228
0
LINE
8
BLACK
6
CONTINUOUS
10
-0.3198258661417323
20
-0.1834386614173228
11
-0.3201054724409449
21
-0.1831961811023622
0
LINE
8
BLACK
6
CONTINUOUS
10
-0.3201054724409449
20
-0.1831961811023622
11
-0.3202889763779527
21
-0.1829046850393701
0
LINE
8
BLACK
6
CONTINUOUS
10
-0.3202889763779527
20
-0.1829046850393701
11
-0.320338031496063
21
-0.1828481102362205
0
LINE
8
BLACK
6
CONTINUOUS
10
-0.320338031496063
20
-0.1828481102362205
11
-0.3203531889763779
21
-0.1828026377952756
0
LINE
8
BLACK
6
CONTINUOUS
10
-0.3203531889763779
20
-0.1828026377952756
11
-0.3204138188976378
21
-0.1827063385826772
0
LINE
8
BLACK
6
CONTINUOUS
10
-0.3204138188976378
20
-0.1827063385826772
11
-0.3222885826771654
21
-0.1789567716535433
0
LINE
8
BLACK
6
CONTINUOUS
10
-0.3222885826771654
20
-0.1789567716535433
11
-0.3224954724409449
21
-0.1784161417322835
0
LINE
8
BLACK
6
CONTINUOUS
10
-0.3224954724409449
20
-0.1784161417322835
11
-0.3225029921259843
21
-0.1783103149606299
0
LINE
8
BLACK
6
CONTINUOUS
10
-0.3225029921259843
20
-0.1783103149606299
11
-0.3225435826771654
21
-0.1782123228346457
0
LINE
8
BLACK
6
CONTINUOUS
10
-0.3225435826771654
20
-0.1782123228346457
11
-0.3226003149606299
21
-0.1776362598425197
0
LINE
8
BLACK
6
CONTINUOUS
10
-0.3226003149606299
20
-0.1776362598425197
11
-0.3226003149606299
21
-0.1438905118110236
0
LINE
8
BLACK
6
CONTINUOUS
10
-0.3226003149606299
20
-0.1438905118110236
11
-0.3225435826771654
21
-0.1433144488188976
0
LINE
8
BLACK
6
CONTINUOUS
10
-0.3225435826771654
20
-0.1433144488188976
11
-0.3221026771653543
21
-0.1422500393700787
0
LINE
8
BLACK
6
CONTINUOUS
10
-0.3221026771653543
20
-0.1422500393700787
11
-0.321288031496063
21
-0.1414353937007874
0
LINE
8
BLACK
6
CONTINUOUS
10
-0.321288031496063
20
-0.1414353937007874
11
-0.3202236220472441
21
-0.1409944881889764
0
LINE
8
BLACK
6
CONTINUOUS
10
-0.3202236220472441
20
-0.1409944881889764
11
-0.3190714960629921
21
-0.1409944881889764
0
LINE
8
BLACK
6
CONTINUOUS
10
-0.3190714960629921
20
-0.1409944881889764
11
-0.3180070866141732
21
-0.1414353937007874
0
LINE
8
BLACK
6
CONTINUOUS
10
-0.6345442125984252
20
-0.1409944881889764
11
-0.6340321653543307
21
-0.1409944881889764
0
LINE
8
BLACK
6
CONTINUOUS
10
-0.6340321653543307
20
-0.1409944881889764
11
-0.6339714173228347
21
-0.1410196456692913
0
LINE
8
BLACK
6
CONTINUOUS
10
-0.6339714173228347
20
-0.1410196456692913
11
-0.6339055511811024
21
-0.1410225590551181
0
LINE
8
BLACK
6
CONTINUOUS
10
-0.6339055511811024
20
-0.1410225590551181
11
-0.6334407086614173
21
-0.1412394488188976
0
LINE
8
BLACK
6
CONTINUOUS
10
-0.6334407086614173
20
-0.1412394488188976
11
-0.6329677559055118
21
-0.1414353937007874
0
LINE
8
BLACK
6
CONTINUOUS
10
-0.6329677559055118
20
-0.1414353937007874
11
-0.6329212598425197
21
-0.1414818897637795
0
LINE
8
BLACK
6
CONTINUOUS
10
-0.6329212598425197
20
-0.1414818897637795
11
-0.6328615354330709
21
-0.1415097637795276
0
LINE
8
BLACK
6
CONTINUOUS
10
-0.6328615354330709
20
-0.1415097637795276
11
-0.63251531496063
21
-0.1418878346456693
0
LINE
8
BLACK
6
CONTINUOUS
10
-0.63251531496063
20
-0.1418878346456693
11
-0.6321531102362205
21
-0.1422500393700787
0
LINE
8
BLACK
6
CONTINUOUS
10
-0.6321531102362205
20
-0.1422500393700787
11
-0.6321279133858267
21
-0.1423108661417323
0
LINE
8
BLACK
6
CONTINUOUS
10
-0.6321279133858267
20
-0.1423108661417323
11
-0.6320834251968503
21
-0.1423594488188976
0
LINE
8
BLACK
6
CONTINUOUS
10
-0.6320834251968503
20
-0.1423594488188976
11
-0.6319083464566929
21
-0.1428409448818898
0
LINE
8
BLACK
6
CONTINUOUS
10
-0.6319083464566929
20
-0.1428409448818898
11
-0.6317122047244095
21
-0.1433144488188976
0
LINE
8
BLACK
6
CONTINUOUS
10
-0.6317122047244095
20
-0.1433144488188976
11
-0.6317033070866142
21
-0.1434048031496063
0
LINE
8
BLACK
6
CONTINUOUS
10
-0.6317033070866142
20
-0.1434048031496063
11
-0.6316897244094488
21
-0.1434421653543307
0
LINE
8
BLACK
6
CONTINUOUS
10
-0.6316897244094488
20
-0.1434421653543307
11
-0.6316927952755905
21
-0.1435116929133858
0
LINE
8
BLACK
6
CONTINUOUS
10
-0.6316927952755905
20
-0.1435116929133858
11
-0.6316554724409449
21
-0.1438905118110236
0
LINE
8
BLACK
6
CONTINUOUS
10
-0.6316554724409449
20
-0.1438905118110236
11
-0.6316554724409449
21
-0.1832605905511811
0
LINE
8
BLACK
6
CONTINUOUS
10
-0.6316554724409449
20
-0.1832605905511811
11
-0.6317122047244095
21
-0.1838366535433071
0
LINE
8
BLACK
6
CONTINUOUS
10
-0.6317122047244095
20
-0.1838366535433071
11
-0.6321531102362205
21
-0.184901062992126
0
LINE
8
BLACK
6
CONTINUOUS
10
-0.6321531102362205
20
-0.184901062992126
11
-0.6329677559055118
21
-0.1857157086614173
0
LINE
8
BLACK
6
CONTINUOUS
10
-0.6329677559055118
20
-0.1857157086614173
11
-0.6340321653543307
21
-0.1861566141732283
0
LINE
8
BLACK
6
CONTINUOUS
10
-0.6340321653543307
20
-0.1861566141732283
11
-0.6351842913385827
21
-0.1861566141732283
0
LINE
8
BLACK
6
CONTINUOUS
10
-0.6351842913385827
20
-0.1861566141732283
11
-0.6362487007874016
21
-0.1857157086614173
0
LINE
8
BLACK
6
CONTINUOUS
10
-0.6362487007874016
20
-0.1857157086614173
11
-0.6370633464566929
21
-0.184901062992126
0
LINE
8
BLACK
6
CONTINUOUS
10
-0.6370633464566929
20
-0.184901062992126
11
-0.6375042519685039
21
-0.1838366535433071
0
LINE
8
BLACK
6
CONTINUOUS
10
-0.6375042519685039
20
-0.1838366535433071
11
-0.6375609842519685
21
-0.1832605905511811
0
LINE
8
BLACK
6
CONTINUOUS
10
-0.6375609842519685
20
-0.1832605905511811
11
-0.6375609842519685
21
-0.1572002362204724
0
LINE
8
BLACK
6
CONTINUOUS
10
-0.6375609842519685
20
-0.1572002362204724
11
-0.6450558267716535
21
-0.1732606299212598
0
LINE
8
BLACK
6
CONTINUOUS
10
-0.6450558267716535
20
-0.1732606299212598
11
-0.6451807874015748
21
-0.1734715354330709
0
LINE
8
BLACK
6
CONTINUOUS
10
-0.6451807874015748
20
-0.1734715354330709
11
-0.6452067716535433
21
-0.173543031496063
0
LINE
8
BLACK
6
CONTINUOUS
10
-0.6452067716535433
20
-0.173543031496063
11
-0.6452531102362205
21
-0.1735935826771653
0
LINE
8
BLACK
6
CONTINUOUS
10
-0.6452531102362205
20
-0.1735935826771653
11
-0.6453508661417323
21
-0.1737586614173228
0
LINE
8
BLACK
6
CONTINUOUS
10
-0.6453508661417323
20
-0.1737586614173228
11
-0.6456816929133858
21
-0.1740615748031496
0
LINE
8
BLACK
6
CONTINUOUS
10
-0.6456816929133858
20
-0.1740615748031496
11
-0.6459848818897638
21
-0.1743927165354331
0
LINE
8
BLACK
6
CONTINUOUS
10
-0.6459848818897638
20
-0.1743927165354331
11
-0.6461038582677165
21
-0.174448188976378
0
LINE
8
BLACK
6
CONTINUOUS
10
-0.6461038582677165
20
-0.174448188976378
11
-0.6462005118110236
21
-0.1745367716535433
0
LINE
8
BLACK
6
CONTINUOUS
10
-0.6462005118110236
20
-0.1745367716535433
11
-0.6466220078740157
21
-0.17469
0
LINE
8
BLACK
6
CONTINUOUS
10
-0.6466220078740157
20
-0.17469
11
-0.6470288976377953
21
-0.1748799212598425
0
LINE
8
BLACK
6
CONTINUOUS
10
-0.6470288976377953
20
-0.1748799212598425
11
-0.6471600787401575
21
-0.1748856692913386
0
LINE
8
BLACK
6
CONTINUOUS
10
-0.6471600787401575
20
-0.1748856692913386
11
-0.6472832283464567
21
-0.1749304724409449
0
LINE
8
BLACK
6
CONTINUOUS
10
-0.6472832283464567
20
-0.1749304724409449
11
-0.6477313385826772
21
-0.1749107874015748
0
LINE
8
BLACK
6
CONTINUOUS
10
-0.6477313385826772
20
-0.1749107874015748
11
-0.6481799212598425
21
-0.1749305118110236
0
LINE
8
BLACK
6
CONTINUOUS
10
-0.6481799212598425
20
-0.1749305118110236
11
-0.6483032283464567
21
-0.1748856692913386
0
LINE
8
BLACK
6
CONTINUOUS
10
-0.6483032283464567
20
-0.1748856692913386
11
-0.6484342519685039
21
-0.1748799212598425
0
LINE
8
BLACK
6
CONTINUOUS
10
-0.6484342519685039
20
-0.1748799212598425
11
-0.6488409055118111
21
-0.1746901181102362
0
LINE
8
BLACK
6
CONTINUOUS
10
-0.6488409055118111
20
-0.1746901181102362
11
-0.6492626377952756
21
-0.1745367716535433
0
LINE
8
BLACK
6
CONTINUOUS
10
-0.6492626377952756
20
-0.1745367716535433
11
-0.6493594488188976
21
-0.1744481102362205
0
LINE
8
BLACK
6
CONTINUOUS
10
-0.6493594488188976
20
-0.1744481102362205
11
-0.6494782677165354
21
-0.1743926771653543
0
LINE
8
BLACK
6
CONTINUOUS
10
-0.6494782677165354
20
-0.1743926771653543
11
-0.6497812204724409
21
-0.1740618503937008
0
LINE
8
BLACK
6
CONTINUOUS
10
-0.6497812204724409
20
-0.1740618503937008
11
-0.650112283464567
21
-0.1737587007874016
0
LINE
8
BLACK
6
CONTINUOUS
10
-0.650112283464567
20
-0.1737587007874016
11
-0.650210157480315
21
-0.1735935039370079
0
LINE
8
BLACK
6
CONTINUOUS
10
-0.650210157480315
20
-0.1735935039370079
11
-0.6502563779527559
21
-0.173543031496063
0
LINE
8
BLACK
6
CONTINUOUS
10
-0.6502563779527559
20
-0.173543031496063
11
-0.6502823622047244
21
-0.1734716535433071
0
LINE
8
BLACK
6
CONTINUOUS
10
-0.6502823622047244
20
-0.1734716535433071
11
-0.6504073228346456
21
-0.1732606692913386
0
LINE
8
BLACK
6
CONTINUOUS
10
-0.6504073228346456
20
-0.1732606692913386
11
-0.6579021653543307
21
-0.1572002362204724
0
LINE
8
BLACK
6
CONTINUOUS
10
-0.6579021653543307
20
-0.1572002362204724
11
-0.6579021653543307
21
-0.1832605905511811
0
LINE
8
BLACK
6
CONTINUOUS
10
-0.6579021653543307
20
-0.1832605905511811
11
-0.6579588976377952
21
-0.1838366535433071
0
LINE
8
BLACK
6
CONTINUOUS
10
-0.6579588976377952
20
-0.1838366535433071
11
-0.6583998031496063
21
-0.184901062992126
0
LINE
8
BLACK
6
CONTINUOUS
10
-0.6583998031496063
20
-0.184901062992126
11
-0.6592144488188976
21
-0.1857157086614173
0
LINE
8
BLACK
6
CONTINUOUS
10
-0.6592144488188976
20
-0.1857157086614173
11
-0.6602788582677165
21
-0.1861566141732283
0
LINE
8
BLACK
6
CONTINUOUS
10
-0.6602788582677165
20
-0.1861566141732283
11
-0.6614309842519684
21
-0.1861566141732283
0
LINE
8
BLACK
6
CONTINUOUS
10
-0.6614309842519684
20
-0.1861566141732283
11
-0.6624953937007874
21
-0.1857157086614173
0
LINE
8
BLACK
6
CONTINUOUS
10
-0.6624953937007874
20
-0.1857157086614173
11
-0.6633100393700787
21
-0.184901062992126
0
LINE
8
BLACK
6
CONTINUOUS
10
-0.6633100393700787
20
-0.184901062992126
11
-0.6637509448818898
21
-0.1838366535433071
0
LINE
8
BLACK
6
CONTINUOUS
10
-0.6637509448818898
20
-0.1838366535433071
11
-0.6638076771653543
21
-0.1832605905511811
0
LINE
8
BLACK
6
CONTINUOUS
10
-0.6638076771653543
20
-0.1832605905511811
11
-0.6638076771653543
21
-0.1438905118110236
0
LINE
8
BLACK
6
CONTINUOUS
10
-0.6638076771653543
20
-0.1438905118110236
11
-0.6637703937007874
21
-0.1435116929133858
0
LINE
8
BLACK
6
CONTINUOUS
10
-0.6637703937007874
20
-0.1435116929133858
11
-0.6637734251968503
21
-0.1434421653543307
0
LINE
8
BLACK
6
CONTINUOUS
10
-0.6637734251968503
20
-0.1434421653543307
11
-0.6637598818897638
21
-0.1434048031496063
0
LINE
8
BLACK
6
CONTINUOUS
10
-0.6637598818897638
20
-0.1434048031496063
11
-0.6637509448818898
21
-0.1433144488188976
0
LINE
8
BLACK
6
CONTINUOUS
10
-0.6637509448818898
20
-0.1433144488188976
11
-0.663554842519685
21
-0.1428409448818898
0
LINE
8
BLACK
6
CONTINUOUS
10
-0.663554842519685
20
-0.1428409448818898
11
-0.6633797244094488
21
-0.1423594488188976
0
LINE
8
BLACK
6
CONTINUOUS
10
-0.6633797244094488
20
-0.1423594488188976
11
-0.6633352755905512
21
-0.1423108661417323
0
LINE
8
BLACK
6
CONTINUOUS
10
-0.6633352755905512
20
-0.1423108661417323
11
-0.6633100393700787
21
-0.1422500393700787
0
LINE
8
BLACK
6
CONTINUOUS
10
-0.6633100393700787
20
-0.1422500393700787
11
-0.6629476377952755
21
-0.1418875984251969
0
LINE
8
BLACK
6
CONTINUOUS
10
-0.6629476377952755
20
-0.1418875984251969
11
-0.6626016141732284
21
-0.1415098031496063
0
LINE
8
BLACK
6
CONTINUOUS
10
-0.6626016141732284
20
-0.1415098031496063
11
-0.662541968503937
21
-0.1414819291338583
0
LINE
8
BLACK
6
CONTINUOUS
10
-0.662541968503937
20
-0.1414819291338583
11
-0.6624953937007874
21
-0.1414353937007874
0
LINE
8
BLACK
6
CONTINUOUS
10
-0.6624953937007874
20
-0.1414353937007874
11
-0.6620221259842519
21
-0.1412393307086614
0
LINE
8
BLACK
6
CONTINUOUS
10
-0.6620221259842519
20
-0.1412393307086614
11
-0.6615575984251968
21
-0.1410225590551181
0
LINE
8
BLACK
6
CONTINUOUS
10
-0.6615575984251968
20
-0.1410225590551181
11
-0.661491811023622
21
-0.1410196456692913
0
LINE
8
BLACK
6
CONTINUOUS
10
-0.661491811023622
20
-0.1410196456692913
11
-0.6614309842519684
21
-0.1409944881889764
0
LINE
8
BLACK
6
CONTINUOUS
10
-0.6614309842519684
20
-0.1409944881889764
11
-0.6609184251968504
21
-0.1409944881889764
0
LINE
8
BLACK
6
CONTINUOUS
10
-0.6609184251968504
20
-0.1409944881889764
11
-0.6604065748031496
21
-0.1409720078740157
0
LINE
8
BLACK
6
CONTINUOUS
10
-0.6604065748031496
20
-0.1409720078740157
11
-0.6603447637795276
21
-0.1409944881889764
0
LINE
8
BLACK
6
CONTINUOUS
10
-0.6603447637795276
20
-0.1409944881889764
11
-0.6602788582677165
21
-0.1409944881889764
0
LINE
8
BLACK
6
CONTINUOUS
10
-0.6602788582677165
20
-0.1409944881889764
11
-0.6598053937007874
21
-0.1411905905511811
0
LINE
8
BLACK
6
CONTINUOUS
10
-0.6598053937007874
20
-0.1411905905511811
11
-0.6593238582677166
21
-0.1413657086614173
0
LINE
8
BLACK
6
CONTINUOUS
10
-0.6593238582677166
20
-0.1413657086614173
11
-0.6592753149606299
21
-0.141410157480315
0
LINE
8
BLACK
6
CONTINUOUS
10
-0.6592753149606299
20
-0.141410157480315
11
-0.6592144488188976
21
-0.1414353937007874
0
LINE
8
BLACK
6
CONTINUOUS
10
-0.6592144488188976
20
-0.1414353937007874
11
-0.6588520472440945
21
-0.1417977952755906
0
LINE
8
BLACK
6
CONTINUOUS
10
-0.6588520472440945
20
-0.1417977952755906
11
-0.6584742125984252
21
-0.1421438188976378
0
LINE
8
BLACK
6
CONTINUOUS
10
-0.6584742125984252
20
-0.1421438188976378
11
-0.6584279921259842
21
-0.1422218503937008
0
LINE
8
BLACK
6
CONTINUOUS
10
-0.6584279921259842
20
-0.1422218503937008
11
-0.6583998031496063
21
-0.1422500393700787
0
LINE
8
BLACK
6
CONTINUOUS
10
-0.6583998031496063
20
-0.1422500393700787
11
-0.6583731102362205
21
-0.1423144488188976
0
LINE
8
BLACK
6
CONTINUOUS
10
-0.6583731102362205
20
-0.1423144488188976
11
-0.6581791732283464
21
-0.1426418503937008
0
LINE
8
BLACK
6
CONTINUOUS
10
-0.6581791732283464
20
-0.1426418503937008
11
-0.6477316141732283
21
-0.1650295275590551
0
LINE
8
BLACK
6
CONTINUOUS
10
-0.6477316141732283
20
-0.1650295275590551
11
-0.6372839763779528
21
-0.1426418110236221
0
LINE
8
BLACK
6
CONTINUOUS
10
-0.6372839763779528
20
-0.1426418110236221
11
-0.6370899999999999
21
-0.1423143307086614
0
LINE
8
BLACK
6
CONTINUOUS
10
-0.6370899999999999
20
-0.1423143307086614
11
-0.6370633464566929
21
-0.1422500393700787
0
LINE
8
BLACK
6
CONTINUOUS
10
-0.6370633464566929
20
-0.1422500393700787
11
-0.6370352362204724
21
-0.1422218897637795
0
LINE
8
BLACK
6
CONTINUOUS
10
-0.6370352362204724
20
-0.1422218897637795
11
-0.636988937007874
21
-0.142143779527559
0
LINE
8
BLACK
6
CONTINUOUS
10
-0.636988937007874
20
-0.142143779527559
11
-0.6366108661417322
21
-0.1417975196850394
0
LINE
8
BLACK
6
CONTINUOUS
10
-0.6366108661417322
20
-0.1417975196850394
11
-0.6362487007874016
21
-0.1414353937007874
0
LINE
8
BLACK
6
CONTINUOUS
10
-0.6362487007874016
20
-0.1414353937007874
11
-0.6361878740157481
21
-0.1414101968503937
0
LINE
8
BLACK
6
CONTINUOUS
10
-0.6361878740157481
20
-0.1414101968503937
11
-0.6361392913385827
21
-0.1413657086614173
0
LINE
8
BLACK
6
CONTINUOUS
10
-0.6361392913385827
20
-0.1413657086614173
11
-0.6356574803149606
21
-0.1411904724409449
0
LINE
8
BLACK
6
CONTINUOUS
10
-0.6356574803149606
20
-0.1411904724409449
11
-0.6351842913385827
21
-0.1409944881889764
0
LINE
8
BLACK
6
CONTINUOUS
10
-0.6351842913385827
20
-0.1409944881889764
11
-0.6351185039370079
21
-0.1409944881889764
0
LINE
8
BLACK
6
CONTINUOUS
10
-0.6351185039370079
20
-0.1409944881889764
11
-0.6350565748031496
21
-0.140971968503937
0
LINE
8
BLACK
6
CONTINUOUS
10
-0.6350565748031496
20
-0.140971968503937
11
-0.6345442125984252
21
-0.1409944881889764
0
LINE
8
BLACK
6
CONTINUOUS
10
-0.5327948031496063
20
-0.1541178346456693
11
-0.532696811023622
21
-0.1541584251968504
0
LINE
8
BLACK
6
CONTINUOUS
10
-0.532696811023622
20
-0.1541584251968504
11
-0.5325909842519685
21
-0.1541659448818898
0
LINE
8
BLACK
6
CONTINUOUS
10
-0.5325909842519685
20
-0.1541659448818898
11
-0.5320503543307087
21
-0.1543728346456693
0
LINE
8
BLACK
6
CONTINUOUS
10
-0.5320503543307087
20
-0.1543728346456693
11
-0.5283008267716536
21
-0.1562475984251968
0
LINE
8
BLACK
6
CONTINUOUS
10
-0.5283008267716536
20
-0.1562475984251968
11
-0.5282044881889764
21
-0.1563082283464567
0
LINE
8
BLACK
6
CONTINUOUS
10
-0.5282044881889764
20
-0.1563082283464567
11
-0.5281590551181102
21
-0.1563233858267717
0
LINE
8
BLACK
6
CONTINUOUS
10
-0.5281590551181102
20
-0.1563233858267717
11
-0.5281025196850394
21
-0.1563724015748031
0
LINE
8
BLACK
6
CONTINUOUS
10
-0.5281025196850394
20
-0.1563724015748031
11
-0.5278109448818897
21
-0.1565559448818898
0
LINE
8
BLACK
6
CONTINUOUS
10
-0.5278109448818897
20
-0.1565559448818898
11
-0.5275683858267717
21
-0.1568356299212599
0
LINE
8
BLACK
6
CONTINUOUS
10
-0.5275683858267717
20
-0.1568356299212599
11
-0.5272886614173228
21
-0.1570782283464567
0
LINE
8
BLACK
6
CONTINUOUS
10
-0.5272886614173228
20
-0.1570782283464567
11
-0.5271051574803149
21
-0.1573697637795275
0
LINE
8
BLACK
6
CONTINUOUS
10
-0.5271051574803149
20
-0.1573697637795275
11
-0.5270561023622047
21
-0.1574263385826772
0
LINE
8
BLACK
6
CONTINUOUS
10
-0.5270561023622047
20
-0.1574263385826772
11
-0.5270409842519685
21
-0.1574717322834646
0
LINE
8
BLACK
6
CONTINUOUS
10
-0.5270409842519685
20
-0.1574717322834646
11
-0.5269803149606299
21
-0.1575681102362205
0
LINE
8
BLACK
6
CONTINUOUS
10
-0.5269803149606299
20
-0.1575681102362205
11
-0.5251055511811024
21
-0.1613176377952756
0
LINE
8
BLACK
6
CONTINUOUS
10
-0.5251055511811024
20
-0.1613176377952756
11
-0.5248986614173228
21
-0.1618582283464567
0
LINE
8
BLACK
6
CONTINUOUS
10
-0.5248986614173228
20
-0.1618582283464567
11
-0.5248911417322835
21
-0.161964094488189
0
LINE
8
BLACK
6
CONTINUOUS
10
-0.5248911417322835
20
-0.161964094488189
11
-0.5248505511811024
21
-0.1620620866141732
0
LINE
8
BLACK
6
CONTINUOUS
10
-0.5248505511811024
20
-0.1620620866141732
11
-0.5247938188976378
21
-0.1626381496062992
0
LINE
8
BLACK
6
CONTINUOUS
10
-0.5247938188976378
20
-0.1626381496062992
11
-0.5247938188976378
21
-0.1832605905511811
0
LINE
8
BLACK
6
CONTINUOUS
10
-0.5247938188976378
20
-0.1832605905511811
11
-0.5248505511811024
21
-0.1838366535433071
0
LINE
8
BLACK
6
CONTINUOUS
10
-0.5248505511811024
20
-0.1838366535433071
11
-0.5252914566929133
21
-0.184901062992126
0
LINE
8
BLACK
6
CONTINUOUS
10
-0.5252914566929133
20
-0.184901062992126
11
-0.5261061023622047
21
-0.1857157086614173
0
LINE
8
BLACK
6
CONTINUOUS
10
-0.5261061023622047
20
-0.1857157086614173
11
-0.5271705118110236
21
-0.1861566141732283
0
LINE
8
BLACK
6
CONTINUOUS
10
-0.5271705118110236
20
-0.1861566141732283
11
-0.5283226377952756
21
-0.1861566141732283
0
LINE
8
BLACK
6
CONTINUOUS
10
-0.5283226377952756
20
-0.1861566141732283
11
-0.5293870472440945
21
-0.1857157086614173
0
LINE
8
BLACK
6
CONTINUOUS
10
-0.5293870472440945
20
-0.1857157086614173
11
-0.5302016929133858
21
-0.184901062992126
0
LINE
8
BLACK
6
CONTINUOUS
10
-0.5302016929133858
20
-0.184901062992126
11
-0.5306425984251968
21
-0.1838366535433071
0
LINE
8
BLACK
6
CONTINUOUS
10
-0.5306425984251968
20
-0.1838366535433071
11
-0.5306993307086614
21
-0.1832605905511811
0
LINE
8
BLACK
6
CONTINUOUS
10
-0.5306993307086614
20
-0.1832605905511811
11
-0.5306993307086614
21
-0.1633351968503937
0
LINE
8
BLACK
6
CONTINUOUS
10
-0.5306993307086614
20
-0.1633351968503937
11
-0.5318222047244094
21
-0.1610894488188976
0
LINE
8
BLACK
6
CONTINUOUS
10
-0.5318222047244094
20
-0.1610894488188976
11
-0.5340679133858267
21
-0.1599666141732284
0
LINE
8
BLACK
6
CONTINUOUS
10
-0.5340679133858267
20
-0.1599666141732284
11
-0.5382981102362204
21
-0.1599666141732284
0
LINE
8
BLACK
6
CONTINUOUS
10
-0.5382981102362204
20
-0.1599666141732284
11
-0.5409955905511811
21
-0.1613153543307086
0
LINE
8
BLACK
6
CONTINUOUS
10
-0.5409955905511811
20
-0.1613153543307086
11
-0.5416666929133858
21
-0.1619864566929134
0
LINE
8
BLACK
6
CONTINUOUS
10
-0.5416666929133858
20
-0.1619864566929134
11
-0.5416666929133858
21
-0.1832605905511811
0
LINE
8
BLACK
6
CONTINUOUS
10
-0.5416666929133858
20
-0.1832605905511811
11
-0.5417234251968504
21
-0.1838366535433071
0
LINE
8
BLACK
6
CONTINUOUS
10
-0.5417234251968504
20
-0.1838366535433071
11
-0.5421643307086614
21
-0.184901062992126
0
LINE
8
BLACK
6
CONTINUOUS
10
-0.5421643307086614
20
-0.184901062992126
11
-0.5429789763779528
21
-0.1857157086614173
0
LINE
8
BLACK
6
CONTINUOUS
10
-0.5429789763779528
20
-0.1857157086614173
11
-0.5440433858267716
21
-0.1861566141732283
0
LINE
8
BLACK
6
CONTINUOUS
10
-0.5440433858267716
20
-0.1861566141732283
11
-0.5451955118110237
21
-0.1861566141732283
0
LINE
8
BLACK
6
CONTINUOUS
10
-0.5451955118110237
20
-0.1861566141732283
11
-0.5462599212598425
21
-0.1857157086614173
0
LINE
8
BLACK
6
CONTINUOUS
10
-0.5462599212598425
20
-0.1857157086614173
11
-0.5470745669291338
21
-0.184901062992126
0
LINE
8
BLACK
6
CONTINUOUS
10
-0.5470745669291338
20
-0.184901062992126
11
-0.5475154724409449
21
-0.1838366535433071
0
LINE
8
BLACK
6
CONTINUOUS
10
-0.5475154724409449
20
-0.1838366535433071
11
-0.5475722047244095
21
-0.1832605905511811
0
LINE
8
BLACK
6
CONTINUOUS
10
-0.5475722047244095
20
-0.1832605905511811
11
-0.5475722047244095
21
-0.1570138582677165
0
LINE
8
BLACK
6
CONTINUOUS
10
-0.5475722047244095
20
-0.1570138582677165
11
-0.5475154724409449
21
-0.1564377952755905
0
LINE
8
BLACK
6
CONTINUOUS
10
-0.5475154724409449
20
-0.1564377952755905
11
-0.5470745669291338
21
-0.1553733858267717
0
LINE
8
BLACK
6
CONTINUOUS
10
-0.5470745669291338
20
-0.1553733858267717
11
-0.5462599212598425
21
-0.1545587401574803
0
LINE
8
BLACK
6
CONTINUOUS
10
-0.5462599212598425
20
-0.1545587401574803
11
-0.5451955118110237
21
-0.1541178346456693
0
LINE
8
BLACK
6
CONTINUOUS
10
-0.5451955118110237
20
-0.1541178346456693
11
-0.5440433858267716
21
-0.1541178346456693
0
LINE
8
BLACK
6
CONTINUOUS
10
-0.5440433858267716
20
-0.1541178346456693
11
-0.5429789763779528
21
-0.1545587401574803
0
LINE
8
BLACK
6
CONTINUOUS
10
-0.5429789763779528
20
-0.1545587401574803
11
-0.5422151574803149
21
-0.1553225590551181
0
LINE
8
BLACK
6
CONTINUOUS
10
-0.5422151574803149
20
-0.1553225590551181
11
-0.5403156692913386
21
-0.1543728346456693
0
LINE
8
BLACK
6
CONTINUOUS
10
-0.5403156692913386
20
-0.1543728346456693
11
-0.5397750787401575
21
-0.1541659448818898
0
LINE
8
BLACK
6
CONTINUOUS
10
-0.5397750787401575
20
-0.1541659448818898
11
-0.5396692125984252
21
-0.1541583858267717
0
LINE
8
BLACK
6
CONTINUOUS
10
-0.5396692125984252
20
-0.1541583858267717
11
-0.5395712204724409
21
-0.1541178346456693
0
LINE
8
BLACK
6
CONTINUOUS
10
-0.5395712204724409
20
-0.1541178346456693
11
-0.5389951574803149
21
-0.1540611023622047
0
LINE
8
BLACK
6
CONTINUOUS
10
-0.5389951574803149
20
-0.1540611023622047
11
-0.5333708661417322
21
-0.1540611023622047
0
LINE
8
BLACK
6
CONTINUOUS
10
-0.5333708661417322
20
-0.1540611023622047
11
-0.5327948031496063
21
-0.1541178346456693
0
LINE
8
BLACK
6
CONTINUOUS
10
-0.484861220472441
20
-0.1545587401574803
11
-0.4840465748031496
21
-0.1553733858267717
0
LINE
8
BLACK
6
CONTINUOUS
10
-0.4840465748031496
20
-0.1553733858267717
11
-0.4836056692913386
21
-0.1564377952755905
0
LINE
8
BLACK
6
CONTINUOUS
10
-0.4836056692913386
20
-0.1564377952755905
11
-0.483548937007874
21
-0.1570138582677165
0
LINE
8
BLACK
6
CONTINUOUS
10
-0.483548937007874
20
-0.1570138582677165
11
-0.483548937007874
21
-0.1832605905511811
0
LINE
8
BLACK
6
CONTINUOUS
10
-0.483548937007874
20
-0.1832605905511811
11
-0.4836056692913386
21
-0.1838366535433071
0
LINE
8
BLACK
6
CONTINUOUS
10
-0.4836056692913386
20
-0.1838366535433071
11
-0.4840465748031496
21
-0.184901062992126
0
LINE
8
BLACK
6
CONTINUOUS
10
-0.4840465748031496
20
-0.184901062992126
11
-0.484861220472441
21
-0.1857157086614173
0
LINE
8
BLACK
6
CONTINUOUS
10
-0.484861220472441
20
-0.1857157086614173
11
-0.4859256299212598
21
-0.1861566141732283
0
LINE
8
BLACK
6
CONTINUOUS
10
-0.4859256299212598
20
-0.1861566141732283
11
-0.4870777559055118
21
-0.1861566141732283
0
LINE
8
BLACK
6
CONTINUOUS
10
-0.4870777559055118
20
-0.1861566141732283
11
-0.4881421653543307
21
-0.1857157086614173
0
LINE
8
BLACK
6
CONTINUOUS
10
-0.4881421653543307
20
-0.1857157086614173
11
-0.488956811023622
21
-0.184901062992126
0
LINE
8
BLACK
6
CONTINUOUS
10
-0.488956811023622
20
-0.184901062992126
11
-0.4893977165354331
21
-0.1838366535433071
0
LINE
8
BLACK
6
CONTINUOUS
10
-0.4893977165354331
20
-0.1838366535433071
11
-0.4894544488188976
21
-0.1832605905511811
0
LINE
8
BLACK
6
CONTINUOUS
10
-0.4894544488188976
20
-0.1832605905511811
11
-0.4894544488188976
21
-0.1570138582677165
0
LINE
8
BLACK
6
CONTINUOUS
10
-0.4894544488188976
20
-0.1570138582677165
11
-0.4893977165354331
21
-0.1564377952755905
0
LINE
8
BLACK
6
CONTINUOUS
10
-0.4893977165354331
20
-0.1564377952755905
11
-0.488956811023622
21
-0.1553733858267717
0
LINE
8
BLACK
6
CONTINUOUS
10
-0.488956811023622
20
-0.1553733858267717
11
-0.4881421653543307
21
-0.1545587401574803
0
LINE
8
BLACK
6
CONTINUOUS
10
-0.4881421653543307
20
-0.1545587401574803
11
-0.4870777559055118
21
-0.1541178346456693
0
LINE
8
BLACK
6
CONTINUOUS
10
-0.4870777559055118
20
-0.1541178346456693
11
-0.4859256299212598
21
-0.1541178346456693
0
LINE
8
BLACK
6
CONTINUOUS
10
-0.4859256299212598
20
-0.1541178346456693
11
-0.484861220472441
21
-0.1545587401574803
0
LINE
8
BLACK
6
CONTINUOUS
10
-0.4559294094488189
20
-0.1541178346456693
11
-0.4558314173228346
21
-0.1541584251968504
0
LINE
8
BLACK
6
CONTINUOUS
10
-0.4558314173228346
20
-0.1541584251968504
11
-0.4557255905511811
21
-0.1541659448818898
0
LINE
8
BLACK
6
CONTINUOUS
10
-0.4557255905511811
20
-0.1541659448818898
11
-0.4551849606299213
21
-0.1543728346456693
0
LINE
8
BLACK
6
CONTINUOUS
10
-0.4551849606299213
20
-0.1543728346456693
11
-0.4514354330708661
21
-0.1562475984251968
0
LINE
8
BLACK
6
CONTINUOUS
10
-0.4514354330708661
20
-0.1562475984251968
11
-0.451339094488189
21
-0.1563082283464567
0
LINE
8
BLACK
6
CONTINUOUS
10
-0.451339094488189
20
-0.1563082283464567
11
-0.4512936614173228
21
-0.1563233858267717
0
LINE
8
BLACK
6
CONTINUOUS
10
-0.4512936614173228
20
-0.1563233858267717
11
-0.451237125984252
21
-0.1563724015748031
0
LINE
8
BLACK
6
CONTINUOUS
10
-0.451237125984252
20
-0.1563724015748031
11
-0.4509455511811024
21
-0.1565559448818898
0
LINE
8
BLACK
6
CONTINUOUS
10
-0.4509455511811024
20
-0.1565559448818898
11
-0.4507029921259842
21
-0.1568356299212599
0
LINE
8
BLACK
6
CONTINUOUS
10
-0.4507029921259842
20
-0.1568356299212599
11
-0.4504232677165354
21
-0.1570782283464567
0
LINE
8
BLACK
6
CONTINUOUS
10
-0.4504232677165354
20
-0.1570782283464567
11
-0.4502397637795276
21
-0.1573697637795275
0
LINE
8
BLACK
6
CONTINUOUS
10
-0.4502397637795276
20
-0.1573697637795275
11
-0.4501907086614173
21
-0.1574263385826772
0
LINE
8
BLACK
6
CONTINUOUS
10
-0.4501907086614173
20
-0.1574263385826772
11
-0.4501755905511811
21
-0.1574717322834646
0
LINE
8
BLACK
6
CONTINUOUS
10
-0.4501755905511811
20
-0.1574717322834646
11
-0.4501149212598425
21
-0.1575681102362205
0
LINE
8
BLACK
6
CONTINUOUS
10
-0.4501149212598425
20
-0.1575681102362205
11
-0.4482401574803149
21
-0.1613176377952756
0
LINE
8
BLACK
6
CONTINUOUS
10
-0.4482401574803149
20
-0.1613176377952756
11
-0.4480332677165354
21
-0.1618582283464567
0
LINE
8
BLACK
6
CONTINUOUS
10
-0.4480332677165354
20
-0.1618582283464567
11
-0.448025748031496
21
-0.161964094488189
0
LINE
8
BLACK
6
CONTINUOUS
10
-0.448025748031496
20
-0.161964094488189
11
-0.447985157480315
21
-0.1620620866141732
0
LINE
8
BLACK
6
CONTINUOUS
10
-0.447985157480315
20
-0.1620620866141732
11
-0.4479284251968504
21
-0.1626381496062992
0
LINE
8
BLACK
6
CONTINUOUS
10
-0.4479284251968504
20
-0.1626381496062992
11
-0.4479284251968504
21
-0.1832605905511811
0
LINE
8
BLACK
6
CONTINUOUS
10
-0.4479284251968504
20
-0.1832605905511811
11
-0.447985157480315
21
-0.1838366535433071
0
LINE
8
BLACK
6
CONTINUOUS
10
-0.447985157480315
20
-0.1838366535433071
11
-0.448426062992126
21
-0.184901062992126
0
LINE
8
BLACK
6
CONTINUOUS
10
-0.448426062992126
20
-0.184901062992126
11
-0.4492407086614173
21
-0.1857157086614173
0
LINE
8
BLACK
6
CONTINUOUS
10
-0.4492407086614173
20
-0.1857157086614173
11
-0.4503051181102362
21
-0.1861566141732283
0
LINE
8
BLACK
6
CONTINUOUS
10
-0.4503051181102362
20
-0.1861566141732283
11
-0.4514572440944882
21
-0.1861566141732283
0
LINE
8
BLACK
6
CONTINUOUS
10
-0.4514572440944882
20
-0.1861566141732283
11
-0.4525216535433071
21
-0.1857157086614173
0
LINE
8
BLACK
6
CONTINUOUS
10
-0.4525216535433071
20
-0.1857157086614173
11
-0.4533362992125984
21
-0.184901062992126
0
LINE
8
BLACK
6
CONTINUOUS
10
-0.4533362992125984
20
-0.184901062992126
11
-0.4537772047244094
21
-0.1838366535433071
0
LINE
8
BLACK
6
CONTINUOUS
10
-0.4537772047244094
20
-0.1838366535433071
11
-0.453833937007874
21
-0.1832605905511811
0
LINE
8
BLACK
6
CONTINUOUS
10
-0.453833937007874
20
-0.1832605905511811
11
-0.453833937007874
21
-0.1633351968503937
0
LINE
8
BLACK
6
CONTINUOUS
10
-0.453833937007874
20
-0.1633351968503937
11
-0.454956811023622
21
-0.1610894488188976
0
LINE
8
BLACK
6
CONTINUOUS
10
-0.454956811023622
20
-0.1610894488188976
11
-0.4572025196850393
21
-0.1599666141732284
0
LINE
8
BLACK
6
CONTINUOUS
10
-0.4572025196850393
20
-0.1599666141732284
11
-0.4614327165354331
21
-0.1599666141732284
0
LINE
8
BLACK
6
CONTINUOUS
10
-0.4614327165354331
20
-0.1599666141732284
11
-0.4641301968503937
21
-0.1613153543307086
0
LINE
8
BLACK
6
CONTINUOUS
10
-0.4641301968503937
20
-0.1613153543307086
11
-0.4648012992125984
21
-0.1619864566929134
0
LINE
8
BLACK
6
CONTINUOUS
10
-0.4648012992125984
20
-0.1619864566929134
11
-0.4648012992125984
21
-0.1832605905511811
0
LINE
8
BLACK
6
CONTINUOUS
10
-0.4648012992125984
20
-0.1832605905511811
11
-0.464858031496063
21
-0.1838366535433071
0
LINE
8
BLACK
6
CONTINUOUS
10
-0.464858031496063
20
-0.1838366535433071
11
-0.465298937007874
21
-0.184901062992126
0
LINE
8
BLACK
6
CONTINUOUS
10
-0.465298937007874
20
-0.184901062992126
11
-0.4661135826771654
21
-0.1857157086614173
0
LINE
8
BLACK
6
CONTINUOUS
10
-0.4661135826771654
20
-0.1857157086614173
11
-0.4671779921259843
21
-0.1861566141732283
0
LINE
8
BLACK
6
CONTINUOUS
10
-0.4671779921259843
20
-0.1861566141732283
11
-0.4683301181102362
21
-0.1861566141732283
0
LINE
8
BLACK
6
CONTINUOUS
10
-0.4683301181102362
20
-0.1861566141732283
11
-0.4693945275590551
21
-0.1857157086614173
0
LINE
8
BLACK
6
CONTINUOUS
10
-0.4693945275590551
20
-0.1857157086614173
11
-0.4702091732283464
21
-0.184901062992126
0
LINE
8
BLACK
6
CONTINUOUS
10
-0.4702091732283464
20
-0.184901062992126
11
-0.4706500787401575
21
-0.1838366535433071
0
LINE
8
BLACK
6
CONTINUOUS
10
-0.4706500787401575
20
-0.1838366535433071
11
-0.4707068110236221
21
-0.1832605905511811
0
LINE
8
BLACK
6
CONTINUOUS
10
-0.4707068110236221
20
-0.1832605905511811
11
-0.4707068110236221
21
-0.1570138582677165
0
LINE
8
BLACK
6
CONTINUOUS
10
-0.4707068110236221
20
-0.1570138582677165
11
-0.4706500787401575
21
-0.1564377952755905
0
LINE
8
BLACK
6
CONTINUOUS
10
-0.4706500787401575
20
-0.1564377952755905
11
-0.4702091732283464
21
-0.1553733858267717
0
LINE
8
BLACK
6
CONTINUOUS
10
-0.4702091732283464
20
-0.1553733858267717
11
-0.4693945275590551
21
-0.1545587401574803
0
LINE
8
BLACK
6
CONTINUOUS
10
-0.4693945275590551
20
-0.1545587401574803
11
-0.4683301181102362
21
-0.1541178346456693
0
LINE
8
BLACK
6
CONTINUOUS
10
-0.4683301181102362
20
-0.1541178346456693
11
-0.4671779921259843
21
-0.1541178346456693
0
LINE
8
BLACK
6
CONTINUOUS
10
-0.4671779921259843
20
-0.1541178346456693
11
-0.4661135826771654
21
-0.1545587401574803
0
LINE
8
BLACK
6
CONTINUOUS
10
-0.4661135826771654
20
-0.1545587401574803
11
-0.4653497637795275
21
-0.1553225590551181
0
LINE
8
BLACK
6
CONTINUOUS
10
-0.4653497637795275
20
-0.1553225590551181
11
-0.4634502755905512
21
-0.1543728346456693
0
LINE
8
BLACK
6
CONTINUOUS
10
-0.4634502755905512
20
-0.1543728346456693
11
-0.4629096850393701
21
-0.1541659448818898
0
LINE
8
BLACK
6
CONTINUOUS
10
-0.4629096850393701
20
-0.1541659448818898
11
-0.4628038188976378
21
-0.1541583858267717
0
LINE
8
BLACK
6
CONTINUOUS
10
-0.4628038188976378
20
-0.1541583858267717
11
-0.4627058267716535
21
-0.1541178346456693
0
LINE
8
BLACK
6
CONTINUOUS
10
-0.4627058267716535
20
-0.1541178346456693
11
-0.4621297637795275
21
-0.1540611023622047
0
LINE
8
BLACK
6
CONTINUOUS
10
-0.4621297637795275
20
-0.1540611023622047
11
-0.4565054724409449
21
-0.1540611023622047
0
LINE
8
BLACK
6
CONTINUOUS
10
-0.4565054724409449
20
-0.1540611023622047
11
-0.4559294094488189
21
-0.1541178346456693
0
LINE
8
BLACK
6
CONTINUOUS
10
-0.3948724803149606
20
-0.1414353937007874
11
-0.3940578346456693
21
-0.1422500393700787
0
LINE
8
BLACK
6
CONTINUOUS
10
-0.3940578346456693
20
-0.1422500393700787
11
-0.3936169291338583
21
-0.1433144488188976
0
LINE
8
BLACK
6
CONTINUOUS
10
-0.3936169291338583
20
-0.1433144488188976
11
-0.3935601968503937
21
-0.1438905118110236
0
LINE
8
BLACK
6
CONTINUOUS
10
-0.3935601968503937
20
-0.1438905118110236
11
-0.3935601968503937
21
-0.1596853937007874
0
LINE
8
BLACK
6
CONTINUOUS
10
-0.3935601968503937
20
-0.1596853937007874
11
-0.3769685433070866
21
-0.1596853937007874
0
LINE
8
BLACK
6
CONTINUOUS
10
-0.3769685433070866
20
-0.1596853937007874
11
-0.3769685433070866
21
-0.1438905118110236
0
LINE
8
BLACK
6
CONTINUOUS
10
-0.3769685433070866
20
-0.1438905118110236
11
-0.376911811023622
21
-0.1433144488188976
0
LINE
8
BLACK
6
CONTINUOUS
10
-0.376911811023622
20
-0.1433144488188976
11
-0.376470905511811
21
-0.1422500393700787
0
LINE
8
BLACK
6
CONTINUOUS
10
-0.376470905511811
20
-0.1422500393700787
11
-0.3756562598425197
21
-0.1414353937007874
0
LINE
8
BLACK
6
CONTINUOUS
10
-0.3756562598425197
20
-0.1414353937007874
11
-0.3745918503937008
21
-0.1409944881889764
0
LINE
8
BLACK
6
CONTINUOUS
10
-0.3745918503937008
20
-0.1409944881889764
11
-0.3734397244094488
21
-0.1409944881889764
0
LINE
8
BLACK
6
CONTINUOUS
10
-0.3734397244094488
20
-0.1409944881889764
11
-0.3723753149606299
21
-0.1414353937007874
0
LINE
8
BLACK
6
CONTINUOUS
10
-0.3723753149606299
20
-0.1414353937007874
11
-0.3715606692913386
21
-0.1422500393700787
0
LINE
8
BLACK
6
CONTINUOUS
10
-0.3715606692913386
20
-0.1422500393700787
11
-0.3711197637795275
21
-0.1433144488188976
0
LINE
8
BLACK
6
CONTINUOUS
10
-0.3711197637795275
20
-0.1433144488188976
11
-0.371063031496063
21
-0.1438905118110236
0
LINE
8
BLACK
6
CONTINUOUS
10
-0.371063031496063
20
-0.1438905118110236
11
-0.371063031496063
21
-0.1832605905511811
0
LINE
8
BLACK
6
CONTINUOUS
10
-0.371063031496063
20
-0.1832605905511811
11
-0.3711197637795275
21
-0.1838366535433071
0
LINE
8
BLACK
6
CONTINUOUS
10
-0.3711197637795275
20
-0.1838366535433071
11
-0.3715606692913386
21
-0.184901062992126
0
LINE
8
BLACK
6
CONTINUOUS
10
-0.3715606692913386
20
-0.184901062992126
11
-0.3723753149606299
21
-0.1857157086614173
0
LINE
8
BLACK
6
CONTINUOUS
10
-0.3723753149606299
20
-0.1857157086614173
11
-0.3734397244094488
21
-0.1861566141732283
0
LINE
8
BLACK
6
CONTINUOUS
10
-0.3734397244094488
20
-0.1861566141732283
11
-0.3745918503937008
21
-0.1861566141732283
0
LINE
8
BLACK
6
CONTINUOUS
10
-0.3745918503937008
20
-0.1861566141732283
11
-0.3756562598425197
21
-0.1857157086614173
0
LINE
8
BLACK
6
CONTINUOUS
10
-0.3756562598425197
20
-0.1857157086614173
11
-0.376470905511811
21
-0.184901062992126
0
LINE
8
BLACK
6
CONTINUOUS
10
-0.376470905511811
20
-0.184901062992126
11
-0.376911811023622
21
-0.1838366535433071
0
LINE
8
BLACK
6
CONTINUOUS
10
-0.376911811023622
20
-0.1838366535433071
11
-0.3769685433070866
21
-0.1832605905511811
0
LINE
8
BLACK
6
CONTINUOUS
10
-0.3769685433070866
20
-0.1832605905511811
11
-0.3769685433070866
21
-0.165590905511811
0
LINE
8
BLACK
6
CONTINUOUS
10
-0.3769685433070866
20
-0.165590905511811
11
-0.3935601968503937
21
-0.165590905511811
0
LINE
8
BLACK
6
CONTINUOUS
10
-0.3935601968503937
20
-0.165590905511811
11
-0.3935601968503937
21
-0.1832605905511811
0
LINE
8
BLACK
6
CONTINUOUS
10
-0.3935601968503937
20
-0.1832605905511811
11
-0.3936169291338583
21
-0.1838366535433071
0
LINE
8
BLACK
6
CONTINUOUS
10
-0.3936169291338583
20
-0.1838366535433071
11
-0.3940578346456693
21
-0.184901062992126
0
LINE
8
BLACK
6
CONTINUOUS
10
-0.3940578346456693
20
-0.184901062992126
11
-0.3948724803149606
21
-0.1857157086614173
0
LINE
8
BLACK
6
CONTINUOUS
10
-0.3948724803149606
20
-0.1857157086614173
11
-0.3959368897637795
21
-0.1861566141732283
0
LINE
8
BLACK
6
CONTINUOUS
10
-0.3959368897637795
20
-0.1861566141732283
11
-0.3970890157480315
21
-0.1861566141732283
0
LINE
8
BLACK
6
CONTINUOUS
10
-0.3970890157480315
20
-0.1861566141732283
11
-0.3981534251968504
21
-0.1857157086614173
0
LINE
8
BLACK
6
CONTINUOUS
10
-0.3981534251968504
20
-0.1857157086614173
11
-0.3989680708661417
21
-0.184901062992126
0
LINE
8
BLACK
6
CONTINUOUS
10
-0.3989680708661417
20
-0.184901062992126
11
-0.3994089763779528
21
-0.1838366535433071
0
LINE
8
BLACK
6
CONTINUOUS
10
-0.3994089763779528
20
-0.1838366535433071
11
-0.3994657086614173
21
-0.1832605905511811
0
LINE
8
BLACK
6
CONTINUOUS
10
-0.3994657086614173
20
-0.1832605905511811
11
-0.3994657086614173
21
-0.1438905118110236
0
LINE
8
BLACK
6
CONTINUOUS
10
-0.3994657086614173
20
-0.1438905118110236
11
-0.3994089763779528
21
-0.1433144488188976
0
LINE
8
BLACK
6
CONTINUOUS
10
-0.3994089763779528
20
-0.1433144488188976
11
-0.3989680708661417
21
-0.1422500393700787
0
LINE
8
BLACK
6
CONTINUOUS
10
-0.3989680708661417
20
-0.1422500393700787
11
-0.3981534251968504
21
-0.1414353937007874
0
LINE
8
BLACK
6
CONTINUOUS
10
-0.3981534251968504
20
-0.1414353937007874
11
-0.3970890157480315
21
-0.1409944881889764
0
LINE
8
BLACK
6
CONTINUOUS
10
-0.3970890157480315
20
-0.1409944881889764
11
-0.3959368897637795
21
-0.1409944881889764
0
LINE
8
BLACK
6
CONTINUOUS
10
-0.3959368897637795
20
-0.1409944881889764
11
-0.3948724803149606
21
-0.1414353937007874
0
LINE
8
BLACK
6
CONTINUOUS
10
0.5580709448818898
20
-0.1689944488188976
11
0.5585183858267716
21
-0.1693616535433071
0
LINE
8
BLACK
6
CONTINUOUS
10
0.5585183858267716
20
-0.1693616535433071
11
0.5603931496062992
21
-0.1712364173228346
0
LINE
8
BLACK
6
CONTINUOUS
10
0.5603931496062992
20
-0.1712364173228346
11
0.5607603543307087
21
-0.1716838582677165
0
LINE
8
BLACK
6
CONTINUOUS
10
0.5607603543307087
20
-0.1716838582677165
11
0.5609863779527559
21
-0.1722294881889764
0
LINE
8
BLACK
6
CONTINUOUS
10
0.5609863779527559
20
-0.1722294881889764
11
0.5612012598425197
21
-0.1727483070866142
0
LINE
8
BLACK
6
CONTINUOUS
10
0.5612012598425197
20
-0.1727483070866142
11
0.5612012598425197
21
-0.1739003937007874
0
LINE
8
BLACK
6
CONTINUOUS
10
0.5612012598425197
20
-0.1739003937007874
11
0.5607603543307087
21
-0.1749648031496063
0
LINE
8
BLACK
6
CONTINUOUS
10
0.5607603543307087
20
-0.1749648031496063
11
0.5603931496062992
21
-0.1754122440944882
0
LINE
8
BLACK
6
CONTINUOUS
10
0.5603931496062992
20
-0.1754122440944882
11
0.5585183858267716
21
-0.1772870078740157
0
LINE
8
BLACK
6
CONTINUOUS
10
0.5585183858267716
20
-0.1772870078740157
11
0.5580709448818898
21
-0.1776542125984252
0
LINE
8
BLACK
6
CONTINUOUS
10
0.5580709448818898
20
-0.1776542125984252
11
0.5570065354330709
21
-0.1780951181102362
0
LINE
8
BLACK
6
CONTINUOUS
10
0.5570065354330709
20
-0.1780951181102362
11
0.5570064960629921
21
-0.1780951181102362
0
LINE
8
BLACK
6
CONTINUOUS
10
0.5570064960629921
20
-0.1780951181102362
11
0.5558544488188977
21
-0.1780951181102362
0
LINE
8
BLACK
6
CONTINUOUS
10
0.5558544488188977
20
-0.1780951181102362
11
0.5558544094488189
21
-0.1780951181102362
0
LINE
8
BLACK
6
CONTINUOUS
10
0.5558544094488189
20
-0.1780951181102362
11
0.55479
21
-0.1776542125984252
0
LINE
8
BLACK
6
CONTINUOUS
10
0.55479
20
-0.1776542125984252
11
0.5543425590551181
21
-0.1772870078740157
0
LINE
8
BLACK
6
CONTINUOUS
10
0.5543425590551181
20
-0.1772870078740157
11
0.5524677952755905
21
-0.1754122440944882
0
LINE
8
BLACK
6
CONTINUOUS
10
0.5524677952755905
20
-0.1754122440944882
11
0.5521005905511811
21
-0.1749648031496063
0
LINE
8
BLACK
6
CONTINUOUS
10
0.5521005905511811
20
-0.1749648031496063
11
0.55165968503937
21
-0.1739003543307087
0
LINE
8
BLACK
6
CONTINUOUS
10
0.55165968503937
20
-0.1739003543307087
11
0.55165968503937
21
-0.1727483070866142
0
LINE
8
BLACK
6
CONTINUOUS
10
0.55165968503937
20
-0.1727483070866142
11
0.5521005905511811
21
-0.1716838582677165
0
LINE
8
BLACK
6
CONTINUOUS
10
0.5521005905511811
20
-0.1716838582677165
11
0.5524677952755905
21
-0.1712364173228346
0
LINE
8
BLACK
6
CONTINUOUS
10
0.5524677952755905
20
-0.1712364173228346
11
0.5543425590551181
21
-0.1693616535433071
0
LINE
8
BLACK
6
CONTINUOUS
10
0.5543425590551181
20
-0.1693616535433071
11
0.55479
21
-0.1689944488188976
0
LINE
8
BLACK
6
CONTINUOUS
10
0.55479
20
-0.1689944488188976
11
0.5558544094488189
21
-0.1685535433070866
0
LINE
8
BLACK
6
CONTINUOUS
10
0.5558544094488189
20
-0.1685535433070866
11
0.5570064960629921
21
-0.1685535433070866
0
LINE
8
BLACK
6
CONTINUOUS
10
0.5570064960629921
20
-0.1685535433070866
11
0.5570065354330709
21
-0.1685535433070866
0
LINE
8
BLACK
6
CONTINUOUS
10
0.5570065354330709
20
-0.1685535433070866
11
0.5580709448818898
21
-0.1689944488188976
0
LINE
8
BLACK
6
CONTINUOUS
10
-0.4850294488188976
20
-0.1413657086614173
11
-0.484861220472441
21
-0.1414353937007874
0
LINE
8
BLACK
6
CONTINUOUS
10
-0.484861220472441
20
-0.1414353937007874
11
-0.484413779527559
21
-0.1418025984251969
0
LINE
8
BLACK
6
CONTINUOUS
10
-0.484413779527559
20
-0.1418025984251969
11
-0.4825390157480315
21
-0.1436773622047244
0
LINE
8
BLACK
6
CONTINUOUS
10
-0.4825390157480315
20
-0.1436773622047244
11
-0.4821718110236221
21
-0.1441248031496063
0
LINE
8
BLACK
6
CONTINUOUS
10
-0.4821718110236221
20
-0.1441248031496063
11
-0.4817516141732283
21
-0.1451391732283465
0
LINE
8
BLACK
6
CONTINUOUS
10
-0.4817516141732283
20
-0.1451391732283465
11
-0.481730905511811
21
-0.1451892519685039
0
LINE
8
BLACK
6
CONTINUOUS
10
-0.481730905511811
20
-0.1451892519685039
11
-0.481730905511811
21
-0.1463413385826772
0
LINE
8
BLACK
6
CONTINUOUS
10
-0.481730905511811
20
-0.1463413385826772
11
-0.4821718110236221
21
-0.1474057480314961
0
LINE
8
BLACK
6
CONTINUOUS
10
-0.4821718110236221
20
-0.1474057480314961
11
-0.4825390157480315
21
-0.1478531889763779
0
LINE
8
BLACK
6
CONTINUOUS
10
-0.4825390157480315
20
-0.1478531889763779
11
-0.484413779527559
21
-0.1497279527559055
0
LINE
8
BLACK
6
CONTINUOUS
10
-0.484413779527559
20
-0.1497279527559055
11
-0.484861220472441
21
-0.150095157480315
0
LINE
8
BLACK
6
CONTINUOUS
10
-0.484861220472441
20
-0.150095157480315
11
-0.4859256299212598
21
-0.150536062992126
0
LINE
8
BLACK
6
CONTINUOUS
10
-0.4859256299212598
20
-0.150536062992126
11
-0.4859256692913386
21
-0.150536062992126
0
LINE
8
BLACK
6
CONTINUOUS
10
-0.4859256692913386
20
-0.150536062992126
11
-0.4870777165354331
21
-0.150536062992126
0
LINE
8
BLACK
6
CONTINUOUS
10
-0.4870777165354331
20
-0.150536062992126
11
-0.4870777559055118
21
-0.150536062992126
0
LINE
8
BLACK
6
CONTINUOUS
10
-0.4870777559055118
20
-0.150536062992126
11
-0.4881421653543307
21
-0.150095157480315
0
LINE
8
BLACK
6
CONTINUOUS
10
-0.4881421653543307
20
-0.150095157480315
11
-0.4885896062992126
21
-0.1497279527559055
0
LINE
8
BLACK
6
CONTINUOUS
10
-0.4885896062992126
20
-0.1497279527559055
11
-0.4904643700787402
21
-0.1478531889763779
0
LINE
8
BLACK
6
CONTINUOUS
10
-0.4904643700787402
20
-0.1478531889763779
11
-0.4908315748031496
21
-0.1474057480314961
0
LINE
8
BLACK
6
CONTINUOUS
10
-0.4908315748031496
20
-0.1474057480314961
11
-0.4912724803149606
21
-0.1463412992125984
0
LINE
8
BLACK
6
CONTINUOUS
10
-0.4912724803149606
20
-0.1463412992125984
11
-0.4912724803149606
21
-0.1451892519685039
0
LINE
8
BLACK
6
CONTINUOUS
10
-0.4912724803149606
20
-0.1451892519685039
11
-0.4908315748031496
21
-0.1441248031496063
0
LINE
8
BLACK
6
CONTINUOUS
10
-0.4908315748031496
20
-0.1441248031496063
11
-0.4904643700787402
21
-0.1436773622047244
0
LINE
8
BLACK
6
CONTINUOUS
10
-0.4904643700787402
20
-0.1436773622047244
11
-0.4885896062992126
21
-0.1418025984251969
0
LINE
8
BLACK
6
CONTINUOUS
10
-0.4885896062992126
20
-0.1418025984251969
11
-0.4881421653543307
21
-0.1414353937007874
0
LINE
8
BLACK
6
CONTINUOUS
10
-0.4881421653543307
20
-0.1414353937007874
11
-0.4870777559055118
21
-0.1409944881889764
0
LINE
8
BLACK
6
CONTINUOUS
10
-0.4870777559055118
20
-0.1409944881889764
11
-0.4859256692913386
21
-0.1409944881889764
0
LINE
8
BLACK
6
CONTINUOUS
10
-0.4859256692913386
20
-0.1409944881889764
11
-0.4859256299212598
21
-0.1409944881889764
0
LINE
8
BLACK
6
CONTINUOUS
10
-0.4859256299212598
20
-0.1409944881889764
11
-0.4850294488188976
21
-0.1413657086614173
0
LINE
8
BLACK
6
CONTINUOUS
10
-0.0845383070866142
20
-0.0817031496062992
11
-0.0834738976377953
21
-0.0821440551181102
0
LINE
8
BLACK
6
CONTINUOUS
10
-0.0834738976377953
20
-0.0821440551181102
11
-0.0826592519685039
21
-0.0829587007874016
0
LINE
8
BLACK
6
CONTINUOUS
10
-0.0826592519685039
20
-0.0829587007874016
11
-0.0822183464566929
21
-0.0840231102362205
0
LINE
8
BLACK
6
CONTINUOUS
10
-0.0822183464566929
20
-0.0840231102362205
11
-0.0822183464566929
21
-0.0851752362204724
0
LINE
8
BLACK
6
CONTINUOUS
10
-0.0822183464566929
20
-0.0851752362204724
11
-0.0826592519685039
21
-0.0862396456692913
0
LINE
8
BLACK
6
CONTINUOUS
10
-0.0826592519685039
20
-0.0862396456692913
11
-0.0834738976377953
21
-0.0870542913385827
0
LINE
8
BLACK
6
CONTINUOUS
10
-0.0834738976377953
20
-0.0870542913385827
11
-0.0845383070866142
21
-0.0874951968503937
0
LINE
8
BLACK
6
CONTINUOUS
10
-0.0845383070866142
20
-0.0874951968503937
11
-0.0851143700787402
21
-0.0875519291338583
0
LINE
8
BLACK
6
CONTINUOUS
10
-0.0851143700787402
20
-0.0875519291338583
11
-0.1009092519685039
21
-0.0875519291338583
0
LINE
8
BLACK
6
CONTINUOUS
10
-0.1009092519685039
20
-0.0875519291338583
11
-0.1009092519685039
21
-0.1003940551181102
0
LINE
8
BLACK
6
CONTINUOUS
10
-0.1009092519685039
20
-0.1003940551181102
11
-0.0907386614173228
21
-0.1003940551181102
0
LINE
8
BLACK
6
CONTINUOUS
10
-0.0907386614173228
20
-0.1003940551181102
11
-0.0901625984251968
21
-0.1004507874015748
0
LINE
8
BLACK
6
CONTINUOUS
10
-0.0901625984251968
20
-0.1004507874015748
11
-0.0890981889763779
21
-0.1008916929133858
0
LINE
8
BLACK
6
CONTINUOUS
10
-0.0890981889763779
20
-0.1008916929133858
11
-0.0882835433070866
21
-0.1017063385826772
0
LINE
8
BLACK
6
CONTINUOUS
10
-0.0882835433070866
20
-0.1017063385826772
11
-0.0878426377952756
21
-0.1027707480314961
0
LINE
8
BLACK
6
CONTINUOUS
10
-0.0878426377952756
20
-0.1027707480314961
11
-0.0878426377952756
21
-0.103922874015748
0
LINE
8
BLACK
6
CONTINUOUS
10
-0.0878426377952756
20
-0.103922874015748
11
-0.0882835433070866
21
-0.1049872834645669
0
LINE
8
BLACK
6
CONTINUOUS
10
-0.0882835433070866
20
-0.1049872834645669
11
-0.0890981889763779
21
-0.1058019291338583
0
LINE
8
BLACK
6
CONTINUOUS
10
-0.0890981889763779
20
-0.1058019291338583
11
-0.0901625984251968
21
-0.1062428346456693
0
LINE
8
BLACK
6
CONTINUOUS
10
-0.0901625984251968
20
-0.1062428346456693
11
-0.0907386614173228
21
-0.1062995669291339
0
LINE
8
BLACK
6
CONTINUOUS
10
-0.0907386614173228
20
-0.1062995669291339
11
-0.1009092519685039
21
-0.1062995669291339
0
LINE
8
BLACK
6
CONTINUOUS
10
-0.1009092519685039
20
-0.1062995669291339
11
-0.1009092519685039
21
-0.1210164960629921
0
LINE
8
BLACK
6
CONTINUOUS
10
-0.1009092519685039
20
-0.1210164960629921
11
-0.0851143700787402
21
-0.1210164960629921
0
LINE
8
BLACK
6
CONTINUOUS
10
-0.0851143700787402
20
-0.1210164960629921
11
-0.0845383070866142
21
-0.1210732283464567
0
LINE
8
BLACK
6
CONTINUOUS
10
-0.0845383070866142
20
-0.1210732283464567
11
-0.0834738976377953
21
-0.1215141338582677
0
LINE
8
BLACK
6
CONTINUOUS
10
-0.0834738976377953
20
-0.1215141338582677
11
-0.0826592519685039
21
-0.1223287795275591
0
LINE
8
BLACK
6
CONTINUOUS
10
-0.0826592519685039
20
-0.1223287795275591
11
-0.0822183464566929
21
-0.123393188976378
0
LINE
8
BLACK
6
CONTINUOUS
10
-0.0822183464566929
20
-0.123393188976378
11
-0.0822183464566929
21
-0.1245453149606299
0
LINE
8
BLACK
6
CONTINUOUS
10
-0.0822183464566929
20
-0.1245453149606299
11
-0.0826592519685039
21
-0.1256097244094488
0
LINE
8
BLACK
6
CONTINUOUS
10
-0.0826592519685039
20
-0.1256097244094488
11
-0.0834738976377953
21
-0.1264243700787402
0
LINE
8
BLACK
6
CONTINUOUS
10
-0.0834738976377953
20
-0.1264243700787402
11
-0.0845383070866142
21
-0.1268652755905512
0
LINE
8
BLACK
6
CONTINUOUS
10
-0.0845383070866142
20
-0.1268652755905512
11
-0.0851143700787402
21
-0.1269220078740158
0
LINE
8
BLACK
6
CONTINUOUS
10
-0.0851143700787402
20
-0.1269220078740158
11
-0.1038620078740157
21
-0.1269220078740158
0
LINE
8
BLACK
6
CONTINUOUS
10
-0.1038620078740157
20
-0.1269220078740158
11
-0.1044380708661417
21
-0.1268652755905512
0
LINE
8
BLACK
6
CONTINUOUS
10
-0.1044380708661417
20
-0.1268652755905512
11
-0.1055024803149606
21
-0.1264243700787402
0
LINE
8
BLACK
6
CONTINUOUS
10
-0.1055024803149606
20
-0.1264243700787402
11
-0.106317125984252
21
-0.1256097244094488
0
LINE
8
BLACK
6
CONTINUOUS
10
-0.106317125984252
20
-0.1256097244094488
11
-0.106758031496063
21
-0.1245453149606299
0
LINE
8
BLACK
6
CONTINUOUS
10
-0.106758031496063
20
-0.1245453149606299
11
-0.1068147637795276
21
-0.1239692519685039
0
LINE
8
BLACK
6
CONTINUOUS
10
-0.1068147637795276
20
-0.1239692519685039
11
-0.1068147637795276
21
-0.0845991732283465
0
LINE
8
BLACK
6
CONTINUOUS
10
-0.1068147637795276
20
-0.0845991732283465
11
-0.106758031496063
21
-0.0840231102362205
0
LINE
8
BLACK
6
CONTINUOUS
10
-0.106758031496063
20
-0.0840231102362205
11
-0.106317125984252
21
-0.0829587007874016
0
LINE
8
BLACK
6
CONTINUOUS
10
-0.106317125984252
20
-0.0829587007874016
11
-0.1055024803149606
21
-0.0821440551181102
0
LINE
8
BLACK
6
CONTINUOUS
10
-0.1055024803149606
20
-0.0821440551181102
11
-0.1044380708661417
21
-0.0817031496062992
0
LINE
8
BLACK
6
CONTINUOUS
10
-0.1044380708661417
20
-0.0817031496062992
11
-0.1038620078740157
21
-0.0816464173228346
0
LINE
8
BLACK
6
CONTINUOUS
10
-0.1038620078740157
20
-0.0816464173228346
11
-0.0851143700787402
21
-0.0816464173228346
0
LINE
8
BLACK
6
CONTINUOUS
10
-0.0851143700787402
20
-0.0816464173228346
11
-0.0845383070866142
21
-0.0817031496062992
0
LINE
8
BLACK
6
CONTINUOUS
10
-0.0229555511811024
20
-0.0816751181102362
11
-0.0228777952755905
21
-0.0816696062992126
0
LINE
8
BLACK
6
CONTINUOUS
10
-0.0228777952755905
20
-0.0816696062992126
11
-0.0227755511811024
21
-0.0816928346456693
0
LINE
8
BLACK
6
CONTINUOUS
10
-0.0227755511811024
20
-0.0816928346456693
11
-0.0226710236220472
21
-0.0817031496062992
0
LINE
8
BLACK
6
CONTINUOUS
10
-0.0226710236220472
20
-0.0817031496062992
11
-0.022598937007874
21
-0.0817329921259843
0
LINE
8
BLACK
6
CONTINUOUS
10
-0.022598937007874
20
-0.0817329921259843
11
-0.0223133464566929
21
-0.0817979527559055
0
LINE
8
BLACK
6
CONTINUOUS
10
-0.0223133464566929
20
-0.0817979527559055
11
-0.0166890551181102
21
-0.0836727165354331
0
LINE
8
BLACK
6
CONTINUOUS
10
-0.0166890551181102
20
-0.0836727165354331
11
-0.0161605118110236
21
-0.0839087007874016
0
LINE
8
BLACK
6
CONTINUOUS
10
-0.0161605118110236
20
-0.0839087007874016
11
-0.0160803937007874
21
-0.0839781889763779
0
LINE
8
BLACK
6
CONTINUOUS
10
-0.0160803937007874
20
-0.0839781889763779
11
-0.0159823228346457
21
-0.0840188188976378
0
LINE
8
BLACK
6
CONTINUOUS
10
-0.0159823228346457
20
-0.0840188188976378
11
-0.0155348818897638
21
-0.0843860236220472
0
LINE
8
BLACK
6
CONTINUOUS
10
-0.0155348818897638
20
-0.0843860236220472
11
-0.0136601181102362
21
-0.0862607874015748
0
LINE
8
BLACK
6
CONTINUOUS
10
-0.0136601181102362
20
-0.0862607874015748
11
-0.0132929133858268
21
-0.0867082283464567
0
LINE
8
BLACK
6
CONTINUOUS
10
-0.0132929133858268
20
-0.0867082283464567
11
-0.0128520078740157
21
-0.0877726377952756
0
LINE
8
BLACK
6
CONTINUOUS
10
-0.0128520078740157
20
-0.0877726377952756
11
-0.0128520078740157
21
-0.0889247244094488
0
LINE
8
BLACK
6
CONTINUOUS
10
-0.0128520078740157
20
-0.0889247244094488
11
-0.0132929133858268
21
-0.0899891338582677
0
LINE
8
BLACK
6
CONTINUOUS
10
-0.0132929133858268
20
-0.0899891338582677
11
-0.0141075984251969
21
-0.0908038188976378
0
LINE
8
BLACK
6
CONTINUOUS
10
-0.0141075984251969
20
-0.0908038188976378
11
-0.0151720078740157
21
-0.0912447244094488
0
LINE
8
BLACK
6
CONTINUOUS
10
-0.0151720078740157
20
-0.0912447244094488
11
-0.016324094488189
21
-0.0912447244094488
0
LINE
8
BLACK
6
CONTINUOUS
10
-0.016324094488189
20
-0.0912447244094488
11
-0.0173885039370079
21
-0.0908038188976378
0
LINE
8
BLACK
6
CONTINUOUS
10
-0.0173885039370079
20
-0.0908038188976378
11
-0.0178359448818898
21
-0.0904366141732283
0
LINE
8
BLACK
6
CONTINUOUS
10
-0.0178359448818898
20
-0.0904366141732283
11
-0.0192178346456693
21
-0.0890547244094488
0
LINE
8
BLACK
6
CONTINUOUS
10
-0.0192178346456693
20
-0.0890547244094488
11
-0.0237262204724409
21
-0.0875519291338583
0
LINE
8
BLACK
6
CONTINUOUS
10
-0.0237262204724409
20
-0.0875519291338583
11
-0.0265174803149606
21
-0.0875519291338583
0
LINE
8
BLACK
6
CONTINUOUS
10
-0.0265174803149606
20
-0.0875519291338583
11
-0.0310258661417323
21
-0.0890547244094488
0
LINE
8
BLACK
6
CONTINUOUS
10
-0.0310258661417323
20
-0.0890547244094488
11
-0.0339437007874016
21
-0.0919725590551181
0
LINE
8
BLACK
6
CONTINUOUS
10
-0.0339437007874016
20
-0.0919725590551181
11
-0.0354592125984252
21
-0.0950035433070866
0
LINE
8
BLACK
6
CONTINUOUS
10
-0.0354592125984252
20
-0.0950035433070866
11
-0.0371672047244095
21
-0.1018355905511811
0
LINE
8
BLACK
6
CONTINUOUS
10
-0.0371672047244095
20
-0.1018355905511811
11
-0.0371672047244095
21
-0.1067327952755906
0
LINE
8
BLACK
6
CONTINUOUS
10
-0.0371672047244095
20
-0.1067327952755906
11
-0.0354592125984252
21
-0.113564842519685
0
LINE
8
BLACK
6
CONTINUOUS
10
-0.0354592125984252
20
-0.113564842519685
11
-0.0339437007874016
21
-0.1165958267716535
0
LINE
8
BLACK
6
CONTINUOUS
10
-0.0339437007874016
20
-0.1165958267716535
11
-0.0310258661417323
21
-0.1195137007874016
0
LINE
8
BLACK
6
CONTINUOUS
10
-0.0310258661417323
20
-0.1195137007874016
11
-0.0265174803149606
21
-0.1210164960629921
0
LINE
8
BLACK
6
CONTINUOUS
10
-0.0265174803149606
20
-0.1210164960629921
11
-0.0237262204724409
21
-0.1210164960629921
0
LINE
8
BLACK
6
CONTINUOUS
10
-0.0237262204724409
20
-0.1210164960629921
11
-0.0192178346456693
21
-0.1195136614173228
0
LINE
8
BLACK
6
CONTINUOUS
10
-0.0192178346456693
20
-0.1195136614173228
11
-0.0178359842519685
21
-0.118131811023622
0
LINE
8
BLACK
6
CONTINUOUS
10
-0.0178359842519685
20
-0.118131811023622
11
-0.0173885039370079
21
-0.1177645669291339
0
LINE
8
BLACK
6
CONTINUOUS
10
-0.0173885039370079
20
-0.1177645669291339
11
-0.016324094488189
21
-0.1173236614173228
0
LINE
8
BLACK
6
CONTINUOUS
10
-0.016324094488189
20
-0.1173236614173228
11
-0.0151720078740157
21
-0.1173236614173228
0
LINE
8
BLACK
6
CONTINUOUS
10
-0.0151720078740157
20
-0.1173236614173228
11
-0.0141075984251969
21
-0.1177645275590551
0
LINE
8
BLACK
6
CONTINUOUS
10
-0.0141075984251969
20
-0.1177645275590551
11
-0.0132929133858268
21
-0.1185792125984252
0
LINE
8
BLACK
6
CONTINUOUS
10
-0.0132929133858268
20
-0.1185792125984252
11
-0.0128520078740157
21
-0.1196436220472441
0
LINE
8
BLACK
6
CONTINUOUS
10
-0.0128520078740157
20
-0.1196436220472441
11
-0.0128520078740157
21
-0.1207957086614173
0
LINE
8
BLACK
6
CONTINUOUS
10
-0.0128520078740157
20
-0.1207957086614173
11
-0.013292874015748
21
-0.1218601181102362
0
LINE
8
BLACK
6
CONTINUOUS
10
-0.013292874015748
20
-0.1218601181102362
11
-0.0136601181102362
21
-0.1223075984251969
0
LINE
8
BLACK
6
CONTINUOUS
10
-0.0136601181102362
20
-0.1223075984251969
11
-0.015534842519685
21
-0.1241823622047244
0
LINE
8
BLACK
6
CONTINUOUS
10
-0.015534842519685
20
-0.1241823622047244
11
-0.0159823228346457
21
-0.1245496062992126
0
LINE
8
BLACK
6
CONTINUOUS
10
-0.0159823228346457
20
-0.1245496062992126
11
-0.0160803937007874
21
-0.1245901968503937
0
LINE
8
BLACK
6
CONTINUOUS
10
-0.0160803937007874
20
-0.1245901968503937
11
-0.0161605118110236
21
-0.1246597244094488
0
LINE
8
BLACK
6
CONTINUOUS
10
-0.0161605118110236
20
-0.1246597244094488
11
-0.0166890551181102
21
-0.1248957086614173
0
LINE
8
BLACK
6
CONTINUOUS
10
-0.0166890551181102
20
-0.1248957086614173
11
-0.0223133464566929
21
-0.1267704724409449
0
LINE
8
BLACK
6
CONTINUOUS
10
-0.0223133464566929
20
-0.1267704724409449
11
-0.022598937007874
21
-0.1268353937007874
0
LINE
8
BLACK
6
CONTINUOUS
10
-0.022598937007874
20
-0.1268353937007874
11
-0.0226710236220472
21
-0.1268652755905512
0
LINE
8
BLACK
6
CONTINUOUS
10
-0.0226710236220472
20
-0.1268652755905512
11
-0.0227755511811024
21
-0.1268755511811024
0
LINE
8
BLACK
6
CONTINUOUS
10
-0.0227755511811024
20
-0.1268755511811024
11
-0.0228777952755905
21
-0.1268988188976378
0
LINE
8
BLACK
6
CONTINUOUS
10
-0.0228777952755905
20
-0.1268988188976378
11
-0.0229555511811024
21
-0.1268932677165354
0
LINE
8
BLACK
6
CONTINUOUS
10
-0.0229555511811024
20
-0.1268932677165354
11
-0.0232470866141732
21
-0.1269220078740158
0
LINE
8
BLACK
6
CONTINUOUS
10
-0.0232470866141732
20
-0.1269220078740158
11
-0.0269966141732283
21
-0.1269220078740158
0
LINE
8
BLACK
6
CONTINUOUS
10
-0.0269966141732283
20
-0.1269220078740158
11
-0.0272882283464567
21
-0.1268932677165354
0
LINE
8
BLACK
6
CONTINUOUS
10
-0.0272882283464567
20
-0.1268932677165354
11
-0.0273659448818898
21
-0.1268988188976378
0
LINE
8
BLACK
6
CONTINUOUS
10
-0.0273659448818898
20
-0.1268988188976378
11
-0.0274682283464567
21
-0.1268755511811024
0
LINE
8
BLACK
6
CONTINUOUS
10
-0.0274682283464567
20
-0.1268755511811024
11
-0.0275726771653543
21
-0.1268652755905512
0
LINE
8
BLACK
6
CONTINUOUS
10
-0.0275726771653543
20
-0.1268652755905512
11
-0.0276447637795276
21
-0.1268353937007874
0
LINE
8
BLACK
6
CONTINUOUS
10
-0.0276447637795276
20
-0.1268353937007874
11
-0.0279303937007874
21
-0.1267704724409449
0
LINE
8
BLACK
6
CONTINUOUS
10
-0.0279303937007874
20
-0.1267704724409449
11
-0.0335546456692913
21
-0.1248957086614173
0
LINE
8
BLACK
6
CONTINUOUS
10
-0.0335546456692913
20
-0.1248957086614173
11
-0.0340832283464567
21
-0.1246597244094488
0
LINE
8
BLACK
6
CONTINUOUS
10
-0.0340832283464567
20
-0.1246597244094488
11
-0.0341633464566929
21
-0.1245902362204724
0
LINE
8
BLACK
6
CONTINUOUS
10
-0.0341633464566929
20
-0.1245902362204724
11
-0.0342613779527559
21
-0.1245496456692913
0
LINE
8
BLACK
6
CONTINUOUS
10
-0.0342613779527559
20
-0.1245496456692913
11
-0.0347088188976378
21
-0.1241824015748031
0
LINE
8
BLACK
6
CONTINUOUS
10
-0.0347088188976378
20
-0.1241824015748031
11
-0.0384583464566929
21
-0.1204328346456693
0
LINE
8
BLACK
6
CONTINUOUS
10
-0.0384583464566929
20
-0.1204328346456693
11
-0.0386441338582677
21
-0.1202064566929134
0
LINE
8
BLACK
6
CONTINUOUS
10
-0.0386441338582677
20
-0.1202064566929134
11
-0.0387031102362205
21
-0.1201553149606299
0
LINE
8
BLACK
6
CONTINUOUS
10
-0.0387031102362205
20
-0.1201553149606299
11
-0.038759094488189
21
-0.1200663779527559
0
LINE
8
BLACK
6
CONTINUOUS
10
-0.038759094488189
20
-0.1200663779527559
11
-0.0388255905511811
21
-0.1199853543307087
0
LINE
8
BLACK
6
CONTINUOUS
10
-0.0388255905511811
20
-0.1199853543307087
11
-0.0388554330708661
21
-0.1199133070866142
0
LINE
8
BLACK
6
CONTINUOUS
10
-0.0388554330708661
20
-0.1199133070866142
11
-0.0390114566929134
21
-0.1196654330708661
0
LINE
8
BLACK
6
CONTINUOUS
10
-0.0390114566929134
20
-0.1196654330708661
11
-0.0408862204724409
21
-0.115915905511811
0
LINE
8
BLACK
6
CONTINUOUS
10
-0.0408862204724409
20
-0.115915905511811
11
-0.0409023622047244
21
-0.115873779527559
0
LINE
8
BLACK
6
CONTINUOUS
10
-0.0409023622047244
20
-0.115873779527559
11
-0.0409150393700787
21
-0.1158566535433071
0
LINE
8
BLACK
6
CONTINUOUS
10
-0.0409150393700787
20
-0.1158566535433071
11
-0.0410014960629921
21
-0.1156146850393701
0
LINE
8
BLACK
6
CONTINUOUS
10
-0.0410014960629921
20
-0.1156146850393701
11
-0.0410931102362205
21
-0.1153752755905512
0
LINE
8
BLACK
6
CONTINUOUS
10
-0.0410931102362205
20
-0.1153752755905512
11
-0.0410946456692913
21
-0.1153540157480315
0
LINE
8
BLACK
6
CONTINUOUS
10
-0.0410946456692913
20
-0.1153540157480315
11
-0.0411098031496063
21
-0.1153115354330709
0
LINE
8
BLACK
6
CONTINUOUS
10
-0.0411098031496063
20
-0.1153115354330709
11
-0.0429845669291339
21
-0.1078124803149606
0
LINE
8
BLACK
6
CONTINUOUS
10
-0.0429845669291339
20
-0.1078124803149606
11
-0.0429993700787402
21
-0.1077125984251968
0
LINE
8
BLACK
6
CONTINUOUS
10
-0.0429993700787402
20
-0.1077125984251968
11
-0.0430159842519685
21
-0.1076724015748032
0
LINE
8
BLACK
6
CONTINUOUS
10
-0.0430159842519685
20
-0.1076724015748032
11
-0.0430373622047244
21
-0.1074553543307087
0
LINE
8
BLACK
6
CONTINUOUS
10
-0.0430373622047244
20
-0.1074553543307087
11
-0.0430692125984252
21
-0.1072398818897638
0
LINE
8
BLACK
6
CONTINUOUS
10
-0.0430692125984252
20
-0.1072398818897638
11
-0.0430628346456693
21
-0.1071968503937008
0
LINE
8
BLACK
6
CONTINUOUS
10
-0.0430628346456693
20
-0.1071968503937008
11
-0.0430727165354331
21
-0.1070963385826772
0
LINE
8
BLACK
6
CONTINUOUS
10
-0.0430727165354331
20
-0.1070963385826772
11
-0.0430727165354331
21
-0.1014720472440945
0
LINE
8
BLACK
6
CONTINUOUS
10
-0.0430727165354331
20
-0.1014720472440945
11
-0.0430628346456693
21
-0.1013714960629921
0
LINE
8
BLACK
6
CONTINUOUS
10
-0.0430628346456693
20
-0.1013714960629921
11
-0.0430692125984252
21
-0.1013285039370079
0
LINE
8
BLACK
6
CONTINUOUS
10
-0.0430692125984252
20
-0.1013285039370079
11
-0.0430373622047244
21
-0.1011129921259842
0
LINE
8
BLACK
6
CONTINUOUS
10
-0.0430373622047244
20
-0.1011129921259842
11
-0.0430159842519685
21
-0.1008959842519685
0
LINE
8
BLACK
6
CONTINUOUS
10
-0.0430159842519685
20
-0.1008959842519685
11
-0.0429993700787402
21
-0.1008557480314961
0
LINE
8
BLACK
6
CONTINUOUS
10
-0.0429993700787402
20
-0.1008557480314961
11
-0.0429845669291339
21
-0.100755905511811
0
LINE
8
BLACK
6
CONTINUOUS
10
-0.0429845669291339
20
-0.100755905511811
11
-0.0411098031496063
21
-0.0932568503937008
0
LINE
8
BLACK
6
CONTINUOUS
10
-0.0411098031496063
20
-0.0932568503937008
11
-0.0410946456692913
21
-0.0932143307086614
0
LINE
8
BLACK
6
CONTINUOUS
10
-0.0410946456692913
20
-0.0932143307086614
11
-0.0410931102362205
21
-0.0931931102362205
0
LINE
8
BLACK
6
CONTINUOUS
10
-0.0410931102362205
20
-0.0931931102362205
11
-0.0410011023622047
21
-0.0929526377952756
0
LINE
8
BLACK
6
CONTINUOUS
10
-0.0410011023622047
20
-0.0929526377952756
11
-0.0409150393700787
21
-0.0927117322834646
0
LINE
8
BLACK
6
CONTINUOUS
10
-0.0409150393700787
20
-0.0927117322834646
11
-0.0409023622047244
21
-0.0926945669291339
0
LINE
8
BLACK
6
CONTINUOUS
10
-0.0409023622047244
20
-0.0926945669291339
11
-0.0408862204724409
21
-0.0926524803149606
0
LINE
8
BLACK
6
CONTINUOUS
10
-0.0408862204724409
20
-0.0926524803149606
11
-0.0390114566929134
21
-0.0889029527559055
0
LINE
8
BLACK
6
CONTINUOUS
10
-0.0390114566929134
20
-0.0889029527559055
11
-0.0388553937007874
21
-0.0886549212598425
0
LINE
8
BLACK
6
CONTINUOUS
10
-0.0388553937007874
20
-0.0886549212598425
11
-0.0388255511811024
21
-0.0885829921259843
0
LINE
8
BLACK
6
CONTINUOUS
10
-0.0388255511811024
20
-0.0885829921259843
11
-0.038759094488189
21
-0.0885020078740157
0
LINE
8
BLACK
6
CONTINUOUS
10
-0.038759094488189
20
-0.0885020078740157
11
-0.0387031102362205
21
-0.0884130708661417
0
LINE
8
BLACK
6
CONTINUOUS
10
-0.0387031102362205
20
-0.0884130708661417
11
-0.0386441338582677
21
-0.0883618897637795
0
LINE
8
BLACK
6
CONTINUOUS
10
-0.0386441338582677
20
-0.0883618897637795
11
-0.0384583464566929
21
-0.0881355511811024
0
LINE
8
BLACK
6
CONTINUOUS
10
-0.0384583464566929
20
-0.0881355511811024
11
-0.0347088188976378
21
-0.0843860236220472
0
LINE
8
BLACK
6
CONTINUOUS
10
-0.0347088188976378
20
-0.0843860236220472
11
-0.0342613779527559
21
-0.0840187795275591
0
LINE
8
BLACK
6
CONTINUOUS
10
-0.0342613779527559
20
-0.0840187795275591
11
-0.0341633464566929
21
-0.0839781496062992
0
LINE
8
BLACK
6
CONTINUOUS
10
-0.0341633464566929
20
-0.0839781496062992
11
-0.0340832283464567
21
-0.0839087007874016
0
LINE
8
BLACK
6
CONTINUOUS
10
-0.0340832283464567
20
-0.0839087007874016
11
-0.0335546456692913
21
-0.0836727165354331
0
LINE
8
BLACK
6
CONTINUOUS
10
-0.0335546456692913
20
-0.0836727165354331
11
-0.0279303937007874
21
-0.0817979527559055
0
LINE
8
BLACK
6
CONTINUOUS
10
-0.0279303937007874
20
-0.0817979527559055
11
-0.0276447637795276
21
-0.0817329921259843
0
LINE
8
BLACK
6
CONTINUOUS
10
-0.0276447637795276
20
-0.0817329921259843
11
-0.0275726771653543
21
-0.0817031496062992
0
LINE
8
BLACK
6
CONTINUOUS
10
-0.0275726771653543
20
-0.0817031496062992
11
-0.0274682283464567
21
-0.0816928346456693
0
LINE
8
BLACK
6
CONTINUOUS
10
-0.0274682283464567
20
-0.0816928346456693
11
-0.0273659448818898
21
-0.0816696062992126
0
LINE
8
BLACK
6
CONTINUOUS
10
-0.0273659448818898
20
-0.0816696062992126
11
-0.0272882283464567
21
-0.0816751181102362
0
LINE
8
BLACK
6
CONTINUOUS
10
-0.0272882283464567
20
-0.0816751181102362
11
-0.0269966141732283
21
-0.0816464173228346
0
LINE
8
BLACK
6
CONTINUOUS
10
-0.0269966141732283
20
-0.0816464173228346
11
-0.0232470866141732
21
-0.0816464173228346
0
LINE
8
BLACK
6
CONTINUOUS
10
-0.0232470866141732
20
-0.0816464173228346
11
-0.0229555511811024
21
-0.0816751181102362
0
LINE
8
BLACK
6
CONTINUOUS
10
0.0107823622047244
20
-0.0817031496062992
11
0.0110747637795276
21
-0.0817031496062992
0
LINE
8
BLACK
6
CONTINUOUS
10
0.0110747637795276
20
-0.0817031496062992
11
0.0113420078740157
21
-0.0818138582677165
0
LINE
8
BLACK
6
CONTINUOUS
10
0.0113420078740157
20
-0.0818138582677165
11
0.0116258267716535
21
-0.08187
0
LINE
8
BLACK
6
CONTINUOUS
10
0.0116258267716535
20
-0.08187
11
0.011869094488189
21
-0.0820321653543307
0
LINE
8
BLACK
6
CONTINUOUS
10
0.011869094488189
20
-0.0820321653543307
11
0.0121391732283465
21
-0.0821440551181102
0
LINE
8
BLACK
6
CONTINUOUS
10
0.0121391732283465
20
-0.0821440551181102
11
0.0123436220472441
21
-0.0823485039370079
0
LINE
8
BLACK
6
CONTINUOUS
10
0.0123436220472441
20
-0.0823485039370079
11
0.0125844488188976
21
-0.0825090551181102
0
LINE
8
BLACK
6
CONTINUOUS
10
0.0125844488188976
20
-0.0825090551181102
11
0.0127471653543307
21
-0.0827520472440945
0
LINE
8
BLACK
6
CONTINUOUS
10
0.0127471653543307
20
-0.0827520472440945
11
0.0129538188976378
21
-0.0829587007874016
0
LINE
8
BLACK
6
CONTINUOUS
10
0.0129538188976378
20
-0.0829587007874016
11
0.0130644881889764
21
-0.083225905511811
0
LINE
8
BLACK
6
CONTINUOUS
10
0.0130644881889764
20
-0.083225905511811
11
0.0132255118110236
21
-0.0834663385826772
0
LINE
8
BLACK
6
CONTINUOUS
10
0.0132255118110236
20
-0.0834663385826772
11
0.0132828346456693
21
-0.0837529921259842
0
LINE
8
BLACK
6
CONTINUOUS
10
0.0132828346456693
20
-0.0837529921259842
11
0.0133947244094488
21
-0.0840231102362205
0
LINE
8
BLACK
6
CONTINUOUS
10
0.0133947244094488
20
-0.0840231102362205
11
0.0134508267716535
21
-0.084593031496063
0
LINE
8
BLACK
6
CONTINUOUS
10
0.0134508267716535
20
-0.084593031496063
11
0.0134514566929134
21
-0.084596062992126
0
LINE
8
BLACK
6
CONTINUOUS
10
0.0134514566929134
20
-0.084596062992126
11
0.0134512204724409
21
-0.0845970866141732
0
LINE
8
BLACK
6
CONTINUOUS
10
0.0134512204724409
20
-0.0845970866141732
11
0.0134514566929134
21
-0.0845991732283465
0
LINE
8
BLACK
6
CONTINUOUS
10
0.0134514566929134
20
-0.0845991732283465
11
0.0134514566929134
21
-0.1210164960629921
0
LINE
8
BLACK
6
CONTINUOUS
10
0.0134514566929134
20
-0.1210164960629921
11
0.0217472834645669
21
-0.1210164960629921
0
LINE
8
BLACK
6
CONTINUOUS
10
0.0217472834645669
20
-0.1210164960629921
11
0.0223233464566929
21
-0.1210732283464567
0
LINE
8
BLACK
6
CONTINUOUS
10
0.0223233464566929
20
-0.1210732283464567
11
0.0233877559055118
21
-0.1215141338582677
0
LINE
8
BLACK
6
CONTINUOUS
10
0.0233877559055118
20
-0.1215141338582677
11
0.0242024015748031
21
-0.1223287795275591
0
LINE
8
BLACK
6
CONTINUOUS
10
0.0242024015748031
20
-0.1223287795275591
11
0.0246433070866142
21
-0.123393188976378
0
LINE
8
BLACK
6
CONTINUOUS
10
0.0246433070866142
20
-0.123393188976378
11
0.0246433070866142
21
-0.1245453149606299
0
LINE
8
BLACK
6
CONTINUOUS
10
0.0246433070866142
20
-0.1245453149606299
11
0.0242024015748031
21
-0.1256097244094488
0
LINE
8
BLACK
6
CONTINUOUS
10
0.0242024015748031
20
-0.1256097244094488
11
0.0233877559055118
21
-0.1264243700787402
0
LINE
8
BLACK
6
CONTINUOUS
10
0.0233877559055118
20
-0.1264243700787402
11
0.0223233464566929
21
-0.1268652755905512
0
LINE
8
BLACK
6
CONTINUOUS
10
0.0223233464566929
20
-0.1268652755905512
11
0.0217472834645669
21
-0.1269220078740158
0
LINE
8
BLACK
6
CONTINUOUS
10
0.0217472834645669
20
-0.1269220078740158
11
-0.0007498818897638
21
-0.1269220078740158
0
LINE
8
BLACK
6
CONTINUOUS
10
-0.0007498818897638
20
-0.1269220078740158
11
-0.0013259448818898
21
-0.1268652755905512
0
LINE
8
BLACK
6
CONTINUOUS
10
-0.0013259448818898
20
-0.1268652755905512
11
-0.0023903543307087
21
-0.1264243700787402
0
LINE
8
BLACK
6
CONTINUOUS
10
-0.0023903543307087
20
-0.1264243700787402
11
-0.003205
21
-0.1256097244094488
0
LINE
8
BLACK
6
CONTINUOUS
10
-0.003205
20
-0.1256097244094488
11
-0.003645905511811
21
-0.1245453149606299
0
LINE
8
BLACK
6
CONTINUOUS
10
-0.003645905511811
20
-0.1245453149606299
11
-0.003645905511811
21
-0.123393188976378
0
LINE
8
BLACK
6
CONTINUOUS
10
-0.003645905511811
20
-0.123393188976378
11
-0.003205
21
-0.1223287795275591
0
LINE
8
BLACK
6
CONTINUOUS
10
-0.003205
20
-0.1223287795275591
11
-0.0023903543307087
21
-0.1215141338582677
0
LINE
8
BLACK
6
CONTINUOUS
10
-0.0023903543307087
20
-0.1215141338582677
11
-0.0013259448818898
21
-0.1210732283464567
0
LINE
8
BLACK
6
CONTINUOUS
10
-0.0013259448818898
20
-0.1210732283464567
11
-0.0007498818897638
21
-0.1210164960629921
0
LINE
8
BLACK
6
CONTINUOUS
10
-0.0007498818897638
20
-0.1210164960629921
11
0.0075459448818898
21
-0.1210164960629921
0
LINE
8
BLACK
6
CONTINUOUS
10
0.0075459448818898
20
-0.1210164960629921
11
0.0075459448818898
21
-0.0936025196850394
0
LINE
8
BLACK
6
CONTINUOUS
10
0.0075459448818898
20
-0.0936025196850394
11
0.0050875590551181
21
-0.096060905511811
0
LINE
8
BLACK
6
CONTINUOUS
10
0.0050875590551181
20
-0.096060905511811
11
0.0048611811023622
21
-0.0962466535433071
0
LINE
8
BLACK
6
CONTINUOUS
10
0.0048611811023622
20
-0.0962466535433071
11
0.0048100393700787
21
-0.0963056692913386
0
LINE
8
BLACK
6
CONTINUOUS
10
0.0048100393700787
20
-0.0963056692913386
11
0.004721062992126
21
-0.0963616141732283
0
LINE
8
BLACK
6
CONTINUOUS
10
0.004721062992126
20
-0.0963616141732283
11
0.0046401181102362
21
-0.0964281102362205
0
LINE
8
BLACK
6
CONTINUOUS
10
0.0046401181102362
20
-0.0964281102362205
11
0.0045681496062992
21
-0.0964579133858268
0
LINE
8
BLACK
6
CONTINUOUS
10
0.0045681496062992
20
-0.0964579133858268
11
0.004320157480315
21
-0.0966140157480315
0
LINE
8
BLACK
6
CONTINUOUS
10
0.004320157480315
20
-0.0966140157480315
11
0.0005706299212598
21
-0.0984887795275591
0
LINE
8
BLACK
6
CONTINUOUS
10
0.0005706299212598
20
-0.0984887795275591
11
0.00003
21
-0.0986956692913386
0
LINE
8
BLACK
6
CONTINUOUS
10
0.00003
20
-0.0986956692913386
11
-0.0011192125984252
21
-0.0987773228346457
0
LINE
8
BLACK
6
CONTINUOUS
10
-0.0011192125984252
20
-0.0987773228346457
11
-0.0022121653543307
21
-0.0984129921259843
0
LINE
8
BLACK
6
CONTINUOUS
10
-0.0022121653543307
20
-0.0984129921259843
11
-0.0030825590551181
21
-0.0976581496062992
0
LINE
8
BLACK
6
CONTINUOUS
10
-0.0030825590551181
20
-0.0976581496062992
11
-0.0035977952755906
21
-0.0966276377952756
0
LINE
8
BLACK
6
CONTINUOUS
10
-0.0035977952755906
20
-0.0966276377952756
11
-0.0036794488188976
21
-0.0954784251968504
0
LINE
8
BLACK
6
CONTINUOUS
10
-0.0036794488188976
20
-0.0954784251968504
11
-0.0033151181102362
21
-0.0943854724409449
0
LINE
8
BLACK
6
CONTINUOUS
10
-0.0033151181102362
20
-0.0943854724409449
11
-0.0025602755905512
21
-0.0935150787401575
0
LINE
8
BLACK
6
CONTINUOUS
10
-0.0025602755905512
20
-0.0935150787401575
11
-0.0020703937007874
21
-0.0932067322834646
0
LINE
8
BLACK
6
CONTINUOUS
10
-0.0020703937007874
20
-0.0932067322834646
11
0.0012505511811024
21
-0.0915462598425197
0
LINE
8
BLACK
6
CONTINUOUS
10
0.0012505511811024
20
-0.0915462598425197
11
0.0044544488188976
21
-0.0883423622047244
0
LINE
8
BLACK
6
CONTINUOUS
10
0.0044544488188976
20
-0.0883423622047244
11
0.0080418503937008
21
-0.0829612598425197
0
LINE
8
BLACK
6
CONTINUOUS
10
0.0080418503937008
20
-0.0829612598425197
11
0.008043188976378
21
-0.0829595669291339
0
LINE
8
BLACK
6
CONTINUOUS
10
0.008043188976378
20
-0.0829595669291339
11
0.0080435826771654
21
-0.0829587007874016
0
LINE
8
BLACK
6
CONTINUOUS
10
0.0080435826771654
20
-0.0829587007874016
11
0.0080455905511811
21
-0.0829566535433071
0
LINE
8
BLACK
6
CONTINUOUS
10
0.0080455905511811
20
-0.0829566535433071
11
0.0084086220472441
21
-0.0825134251968504
0
LINE
8
BLACK
6
CONTINUOUS
10
0.0084086220472441
20
-0.0825134251968504
11
0.0086514960629921
21
-0.0823507480314961
0
LINE
8
BLACK
6
CONTINUOUS
10
0.0086514960629921
20
-0.0823507480314961
11
0.0088582283464567
21
-0.0821440551181102
0
LINE
8
BLACK
6
CONTINUOUS
10
0.0088582283464567
20
-0.0821440551181102
11
0.0091255118110236
21
-0.0820333070866142
0
LINE
8
BLACK
6
CONTINUOUS
10
0.0091255118110236
20
-0.0820333070866142
11
0.009365905511811
21
-0.0818723622047244
0
LINE
8
BLACK
6
CONTINUOUS
10
0.009365905511811
20
-0.0818723622047244
11
0.0096525196850394
21
-0.081815
0
LINE
8
BLACK
6
CONTINUOUS
10
0.0096525196850394
20
-0.081815
11
0.0099226377952756
21
-0.0817031496062992
0
LINE
8
BLACK
6
CONTINUOUS
10
0.0099226377952756
20
-0.0817031496062992
11
0.0102119291338583
21
-0.0817031496062992
0
LINE
8
BLACK
6
CONTINUOUS
10
0.0102119291338583
20
-0.0817031496062992
11
0.0104955905511811
21
-0.0816464173228346
0
LINE
8
BLACK
6
CONTINUOUS
10
0.0104955905511811
20
-0.0816464173228346
11
0.0107823622047244
21
-0.0817031496062992
0
LINE
8
BLACK
6
CONTINUOUS
10
0.0970215748031496
20
-0.0817031496062992
11
0.0973139763779527
21
-0.0817031496062992
0
LINE
8
BLACK
6
CONTINUOUS
10
0.0973139763779527
20
-0.0817031496062992
11
0.0975812204724409
21
-0.0818138582677165
0
LINE
8
BLACK
6
CONTINUOUS
10
0.0975812204724409
20
-0.0818138582677165
11
0.0978650393700787
21
-0.08187
0
LINE
8
BLACK
6
CONTINUOUS
10
0.0978650393700787
20
-0.08187
11
0.0981083070866142
21
-0.0820321653543307
0
LINE
8
BLACK
6
CONTINUOUS
10
0.0981083070866142
20
-0.0820321653543307
11
0.0983783858267716
21
-0.0821440551181102
0
LINE
8
BLACK
6
CONTINUOUS
10
0.0983783858267716
20
-0.0821440551181102
11
0.0985828346456693
21
-0.0823485039370079
0
LINE
8
BLACK
6
CONTINUOUS
10
0.0985828346456693
20
-0.0823485039370079
11
0.0988236614173228
21
-0.0825090551181102
0
LINE
8
BLACK
6
CONTINUOUS
10
0.0988236614173228
20
-0.0825090551181102
11
0.0989863779527559
21
-0.0827520472440945
0
LINE
8
BLACK
6
CONTINUOUS
10
0.0989863779527559
20
-0.0827520472440945
11
0.099193031496063
21
-0.0829587007874016
0
LINE
8
BLACK
6
CONTINUOUS
10
0.099193031496063
20
-0.0829587007874016
11
0.0993037007874016
21
-0.083225905511811
0
LINE
8
BLACK
6
CONTINUOUS
10
0.0993037007874016
20
-0.083225905511811
11
0.0994647244094488
21
-0.0834663385826772
0
LINE
8
BLACK
6
CONTINUOUS
10
0.0994647244094488
20
-0.0834663385826772
11
0.0995220472440945
21
-0.0837529921259842
0
LINE
8
BLACK
6
CONTINUOUS
10
0.0995220472440945
20
-0.0837529921259842
11
0.099633937007874
21
-0.0840231102362205
0
LINE
8
BLACK
6
CONTINUOUS
10
0.099633937007874
20
-0.0840231102362205
11
0.0996900393700787
21
-0.084593031496063
0
LINE
8
BLACK
6
CONTINUOUS
10
0.0996900393700787
20
-0.084593031496063
11
0.0996906692913386
21
-0.084596062992126
0
LINE
8
BLACK
6
CONTINUOUS
10
0.0996906692913386
20
-0.084596062992126
11
0.0996904330708661
21
-0.0845970866141732
0
LINE
8
BLACK
6
CONTINUOUS
10
0.0996904330708661
20
-0.0845970866141732
11
0.0996906692913386
21
-0.0845991732283465
0
LINE
8
BLACK
6
CONTINUOUS
10
0.0996906692913386
20
-0.0845991732283465
11
0.0996906692913386
21
-0.1210164960629921
0
LINE
8
BLACK
6
CONTINUOUS
10
0.0996906692913386
20
-0.1210164960629921
11
0.1079864960629921
21
-0.1210164960629921
0
LINE
8
BLACK
6
CONTINUOUS
10
0.1079864960629921
20
-0.1210164960629921
11
0.1085625590551181
21
-0.1210732283464567
0
LINE
8
BLACK
6
CONTINUOUS
10
0.1085625590551181
20
-0.1210732283464567
11
0.109626968503937
21
-0.1215141338582677
0
LINE
8
BLACK
6
CONTINUOUS
10
0.109626968503937
20
-0.1215141338582677
11
0.1104416141732283
21
-0.1223287795275591
0
LINE
8
BLACK
6
CONTINUOUS
10
0.1104416141732283
20
-0.1223287795275591
11
0.1108825196850394
21
-0.123393188976378
0
LINE
8
BLACK
6
CONTINUOUS
10
0.1108825196850394
20
-0.123393188976378
11
0.1108825196850394
21
-0.1245453149606299
0
LINE
8
BLACK
6
CONTINUOUS
10
0.1108825196850394
20
-0.1245453149606299
11
0.1104416141732283
21
-0.1256097244094488
0
LINE
8
BLACK
6
CONTINUOUS
10
0.1104416141732283
20
-0.1256097244094488
11
0.109626968503937
21
-0.1264243700787402
0
LINE
8
BLACK
6
CONTINUOUS
10
0.109626968503937
20
-0.1264243700787402
11
0.1085625590551181
21
-0.1268652755905512
0
LINE
8
BLACK
6
CONTINUOUS
10
0.1085625590551181
20
-0.1268652755905512
11
0.1079864960629921
21
-0.1269220078740158
0
LINE
8
BLACK
6
CONTINUOUS
10
0.1079864960629921
20
-0.1269220078740158
11
0.0854893307086614
21
-0.1269220078740158
0
LINE
8
BLACK
6
CONTINUOUS
10
0.0854893307086614
20
-0.1269220078740158
11
0.0849132677165354
21
-0.1268652755905512
0
LINE
8
BLACK
6
CONTINUOUS
10
0.0849132677165354
20
-0.1268652755905512
11
0.0838488582677165
21
-0.1264243700787402
0
LINE
8
BLACK
6
CONTINUOUS
10
0.0838488582677165
20
-0.1264243700787402
11
0.0830342125984252
21
-0.1256097244094488
0
LINE
8
BLACK
6
CONTINUOUS
10
0.0830342125984252
20
-0.1256097244094488
11
0.0825933070866142
21
-0.1245453149606299
0
LINE
8
BLACK
6
CONTINUOUS
10
0.0825933070866142
20
-0.1245453149606299
11
0.0825933070866142
21
-0.123393188976378
0
LINE
8
BLACK
6
CONTINUOUS
10
0.0825933070866142
20
-0.123393188976378
11
0.0830342125984252
21
-0.1223287795275591
0
LINE
8
BLACK
6
CONTINUOUS
10
0.0830342125984252
20
-0.1223287795275591
11
0.0838488582677165
21
-0.1215141338582677
0
LINE
8
BLACK
6
CONTINUOUS
10
0.0838488582677165
20
-0.1215141338582677
11
0.0849132677165354
21
-0.1210732283464567
0
LINE
8
BLACK
6
CONTINUOUS
10
0.0849132677165354
20
-0.1210732283464567
11
0.0854893307086614
21
-0.1210164960629921
0
LINE
8
BLACK
6
CONTINUOUS
10
0.0854893307086614
20
-0.1210164960629921
11
0.093785157480315
21
-0.1210164960629921
0
LINE
8
BLACK
6
CONTINUOUS
10
0.093785157480315
20
-0.1210164960629921
11
0.093785157480315
21
-0.0936025196850394
0
LINE
8
BLACK
6
CONTINUOUS
10
0.093785157480315
20
-0.0936025196850394
11
0.0913267716535433
21
-0.096060905511811
0
LINE
8
BLACK
6
CONTINUOUS
10
0.0913267716535433
20
-0.096060905511811
11
0.0911003937007874
21
-0.0962466535433071
0
LINE
8
BLACK
6
CONTINUOUS
10
0.0911003937007874
20
-0.0962466535433071
11
0.0910492519685039
21
-0.0963056692913386
0
LINE
8
BLACK
6
CONTINUOUS
10
0.0910492519685039
20
-0.0963056692913386
11
0.0909602755905512
21
-0.0963616141732283
0
LINE
8
BLACK
6
CONTINUOUS
10
0.0909602755905512
20
-0.0963616141732283
11
0.0908793307086614
21
-0.0964281102362205
0
LINE
8
BLACK
6
CONTINUOUS
10
0.0908793307086614
20
-0.0964281102362205
11
0.0908073622047244
21
-0.0964579133858268
0
LINE
8
BLACK
6
CONTINUOUS
10
0.0908073622047244
20
-0.0964579133858268
11
0.0905593700787402
21
-0.0966140157480315
0
LINE
8
BLACK
6
CONTINUOUS
10
0.0905593700787402
20
-0.0966140157480315
11
0.086809842519685
21
-0.0984887795275591
0
LINE
8
BLACK
6
CONTINUOUS
10
0.086809842519685
20
-0.0984887795275591
11
0.0862692125984252
21
-0.0986956692913386
0
LINE
8
BLACK
6
CONTINUOUS
10
0.0862692125984252
20
-0.0986956692913386
11
0.08512
21
-0.0987773228346457
0
LINE
8
BLACK
6
CONTINUOUS
10
0.08512
20
-0.0987773228346457
11
0.0840270472440945
21
-0.0984129921259843
0
LINE
8
BLACK
6
CONTINUOUS
10
0.0840270472440945
20
-0.0984129921259843
11
0.0831566535433071
21
-0.0976581496062992
0
LINE
8
BLACK
6
CONTINUOUS
10
0.0831566535433071
20
-0.0976581496062992
11
0.0826414173228346
21
-0.0966276377952756
0
LINE
8
BLACK
6
CONTINUOUS
10
0.0826414173228346
20
-0.0966276377952756
11
0.0825597637795276
21
-0.0954784251968504
0
LINE
8
BLACK
6
CONTINUOUS
10
0.0825597637795276
20
-0.0954784251968504
11
0.082924094488189
21
-0.0943854724409449
0
LINE
8
BLACK
6
CONTINUOUS
10
0.082924094488189
20
-0.0943854724409449
11
0.083678937007874
21
-0.0935150787401575
0
LINE
8
BLACK
6
CONTINUOUS
10
0.083678937007874
20
-0.0935150787401575
11
0.0841688188976378
21
-0.0932067322834646
0
LINE
8
BLACK
6
CONTINUOUS
10
0.0841688188976378
20
-0.0932067322834646
11
0.0874897637795276
21
-0.0915462598425197
0
LINE
8
BLACK
6
CONTINUOUS
10
0.0874897637795276
20
-0.0915462598425197
11
0.0906936614173228
21
-0.0883423622047244
0
LINE
8
BLACK
6
CONTINUOUS
10
0.0906936614173228
20
-0.0883423622047244
11
0.094281062992126
21
-0.0829612598425197
0
LINE
8
BLACK
6
CONTINUOUS
10
0.094281062992126
20
-0.0829612598425197
11
0.0942824015748032
21
-0.0829595669291339
0
LINE
8
BLACK
6
CONTINUOUS
10
0.0942824015748032
20
-0.0829595669291339
11
0.0942827952755906
21
-0.0829587007874016
0
LINE
8
BLACK
6
CONTINUOUS
10
0.0942827952755906
20
-0.0829587007874016
11
0.0942848031496063
21
-0.0829566535433071
0
LINE
8
BLACK
6
CONTINUOUS
10
0.0942848031496063
20
-0.0829566535433071
11
0.0946478346456693
21
-0.0825134251968504
0
LINE
8
BLACK
6
CONTINUOUS
10
0.0946478346456693
20
-0.0825134251968504
11
0.0948907086614173
21
-0.0823507480314961
0
LINE
8
BLACK
6
CONTINUOUS
10
0.0948907086614173
20
-0.0823507480314961
11
0.0950974409448819
21
-0.0821440551181102
0
LINE
8
BLACK
6
CONTINUOUS
10
0.0950974409448819
20
-0.0821440551181102
11
0.0953647244094488
21
-0.0820333070866142
0
LINE
8
BLACK
6
CONTINUOUS
10
0.0953647244094488
20
-0.0820333070866142
11
0.0956051181102362
21
-0.0818723622047244
0
LINE
8
BLACK
6
CONTINUOUS
10
0.0956051181102362
20
-0.0818723622047244
11
0.0958917322834646
21
-0.081815
0
LINE
8
BLACK
6
CONTINUOUS
10
0.0958917322834646
20
-0.081815
11
0.0961618503937008
21
-0.0817031496062992
0
LINE
8
BLACK
6
CONTINUOUS
10
0.0961618503937008
20
-0.0817031496062992
11
0.0964511417322835
21
-0.0817031496062992
0
LINE
8
BLACK
6
CONTINUOUS
10
0.0964511417322835
20
-0.0817031496062992
11
0.0967348031496063
21
-0.0816464173228346
0
LINE
8
BLACK
6
CONTINUOUS
10
0.0967348031496063
20
-0.0816464173228346
11
0.0970215748031496
21
-0.0817031496062992
0
LINE
8
BLACK
6
CONTINUOUS
10
0.1824283070866142
20
-0.0753776771653543
11
0.1825262992125984
21
-0.0754182677165354
0
LINE
8
BLACK
6
CONTINUOUS
10
0.1825262992125984
20
-0.0754182677165354
11
0.182632125984252
21
-0.0754257874015748
0
LINE
8
BLACK
6
CONTINUOUS
10
0.182632125984252
20
-0.0754257874015748
11
0.1831727559055118
21
-0.0756326771653543
0
LINE
8
BLACK
6
CONTINUOUS
10
0.1831727559055118
20
-0.0756326771653543
11
0.1869222834645669
21
-0.0775074409448819
0
LINE
8
BLACK
6
CONTINUOUS
10
0.1869222834645669
20
-0.0775074409448819
11
0.1870186220472441
21
-0.0775680708661417
0
LINE
8
BLACK
6
CONTINUOUS
10
0.1870186220472441
20
-0.0775680708661417
11
0.1870640551181102
21
-0.0775832283464567
0
LINE
8
BLACK
6
CONTINUOUS
10
0.1870640551181102
20
-0.0775832283464567
11
0.1871205905511811
21
-0.0776322440944882
0
LINE
8
BLACK
6
CONTINUOUS
10
0.1871205905511811
20
-0.0776322440944882
11
0.1874121653543307
21
-0.0778157874015748
0
LINE
8
BLACK
6
CONTINUOUS
10
0.1874121653543307
20
-0.0778157874015748
11
0.1876547244094488
21
-0.0780954724409449
0
LINE
8
BLACK
6
CONTINUOUS
10
0.1876547244094488
20
-0.0780954724409449
11
0.1879344488188976
21
-0.0783380708661417
0
LINE
8
BLACK
6
CONTINUOUS
10
0.1879344488188976
20
-0.0783380708661417
11
0.1881179527559055
21
-0.0786296062992126
0
LINE
8
BLACK
6
CONTINUOUS
10
0.1881179527559055
20
-0.0786296062992126
11
0.1881670078740157
21
-0.0786861811023622
0
LINE
8
BLACK
6
CONTINUOUS
10
0.1881670078740157
20
-0.0786861811023622
11
0.188182125984252
21
-0.0787315748031496
0
LINE
8
BLACK
6
CONTINUOUS
10
0.188182125984252
20
-0.0787315748031496
11
0.1882427952755905
21
-0.0788279527559055
0
LINE
8
BLACK
6
CONTINUOUS
10
0.1882427952755905
20
-0.0788279527559055
11
0.1901175590551181
21
-0.0825774803149606
0
LINE
8
BLACK
6
CONTINUOUS
10
0.1901175590551181
20
-0.0825774803149606
11
0.1903244488188976
21
-0.0831180708661417
0
LINE
8
BLACK
6
CONTINUOUS
10
0.1903244488188976
20
-0.0831180708661417
11
0.190331968503937
21
-0.083223937007874
0
LINE
8
BLACK
6
CONTINUOUS
10
0.190331968503937
20
-0.083223937007874
11
0.1903725590551181
21
-0.0833219291338583
0
LINE
8
BLACK
6
CONTINUOUS
10
0.1903725590551181
20
-0.0833219291338583
11
0.1904292913385827
21
-0.0838979921259843
0
LINE
8
BLACK
6
CONTINUOUS
10
0.1904292913385827
20
-0.0838979921259843
11
0.1904292913385827
21
-0.1045204330708661
0
LINE
8
BLACK
6
CONTINUOUS
10
0.1904292913385827
20
-0.1045204330708661
11
0.1903725590551181
21
-0.1050964960629921
0
LINE
8
BLACK
6
CONTINUOUS
10
0.1903725590551181
20
-0.1050964960629921
11
0.1899316535433071
21
-0.106160905511811
0
LINE
8
BLACK
6
CONTINUOUS
10
0.1899316535433071
20
-0.106160905511811
11
0.1891170078740158
21
-0.1069755511811024
0
LINE
8
BLACK
6
CONTINUOUS
10
0.1891170078740158
20
-0.1069755511811024
11
0.1880525984251968
21
-0.1074164566929134
0
LINE
8
BLACK
6
CONTINUOUS
10
0.1880525984251968
20
-0.1074164566929134
11
0.1869004724409449
21
-0.1074164566929134
0
LINE
8
BLACK
6
CONTINUOUS
10
0.1869004724409449
20
-0.1074164566929134
11
0.1859298818897638
21
-0.1070144094488189
0
LINE
8
BLACK
6
CONTINUOUS
10
0.1859298818897638
20
-0.1070144094488189
11
0.1859298818897638
21
-0.1210164960629921
0
LINE
8
BLACK
6
CONTINUOUS
10
0.1859298818897638
20
-0.1210164960629921
11
0.1942257086614173
21
-0.1210164960629921
0
LINE
8
BLACK
6
CONTINUOUS
10
0.1942257086614173
20
-0.1210164960629921
11
0.1948017716535433
21
-0.1210732283464567
0
LINE
8
BLACK
6
CONTINUOUS
10
0.1948017716535433
20
-0.1210732283464567
11
0.1958661811023622
21
-0.1215141338582677
0
LINE
8
BLACK
6
CONTINUOUS
10
0.1958661811023622
20
-0.1215141338582677
11
0.1966808267716535
21
-0.1223287795275591
0
LINE
8
BLACK
6
CONTINUOUS
10
0.1966808267716535
20
-0.1223287795275591
11
0.1971217322834646
21
-0.123393188976378
0
LINE
8
BLACK
6
CONTINUOUS
10
0.1971217322834646
20
-0.123393188976378
11
0.1971217322834646
21
-0.1245453149606299
0
LINE
8
BLACK
6
CONTINUOUS
10
0.1971217322834646
20
-0.1245453149606299
11
0.1966808267716535
21
-0.1256097244094488
0
LINE
8
BLACK
6
CONTINUOUS
10
0.1966808267716535
20
-0.1256097244094488
11
0.1958661811023622
21
-0.1264243700787402
0
LINE
8
BLACK
6
CONTINUOUS
10
0.1958661811023622
20
-0.1264243700787402
11
0.1948017716535433
21
-0.1268652755905512
0
LINE
8
BLACK
6
CONTINUOUS
10
0.1948017716535433
20
-0.1268652755905512
11
0.1942257086614173
21
-0.1269220078740158
0
LINE
8
BLACK
6
CONTINUOUS
10
0.1942257086614173
20
-0.1269220078740158
11
0.1717285433070866
21
-0.1269220078740158
0
LINE
8
BLACK
6
CONTINUOUS
10
0.1717285433070866
20
-0.1269220078740158
11
0.1711524803149606
21
-0.1268652755905512
0
LINE
8
BLACK
6
CONTINUOUS
10
0.1711524803149606
20
-0.1268652755905512
11
0.1700880708661417
21
-0.1264243700787402
0
LINE
8
BLACK
6
CONTINUOUS
10
0.1700880708661417
20
-0.1264243700787402
11
0.1692734251968504
21
-0.1256097244094488
0
LINE
8
BLACK
6
CONTINUOUS
10
0.1692734251968504
20
-0.1256097244094488
11
0.1688325196850394
21
-0.1245453149606299
0
LINE
8
BLACK
6
CONTINUOUS
10
0.1688325196850394
20
-0.1245453149606299
11
0.1688325196850394
21
-0.123393188976378
0
LINE
8
BLACK
6
CONTINUOUS
10
0.1688325196850394
20
-0.123393188976378
11
0.1692734251968504
21
-0.1223287795275591
0
LINE
8
BLACK
6
CONTINUOUS
10
0.1692734251968504
20
-0.1223287795275591
11
0.1700880708661417
21
-0.1215141338582677
0
LINE
8
BLACK
6
CONTINUOUS
10
0.1700880708661417
20
-0.1215141338582677
11
0.1711524803149606
21
-0.1210732283464567
0
LINE
8
BLACK
6
CONTINUOUS
10
0.1711524803149606
20
-0.1210732283464567
11
0.1717285433070866
21
-0.1210164960629921
0
LINE
8
BLACK
6
CONTINUOUS
10
0.1717285433070866
20
-0.1210164960629921
11
0.1800243700787401
21
-0.1210164960629921
0
LINE
8
BLACK
6
CONTINUOUS
10
0.1800243700787401
20
-0.1210164960629921
11
0.1800243700787401
21
-0.1074731889763779
0
LINE
8
BLACK
6
CONTINUOUS
10
0.1800243700787401
20
-0.1074731889763779
11
0.1743531889763779
21
-0.1074731889763779
0
LINE
8
BLACK
6
CONTINUOUS
10
0.1743531889763779
20
-0.1074731889763779
11
0.173777125984252
21
-0.1074164566929134
0
LINE
8
BLACK
6
CONTINUOUS
10
0.173777125984252
20
-0.1074164566929134
11
0.1736791338582677
21
-0.1073758661417323
0
LINE
8
BLACK
6
CONTINUOUS
10
0.1736791338582677
20
-0.1073758661417323
11
0.1735732677165354
21
-0.1073683464566929
0
LINE
8
BLACK
6
CONTINUOUS
10
0.1735732677165354
20
-0.1073683464566929
11
0.1730326771653543
21
-0.1071614566929134
0
LINE
8
BLACK
6
CONTINUOUS
10
0.1730326771653543
20
-0.1071614566929134
11
0.1692831496062992
21
-0.1052866929133858
0
LINE
8
BLACK
6
CONTINUOUS
10
0.1692831496062992
20
-0.1052866929133858
11
0.1691867716535433
21
-0.1052260236220472
0
LINE
8
BLACK
6
CONTINUOUS
10
0.1691867716535433
20
-0.1052260236220472
11
0.1691413779527559
21
-0.105210905511811
0
LINE
8
BLACK
6
CONTINUOUS
10
0.1691413779527559
20
-0.105210905511811
11
0.1690848031496063
21
-0.1051618503937008
0
LINE
8
BLACK
6
CONTINUOUS
10
0.1690848031496063
20
-0.1051618503937008
11
0.1687932677165354
21
-0.1049783464566929
0
LINE
8
BLACK
6
CONTINUOUS
10
0.1687932677165354
20
-0.1049783464566929
11
0.1685505905511811
21
-0.1046985039370079
0
LINE
8
BLACK
6
CONTINUOUS
10
0.1685505905511811
20
-0.1046985039370079
11
0.1682709842519685
21
-0.1044560236220472
0
LINE
8
BLACK
6
CONTINUOUS
10
0.1682709842519685
20
-0.1044560236220472
11
0.1680874803149606
21
-0.1041645275590551
0
LINE
8
BLACK
6
CONTINUOUS
10
0.1680874803149606
20
-0.1041645275590551
11
0.1680384251968504
21
-0.1041079527559055
0
LINE
8
BLACK
6
CONTINUOUS
10
0.1680384251968504
20
-0.1041079527559055
11
0.1680232677165354
21
-0.1040624803149606
0
LINE
8
BLACK
6
CONTINUOUS
10
0.1680232677165354
20
-0.1040624803149606
11
0.1679626377952756
21
-0.1039661811023622
0
LINE
8
BLACK
6
CONTINUOUS
10
0.1679626377952756
20
-0.1039661811023622
11
0.166087874015748
21
-0.1002166141732283
0
LINE
8
BLACK
6
CONTINUOUS
10
0.166087874015748
20
-0.1002166141732283
11
0.1658809842519685
21
-0.0996759842519685
0
LINE
8
BLACK
6
CONTINUOUS
10
0.1658809842519685
20
-0.0996759842519685
11
0.1658734645669291
21
-0.099570157480315
0
LINE
8
BLACK
6
CONTINUOUS
10
0.1658734645669291
20
-0.099570157480315
11
0.165832874015748
21
-0.0994721653543307
0
LINE
8
BLACK
6
CONTINUOUS
10
0.165832874015748
20
-0.0994721653543307
11
0.1657761417322835
21
-0.0988961023622047
0
LINE
8
BLACK
6
CONTINUOUS
10
0.1657761417322835
20
-0.0988961023622047
11
0.1657761417322835
21
-0.0951465748031496
0
LINE
8
BLACK
6
CONTINUOUS
10
0.1657761417322835
20
-0.0951465748031496
11
0.165832874015748
21
-0.0945705118110236
0
LINE
8
BLACK
6
CONTINUOUS
10
0.165832874015748
20
-0.0945705118110236
11
0.1658734645669291
21
-0.0944724803149606
0
LINE
8
BLACK
6
CONTINUOUS
10
0.1658734645669291
20
-0.0944724803149606
11
0.1658809842519685
21
-0.0943666929133858
0
LINE
8
BLACK
6
CONTINUOUS
10
0.1658809842519685
20
-0.0943666929133858
11
0.166087874015748
21
-0.093826062992126
0
LINE
8
BLACK
6
CONTINUOUS
10
0.166087874015748
20
-0.093826062992126
11
0.1679626377952756
21
-0.0900765354330709
0
LINE
8
BLACK
6
CONTINUOUS
10
0.1679626377952756
20
-0.0900765354330709
11
0.1680232677165354
21
-0.089980157480315
0
LINE
8
BLACK
6
CONTINUOUS
10
0.1680232677165354
20
-0.089980157480315
11
0.1680384251968504
21
-0.0899347637795276
0
LINE
8
BLACK
6
CONTINUOUS
10
0.1680384251968504
20
-0.0899347637795276
11
0.1680874409448819
21
-0.0898781889763779
0
LINE
8
BLACK
6
CONTINUOUS
10
0.1680874409448819
20
-0.0898781889763779
11
0.1682709842519685
21
-0.0895866535433071
0
LINE
8
BLACK
6
CONTINUOUS
10
0.1682709842519685
20
-0.0895866535433071
11
0.1685506692913386
21
-0.0893440551181102
0
LINE
8
BLACK
6
CONTINUOUS
10
0.1685506692913386
20
-0.0893440551181102
11
0.1687932677165354
21
-0.0890643700787402
0
LINE
8
BLACK
6
CONTINUOUS
10
0.1687932677165354
20
-0.0890643700787402
11
0.1690848031496063
21
-0.0888808267716535
0
LINE
8
BLACK
6
CONTINUOUS
10
0.1690848031496063
20
-0.0888808267716535
11
0.1691413779527559
21
-0.088831811023622
0
LINE
8
BLACK
6
CONTINUOUS
10
0.1691413779527559
20
-0.088831811023622
11
0.1691867716535433
21
-0.0888166535433071
0
LINE
8
BLACK
6
CONTINUOUS
10
0.1691867716535433
20
-0.0888166535433071
11
0.1692831496062992
21
-0.0887560236220472
0
LINE
8
BLACK
6
CONTINUOUS
10
0.1692831496062992
20
-0.0887560236220472
11
0.1730326771653543
21
-0.0868812598425197
0
LINE
8
BLACK
6
CONTINUOUS
10
0.1730326771653543
20
-0.0868812598425197
11
0.1735732677165354
21
-0.0866743700787402
0
LINE
8
BLACK
6
CONTINUOUS
10
0.1735732677165354
20
-0.0866743700787402
11
0.1736791338582677
21
-0.086666811023622
0
LINE
8
BLACK
6
CONTINUOUS
10
0.1736791338582677
20
-0.086666811023622
11
0.173777125984252
21
-0.0866262598425197
0
LINE
8
BLACK
6
CONTINUOUS
10
0.173777125984252
20
-0.0866262598425197
11
0.1743531889763779
21
-0.0865695275590551
0
LINE
8
BLACK
6
CONTINUOUS
10
0.1743531889763779
20
-0.0865695275590551
11
0.1781147637795276
21
-0.0865695275590551
0
LINE
8
BLACK
6
CONTINUOUS
10
0.1781147637795276
20
-0.0865695275590551
11
0.1805202755905512
21
-0.0829612598425197
0
LINE
8
BLACK
6
CONTINUOUS
10
0.1805202755905512
20
-0.0829612598425197
11
0.1805216141732283
21
-0.0829595669291339
0
LINE
8
BLACK
6
CONTINUOUS
10
0.1805216141732283
20
-0.0829595669291339
11
0.1805220078740157
21
-0.0829587007874016
0
LINE
8
BLACK
6
CONTINUOUS
10
0.1805220078740157
20
-0.0829587007874016
11
0.1805240157480315
21
-0.0829566535433071
0
LINE
8
BLACK
6
CONTINUOUS
10
0.1805240157480315
20
-0.0829566535433071
11
0.1808870472440945
21
-0.0825134251968504
0
LINE
8
BLACK
6
CONTINUOUS
10
0.1808870472440945
20
-0.0825134251968504
11
0.1811299212598425
21
-0.0823507480314961
0
LINE
8
BLACK
6
CONTINUOUS
10
0.1811299212598425
20
-0.0823507480314961
11
0.1813366535433071
21
-0.0821440551181102
0
LINE
8
BLACK
6
CONTINUOUS
10
0.1813366535433071
20
-0.0821440551181102
11
0.181603937007874
21
-0.0820333070866142
0
LINE
8
BLACK
6
CONTINUOUS
10
0.181603937007874
20
-0.0820333070866142
11
0.1818443307086614
21
-0.0818723622047244
0
LINE
8
BLACK
6
CONTINUOUS
10
0.1818443307086614
20
-0.0818723622047244
11
0.1821309448818898
21
-0.081815
0
LINE
8
BLACK
6
CONTINUOUS
10
0.1821309448818898
20
-0.081815
11
0.182241062992126
21
-0.0817693700787402
0
LINE
8
BLACK
6
CONTINUOUS
10
0.182241062992126
20
-0.0817693700787402
11
0.1811551968503937
21
-0.0812264566929134
0
LINE
8
BLACK
6
CONTINUOUS
10
0.1811551968503937
20
-0.0812264566929134
11
0.1750502362204724
21
-0.0812264566929134
0
LINE
8
BLACK
6
CONTINUOUS
10
0.1750502362204724
20
-0.0812264566929134
11
0.1719241732283465
21
-0.0827894881889764
0
LINE
8
BLACK
6
CONTINUOUS
10
0.1719241732283465
20
-0.0827894881889764
11
0.1713835433070866
21
-0.0829963779527559
0
LINE
8
BLACK
6
CONTINUOUS
10
0.1713835433070866
20
-0.0829963779527559
11
0.1702343307086614
21
-0.083078031496063
0
LINE
8
BLACK
6
CONTINUOUS
10
0.1702343307086614
20
-0.083078031496063
11
0.1691413779527559
21
-0.0827137007874016
0
LINE
8
BLACK
6
CONTINUOUS
10
0.1691413779527559
20
-0.0827137007874016
11
0.1682709842519685
21
-0.0819588582677165
0
LINE
8
BLACK
6
CONTINUOUS
10
0.1682709842519685
20
-0.0819588582677165
11
0.1677557480314961
21
-0.0809283464566929
0
LINE
8
BLACK
6
CONTINUOUS
10
0.1677557480314961
20
-0.0809283464566929
11
0.167674094488189
21
-0.0797791338582677
0
LINE
8
BLACK
6
CONTINUOUS
10
0.167674094488189
20
-0.0797791338582677
11
0.1680384251968504
21
-0.0786861811023622
0
LINE
8
BLACK
6
CONTINUOUS
10
0.1680384251968504
20
-0.0786861811023622
11
0.1687932677165354
21
-0.0778157874015748
0
LINE
8
BLACK
6
CONTINUOUS
10
0.1687932677165354
20
-0.0778157874015748
11
0.1692831496062992
21
-0.0775074409448819
0
LINE
8
BLACK
6
CONTINUOUS
10
0.1692831496062992
20
-0.0775074409448819
11
0.1730326771653543
21
-0.0756326771653543
0
LINE
8
BLACK
6
CONTINUOUS
10
0.1730326771653543
20
-0.0756326771653543
11
0.1735732677165354
21
-0.0754257874015748
0
LINE
8
BLACK
6
CONTINUOUS
10
0.1735732677165354
20
-0.0754257874015748
11
0.1736791338582677
21
-0.0754182283464567
0
LINE
8
BLACK
6
CONTINUOUS
10
0.1736791338582677
20
-0.0754182283464567
11
0.173777125984252
21
-0.0753776771653543
0
LINE
8
BLACK
6
CONTINUOUS
10
0.173777125984252
20
-0.0753776771653543
11
0.1743531889763779
21
-0.0753209448818898
0
LINE
8
BLACK
6
CONTINUOUS
10
0.1743531889763779
20
-0.0753209448818898
11
0.1818522440944882
21
-0.0753209448818898
0
LINE
8
BLACK
6
CONTINUOUS
10
0.1818522440944882
20
-0.0753209448818898
11
0.1824283070866142
21
-0.0753776771653543
0
LINE
8
BLACK
6
CONTINUOUS
10
0.1775659842519685
20
-0.096060905511811
11
0.1773396062992126
21
-0.0962466535433071
0
LINE
8
BLACK
6
CONTINUOUS
10
0.1773396062992126
20
-0.0962466535433071
11
0.1772884645669291
21
-0.0963056692913386
0
LINE
8
BLACK
6
CONTINUOUS
10
0.1772884645669291
20
-0.0963056692913386
11
0.1771994881889764
21
-0.0963616141732283
0
LINE
8
BLACK
6
CONTINUOUS
10
0.1771994881889764
20
-0.0963616141732283
11
0.1771185433070866
21
-0.0964281102362205
0
LINE
8
BLACK
6
CONTINUOUS
10
0.1771185433070866
20
-0.0964281102362205
11
0.1770465748031496
21
-0.0964579133858268
0
LINE
8
BLACK
6
CONTINUOUS
10
0.1770465748031496
20
-0.0964579133858268
11
0.1767985826771654
21
-0.0966140157480315
0
LINE
8
BLACK
6
CONTINUOUS
10
0.1767985826771654
20
-0.0966140157480315
11
0.1730490551181102
21
-0.0984887795275591
0
LINE
8
BLACK
6
CONTINUOUS
10
0.1730490551181102
20
-0.0984887795275591
11
0.1725084251968504
21
-0.0986956692913386
0
LINE
8
BLACK
6
CONTINUOUS
10
0.1725084251968504
20
-0.0986956692913386
11
0.1719497637795276
21
-0.0987353543307087
0
LINE
8
BLACK
6
CONTINUOUS
10
0.1719497637795276
20
-0.0987353543307087
11
0.1728044881889764
21
-0.1004448031496063
0
LINE
8
BLACK
6
CONTINUOUS
10
0.1728044881889764
20
-0.1004448031496063
11
0.1750502362204724
21
-0.1015676771653543
0
LINE
8
BLACK
6
CONTINUOUS
10
0.1750502362204724
20
-0.1015676771653543
11
0.1800243700787401
21
-0.1015676771653543
0
LINE
8
BLACK
6
CONTINUOUS
10
0.1800243700787401
20
-0.1015676771653543
11
0.1800243700787401
21
-0.0936025196850394
0
LINE
8
BLACK
6
CONTINUOUS
10
0.1800243700787401
20
-0.0936025196850394
11
0.1775659842519685
21
-0.096060905511811
0
LINE
8
BLACK
6
CONTINUOUS
10
0.2247375590551181
20
-0.0626952362204724
11
0.2255522047244095
21
-0.0635098818897638
0
LINE
8
BLACK
6
CONTINUOUS
10
0.2255522047244095
20
-0.0635098818897638
11
0.2259931102362205
21
-0.0645742913385827
0
LINE
8
BLACK
6
CONTINUOUS
10
0.2259931102362205
20
-0.0645742913385827
11
0.226049842519685
21
-0.0651503543307087
0
LINE
8
BLACK
6
CONTINUOUS
10
0.226049842519685
20
-0.0651503543307087
11
0.226049842519685
21
-0.0816464173228346
0
LINE
8
BLACK
6
CONTINUOUS
10
0.226049842519685
20
-0.0816464173228346
11
0.2317210236220472
21
-0.0816464173228346
0
LINE
8
BLACK
6
CONTINUOUS
10
0.2317210236220472
20
-0.0816464173228346
11
0.2320256692913386
21
-0.0816764173228346
0
LINE
8
BLACK
6
CONTINUOUS
10
0.2320256692913386
20
-0.0816764173228346
11
0.2321031496062992
21
-0.0816712598425197
0
LINE
8
BLACK
6
CONTINUOUS
10
0.2321031496062992
20
-0.0816712598425197
11
0.2321564960629921
21
-0.0816892913385827
0
LINE
8
BLACK
6
CONTINUOUS
10
0.2321564960629921
20
-0.0816892913385827
11
0.2322970866141732
21
-0.0817031496062992
0
LINE
8
BLACK
6
CONTINUOUS
10
0.2322970866141732
20
-0.0817031496062992
11
0.2327402755905512
21
-0.0818867322834646
0
LINE
8
BLACK
6
CONTINUOUS
10
0.2327402755905512
20
-0.0818867322834646
11
0.2331945275590551
21
-0.0820403543307087
0
LINE
8
BLACK
6
CONTINUOUS
10
0.2331945275590551
20
-0.0820403543307087
11
0.2332694881889764
21
-0.082105905511811
0
LINE
8
BLACK
6
CONTINUOUS
10
0.2332694881889764
20
-0.082105905511811
11
0.2333614960629921
21
-0.0821440551181102
0
LINE
8
BLACK
6
CONTINUOUS
10
0.2333614960629921
20
-0.0821440551181102
11
0.2337004724409449
21
-0.082483031496063
0
LINE
8
BLACK
6
CONTINUOUS
10
0.2337004724409449
20
-0.082483031496063
11
0.2340616141732283
21
-0.0827990157480315
0
LINE
8
BLACK
6
CONTINUOUS
10
0.2340616141732283
20
-0.0827990157480315
11
0.2341057874015748
21
-0.0828883464566929
0
LINE
8
BLACK
6
CONTINUOUS
10
0.2341057874015748
20
-0.0828883464566929
11
0.2341761417322835
21
-0.0829587007874016
0
LINE
8
BLACK
6
CONTINUOUS
10
0.2341761417322835
20
-0.0829587007874016
11
0.2343596062992126
21
-0.0834016141732283
0
LINE
8
BLACK
6
CONTINUOUS
10
0.2343596062992126
20
-0.0834016141732283
11
0.2345723228346457
21
-0.0838317716535433
0
LINE
8
BLACK
6
CONTINUOUS
10
0.2345723228346457
20
-0.0838317716535433
11
0.234578937007874
21
-0.0839311023622047
0
LINE
8
BLACK
6
CONTINUOUS
10
0.234578937007874
20
-0.0839311023622047
11
0.2346170472440945
21
-0.0840231102362205
0
LINE
8
BLACK
6
CONTINUOUS
10
0.2346170472440945
20
-0.0840231102362205
11
0.2346170472440945
21
-0.0845027952755906
0
LINE
8
BLACK
6
CONTINUOUS
10
0.2346170472440945
20
-0.0845027952755906
11
0.234648937007874
21
-0.0849812992125984
0
LINE
8
BLACK
6
CONTINUOUS
10
0.234648937007874
20
-0.0849812992125984
11
0.2346170472440945
21
-0.0850755905511811
0
LINE
8
BLACK
6
CONTINUOUS
10
0.2346170472440945
20
-0.0850755905511811
11
0.2346170472440945
21
-0.0851752362204724
0
LINE
8
BLACK
6
CONTINUOUS
10
0.2346170472440945
20
-0.0851752362204724
11
0.2344334251968504
21
-0.0856184251968504
0
LINE
8
BLACK
6
CONTINUOUS
10
0.2344334251968504
20
-0.0856184251968504
11
0.234279842519685
21
-0.0860726771653543
0
LINE
8
BLACK
6
CONTINUOUS
10
0.234279842519685
20
-0.0860726771653543
11
0.2341977165354331
21
-0.0861875196850394
0
LINE
8
BLACK
6
CONTINUOUS
10
0.2341977165354331
20
-0.0861875196850394
11
0.2341761417322835
21
-0.0862396456692913
0
LINE
8
BLACK
6
CONTINUOUS
10
0.2341761417322835
20
-0.0862396456692913
11
0.2341211811023622
21
-0.0862945669291339
0
LINE
8
BLACK
6
CONTINUOUS
10
0.2341211811023622
20
-0.0862945669291339
11
0.2339431889763779
21
-0.0865435826771653
0
LINE
8
BLACK
6
CONTINUOUS
10
0.2339431889763779
20
-0.0865435826771653
11
0.226049842519685
21
-0.0955644881889764
0
LINE
8
BLACK
6
CONTINUOUS
10
0.226049842519685
20
-0.0955644881889764
11
0.226049842519685
21
-0.0972099212598425
0
LINE
8
BLACK
6
CONTINUOUS
10
0.226049842519685
20
-0.0972099212598425
11
0.2292920078740157
21
-0.0988310236220472
0
LINE
8
BLACK
6
CONTINUOUS
10
0.2292920078740157
20
-0.0988310236220472
11
0.22954
21
-0.0989870866141732
0
LINE
8
BLACK
6
CONTINUOUS
10
0.22954
20
-0.0989870866141732
11
0.229611968503937
21
-0.0990169291338583
0
LINE
8
BLACK
6
CONTINUOUS
10
0.229611968503937
20
-0.0990169291338583
11
0.2296929133858268
21
-0.0990833858267716
0
LINE
8
BLACK
6
CONTINUOUS
10
0.2296929133858268
20
-0.0990833858267716
11
0.2297818897637795
21
-0.0991393700787402
0
LINE
8
BLACK
6
CONTINUOUS
10
0.2297818897637795
20
-0.0991393700787402
11
0.229833031496063
21
-0.0991983464566929
0
LINE
8
BLACK
6
CONTINUOUS
10
0.229833031496063
20
-0.0991983464566929
11
0.2300594094488189
21
-0.0993841338582677
0
LINE
8
BLACK
6
CONTINUOUS
10
0.2300594094488189
20
-0.0993841338582677
11
0.2319341732283464
21
-0.1012588976377953
0
LINE
8
BLACK
6
CONTINUOUS
10
0.2319341732283464
20
-0.1012588976377953
11
0.2321199212598425
21
-0.1014852362204724
0
LINE
8
BLACK
6
CONTINUOUS
10
0.2321199212598425
20
-0.1014852362204724
11
0.232178937007874
21
-0.1015364173228346
0
LINE
8
BLACK
6
CONTINUOUS
10
0.232178937007874
20
-0.1015364173228346
11
0.2322348818897638
21
-0.1016253543307087
0
LINE
8
BLACK
6
CONTINUOUS
10
0.2322348818897638
20
-0.1016253543307087
11
0.2323013779527559
21
-0.1017063385826772
0
LINE
8
BLACK
6
CONTINUOUS
10
0.2323013779527559
20
-0.1017063385826772
11
0.2323311811023622
21
-0.1017782677165354
0
LINE
8
BLACK
6
CONTINUOUS
10
0.2323311811023622
20
-0.1017782677165354
11
0.2324872834645669
21
-0.1020262992125984
0
LINE
8
BLACK
6
CONTINUOUS
10
0.2324872834645669
20
-0.1020262992125984
11
0.2343620472440945
21
-0.1057758267716535
0
LINE
8
BLACK
6
CONTINUOUS
10
0.2343620472440945
20
-0.1057758267716535
11
0.234568937007874
21
-0.1063164173228346
0
LINE
8
BLACK
6
CONTINUOUS
10
0.234568937007874
20
-0.1063164173228346
11
0.2345764566929134
21
-0.1064222834645669
0
LINE
8
BLACK
6
CONTINUOUS
10
0.2345764566929134
20
-0.1064222834645669
11
0.2346170472440945
21
-0.1065202755905512
0
LINE
8
BLACK
6
CONTINUOUS
10
0.2346170472440945
20
-0.1065202755905512
11
0.2346737795275591
21
-0.1070963385826772
0
LINE
8
BLACK
6
CONTINUOUS
10
0.2346737795275591
20
-0.1070963385826772
11
0.2346737795275591
21
-0.116470157480315
0
LINE
8
BLACK
6
CONTINUOUS
10
0.2346737795275591
20
-0.116470157480315
11
0.2346170472440945
21
-0.1170462204724409
0
LINE
8
BLACK
6
CONTINUOUS
10
0.2346170472440945
20
-0.1170462204724409
11
0.2345764566929134
21
-0.1171441732283465
0
LINE
8
BLACK
6
CONTINUOUS
10
0.2345764566929134
20
-0.1171441732283465
11
0.234568937007874
21
-0.1172500787401575
0
LINE
8
BLACK
6
CONTINUOUS
10
0.234568937007874
20
-0.1172500787401575
11
0.2343620472440945
21
-0.1177906692913386
0
LINE
8
BLACK
6
CONTINUOUS
10
0.2343620472440945
20
-0.1177906692913386
11
0.2324872834645669
21
-0.1215401968503937
0
LINE
8
BLACK
6
CONTINUOUS
10
0.2324872834645669
20
-0.1215401968503937
11
0.232331220472441
21
-0.1217880708661417
0
LINE
8
BLACK
6
CONTINUOUS
10
0.232331220472441
20
-0.1217880708661417
11
0.2323014173228346
21
-0.1218601181102362
0
LINE
8
BLACK
6
CONTINUOUS
10
0.2323014173228346
20
-0.1218601181102362
11
0.2322348818897638
21
-0.1219411417322835
0
LINE
8
BLACK
6
CONTINUOUS
10
0.2322348818897638
20
-0.1219411417322835
11
0.232178937007874
21
-0.1220300787401575
0
LINE
8
BLACK
6
CONTINUOUS
10
0.232178937007874
20
-0.1220300787401575
11
0.2321199212598425
21
-0.1220812204724409
0
LINE
8
BLACK
6
CONTINUOUS
10
0.2321199212598425
20
-0.1220812204724409
11
0.2319341732283464
21
-0.1223075984251969
0
LINE
8
BLACK
6
CONTINUOUS
10
0.2319341732283464
20
-0.1223075984251969
11
0.2300594488188976
21
-0.1241823622047244
0
LINE
8
BLACK
6
CONTINUOUS
10
0.2300594488188976
20
-0.1241823622047244
11
0.2298330708661417
21
-0.1243681102362205
0
LINE
8
BLACK
6
CONTINUOUS
10
0.2298330708661417
20
-0.1243681102362205
11
0.2297818897637795
21
-0.1244271653543307
0
LINE
8
BLACK
6
CONTINUOUS
10
0.2297818897637795
20
-0.1244271653543307
11
0.2296929133858268
21
-0.1244831496062992
0
LINE
8
BLACK
6
CONTINUOUS
10
0.2296929133858268
20
-0.1244831496062992
11
0.229611968503937
21
-0.1245496062992126
0
LINE
8
BLACK
6
CONTINUOUS
10
0.229611968503937
20
-0.1245496062992126
11
0.22954
21
-0.1245794094488189
0
LINE
8
BLACK
6
CONTINUOUS
10
0.22954
20
-0.1245794094488189
11
0.2292920078740157
21
-0.1247355118110236
0
LINE
8
BLACK
6
CONTINUOUS
10
0.2292920078740157
20
-0.1247355118110236
11
0.2255424803149606
21
-0.1266102755905512
0
LINE
8
BLACK
6
CONTINUOUS
10
0.2255424803149606
20
-0.1266102755905512
11
0.2250018503937008
21
-0.1268171653543307
0
LINE
8
BLACK
6
CONTINUOUS
10
0.2250018503937008
20
-0.1268171653543307
11
0.2248960236220472
21
-0.1268246456692913
0
LINE
8
BLACK
6
CONTINUOUS
10
0.2248960236220472
20
-0.1268246456692913
11
0.224798031496063
21
-0.1268652755905512
0
LINE
8
BLACK
6
CONTINUOUS
10
0.224798031496063
20
-0.1268652755905512
11
0.224221968503937
21
-0.1269220078740158
0
LINE
8
BLACK
6
CONTINUOUS
10
0.224221968503937
20
-0.1269220078740158
11
0.2129733858267716
21
-0.1269220078740158
0
LINE
8
BLACK
6
CONTINUOUS
10
0.2129733858267716
20
-0.1269220078740158
11
0.2123973228346457
21
-0.1268652755905512
0
LINE
8
BLACK
6
CONTINUOUS
10
0.2123973228346457
20
-0.1268652755905512
11
0.2122993307086614
21
-0.1268246850393701
0
LINE
8
BLACK
6
CONTINUOUS
10
0.2122993307086614
20
-0.1268246850393701
11
0.2121934645669291
21
-0.1268171653543307
0
LINE
8
BLACK
6
CONTINUOUS
10
0.2121934645669291
20
-0.1268171653543307
11
0.211652874015748
21
-0.1266102755905512
0
LINE
8
BLACK
6
CONTINUOUS
10
0.211652874015748
20
-0.1266102755905512
11
0.2079033464566929
21
-0.1247355118110236
0
LINE
8
BLACK
6
CONTINUOUS
10
0.2079033464566929
20
-0.1247355118110236
11
0.2076553149606299
21
-0.1245794094488189
0
LINE
8
BLACK
6
CONTINUOUS
10
0.2076553149606299
20
-0.1245794094488189
11
0.2075833858267717
21
-0.1245496062992126
0
LINE
8
BLACK
6
CONTINUOUS
10
0.2075833858267717
20
-0.1245496062992126
11
0.2075024015748032
21
-0.1244831496062992
0
LINE
8
BLACK
6
CONTINUOUS
10
0.2075024015748032
20
-0.1244831496062992
11
0.2074134645669291
21
-0.1244271653543307
0
LINE
8
BLACK
6
CONTINUOUS
10
0.2074134645669291
20
-0.1244271653543307
11
0.2073622440944882
21
-0.1243681102362205
0
LINE
8
BLACK
6
CONTINUOUS
10
0.2073622440944882
20
-0.1243681102362205
11
0.207135905511811
21
-0.1241823622047244
0
LINE
8
BLACK
6
CONTINUOUS
10
0.207135905511811
20
-0.1241823622047244
11
0.2052611417322835
21
-0.1223075590551181
0
LINE
8
BLACK
6
CONTINUOUS
10
0.2052611417322835
20
-0.1223075590551181
11
0.204893937007874
21
-0.1218601181102362
0
LINE
8
BLACK
6
CONTINUOUS
10
0.204893937007874
20
-0.1218601181102362
11
0.2044530708661417
21
-0.1207957086614173
0
LINE
8
BLACK
6
CONTINUOUS
10
0.2044530708661417
20
-0.1207957086614173
11
0.2044530708661417
21
-0.1196436220472441
0
LINE
8
BLACK
6
CONTINUOUS
10
0.2044530708661417
20
-0.1196436220472441
11
0.2048939763779528
21
-0.1185792125984252
0
LINE
8
BLACK
6
CONTINUOUS
10
0.2048939763779528
20
-0.1185792125984252
11
0.2057086614173228
21
-0.1177645275590551
0
LINE
8
BLACK
6
CONTINUOUS
10
0.2057086614173228
20
-0.1177645275590551
11
0.2067730708661417
21
-0.1173236614173228
0
LINE
8
BLACK
6
CONTINUOUS
10
0.2067730708661417
20
-0.1173236614173228
11
0.207925157480315
21
-0.1173236614173228
0
LINE
8
BLACK
6
CONTINUOUS
10
0.207925157480315
20
-0.1173236614173228
11
0.2089895669291338
21
-0.1177645669291339
0
LINE
8
BLACK
6
CONTINUOUS
10
0.2089895669291338
20
-0.1177645669291339
11
0.2094370472440945
21
-0.118131811023622
0
LINE
8
BLACK
6
CONTINUOUS
10
0.2094370472440945
20
-0.118131811023622
11
0.2109729527559055
21
-0.1196677559055118
0
LINE
8
BLACK
6
CONTINUOUS
10
0.2109729527559055
20
-0.1196677559055118
11
0.2136704330708661
21
-0.1210164960629921
0
LINE
8
BLACK
6
CONTINUOUS
10
0.2136704330708661
20
-0.1210164960629921
11
0.2235249212598425
21
-0.1210164960629921
0
LINE
8
BLACK
6
CONTINUOUS
10
0.2235249212598425
20
-0.1210164960629921
11
0.2262223622047244
21
-0.1196677559055118
0
LINE
8
BLACK
6
CONTINUOUS
10
0.2262223622047244
20
-0.1196677559055118
11
0.2274194881889764
21
-0.1184705905511811
0
LINE
8
BLACK
6
CONTINUOUS
10
0.2274194881889764
20
-0.1184705905511811
11
0.2287682677165354
21
-0.1157731102362205
0
LINE
8
BLACK
6
CONTINUOUS
10
0.2287682677165354
20
-0.1157731102362205
11
0.2287682677165354
21
-0.1077933858267717
0
LINE
8
BLACK
6
CONTINUOUS
10
0.2287682677165354
20
-0.1077933858267717
11
0.2274195275590551
21
-0.105095905511811
0
LINE
8
BLACK
6
CONTINUOUS
10
0.2274195275590551
20
-0.105095905511811
11
0.2262224015748031
21
-0.103898779527559
0
LINE
8
BLACK
6
CONTINUOUS
10
0.2262224015748031
20
-0.103898779527559
11
0.226049842519685
21
-0.1038124803149606
0
LINE
8
BLACK
6
CONTINUOUS
10
0.226049842519685
20
-0.1038124803149606
11
0.226049842519685
21
-0.1045204330708661
0
LINE
8
BLACK
6
CONTINUOUS
10
0.226049842519685
20
-0.1045204330708661
11
0.2259931102362205
21
-0.1050964960629921
0
LINE
8
BLACK
6
CONTINUOUS
10
0.2259931102362205
20
-0.1050964960629921
11
0.2255522047244095
21
-0.106160905511811
0
LINE
8
BLACK
6
CONTINUOUS
10
0.2255522047244095
20
-0.106160905511811
11
0.2247375590551181
21
-0.1069755511811024
0
LINE
8
BLACK
6
CONTINUOUS
10
0.2247375590551181
20
-0.1069755511811024
11
0.2236731496062992
21
-0.1074164566929134
0
LINE
8
BLACK
6
CONTINUOUS
10
0.2236731496062992
20
-0.1074164566929134
11
0.2225210236220472
21
-0.1074164566929134
0
LINE
8
BLACK
6
CONTINUOUS
10
0.2225210236220472
20
-0.1074164566929134
11
0.2214566141732283
21
-0.1069755511811024
0
LINE
8
BLACK
6
CONTINUOUS
10
0.2214566141732283
20
-0.1069755511811024
11
0.2213176771653543
21
-0.1068366141732283
0
LINE
8
BLACK
6
CONTINUOUS
10
0.2213176771653543
20
-0.1068366141732283
11
0.2206680708661417
21
-0.1071614566929134
0
LINE
8
BLACK
6
CONTINUOUS
10
0.2206680708661417
20
-0.1071614566929134
11
0.2201274409448819
21
-0.1073683464566929
0
LINE
8
BLACK
6
CONTINUOUS
10
0.2201274409448819
20
-0.1073683464566929
11
0.2200216141732284
21
-0.1073758267716535
0
LINE
8
BLACK
6
CONTINUOUS
10
0.2200216141732284
20
-0.1073758267716535
11
0.2199236220472441
21
-0.1074164566929134
0
LINE
8
BLACK
6
CONTINUOUS
10
0.2199236220472441
20
-0.1074164566929134
11
0.2193475590551181
21
-0.1074731889763779
0
LINE
8
BLACK
6
CONTINUOUS
10
0.2193475590551181
20
-0.1074731889763779
11
0.2118485039370079
21
-0.1074731889763779
0
LINE
8
BLACK
6
CONTINUOUS
10
0.2118485039370079
20
-0.1074731889763779
11
0.2112724409448819
21
-0.1074164566929134
0
LINE
8
BLACK
6
CONTINUOUS
10
0.2112724409448819
20
-0.1074164566929134
11
0.2111744488188976
21
-0.1073758661417323
0
LINE
8
BLACK
6
CONTINUOUS
10
0.2111744488188976
20
-0.1073758661417323
11
0.2110685826771654
21
-0.1073683464566929
0
LINE
8
BLACK
6
CONTINUOUS
10
0.2110685826771654
20
-0.1073683464566929
11
0.2105279921259842
21
-0.1071614566929134
0
LINE
8
BLACK
6
CONTINUOUS
10
0.2105279921259842
20
-0.1071614566929134
11
0.2067784645669291
21
-0.1052866929133858
0
LINE
8
BLACK
6
CONTINUOUS
10
0.2067784645669291
20
-0.1052866929133858
11
0.2065304330708661
21
-0.1051305905511811
0
LINE
8
BLACK
6
CONTINUOUS
10
0.2065304330708661
20
-0.1051305905511811
11
0.2064585039370079
21
-0.1051007874015748
0
LINE
8
BLACK
6
CONTINUOUS
10
0.2064585039370079
20
-0.1051007874015748
11
0.2063775196850394
21
-0.1050343307086614
0
LINE
8
BLACK
6
CONTINUOUS
10
0.2063775196850394
20
-0.1050343307086614
11
0.2062885826771653
21
-0.1049783464566929
0
LINE
8
BLACK
6
CONTINUOUS
10
0.2062885826771653
20
-0.1049783464566929
11
0.2062373622047244
21
-0.1049192913385827
0
LINE
8
BLACK
6
CONTINUOUS
10
0.2062373622047244
20
-0.1049192913385827
11
0.2060110236220472
21
-0.1047335433070866
0
LINE
8
BLACK
6
CONTINUOUS
10
0.2060110236220472
20
-0.1047335433070866
11
0.2041362598425197
21
-0.1028587401574803
0
LINE
8
BLACK
6
CONTINUOUS
10
0.2041362598425197
20
-0.1028587401574803
11
0.2039505118110236
21
-0.1026324015748031
0
LINE
8
BLACK
6
CONTINUOUS
10
0.2039505118110236
20
-0.1026324015748031
11
0.2038915354330709
21
-0.1025812598425197
0
LINE
8
BLACK
6
CONTINUOUS
10
0.2038915354330709
20
-0.1025812598425197
11
0.2038355511811024
21
-0.1024923228346457
0
LINE
8
BLACK
6
CONTINUOUS
10
0.2038355511811024
20
-0.1024923228346457
11
0.2037690551181102
21
-0.1024112992125984
0
LINE
8
BLACK
6
CONTINUOUS
10
0.2037690551181102
20
-0.1024112992125984
11
0.2037392125984252
21
-0.1023392519685039
0
LINE
8
BLACK
6
CONTINUOUS
10
0.2037392125984252
20
-0.1023392519685039
11
0.2035831889763779
21
-0.1020913779527559
0
LINE
8
BLACK
6
CONTINUOUS
10
0.2035831889763779
20
-0.1020913779527559
11
0.2017084251968504
21
-0.0983418503937008
0
LINE
8
BLACK
6
CONTINUOUS
10
0.2017084251968504
20
-0.0983418503937008
11
0.2015015354330709
21
-0.0978012204724409
0
LINE
8
BLACK
6
CONTINUOUS
10
0.2015015354330709
20
-0.0978012204724409
11
0.2014940157480315
21
-0.0976953937007874
0
LINE
8
BLACK
6
CONTINUOUS
10
0.2014940157480315
20
-0.0976953937007874
11
0.2014534251968504
21
-0.0975974015748031
0
LINE
8
BLACK
6
CONTINUOUS
10
0.2014534251968504
20
-0.0975974015748031
11
0.2013966929133858
21
-0.0970213385826772
0
LINE
8
BLACK
6
CONTINUOUS
10
0.2013966929133858
20
-0.0970213385826772
11
0.2013966929133858
21
-0.0857727559055118
0
LINE
8
BLACK
6
CONTINUOUS
10
0.2013966929133858
20
-0.0857727559055118
11
0.2014534251968504
21
-0.0851966929133858
0
LINE
8
BLACK
6
CONTINUOUS
10
0.2014534251968504
20
-0.0851966929133858
11
0.2014940157480315
21
-0.0850986614173228
0
LINE
8
BLACK
6
CONTINUOUS
10
0.2014940157480315
20
-0.0850986614173228
11
0.2015015354330709
21
-0.084992874015748
0
LINE
8
BLACK
6
CONTINUOUS
10
0.2015015354330709
20
-0.084992874015748
11
0.2017084251968504
21
-0.0844522440944882
0
LINE
8
BLACK
6
CONTINUOUS
10
0.2017084251968504
20
-0.0844522440944882
11
0.2035831889763779
21
-0.0807027165354331
0
LINE
8
BLACK
6
CONTINUOUS
10
0.2035831889763779
20
-0.0807027165354331
11
0.2037392519685039
21
-0.0804546850393701
0
LINE
8
BLACK
6
CONTINUOUS
10
0.2037392519685039
20
-0.0804546850393701
11
0.203769094488189
21
-0.0803827559055118
0
LINE
8
BLACK
6
CONTINUOUS
10
0.203769094488189
20
-0.0803827559055118
11
0.2038355511811024
21
-0.0803017716535433
0
LINE
8
BLACK
6
CONTINUOUS
10
0.2038355511811024
20
-0.0803017716535433
11
0.2038915354330709
21
-0.0802128346456693
0
LINE
8
BLACK
6
CONTINUOUS
10
0.2038915354330709
20
-0.0802128346456693
11
0.2039505118110236
21
-0.0801616535433071
0
LINE
8
BLACK
6
CONTINUOUS
10
0.2039505118110236
20
-0.0801616535433071
11
0.2041362992125984
21
-0.0799353149606299
0
LINE
8
BLACK
6
CONTINUOUS
10
0.2041362992125984
20
-0.0799353149606299
11
0.206011062992126
21
-0.0780605511811024
0
LINE
8
BLACK
6
CONTINUOUS
10
0.206011062992126
20
-0.0780605511811024
11
0.2062374015748031
21
-0.0778747637795276
0
LINE
8
BLACK
6
CONTINUOUS
10
0.2062374015748031
20
-0.0778747637795276
11
0.2062885826771653
21
-0.0778157874015748
0
LINE
8
BLACK
6
CONTINUOUS
10
0.2062885826771653
20
-0.0778157874015748
11
0.2063775196850394
21
-0.0777598031496063
0
LINE
8
BLACK
6
CONTINUOUS
10
0.2063775196850394
20
-0.0777598031496063
11
0.2064585039370079
21
-0.0776933464566929
0
LINE
8
BLACK
6
CONTINUOUS
10
0.2064585039370079
20
-0.0776933464566929
11
0.2065304330708661
21
-0.0776635039370079
0
LINE
8
BLACK
6
CONTINUOUS
10
0.2065304330708661
20
-0.0776635039370079
11
0.2067784645669291
21
-0.0775074409448819
0
LINE
8
BLACK
6
CONTINUOUS
10
0.2067784645669291
20
-0.0775074409448819
11
0.2105279921259842
21
-0.0756326771653543
0
LINE
8
BLACK
6
CONTINUOUS
10
0.2105279921259842
20
-0.0756326771653543
11
0.2110685826771654
21
-0.0754257874015748
0
LINE
8
BLACK
6
CONTINUOUS
10
0.2110685826771654
20
-0.0754257874015748
11
0.2111744488188976
21
-0.0754182283464567
0
LINE
8
BLACK
6
CONTINUOUS
10
0.2111744488188976
20
-0.0754182283464567
11
0.2112724409448819
21
-0.0753776771653543
0
LINE
8
BLACK
6
CONTINUOUS
10
0.2112724409448819
20
-0.0753776771653543
11
0.2118485039370079
21
-0.0753209448818898
0
LINE
8
BLACK
6
CONTINUOUS
10
0.2118485039370079
20
-0.0753209448818898
11
0.2193475590551181
21
-0.0753209448818898
0
LINE
8
BLACK
6
CONTINUOUS
10
0.2193475590551181
20
-0.0753209448818898
11
0.2199236220472441
21
-0.0753776771653543
0
LINE
8
BLACK
6
CONTINUOUS
10
0.2199236220472441
20
-0.0753776771653543
11
0.2200216141732284
21
-0.0754182677165354
0
LINE
8
BLACK
6
CONTINUOUS
10
0.2200216141732284
20
-0.0754182677165354
11
0.2201274409448819
21
-0.0754257874015748
0
LINE
8
BLACK
6
CONTINUOUS
10
0.2201274409448819
20
-0.0754257874015748
11
0.2201443307086614
21
-0.0754322440944882
0
LINE
8
BLACK
6
CONTINUOUS
10
0.2201443307086614
20
-0.0754322440944882
11
0.2201443307086614
21
-0.0651503543307087
0
LINE
8
BLACK
6
CONTINUOUS
10
0.2201443307086614
20
-0.0651503543307087
11
0.220201062992126
21
-0.0645742913385827
0
LINE
8
BLACK
6
CONTINUOUS
10
0.220201062992126
20
-0.0645742913385827
11
0.220641968503937
21
-0.0635098818897638
0
LINE
8
BLACK
6
CONTINUOUS
10
0.220641968503937
20
-0.0635098818897638
11
0.2214566141732283
21
-0.0626952362204724
0
LINE
8
BLACK
6
CONTINUOUS
10
0.2214566141732283
20
-0.0626952362204724
11
0.2225210236220472
21
-0.0622543307086614
0
LINE
8
BLACK
6
CONTINUOUS
10
0.2225210236220472
20
-0.0622543307086614
11
0.2236731496062992
21
-0.0622543307086614
0
LINE
8
BLACK
6
CONTINUOUS
10
0.2236731496062992
20
-0.0622543307086614
11
0.2247375590551181
21
-0.0626952362204724
0
LINE
8
BLACK
6
CONTINUOUS
10
0.2073022047244094
20
-0.0963242913385827
11
0.2086509448818898
21
-0.0990217716535433
0
LINE
8
BLACK
6
CONTINUOUS
10
0.2086509448818898
20
-0.0990217716535433
11
0.2098480708661417
21
-0.100218937007874
0
LINE
8
BLACK
6
CONTINUOUS
10
0.2098480708661417
20
-0.100218937007874
11
0.2125455511811024
21
-0.1015676771653543
0
LINE
8
BLACK
6
CONTINUOUS
10
0.2125455511811024
20
-0.1015676771653543
11
0.2164516535433071
21
-0.1015676771653543
0
LINE
8
BLACK
6
CONTINUOUS
10
0.2164516535433071
20
-0.1015676771653543
11
0.2162570866141732
21
-0.1013974409448819
0
LINE
8
BLACK
6
CONTINUOUS
10
0.2162570866141732
20
-0.1013974409448819
11
0.216212874015748
21
-0.1013080708661417
0
LINE
8
BLACK
6
CONTINUOUS
10
0.216212874015748
20
-0.1013080708661417
11
0.2161425590551181
21
-0.1012377559055118
0
LINE
8
BLACK
6
CONTINUOUS
10
0.2161425590551181
20
-0.1012377559055118
11
0.2159590551181102
21
-0.1007948031496063
0
LINE
8
BLACK
6
CONTINUOUS
10
0.2159590551181102
20
-0.1007948031496063
11
0.2157463779527559
21
-0.1003646850393701
0
LINE
8
BLACK
6
CONTINUOUS
10
0.2157463779527559
20
-0.1003646850393701
11
0.2157397244094488
21
-0.1002653149606299
0
LINE
8
BLACK
6
CONTINUOUS
10
0.2157397244094488
20
-0.1002653149606299
11
0.2157016535433071
21
-0.1001733464566929
0
LINE
8
BLACK
6
CONTINUOUS
10
0.2157016535433071
20
-0.1001733464566929
11
0.2157016535433071
21
-0.0996936220472441
0
LINE
8
BLACK
6
CONTINUOUS
10
0.2157016535433071
20
-0.0996936220472441
11
0.2156697637795276
21
-0.099215157480315
0
LINE
8
BLACK
6
CONTINUOUS
10
0.2156697637795276
20
-0.099215157480315
11
0.2157016535433071
21
-0.0991208267716535
0
LINE
8
BLACK
6
CONTINUOUS
10
0.2157016535433071
20
-0.0991208267716535
11
0.2157016535433071
21
-0.0990212204724409
0
LINE
8
BLACK
6
CONTINUOUS
10
0.2157016535433071
20
-0.0990212204724409
11
0.2158852362204724
21
-0.0985779921259843
0
LINE
8
BLACK
6
CONTINUOUS
10
0.2158852362204724
20
-0.0985779921259843
11
0.2160388582677165
21
-0.098123779527559
0
LINE
8
BLACK
6
CONTINUOUS
10
0.2160388582677165
20
-0.098123779527559
11
0.2161209448818898
21
-0.0980088976377953
0
LINE
8
BLACK
6
CONTINUOUS
10
0.2161209448818898
20
-0.0980088976377953
11
0.2161425590551181
21
-0.097956811023622
0
LINE
8
BLACK
6
CONTINUOUS
10
0.2161425590551181
20
-0.097956811023622
11
0.2161974803149606
21
-0.0979018503937008
0
LINE
8
BLACK
6
CONTINUOUS
10
0.2161974803149606
20
-0.0979018503937008
11
0.2163755118110236
21
-0.097652874015748
0
LINE
8
BLACK
6
CONTINUOUS
10
0.2163755118110236
20
-0.097652874015748
11
0.2201443307086614
21
-0.0933456299212598
0
LINE
8
BLACK
6
CONTINUOUS
10
0.2201443307086614
20
-0.0933456299212598
11
0.2201443307086614
21
-0.0875519291338583
0
LINE
8
BLACK
6
CONTINUOUS
10
0.2201443307086614
20
-0.0875519291338583
11
0.207349094488189
21
-0.0875519291338583
0
LINE
8
BLACK
6
CONTINUOUS
10
0.207349094488189
20
-0.0875519291338583
11
0.2073022047244094
21
-0.0875472834645669
0
LINE
8
BLACK
6
CONTINUOUS
10
0.2073022047244094
20
-0.0875472834645669
11
0.2073022047244094
21
-0.0963242913385827
0
LINE
8
BLACK
6
CONTINUOUS
10
0.2117056299212598
20
-0.0816464173228346
11
0.2194904724409449
21
-0.0816464173228346
0
LINE
8
BLACK
6
CONTINUOUS
10
0.2194904724409449
20
-0.0816464173228346
11
0.2186505118110236
21
-0.0812264566929134
0
LINE
8
BLACK
6
CONTINUOUS
10
0.2186505118110236
20
-0.0812264566929134
11
0.2125455511811024
21
-0.0812264566929134
0
LINE
8
BLACK
6
CONTINUOUS
10
0.2125455511811024
20
-0.0812264566929134
11
0.2117056299212598
21
-0.0816464173228346
0
LINE
8
BLACK
6
CONTINUOUS
10
-0.0507925196850394
20
-0.0817031496062992
11
-0.0497281102362205
21
-0.0821440551181102
0
LINE
8
BLACK
6
CONTINUOUS
10
-0.0497281102362205
20
-0.0821440551181102
11
-0.0489134645669291
21
-0.0829587007874016
0
LINE
8
BLACK
6
CONTINUOUS
10
-0.0489134645669291
20
-0.0829587007874016
11
-0.0484725590551181
21
-0.0840231102362205
0
LINE
8
BLACK
6
CONTINUOUS
10
-0.0484725590551181
20
-0.0840231102362205
11
-0.0484725590551181
21
-0.0851752362204724
0
LINE
8
BLACK
6
CONTINUOUS
10
-0.0484725590551181
20
-0.0851752362204724
11
-0.0489134645669291
21
-0.0862396456692913
0
LINE
8
BLACK
6
CONTINUOUS
10
-0.0489134645669291
20
-0.0862396456692913
11
-0.0497281102362205
21
-0.0870542913385827
0
LINE
8
BLACK
6
CONTINUOUS
10
-0.0497281102362205
20
-0.0870542913385827
11
-0.0507925196850394
21
-0.0874951968503937
0
LINE
8
BLACK
6
CONTINUOUS
10
-0.0507925196850394
20
-0.0874951968503937
11
-0.0513685826771654
21
-0.0875519291338583
0
LINE
8
BLACK
6
CONTINUOUS
10
-0.0513685826771654
20
-0.0875519291338583
11
-0.0596644094488189
21
-0.0875519291338583
0
LINE
8
BLACK
6
CONTINUOUS
10
-0.0596644094488189
20
-0.0875519291338583
11
-0.0596644094488189
21
-0.1239692519685039
0
LINE
8
BLACK
6
CONTINUOUS
10
-0.0596644094488189
20
-0.1239692519685039
11
-0.0597211417322835
21
-0.1245453149606299
0
LINE
8
BLACK
6
CONTINUOUS
10
-0.0597211417322835
20
-0.1245453149606299
11
-0.0601620472440945
21
-0.1256097244094488
0
LINE
8
BLACK
6
CONTINUOUS
10
-0.0601620472440945
20
-0.1256097244094488
11
-0.0609766929133858
21
-0.1264243700787402
0
LINE
8
BLACK
6
CONTINUOUS
10
-0.0609766929133858
20
-0.1264243700787402
11
-0.0620411023622047
21
-0.1268652755905512
0
LINE
8
BLACK
6
CONTINUOUS
10
-0.0620411023622047
20
-0.1268652755905512
11
-0.0631932283464567
21
-0.1268652755905512
0
LINE
8
BLACK
6
CONTINUOUS
10
-0.0631932283464567
20
-0.1268652755905512
11
-0.0642576377952756
21
-0.1264243700787402
0
LINE
8
BLACK
6
CONTINUOUS
10
-0.0642576377952756
20
-0.1264243700787402
11
-0.0650722834645669
21
-0.1256097244094488
0
LINE
8
BLACK
6
CONTINUOUS
10
-0.0650722834645669
20
-0.1256097244094488
11
-0.065513188976378
21
-0.1245453149606299
0
LINE
8
BLACK
6
CONTINUOUS
10
-0.065513188976378
20
-0.1245453149606299
11
-0.0655699212598425
21
-0.1239692519685039
0
LINE
8
BLACK
6
CONTINUOUS
10
-0.0655699212598425
20
-0.1239692519685039
11
-0.0655699212598425
21
-0.0875519291338583
0
LINE
8
BLACK
6
CONTINUOUS
10
-0.0655699212598425
20
-0.0875519291338583
11
-0.0738657480314961
21
-0.0875519291338583
0
LINE
8
BLACK
6
CONTINUOUS
10
-0.0738657480314961
20
-0.0875519291338583
11
-0.074441811023622
21
-0.0874951968503937
0
LINE
8
BLACK
6
CONTINUOUS
10
-0.074441811023622
20
-0.0874951968503937
11
-0.0755062204724409
21
-0.0870542913385827
0
LINE
8
BLACK
6
CONTINUOUS
10
-0.0755062204724409
20
-0.0870542913385827
11
-0.0763208661417323
21
-0.0862396456692913
0
LINE
8
BLACK
6
CONTINUOUS
10
-0.0763208661417323
20
-0.0862396456692913
11
-0.0767617716535433
21
-0.0851752362204724
0
LINE
8
BLACK
6
CONTINUOUS
10
-0.0767617716535433
20
-0.0851752362204724
11
-0.0767617716535433
21
-0.0840231102362205
0
LINE
8
BLACK
6
CONTINUOUS
10
-0.0767617716535433
20
-0.0840231102362205
11
-0.0763208661417323
21
-0.0829587007874016
0
LINE
8
BLACK
6
CONTINUOUS
10
-0.0763208661417323
20
-0.0829587007874016
11
-0.0755062204724409
21
-0.0821440551181102
0
LINE
8
BLACK
6
CONTINUOUS
10
-0.0755062204724409
20
-0.0821440551181102
11
-0.074441811023622
21
-0.0817031496062992
0
LINE
8
BLACK
6
CONTINUOUS
10
-0.074441811023622
20
-0.0817031496062992
11
-0.0738657480314961
21
-0.0816464173228346
0
LINE
8
BLACK
6
CONTINUOUS
10
-0.0738657480314961
20
-0.0816464173228346
11
-0.0513685826771654
21
-0.0816464173228346
0
LINE
8
BLACK
6
CONTINUOUS
10
-0.0513685826771654
20
-0.0816464173228346
11
-0.0507925196850394
21
-0.0817031496062992
0
LINE
8
BLACK
6
CONTINUOUS
10
0.413713937007874
20
0.0278559448818898
11
0.4145285826771654
21
0.0270412992125984
0
LINE
8
BLACK
6
CONTINUOUS
10
0.4145285826771654
20
0.0270412992125984
11
0.4149694881889764
21
0.0259768897637795
0
LINE
8
BLACK
6
CONTINUOUS
10
0.4149694881889764
20
0.0259768897637795
11
0.4150262204724409
21
0.0254008267716535
0
LINE
8
BLACK
6
CONTINUOUS
10
0.4150262204724409
20
0.0254008267716535
11
0.4150262204724409
21
-0.0027206299212598
0
LINE
8
BLACK
6
CONTINUOUS
10
0.4150262204724409
20
-0.0027206299212598
11
0.4149974803149606
21
-0.0030122047244094
0
LINE
8
BLACK
6
CONTINUOUS
10
0.4149974803149606
20
-0.0030122047244094
11
0.415003031496063
21
-0.0030899606299213
0
LINE
8
BLACK
6
CONTINUOUS
10
0.415003031496063
20
-0.0030899606299213
11
0.4149797637795276
21
-0.0031922047244094
0
LINE
8
BLACK
6
CONTINUOUS
10
0.4149797637795276
20
-0.0031922047244094
11
0.4149694881889764
21
-0.0032966929133858
0
LINE
8
BLACK
6
CONTINUOUS
10
0.4149694881889764
20
-0.0032966929133858
11
0.4149396062992126
21
-0.0033687401574803
0
LINE
8
BLACK
6
CONTINUOUS
10
0.4149396062992126
20
-0.0033687401574803
11
0.4148746850393701
21
-0.0036544094488189
0
LINE
8
BLACK
6
CONTINUOUS
10
0.4148746850393701
20
-0.0036544094488189
11
0.4129999212598425
21
-0.0092786614173228
0
LINE
8
BLACK
6
CONTINUOUS
10
0.4129999212598425
20
-0.0092786614173228
11
0.412763937007874
21
-0.0098072440944882
0
LINE
8
BLACK
6
CONTINUOUS
10
0.412763937007874
20
-0.0098072440944882
11
0.4126944094488189
21
-0.0098873622047244
0
LINE
8
BLACK
6
CONTINUOUS
10
0.4126944094488189
20
-0.0098873622047244
11
0.4126538582677165
21
-0.0099853543307087
0
LINE
8
BLACK
6
CONTINUOUS
10
0.4126538582677165
20
-0.0099853543307087
11
0.4122866535433071
21
-0.0104327952755906
0
LINE
8
BLACK
6
CONTINUOUS
10
0.4122866535433071
20
-0.0104327952755906
11
0.4085370866141732
21
-0.0141824015748031
0
LINE
8
BLACK
6
CONTINUOUS
10
0.4085370866141732
20
-0.0141824015748031
11
0.4080896456692913
21
-0.0145496062992126
0
LINE
8
BLACK
6
CONTINUOUS
10
0.4080896456692913
20
-0.0145496062992126
11
0.4079915748031496
21
-0.0145901968503937
0
LINE
8
BLACK
6
CONTINUOUS
10
0.4079915748031496
20
-0.0145901968503937
11
0.4079114566929134
21
-0.0146597244094488
0
LINE
8
BLACK
6
CONTINUOUS
10
0.4079114566929134
20
-0.0146597244094488
11
0.4073829133858268
21
-0.0148957086614173
0
LINE
8
BLACK
6
CONTINUOUS
10
0.4073829133858268
20
-0.0148957086614173
11
0.4017586220472441
21
-0.0167704724409449
0
LINE
8
BLACK
6
CONTINUOUS
10
0.4017586220472441
20
-0.0167704724409449
11
0.401473031496063
21
-0.0168353937007874
0
LINE
8
BLACK
6
CONTINUOUS
10
0.401473031496063
20
-0.0168353937007874
11
0.4014009448818898
21
-0.0168652755905512
0
LINE
8
BLACK
6
CONTINUOUS
10
0.4014009448818898
20
-0.0168652755905512
11
0.4012964173228347
21
-0.0168755511811024
0
LINE
8
BLACK
6
CONTINUOUS
10
0.4012964173228347
20
-0.0168755511811024
11
0.4011941732283464
21
-0.0168988188976378
0
LINE
8
BLACK
6
CONTINUOUS
10
0.4011941732283464
20
-0.0168988188976378
11
0.4011164173228347
21
-0.0168932677165354
0
LINE
8
BLACK
6
CONTINUOUS
10
0.4011164173228347
20
-0.0168932677165354
11
0.4008248818897638
21
-0.0169220078740157
0
LINE
8
BLACK
6
CONTINUOUS
10
0.4008248818897638
20
-0.0169220078740157
11
0.3970753543307087
21
-0.0169220078740157
0
LINE
8
BLACK
6
CONTINUOUS
10
0.3970753543307087
20
-0.0169220078740157
11
0.3964992913385827
21
-0.0168652755905512
0
LINE
8
BLACK
6
CONTINUOUS
10
0.3964992913385827
20
-0.0168652755905512
11
0.3954348818897638
21
-0.0164243700787402
0
LINE
8
BLACK
6
CONTINUOUS
10
0.3954348818897638
20
-0.0164243700787402
11
0.3946202362204724
21
-0.0156097244094488
0
LINE
8
BLACK
6
CONTINUOUS
10
0.3946202362204724
20
-0.0156097244094488
11
0.3941793307086614
21
-0.0145453149606299
0
LINE
8
BLACK
6
CONTINUOUS
10
0.3941793307086614
20
-0.0145453149606299
11
0.3941793307086614
21
-0.013393188976378
0
LINE
8
BLACK
6
CONTINUOUS
10
0.3941793307086614
20
-0.013393188976378
11
0.3946202362204724
21
-0.0123287795275591
0
LINE
8
BLACK
6
CONTINUOUS
10
0.3946202362204724
20
-0.0123287795275591
11
0.3954348818897638
21
-0.0115141338582677
0
LINE
8
BLACK
6
CONTINUOUS
10
0.3954348818897638
20
-0.0115141338582677
11
0.3964992913385827
21
-0.0110732283464567
0
LINE
8
BLACK
6
CONTINUOUS
10
0.3964992913385827
20
-0.0110732283464567
11
0.3970753543307087
21
-0.0110164960629921
0
LINE
8
BLACK
6
CONTINUOUS
10
0.3970753543307087
20
-0.0110164960629921
11
0.400345748031496
21
-0.0110164960629921
0
LINE
8
BLACK
6
CONTINUOUS
10
0.400345748031496
20
-0.0110164960629921
11
0.4048541338582677
21
-0.0095136614173228
0
LINE
8
BLACK
6
CONTINUOUS
10
0.4048541338582677
20
-0.0095136614173228
11
0.407617874015748
21
-0.0067498818897638
0
LINE
8
BLACK
6
CONTINUOUS
10
0.407617874015748
20
-0.0067498818897638
11
0.4091207086614173
21
-0.0022414960629921
0
LINE
8
BLACK
6
CONTINUOUS
10
0.4091207086614173
20
-0.0022414960629921
11
0.4091207086614173
21
0.0254008267716535
0
LINE
8
BLACK
6
CONTINUOUS
10
0.4091207086614173
20
0.0254008267716535
11
0.4091774409448819
21
0.0259768897637795
0
LINE
8
BLACK
6
CONTINUOUS
10
0.4091774409448819
20
0.0259768897637795
11
0.4096183464566929
21
0.0270412992125984
0
LINE
8
BLACK
6
CONTINUOUS
10
0.4096183464566929
20
0.0270412992125984
11
0.4104329921259842
21
0.0278559448818898
0
LINE
8
BLACK
6
CONTINUOUS
10
0.4104329921259842
20
0.0278559448818898
11
0.4114974015748031
21
0.0282968503937008
0
LINE
8
BLACK
6
CONTINUOUS
10
0.4114974015748031
20
0.0282968503937008
11
0.4126495275590551
21
0.0282968503937008
0
LINE
8
BLACK
6
CONTINUOUS
10
0.4126495275590551
20
0.0282968503937008
11
0.413713937007874
21
0.0278559448818898
0
LINE
8
BLACK
6
CONTINUOUS
10
0.4404786220472441
20
0.0282968503937008
11
0.4407710236220472
21
0.0282968503937008
0
LINE
8
BLACK
6
CONTINUOUS
10
0.4407710236220472
20
0.0282968503937008
11
0.4410382677165354
21
0.0281861417322835
0
LINE
8
BLACK
6
CONTINUOUS
10
0.4410382677165354
20
0.0281861417322835
11
0.4413220866141732
21
0.02813
0
LINE
8
BLACK
6
CONTINUOUS
10
0.4413220866141732
20
0.02813
11
0.4415653543307086
21
0.0279678346456693
0
LINE
8
BLACK
6
CONTINUOUS
10
0.4415653543307086
20
0.0279678346456693
11
0.4418354330708661
21
0.0278559448818898
0
LINE
8
BLACK
6
CONTINUOUS
10
0.4418354330708661
20
0.0278559448818898
11
0.4420398818897638
21
0.0276514960629921
0
LINE
8
BLACK
6
CONTINUOUS
10
0.4420398818897638
20
0.0276514960629921
11
0.4422807086614173
21
0.0274909448818898
0
LINE
8
BLACK
6
CONTINUOUS
10
0.4422807086614173
20
0.0274909448818898
11
0.4424434251968504
21
0.0272479527559055
0
LINE
8
BLACK
6
CONTINUOUS
10
0.4424434251968504
20
0.0272479527559055
11
0.4426500787401575
21
0.0270412992125984
0
LINE
8
BLACK
6
CONTINUOUS
10
0.4426500787401575
20
0.0270412992125984
11
0.4427607480314961
21
0.026774094488189
0
LINE
8
BLACK
6
CONTINUOUS
10
0.4427607480314961
20
0.026774094488189
11
0.4429217716535433
21
0.0265336614173228
0
LINE
8
BLACK
6
CONTINUOUS
10
0.4429217716535433
20
0.0265336614173228
11
0.442979094488189
21
0.0262470078740157
0
LINE
8
BLACK
6
CONTINUOUS
10
0.442979094488189
20
0.0262470078740157
11
0.4430909842519685
21
0.0259768897637795
0
LINE
8
BLACK
6
CONTINUOUS
10
0.4430909842519685
20
0.0259768897637795
11
0.4431470866141732
21
0.025406968503937
0
LINE
8
BLACK
6
CONTINUOUS
10
0.4431470866141732
20
0.025406968503937
11
0.4431477165354331
21
0.025403937007874
0
LINE
8
BLACK
6
CONTINUOUS
10
0.4431477165354331
20
0.025403937007874
11
0.4431474803149606
21
0.0254029133858268
0
LINE
8
BLACK
6
CONTINUOUS
10
0.4431474803149606
20
0.0254029133858268
11
0.4431477165354331
21
0.0254008267716535
0
LINE
8
BLACK
6
CONTINUOUS
10
0.4431477165354331
20
0.0254008267716535
11
0.4431477165354331
21
-0.0110164960629921
0
LINE
8
BLACK
6
CONTINUOUS
10
0.4431477165354331
20
-0.0110164960629921
11
0.4514435433070866
21
-0.0110164960629921
0
LINE
8
BLACK
6
CONTINUOUS
10
0.4514435433070866
20
-0.0110164960629921
11
0.4520196062992126
21
-0.0110732283464567
0
LINE
8
BLACK
6
CONTINUOUS
10
0.4520196062992126
20
-0.0110732283464567
11
0.4530840157480315
21
-0.0115141338582677
0
LINE
8
BLACK
6
CONTINUOUS
10
0.4530840157480315
20
-0.0115141338582677
11
0.4538986614173228
21
-0.0123287795275591
0
LINE
8
BLACK
6
CONTINUOUS
10
0.4538986614173228
20
-0.0123287795275591
11
0.4543395669291339
21
-0.013393188976378
0
LINE
8
BLACK
6
CONTINUOUS
10
0.4543395669291339
20
-0.013393188976378
11
0.4543395669291339
21
-0.0145453149606299
0
LINE
8
BLACK
6
CONTINUOUS
10
0.4543395669291339
20
-0.0145453149606299
11
0.4538986614173228
21
-0.0156097244094488
0
LINE
8
BLACK
6
CONTINUOUS
10
0.4538986614173228
20
-0.0156097244094488
11
0.4530840157480315
21
-0.0164243700787402
0
LINE
8
BLACK
6
CONTINUOUS
10
0.4530840157480315
20
-0.0164243700787402
11
0.4520196062992126
21
-0.0168652755905512
0
LINE
8
BLACK
6
CONTINUOUS
10
0.4520196062992126
20
-0.0168652755905512
11
0.4514435433070866
21
-0.0169220078740157
0
LINE
8
BLACK
6
CONTINUOUS
10
0.4514435433070866
20
-0.0169220078740157
11
0.4289463779527559
21
-0.0169220078740157
0
LINE
8
BLACK
6
CONTINUOUS
10
0.4289463779527559
20
-0.0169220078740157
11
0.4283703149606299
21
-0.0168652755905512
0
LINE
8
BLACK
6
CONTINUOUS
10
0.4283703149606299
20
-0.0168652755905512
11
0.427305905511811
21
-0.0164243700787402
0
LINE
8
BLACK
6
CONTINUOUS
10
0.427305905511811
20
-0.0164243700787402
11
0.4264912598425197
21
-0.0156097244094488
0
LINE
8
BLACK
6
CONTINUOUS
10
0.4264912598425197
20
-0.0156097244094488
11
0.4260503543307086
21
-0.0145453149606299
0
LINE
8
BLACK
6
CONTINUOUS
10
0.4260503543307086
20
-0.0145453149606299
11
0.4260503543307086
21
-0.013393188976378
0
LINE
8
BLACK
6
CONTINUOUS
10
0.4260503543307086
20
-0.013393188976378
11
0.4264912598425197
21
-0.0123287795275591
0
LINE
8
BLACK
6
CONTINUOUS
10
0.4264912598425197
20
-0.0123287795275591
11
0.427305905511811
21
-0.0115141338582677
0
LINE
8
BLACK
6
CONTINUOUS
10
0.427305905511811
20
-0.0115141338582677
11
0.4283703149606299
21
-0.0110732283464567
0
LINE
8
BLACK
6
CONTINUOUS
10
0.4283703149606299
20
-0.0110732283464567
11
0.4289463779527559
21
-0.0110164960629921
0
LINE
8
BLACK
6
CONTINUOUS
10
0.4289463779527559
20
-0.0110164960629921
11
0.4372422047244094
21
-0.0110164960629921
0
LINE
8
BLACK
6
CONTINUOUS
10
0.4372422047244094
20
-0.0110164960629921
11
0.4372422047244094
21
0.0163974803149606
0
LINE
8
BLACK
6
CONTINUOUS
10
0.4372422047244094
20
0.0163974803149606
11
0.4347838188976378
21
0.013939094488189
0
LINE
8
BLACK
6
CONTINUOUS
10
0.4347838188976378
20
0.013939094488189
11
0.4345574409448819
21
0.0137533464566929
0
LINE
8
BLACK
6
CONTINUOUS
10
0.4345574409448819
20
0.0137533464566929
11
0.4345062992125984
21
0.0136943307086614
0
LINE
8
BLACK
6
CONTINUOUS
10
0.4345062992125984
20
0.0136943307086614
11
0.4344173228346457
21
0.0136383858267717
0
LINE
8
BLACK
6
CONTINUOUS
10
0.4344173228346457
20
0.0136383858267717
11
0.4343363779527559
21
0.0135718897637795
0
LINE
8
BLACK
6
CONTINUOUS
10
0.4343363779527559
20
0.0135718897637795
11
0.4342644094488189
21
0.0135420866141732
0
LINE
8
BLACK
6
CONTINUOUS
10
0.4342644094488189
20
0.0135420866141732
11
0.4340164173228346
21
0.0133859842519685
0
LINE
8
BLACK
6
CONTINUOUS
10
0.4340164173228346
20
0.0133859842519685
11
0.4302668897637795
21
0.0115112204724409
0
LINE
8
BLACK
6
CONTINUOUS
10
0.4302668897637795
20
0.0115112204724409
11
0.4297262598425197
21
0.0113043307086614
0
LINE
8
BLACK
6
CONTINUOUS
10
0.4297262598425197
20
0.0113043307086614
11
0.4285770472440945
21
0.0112226771653543
0
LINE
8
BLACK
6
CONTINUOUS
10
0.4285770472440945
20
0.0112226771653543
11
0.427484094488189
21
0.0115870078740157
0
LINE
8
BLACK
6
CONTINUOUS
10
0.427484094488189
20
0.0115870078740157
11
0.4266137007874016
21
0.0123418503937008
0
LINE
8
BLACK
6
CONTINUOUS
10
0.4266137007874016
20
0.0123418503937008
11
0.4260984645669291
21
0.0133723622047244
0
LINE
8
BLACK
6
CONTINUOUS
10
0.4260984645669291
20
0.0133723622047244
11
0.426016811023622
21
0.0145215748031496
0
LINE
8
BLACK
6
CONTINUOUS
10
0.426016811023622
20
0.0145215748031496
11
0.4263811417322835
21
0.0156145275590551
0
LINE
8
BLACK
6
CONTINUOUS
10
0.4263811417322835
20
0.0156145275590551
11
0.4271359842519685
21
0.0164849212598425
0
LINE
8
BLACK
6
CONTINUOUS
10
0.4271359842519685
20
0.0164849212598425
11
0.4276258661417323
21
0.0167932677165354
0
LINE
8
BLACK
6
CONTINUOUS
10
0.4276258661417323
20
0.0167932677165354
11
0.430946811023622
21
0.0184537401574803
0
LINE
8
BLACK
6
CONTINUOUS
10
0.430946811023622
20
0.0184537401574803
11
0.4341507086614173
21
0.0216576377952756
0
LINE
8
BLACK
6
CONTINUOUS
10
0.4341507086614173
20
0.0216576377952756
11
0.4377381102362204
21
0.0270387401574803
0
LINE
8
BLACK
6
CONTINUOUS
10
0.4377381102362204
20
0.0270387401574803
11
0.4377394488188976
21
0.0270404330708661
0
LINE
8
BLACK
6
CONTINUOUS
10
0.4377394488188976
20
0.0270404330708661
11
0.437739842519685
21
0.0270412992125984
0
LINE
8
BLACK
6
CONTINUOUS
10
0.437739842519685
20
0.0270412992125984
11
0.4377418503937008
21
0.0270433464566929
0
LINE
8
BLACK
6
CONTINUOUS
10
0.4377418503937008
20
0.0270433464566929
11
0.4381048818897638
21
0.0274865748031496
0
LINE
8
BLACK
6
CONTINUOUS
10
0.4381048818897638
20
0.0274865748031496
11
0.4383477559055118
21
0.0276492519685039
0
LINE
8
BLACK
6
CONTINUOUS
10
0.4383477559055118
20
0.0276492519685039
11
0.4385544881889764
21
0.0278559448818898
0
LINE
8
BLACK
6
CONTINUOUS
10
0.4385544881889764
20
0.0278559448818898
11
0.4388217716535433
21
0.0279666929133858
0
LINE
8
BLACK
6
CONTINUOUS
10
0.4388217716535433
20
0.0279666929133858
11
0.4390621653543307
21
0.0281276377952756
0
LINE
8
BLACK
6
CONTINUOUS
10
0.4390621653543307
20
0.0281276377952756
11
0.439348779527559
21
0.028185
0
LINE
8
BLACK
6
CONTINUOUS
10
0.439348779527559
20
0.028185
11
0.4396188976377953
21
0.0282968503937008
0
LINE
8
BLACK
6
CONTINUOUS
10
0.4396188976377953
20
0.0282968503937008
11
0.439908188976378
21
0.0282968503937008
0
LINE
8
BLACK
6
CONTINUOUS
10
0.439908188976378
20
0.0282968503937008
11
0.4401918503937008
21
0.0283535826771654
0
LINE
8
BLACK
6
CONTINUOUS
10
0.4401918503937008
20
0.0283535826771654
11
0.4404786220472441
21
0.0282968503937008
0
LINE
8
BLACK
6
CONTINUOUS
10
0.550950157480315
20
0.1307556692913386
11
0.5520155118110236
21
0.1296903149606299
0
LINE
8
BLACK
6
CONTINUOUS
10
0.5520155118110236
20
0.1296903149606299
11
0.5521653543307087
21
0.1289370078740157
0
LINE
8
BLACK
6
CONTINUOUS
10
0.5521653543307087
20
0.1289370078740157
11
0.5521653543307087
21
-0.1210629921259842
0
LINE
8
BLACK
6
CONTINUOUS
10
0.5521653543307087
20
-0.1210629921259842
11
0.5520155118110236
21
-0.1218162992125984
0
LINE
8
BLACK
6
CONTINUOUS
10
0.5520155118110236
20
-0.1218162992125984
11
0.550950157480315
21
-0.1228816535433071
0
LINE
8
BLACK
6
CONTINUOUS
10
0.550950157480315
20
-0.1228816535433071
11
0.5501968503937008
21
-0.1230314960629921
0
LINE
8
BLACK
6
CONTINUOUS
10
0.5501968503937008
20
-0.1230314960629921
11
0.4251968503937008
21
-0.1230314960629921
0
LINE
8
BLACK
6
CONTINUOUS
10
0.4251968503937008
20
-0.1230314960629921
11
0.3001968503937008
21
-0.1230314960629921
0
LINE
8
BLACK
6
CONTINUOUS
10
0.3001968503937008
20
-0.1230314960629921
11
0.2994435433070866
21
-0.1228816535433071
0
LINE
8
BLACK
6
CONTINUOUS
10
0.2994435433070866
20
-0.1228816535433071
11
0.298378188976378
21
-0.1218162992125984
0
LINE
8
BLACK
6
CONTINUOUS
10
0.298378188976378
20
-0.1218162992125984
11
0.2982283464566929
21
-0.1210629921259842
0
LINE
8
BLACK
6
CONTINUOUS
10
0.2982283464566929
20
-0.1210629921259842
11
0.2982283464566929
21
0.1289370078740157
0
LINE
8
BLACK
6
CONTINUOUS
10
0.2982283464566929
20
0.1289370078740157
11
0.298378188976378
21
0.1296903149606299
0
LINE
8
BLACK
6
CONTINUOUS
10
0.298378188976378
20
0.1296903149606299
11
0.2994435433070866
21
0.1307556692913386
0
LINE
8
BLACK
6
CONTINUOUS
10
0.2994435433070866
20
0.1307556692913386
11
0.3001968503937008
21
0.1309055118110236
0
LINE
8
BLACK
6
CONTINUOUS
10
0.3001968503937008
20
0.1309055118110236
11
0.5501968503937008
21
0.1309055118110236
0
LINE
8
BLACK
6
CONTINUOUS
10
0.5501968503937008
20
0.1309055118110236
11
0.550950157480315
21
0.1307556692913386
0
LINE
8
BLACK
6
CONTINUOUS
10
0.3021653543307087
20
-0.1190944881889764
11
0.3943276771653543
21
-0.1190944881889764
0
LINE
8
BLACK
6
CONTINUOUS
10
0.3943276771653543
20
-0.1190944881889764
11
0.3832618110236221
21
-0.1159064566929134
0
LINE
8
BLACK
6
CONTINUOUS
10
0.3832618110236221
20
-0.1159064566929134
11
0.3701072834645669
21
-0.1104576771653543
0
LINE
8
BLACK
6
CONTINUOUS
10
0.3701072834645669
20
-0.1104576771653543
11
0.3576455511811024
21
-0.1035703149606299
0
LINE
8
BLACK
6
CONTINUOUS
10
0.3576455511811024
20
-0.1035703149606299
11
0.3460332677165354
21
-0.0953309842519685
0
LINE
8
BLACK
6
CONTINUOUS
10
0.3460332677165354
20
-0.0953309842519685
11
0.3354165748031496
21
-0.0858432677165354
0
LINE
8
BLACK
6
CONTINUOUS
10
0.3354165748031496
20
-0.0858432677165354
11
0.3259288582677165
21
-0.0752265748031496
0
LINE
8
BLACK
6
CONTINUOUS
10
0.3259288582677165
20
-0.0752265748031496
11
0.3176895275590551
21
-0.0636142913385827
0
LINE
8
BLACK
6
CONTINUOUS
10
0.3176895275590551
20
-0.0636142913385827
11
0.3108021653543307
21
-0.0511525590551181
0
LINE
8
BLACK
6
CONTINUOUS
10
0.3108021653543307
20
-0.0511525590551181
11
0.3053533858267716
21
-0.037998031496063
0
LINE
8
BLACK
6
CONTINUOUS
10
0.3053533858267716
20
-0.037998031496063
11
0.3021653543307087
21
-0.026932125984252
0
LINE
8
BLACK
6
CONTINUOUS
10
0.3021653543307087
20
-0.026932125984252
11
0.3021653543307087
21
-0.1190944881889764
0
LINE
8
BLACK
6
CONTINUOUS
10
0.421744842519685
20
0.1269685039370079
11
0.4114
21
0.1263875590551181
0
LINE
8
BLACK
6
CONTINUOUS
10
0.4114
20
0.1263875590551181
11
0.3977766141732283
21
0.1240728346456693
0
LINE
8
BLACK
6
CONTINUOUS
10
0.3977766141732283
20
0.1240728346456693
11
0.3844981102362204
21
0.1202473622047244
0
LINE
8
BLACK
6
CONTINUOUS
10
0.3844981102362204
20
0.1202473622047244
11
0.3717313779527559
21
0.1149592125984252
0
LINE
8
BLACK
6
CONTINUOUS
10
0.3717313779527559
20
0.1149592125984252
11
0.3596370078740158
21
0.1082748818897638
0
LINE
8
BLACK
6
CONTINUOUS
10
0.3596370078740158
20
0.1082748818897638
11
0.3483670866141732
21
0.1002784645669291
0
LINE
8
BLACK
6
CONTINUOUS
10
0.3483670866141732
20
0.1002784645669291
11
0.3380633858267716
21
0.0910704724409449
0
LINE
8
BLACK
6
CONTINUOUS
10
0.3380633858267716
20
0.0910704724409449
11
0.3288553937007874
21
0.0807667716535433
0
LINE
8
BLACK
6
CONTINUOUS
10
0.3288553937007874
20
0.0807667716535433
11
0.3208589763779527
21
0.0694968503937008
0
LINE
8
BLACK
6
CONTINUOUS
10
0.3208589763779527
20
0.0694968503937008
11
0.3141746456692913
21
0.0574024803149606
0
LINE
8
BLACK
6
CONTINUOUS
10
0.3141746456692913
20
0.0574024803149606
11
0.3088864960629921
21
0.0446357480314961
0
LINE
8
BLACK
6
CONTINUOUS
10
0.3088864960629921
20
0.0446357480314961
11
0.3050610236220472
21
0.0313572440944882
0
LINE
8
BLACK
6
CONTINUOUS
10
0.3050610236220472
20
0.0313572440944882
11
0.3027462992125984
21
0.0177338582677165
0
LINE
8
BLACK
6
CONTINUOUS
10
0.3027462992125984
20
0.0177338582677165
11
0.3021653543307087
21
0.0073890551181102
0
LINE
8
BLACK
6
CONTINUOUS
10
0.3021653543307087
20
0.0073890551181102
11
0.3021653543307087
21
0.000485
0
LINE
8
BLACK
6
CONTINUOUS
10
0.3021653543307087
20
0.000485
11
0.3027462992125984
21
-0.009859842519685
0
LINE
8
BLACK
6
CONTINUOUS
10
0.3027462992125984
20
-0.009859842519685
11
0.3050610236220472
21
-0.0234832283464567
0
LINE
8
BLACK
6
CONTINUOUS
10
0.3050610236220472
20
-0.0234832283464567
11
0.3088864960629921
21
-0.0367617322834646
0
LINE
8
BLACK
6
CONTINUOUS
10
0.3088864960629921
20
-0.0367617322834646
11
0.3141746456692913
21
-0.0495284645669291
0
LINE
8
BLACK
6
CONTINUOUS
10
0.3141746456692913
20
-0.0495284645669291
11
0.3208589763779527
21
-0.0616228346456693
0
LINE
8
BLACK
6
CONTINUOUS
10
0.3208589763779527
20
-0.0616228346456693
11
0.3288553937007874
21
-0.0728927559055118
0
LINE
8
BLACK
6
CONTINUOUS
10
0.3288553937007874
20
-0.0728927559055118
11
0.3380633858267716
21
-0.0831964566929134
0
LINE
8
BLACK
6
CONTINUOUS
10
0.3380633858267716
20
-0.0831964566929134
11
0.3483670866141732
21
-0.0924044488188976
0
LINE
8
BLACK
6
CONTINUOUS
10
0.3483670866141732
20
-0.0924044488188976
11
0.3596370078740158
21
-0.1004008661417323
0
LINE
8
BLACK
6
CONTINUOUS
10
0.3596370078740158
20
-0.1004008661417323
11
0.3717313779527559
21
-0.1070851968503937
0
LINE
8
BLACK
6
CONTINUOUS
10
0.3717313779527559
20
-0.1070851968503937
11
0.3844981102362204
21
-0.1123733464566929
0
LINE
8
BLACK
6
CONTINUOUS
10
0.3844981102362204
20
-0.1123733464566929
11
0.3977766141732283
21
-0.1161988188976378
0
LINE
8
BLACK
6
CONTINUOUS
10
0.3977766141732283
20
-0.1161988188976378
11
0.4114
21
-0.1185135433070866
0
LINE
8
BLACK
6
CONTINUOUS
10
0.4114
20
-0.1185135433070866
11
0.421744842519685
21
-0.1190944881889764
0
LINE
8
BLACK
6
CONTINUOUS
10
0.421744842519685
20
-0.1190944881889764
11
0.4286488582677165
21
-0.1190944881889764
0
LINE
8
BLACK
6
CONTINUOUS
10
0.4286488582677165
20
-0.1190944881889764
11
0.4389937007874016
21
-0.1185135433070866
0
LINE
8
BLACK
6
CONTINUOUS
10
0.4389937007874016
20
-0.1185135433070866
11
0.4526170866141732
21
-0.1161988188976378
0
LINE
8
BLACK
6
CONTINUOUS
10
0.4526170866141732
20
-0.1161988188976378
11
0.4658955905511811
21
-0.1123733464566929
0
LINE
8
BLACK
6
CONTINUOUS
10
0.4658955905511811
20
-0.1123733464566929
11
0.4786623228346457
21
-0.1070851968503937
0
LINE
8
BLACK
6
CONTINUOUS
10
0.4786623228346457
20
-0.1070851968503937
11
0.4907566929133858
21
-0.1004008661417323
0
LINE
8
BLACK
6
CONTINUOUS
10
0.4907566929133858
20
-0.1004008661417323
11
0.5020266141732284
21
-0.0924044488188976
0
LINE
8
BLACK
6
CONTINUOUS
10
0.5020266141732284
20
-0.0924044488188976
11
0.5123303149606299
21
-0.0831964566929134
0
LINE
8
BLACK
6
CONTINUOUS
10
0.5123303149606299
20
-0.0831964566929134
11
0.5215383070866142
21
-0.0728927559055118
0
LINE
8
BLACK
6
CONTINUOUS
10
0.5215383070866142
20
-0.0728927559055118
11
0.5295347244094488
21
-0.0616228346456693
0
LINE
8
BLACK
6
CONTINUOUS
10
0.5295347244094488
20
-0.0616228346456693
11
0.5362190551181102
21
-0.0495284645669291
0
LINE
8
BLACK
6
CONTINUOUS
10
0.5362190551181102
20
-0.0495284645669291
11
0.5415072047244094
21
-0.0367617322834646
0
LINE
8
BLACK
6
CONTINUOUS
10
0.5415072047244094
20
-0.0367617322834646
11
0.5453326771653543
21
-0.0234832283464567
0
LINE
8
BLACK
6
CONTINUOUS
10
0.5453326771653543
20
-0.0234832283464567
11
0.5476474015748032
21
-0.009859842519685
0
LINE
8
BLACK
6
CONTINUOUS
10
0.5476474015748032
20
-0.009859842519685
11
0.5482283464566929
21
0.000485
0
LINE
8
BLACK
6
CONTINUOUS
10
0.5482283464566929
20
0.000485
11
0.5482283464566929
21
0.0073890551181102
0
LINE
8
BLACK
6
CONTINUOUS
10
0.5482283464566929
20
0.0073890551181102
11
0.5476474015748032
21
0.0177338582677165
0
LINE
8
BLACK
6
CONTINUOUS
10
0.5476474015748032
20
0.0177338582677165
11
0.5453326771653543
21
0.0313572440944882
0
LINE
8
BLACK
6
CONTINUOUS
10
0.5453326771653543
20
0.0313572440944882
11
0.5415072047244094
21
0.0446357480314961
0
LINE
8
BLACK
6
CONTINUOUS
10
0.5415072047244094
20
0.0446357480314961
11
0.5362190551181102
21
0.0574024803149606
0
LINE
8
BLACK
6
CONTINUOUS
10
0.5362190551181102
20
0.0574024803149606
11
0.5295347244094488
21
0.0694968503937008
0
LINE
8
BLACK
6
CONTINUOUS
10
0.5295347244094488
20
0.0694968503937008
11
0.5215383070866142
21
0.0807667716535433
0
LINE
8
BLACK
6
CONTINUOUS
10
0.5215383070866142
20
0.0807667716535433
11
0.5123303149606299
21
0.0910704724409449
0
LINE
8
BLACK
6
CONTINUOUS
10
0.5123303149606299
20
0.0910704724409449
11
0.5020266141732284
21
0.1002784645669291
0
LINE
8
BLACK
6
CONTINUOUS
10
0.5020266141732284
20
0.1002784645669291
11
0.4907566929133858
21
0.1082748818897638
0
LINE
8
BLACK
6
CONTINUOUS
10
0.4907566929133858
20
0.1082748818897638
11
0.4786623228346457
21
0.1149592125984252
0
LINE
8
BLACK
6
CONTINUOUS
10
0.4786623228346457
20
0.1149592125984252
11
0.4658955905511811
21
0.1202473622047244
0
LINE
8
BLACK
6
CONTINUOUS
10
0.4658955905511811
20
0.1202473622047244
11
0.4526170866141732
21
0.1240728346456693
0
LINE
8
BLACK
6
CONTINUOUS
10
0.4526170866141732
20
0.1240728346456693
11
0.4389937007874016
21
0.1263875590551181
0
LINE
8
BLACK
6
CONTINUOUS
10
0.4389937007874016
20
0.1263875590551181
11
0.4286488582677165
21
0.1269685039370079
0
LINE
8
BLACK
6
CONTINUOUS
10
0.4286488582677165
20
0.1269685039370079
11
0.421744842519685
21
0.1269685039370079
0
LINE
8
BLACK
6
CONTINUOUS
10
0.5450403149606299
20
-0.037998031496063
11
0.5395915354330708
21
-0.0511525590551181
0
LINE
8
BLACK
6
CONTINUOUS
10
0.5395915354330708
20
-0.0511525590551181
11
0.5327041732283464
21
-0.0636142913385827
0
LINE
8
BLACK
6
CONTINUOUS
10
0.5327041732283464
20
-0.0636142913385827
11
0.5244648425196851
21
-0.0752265748031496
0
LINE
8
BLACK
6
CONTINUOUS
10
0.5244648425196851
20
-0.0752265748031496
11
0.5149771259842519
21
-0.0858432677165354
0
LINE
8
BLACK
6
CONTINUOUS
10
0.5149771259842519
20
-0.0858432677165354
11
0.5043604330708661
21
-0.0953309842519685
0
LINE
8
BLACK
6
CONTINUOUS
10
0.5043604330708661
20
-0.0953309842519685
11
0.4927481496062992
21
-0.1035703149606299
0
LINE
8
BLACK
6
CONTINUOUS
10
0.4927481496062992
20
-0.1035703149606299
11
0.4802864173228346
21
-0.1104576771653543
0
LINE
8
BLACK
6
CONTINUOUS
10
0.4802864173228346
20
-0.1104576771653543
11
0.4671318897637795
21
-0.1159064566929134
0
LINE
8
BLACK
6
CONTINUOUS
10
0.4671318897637795
20
-0.1159064566929134
11
0.4560660236220472
21
-0.1190944881889764
0
LINE
8
BLACK
6
CONTINUOUS
10
0.4560660236220472
20
-0.1190944881889764
11
0.5482283464566929
21
-0.1190944881889764
0
LINE
8
BLACK
6
CONTINUOUS
10
0.5482283464566929
20
-0.1190944881889764
11
0.5482283464566929
21
-0.026932125984252
0
LINE
8
BLACK
6
CONTINUOUS
10
0.5482283464566929
20
-0.026932125984252
11
0.5450403149606299
21
-0.037998031496063
0
LINE
8
BLACK
6
CONTINUOUS
10
0.3021653543307087
20
0.1269685039370079
11
0.3021653543307087
21
0.0348061811023622
0
LINE
8
BLACK
6
CONTINUOUS
10
0.3021653543307087
20
0.0348061811023622
11
0.3053533858267716
21
0.0458720472440945
0
LINE
8
BLACK
6
CONTINUOUS
10
0.3053533858267716
20
0.0458720472440945
11
0.3108021653543307
21
0.0590265748031496
0
LINE
8
BLACK
6
CONTINUOUS
10
0.3108021653543307
20
0.0590265748031496
11
0.3176895275590551
21
0.0714883070866142
0
LINE
8
BLACK
6
CONTINUOUS
10
0.3176895275590551
20
0.0714883070866142
11
0.3259288582677165
21
0.0831005905511811
0
LINE
8
BLACK
6
CONTINUOUS
10
0.3259288582677165
20
0.0831005905511811
11
0.3354165748031496
21
0.0937172834645669
0
LINE
8
BLACK
6
CONTINUOUS
10
0.3354165748031496
20
0.0937172834645669
11
0.3460332677165354
21
0.103205
0
LINE
8
BLACK
6
CONTINUOUS
10
0.3460332677165354
20
0.103205
11
0.3576455511811024
21
0.1114443307086614
0
LINE
8
BLACK
6
CONTINUOUS
10
0.3576455511811024
20
0.1114443307086614
11
0.3701072834645669
21
0.1183316929133858
0
LINE
8
BLACK
6
CONTINUOUS
10
0.3701072834645669
20
0.1183316929133858
11
0.3832618110236221
21
0.1237804724409449
0
LINE
8
BLACK
6
CONTINUOUS
10
0.3832618110236221
20
0.1237804724409449
11
0.3943276771653543
21
0.1269685039370079
0
LINE
8
BLACK
6
CONTINUOUS
10
0.3943276771653543
20
0.1269685039370079
11
0.3021653543307087
21
0.1269685039370079
0
LINE
8
BLACK
6
CONTINUOUS
10
0.4560660236220472
20
0.1269685039370079
11
0.4671318897637795
21
0.1237804724409449
0
LINE
8
BLACK
6
CONTINUOUS
10
0.4671318897637795
20
0.1237804724409449
11
0.4802864173228346
21
0.1183316929133858
0
LINE
8
BLACK
6
CONTINUOUS
10
0.4802864173228346
20
0.1183316929133858
11
0.4927481496062992
21
0.1114443307086614
0
LINE
8
BLACK
6
CONTINUOUS
10
0.4927481496062992
20
0.1114443307086614
11
0.5043604330708661
21
0.103205
0
LINE
8
BLACK
6
CONTINUOUS
10
0.5043604330708661
20
0.103205
11
0.5149771259842519
21
0.0937172834645669
0
LINE
8
BLACK
6
CONTINUOUS
10
0.5149771259842519
20
0.0937172834645669
11
0.5244648425196851
21
0.0831005905511811
0
LINE
8
BLACK
6
CONTINUOUS
10
0.5244648425196851
20
0.0831005905511811
11
0.5327041732283464
21
0.0714883070866142
0
LINE
8
BLACK
6
CONTINUOUS
10
0.5327041732283464
20
0.0714883070866142
11
0.5395915354330708
21
0.0590265748031496
0
LINE
8
BLACK
6
CONTINUOUS
10
0.5395915354330708
20
0.0590265748031496
11
0.5450403149606299
21
0.0458720472440945
0
LINE
8
BLACK
6
CONTINUOUS
10
0.5450403149606299
20
0.0458720472440945
11
0.5482283464566929
21
0.0348061811023622
0
LINE
8
BLACK
6
CONTINUOUS
10
0.5482283464566929
20
0.0348061811023622
11
0.5482283464566929
21
0.1269685039370079
0
LINE
8
BLACK
6
CONTINUOUS
10
0.5482283464566929
20
0.1269685039370079
11
0.4560660236220472
21
0.1269685039370079
0
LINE
8
BLACK
6
CONTINUOUS
10
0.0691925196850394
20
-0.1060750787401575
11
0.0702569291338583
21
-0.1065159842519685
0
LINE
8
BLACK
6
CONTINUOUS
10
0.0702569291338583
20
-0.1065159842519685
11
0.0710715748031496
21
-0.1073306299212598
0
LINE
8
BLACK
6
CONTINUOUS
10
0.0710715748031496
20
-0.1073306299212598
11
0.0715124803149606
21
-0.1083950393700787
0
LINE
8
BLACK
6
CONTINUOUS
10
0.0715124803149606
20
-0.1083950393700787
11
0.0715124803149606
21
-0.1095471653543307
0
LINE
8
BLACK
6
CONTINUOUS
10
0.0715124803149606
20
-0.1095471653543307
11
0.0710715748031496
21
-0.1106115748031496
0
LINE
8
BLACK
6
CONTINUOUS
10
0.0710715748031496
20
-0.1106115748031496
11
0.0702569291338583
21
-0.1114262204724409
0
LINE
8
BLACK
6
CONTINUOUS
10
0.0702569291338583
20
-0.1114262204724409
11
0.0691925196850394
21
-0.111867125984252
0
LINE
8
BLACK
6
CONTINUOUS
10
0.0691925196850394
20
-0.111867125984252
11
0.0686164566929134
21
-0.1119238582677165
0
LINE
8
BLACK
6
CONTINUOUS
10
0.0686164566929134
20
-0.1119238582677165
11
0.0386201968503937
21
-0.1119238582677165
0
LINE
8
BLACK
6
CONTINUOUS
10
0.0386201968503937
20
-0.1119238582677165
11
0.0380441338582677
21
-0.111867125984252
0
LINE
8
BLACK
6
CONTINUOUS
10
0.0380441338582677
20
-0.111867125984252
11
0.0369797244094488
21
-0.1114262204724409
0
LINE
8
BLACK
6
CONTINUOUS
10
0.0369797244094488
20
-0.1114262204724409
11
0.0361650787401575
21
-0.1106115748031496
0
LINE
8
BLACK
6
CONTINUOUS
10
0.0361650787401575
20
-0.1106115748031496
11
0.0357241732283465
21
-0.1095471653543307
0
LINE
8
BLACK
6
CONTINUOUS
10
0.0357241732283465
20
-0.1095471653543307
11
0.0357241732283465
21
-0.1083950393700787
0
LINE
8
BLACK
6
CONTINUOUS
10
0.0357241732283465
20
-0.1083950393700787
11
0.0361650787401575
21
-0.1073306299212598
0
LINE
8
BLACK
6
CONTINUOUS
10
0.0361650787401575
20
-0.1073306299212598
11
0.0369797244094488
21
-0.1065159842519685
0
LINE
8
BLACK
6
CONTINUOUS
10
0.0369797244094488
20
-0.1065159842519685
11
0.0380441338582677
21
-0.1060750787401575
0
LINE
8
BLACK
6
CONTINUOUS
10
0.0380441338582677
20
-0.1060750787401575
11
0.0386201968503937
21
-0.1060183464566929
0
LINE
8
BLACK
6
CONTINUOUS
10
0.0386201968503937
20
-0.1060183464566929
11
0.0686164566929134
21
-0.1060183464566929
0
LINE
8
BLACK
6
CONTINUOUS
10
0.0686164566929134
20
-0.1060183464566929
11
0.0691925196850394
21
-0.1060750787401575
0
LINE
8
BLACK
6
CONTINUOUS
10
0.1468077559055118
20
-0.0622543307086614
11
0.1469057480314961
21
-0.0622949212598425
0
LINE
8
BLACK
6
CONTINUOUS
10
0.1469057480314961
20
-0.0622949212598425
11
0.1470115748031496
21
-0.0623024409448819
0
LINE
8
BLACK
6
CONTINUOUS
10
0.1470115748031496
20
-0.0623024409448819
11
0.1475522047244094
21
-0.0625093307086614
0
LINE
8
BLACK
6
CONTINUOUS
10
0.1475522047244094
20
-0.0625093307086614
11
0.1513017322834646
21
-0.064384094488189
0
LINE
8
BLACK
6
CONTINUOUS
10
0.1513017322834646
20
-0.064384094488189
11
0.1515497244094488
21
-0.064540157480315
0
LINE
8
BLACK
6
CONTINUOUS
10
0.1515497244094488
20
-0.064540157480315
11
0.1516216929133858
21
-0.06457
0
LINE
8
BLACK
6
CONTINUOUS
10
0.1516216929133858
20
-0.06457
11
0.1517026377952756
21
-0.0646364566929134
0
LINE
8
BLACK
6
CONTINUOUS
10
0.1517026377952756
20
-0.0646364566929134
11
0.1517916141732283
21
-0.0646924409448819
0
LINE
8
BLACK
6
CONTINUOUS
10
0.1517916141732283
20
-0.0646924409448819
11
0.1518427559055118
21
-0.0647514173228346
0
LINE
8
BLACK
6
CONTINUOUS
10
0.1518427559055118
20
-0.0647514173228346
11
0.1520691338582677
21
-0.0649372047244094
0
LINE
8
BLACK
6
CONTINUOUS
10
0.1520691338582677
20
-0.0649372047244094
11
0.1539438976377953
21
-0.066811968503937
0
LINE
8
BLACK
6
CONTINUOUS
10
0.1539438976377953
20
-0.066811968503937
11
0.1541296456692913
21
-0.0670383070866142
0
LINE
8
BLACK
6
CONTINUOUS
10
0.1541296456692913
20
-0.0670383070866142
11
0.1541886614173228
21
-0.0670894881889764
0
LINE
8
BLACK
6
CONTINUOUS
10
0.1541886614173228
20
-0.0670894881889764
11
0.1542446062992126
21
-0.0671784251968504
0
LINE
8
BLACK
6
CONTINUOUS
10
0.1542446062992126
20
-0.0671784251968504
11
0.1543111023622047
21
-0.0672594094488189
0
LINE
8
BLACK
6
CONTINUOUS
10
0.1543111023622047
20
-0.0672594094488189
11
0.154340905511811
21
-0.0673313385826772
0
LINE
8
BLACK
6
CONTINUOUS
10
0.154340905511811
20
-0.0673313385826772
11
0.1544970078740157
21
-0.0675793700787402
0
LINE
8
BLACK
6
CONTINUOUS
10
0.1544970078740157
20
-0.0675793700787402
11
0.1563717716535433
21
-0.0713288976377953
0
LINE
8
BLACK
6
CONTINUOUS
10
0.1563717716535433
20
-0.0713288976377953
11
0.1565786614173228
21
-0.0718694881889764
0
LINE
8
BLACK
6
CONTINUOUS
10
0.1565786614173228
20
-0.0718694881889764
11
0.1565861811023622
21
-0.0719753543307087
0
LINE
8
BLACK
6
CONTINUOUS
10
0.1565861811023622
20
-0.0719753543307087
11
0.1566267716535433
21
-0.0720733464566929
0
LINE
8
BLACK
6
CONTINUOUS
10
0.1566267716535433
20
-0.0720733464566929
11
0.1566835039370079
21
-0.0726494094488189
0
LINE
8
BLACK
6
CONTINUOUS
10
0.1566835039370079
20
-0.0726494094488189
11
0.1566835039370079
21
-0.0782737007874016
0
LINE
8
BLACK
6
CONTINUOUS
10
0.1566835039370079
20
-0.0782737007874016
11
0.1566267716535433
21
-0.0788497637795276
0
LINE
8
BLACK
6
CONTINUOUS
10
0.1566267716535433
20
-0.0788497637795276
11
0.1565861811023622
21
-0.0789477165354331
0
LINE
8
BLACK
6
CONTINUOUS
10
0.1565861811023622
20
-0.0789477165354331
11
0.1565786614173228
21
-0.0790536220472441
0
LINE
8
BLACK
6
CONTINUOUS
10
0.1565786614173228
20
-0.0790536220472441
11
0.1563717716535433
21
-0.0795942125984252
0
LINE
8
BLACK
6
CONTINUOUS
10
0.1563717716535433
20
-0.0795942125984252
11
0.1544970078740157
21
-0.0833437401574803
0
LINE
8
BLACK
6
CONTINUOUS
10
0.1544970078740157
20
-0.0833437401574803
11
0.154340905511811
21
-0.0835917322834646
0
LINE
8
BLACK
6
CONTINUOUS
10
0.154340905511811
20
-0.0835917322834646
11
0.1543111023622047
21
-0.0836637007874016
0
LINE
8
BLACK
6
CONTINUOUS
10
0.1543111023622047
20
-0.0836637007874016
11
0.1542446062992126
21
-0.0837446456692913
0
LINE
8
BLACK
6
CONTINUOUS
10
0.1542446062992126
20
-0.0837446456692913
11
0.1541886614173228
21
-0.0838336220472441
0
LINE
8
BLACK
6
CONTINUOUS
10
0.1541886614173228
20
-0.0838336220472441
11
0.1541296456692913
21
-0.0838847637795276
0
LINE
8
BLACK
6
CONTINUOUS
10
0.1541296456692913
20
-0.0838847637795276
11
0.1539438976377953
21
-0.0841111417322835
0
LINE
8
BLACK
6
CONTINUOUS
10
0.1539438976377953
20
-0.0841111417322835
11
0.1520691338582677
21
-0.085985905511811
0
LINE
8
BLACK
6
CONTINUOUS
10
0.1520691338582677
20
-0.085985905511811
11
0.1518427559055118
21
-0.0861716535433071
0
LINE
8
BLACK
6
CONTINUOUS
10
0.1518427559055118
20
-0.0861716535433071
11
0.1517916141732283
21
-0.0862306692913386
0
LINE
8
BLACK
6
CONTINUOUS
10
0.1517916141732283
20
-0.0862306692913386
11
0.1517026377952756
21
-0.0862866141732283
0
LINE
8
BLACK
6
CONTINUOUS
10
0.1517026377952756
20
-0.0862866141732283
11
0.1516216929133858
21
-0.0863531102362205
0
LINE
8
BLACK
6
CONTINUOUS
10
0.1516216929133858
20
-0.0863531102362205
11
0.1515497244094488
21
-0.0863829133858268
0
LINE
8
BLACK
6
CONTINUOUS
10
0.1515497244094488
20
-0.0863829133858268
11
0.1513017322834646
21
-0.0865390157480315
0
LINE
8
BLACK
6
CONTINUOUS
10
0.1513017322834646
20
-0.0865390157480315
11
0.1475522047244094
21
-0.088413779527559
0
LINE
8
BLACK
6
CONTINUOUS
10
0.1475522047244094
20
-0.088413779527559
11
0.1470115748031496
21
-0.0886206692913386
0
LINE
8
BLACK
6
CONTINUOUS
10
0.1470115748031496
20
-0.0886206692913386
11
0.1469057480314961
21
-0.0886281496062992
0
LINE
8
BLACK
6
CONTINUOUS
10
0.1469057480314961
20
-0.0886281496062992
11
0.1468077559055118
21
-0.0886687795275591
0
LINE
8
BLACK
6
CONTINUOUS
10
0.1468077559055118
20
-0.0886687795275591
11
0.1462316929133858
21
-0.0887255118110236
0
LINE
8
BLACK
6
CONTINUOUS
10
0.1462316929133858
20
-0.0887255118110236
11
0.1341863385826772
21
-0.0887255118110236
0
LINE
8
BLACK
6
CONTINUOUS
10
0.1341863385826772
20
-0.0887255118110236
11
0.1341863385826772
21
-0.1045204330708661
0
LINE
8
BLACK
6
CONTINUOUS
10
0.1341863385826772
20
-0.1045204330708661
11
0.1341296062992126
21
-0.1050964960629921
0
LINE
8
BLACK
6
CONTINUOUS
10
0.1341296062992126
20
-0.1050964960629921
11
0.1337477559055118
21
-0.1060183464566929
0
LINE
8
BLACK
6
CONTINUOUS
10
0.1337477559055118
20
-0.1060183464566929
11
0.1548556692913386
21
-0.1060183464566929
0
LINE
8
BLACK
6
CONTINUOUS
10
0.1548556692913386
20
-0.1060183464566929
11
0.1554317322834646
21
-0.1060750787401575
0
LINE
8
BLACK
6
CONTINUOUS
10
0.1554317322834646
20
-0.1060750787401575
11
0.1564961417322835
21
-0.1065159842519685
0
LINE
8
BLACK
6
CONTINUOUS
10
0.1564961417322835
20
-0.1065159842519685
11
0.1573107874015748
21
-0.1073306299212598
0
LINE
8
BLACK
6
CONTINUOUS
10
0.1573107874015748
20
-0.1073306299212598
11
0.1577516929133858
21
-0.1083950393700787
0
LINE
8
BLACK
6
CONTINUOUS
10
0.1577516929133858
20
-0.1083950393700787
11
0.1577516929133858
21
-0.1095471653543307
0
LINE
8
BLACK
6
CONTINUOUS
10
0.1577516929133858
20
-0.1095471653543307
11
0.1573107874015748
21
-0.1106115748031496
0
LINE
8
BLACK
6
CONTINUOUS
10
0.1573107874015748
20
-0.1106115748031496
11
0.1564961417322835
21
-0.1114262204724409
0
LINE
8
BLACK
6
CONTINUOUS
10
0.1564961417322835
20
-0.1114262204724409
11
0.1554317322834646
21
-0.111867125984252
0
LINE
8
BLACK
6
CONTINUOUS
10
0.1554317322834646
20
-0.111867125984252
11
0.1548556692913386
21
-0.1119238582677165
0
LINE
8
BLACK
6
CONTINUOUS
10
0.1548556692913386
20
-0.1119238582677165
11
0.1248594094488189
21
-0.1119238582677165
0
LINE
8
BLACK
6
CONTINUOUS
10
0.1248594094488189
20
-0.1119238582677165
11
0.1242833464566929
21
-0.111867125984252
0
LINE
8
BLACK
6
CONTINUOUS
10
0.1242833464566929
20
-0.111867125984252
11
0.123218937007874
21
-0.1114262204724409
0
LINE
8
BLACK
6
CONTINUOUS
10
0.123218937007874
20
-0.1114262204724409
11
0.1224042913385827
21
-0.1106115748031496
0
LINE
8
BLACK
6
CONTINUOUS
10
0.1224042913385827
20
-0.1106115748031496
11
0.1219633858267716
21
-0.1095471653543307
0
LINE
8
BLACK
6
CONTINUOUS
10
0.1219633858267716
20
-0.1095471653543307
11
0.1219633858267716
21
-0.1083950393700787
0
LINE
8
BLACK
6
CONTINUOUS
10
0.1219633858267716
20
-0.1083950393700787
11
0.1224042913385827
21
-0.1073306299212598
0
LINE
8
BLACK
6
CONTINUOUS
10
0.1224042913385827
20
-0.1073306299212598
11
0.123218937007874
21
-0.1065159842519685
0
LINE
8
BLACK
6
CONTINUOUS
10
0.123218937007874
20
-0.1065159842519685
11
0.1242833464566929
21
-0.1060750787401575
0
LINE
8
BLACK
6
CONTINUOUS
10
0.1242833464566929
20
-0.1060750787401575
11
0.1248594094488189
21
-0.1060183464566929
0
LINE
8
BLACK
6
CONTINUOUS
10
0.1248594094488189
20
-0.1060183464566929
11
0.1287194094488189
21
-0.1060183464566929
0
LINE
8
BLACK
6
CONTINUOUS
10
0.1287194094488189
20
-0.1060183464566929
11
0.1283375590551181
21
-0.1050964960629921
0
LINE
8
BLACK
6
CONTINUOUS
10
0.1283375590551181
20
-0.1050964960629921
11
0.1282808267716535
21
-0.1045204330708661
0
LINE
8
BLACK
6
CONTINUOUS
10
0.1282808267716535
20
-0.1045204330708661
11
0.1282808267716535
21
-0.0651503543307087
0
LINE
8
BLACK
6
CONTINUOUS
10
0.1282808267716535
20
-0.0651503543307087
11
0.1283375590551181
21
-0.0645742913385827
0
LINE
8
BLACK
6
CONTINUOUS
10
0.1283375590551181
20
-0.0645742913385827
11
0.1287784645669291
21
-0.0635098818897638
0
LINE
8
BLACK
6
CONTINUOUS
10
0.1287784645669291
20
-0.0635098818897638
11
0.1295931102362205
21
-0.0626952362204724
0
LINE
8
BLACK
6
CONTINUOUS
10
0.1295931102362205
20
-0.0626952362204724
11
0.1306575196850394
21
-0.0622543307086614
0
LINE
8
BLACK
6
CONTINUOUS
10
0.1306575196850394
20
-0.0622543307086614
11
0.1312335826771653
21
-0.0621975984251968
0
LINE
8
BLACK
6
CONTINUOUS
10
0.1312335826771653
20
-0.0621975984251968
11
0.1462316929133858
21
-0.0621975984251968
0
LINE
8
BLACK
6
CONTINUOUS
10
0.1462316929133858
20
-0.0621975984251968
11
0.1468077559055118
21
-0.0622543307086614
0
LINE
8
BLACK
6
CONTINUOUS
10
0.1341863385826772
20
-0.08282
11
0.1455346456692913
21
-0.08282
0
LINE
8
BLACK
6
CONTINUOUS
10
0.1455346456692913
20
-0.08282
11
0.148232125984252
21
-0.0814712598425197
0
LINE
8
BLACK
6
CONTINUOUS
10
0.148232125984252
20
-0.0814712598425197
11
0.1494292519685039
21
-0.0802741338582677
0
LINE
8
BLACK
6
CONTINUOUS
10
0.1494292519685039
20
-0.0802741338582677
11
0.1507779921259843
21
-0.0775766535433071
0
LINE
8
BLACK
6
CONTINUOUS
10
0.1507779921259843
20
-0.0775766535433071
11
0.1507779921259843
21
-0.0733464566929134
0
LINE
8
BLACK
6
CONTINUOUS
10
0.1507779921259843
20
-0.0733464566929134
11
0.1494292519685039
21
-0.0706489763779528
0
LINE
8
BLACK
6
CONTINUOUS
10
0.1494292519685039
20
-0.0706489763779528
11
0.148232125984252
21
-0.0694518503937008
0
LINE
8
BLACK
6
CONTINUOUS
10
0.148232125984252
20
-0.0694518503937008
11
0.1455346456692913
21
-0.0681031102362205
0
LINE
8
BLACK
6
CONTINUOUS
10
0.1455346456692913
20
-0.0681031102362205
11
0.1341863385826772
21
-0.0681031102362205
0
LINE
8
BLACK
6
CONTINUOUS
10
0.1341863385826772
20
-0.0681031102362205
11
0.1341863385826772
21
-0.08282
0
LINE
8
BLACK
6
CONTINUOUS
10
0.0724865748031496
20
0.018452125984252
11
0.0726689763779527
21
0.018452125984252
0
LINE
8
BLACK
6
CONTINUOUS
10
0.0726689763779527
20
0.018452125984252
11
0.0730337401574803
21
0.0180873622047244
0
LINE
8
BLACK
6
CONTINUOUS
10
0.0730337401574803
20
0.0180873622047244
11
0.0734630708661417
21
0.0178011417322835
0
LINE
8
BLACK
6
CONTINUOUS
10
0.0734630708661417
20
0.0178011417322835
11
0.0734988188976378
21
0.0176222834645669
0
LINE
8
BLACK
6
CONTINUOUS
10
0.0734988188976378
20
0.0176222834645669
11
0.0736277952755905
21
0.0174933070866142
0
LINE
8
BLACK
6
CONTINUOUS
10
0.0736277952755905
20
0.0174933070866142
11
0.0737626377952756
21
0.0168153149606299
0
LINE
8
BLACK
6
CONTINUOUS
10
0.0737626377952756
20
0.0168153149606299
11
0.0737626377952756
21
-0.0050350787401575
0
LINE
8
BLACK
6
CONTINUOUS
10
0.0737626377952756
20
-0.0050350787401575
11
0.0787401181102362
21
-0.0050350787401575
0
LINE
8
BLACK
6
CONTINUOUS
10
0.0787401181102362
20
-0.0050350787401575
11
0.0794181102362205
21
-0.0051699212598425
0
LINE
8
BLACK
6
CONTINUOUS
10
0.0794181102362205
20
-0.0051699212598425
11
0.0803769291338583
21
-0.0061287401574803
0
LINE
8
BLACK
6
CONTINUOUS
10
0.0803769291338583
20
-0.0061287401574803
11
0.0803769291338583
21
-0.0074847244094488
0
LINE
8
BLACK
6
CONTINUOUS
10
0.0803769291338583
20
-0.0074847244094488
11
0.0794181102362205
21
-0.0084435433070866
0
LINE
8
BLACK
6
CONTINUOUS
10
0.0794181102362205
20
-0.0084435433070866
11
0.0787401181102362
21
-0.0085783858267717
0
LINE
8
BLACK
6
CONTINUOUS
10
0.0787401181102362
20
-0.0085783858267717
11
0.065241811023622
21
-0.0085783858267717
0
LINE
8
BLACK
6
CONTINUOUS
10
0.065241811023622
20
-0.0085783858267717
11
0.0645638188976378
21
-0.0084435433070866
0
LINE
8
BLACK
6
CONTINUOUS
10
0.0645638188976378
20
-0.0084435433070866
11
0.063605
21
-0.0074847244094488
0
LINE
8
BLACK
6
CONTINUOUS
10
0.063605
20
-0.0074847244094488
11
0.063605
21
-0.0061287401574803
0
LINE
8
BLACK
6
CONTINUOUS
10
0.063605
20
-0.0061287401574803
11
0.0645638188976378
21
-0.0051699212598425
0
LINE
8
BLACK
6
CONTINUOUS
10
0.0645638188976378
20
-0.0051699212598425
11
0.065241811023622
21
-0.0050350787401575
0
LINE
8
BLACK
6
CONTINUOUS
10
0.065241811023622
20
-0.0050350787401575
11
0.0702193307086614
21
-0.0050350787401575
0
LINE
8
BLACK
6
CONTINUOUS
10
0.0702193307086614
20
-0.0050350787401575
11
0.0702193307086614
21
0.0114133070866142
0
LINE
8
BLACK
6
CONTINUOUS
10
0.0702193307086614
20
0.0114133070866142
11
0.0687442913385827
21
0.0099382677165354
0
LINE
8
BLACK
6
CONTINUOUS
10
0.0687442913385827
20
0.0099382677165354
11
0.0685080708661417
21
0.0097804724409449
0
LINE
8
BLACK
6
CONTINUOUS
10
0.0685080708661417
20
0.0097804724409449
11
0.0682838582677165
21
0.0096064173228346
0
LINE
8
BLACK
6
CONTINUOUS
10
0.0682838582677165
20
0.0096064173228346
11
0.0660341338582677
21
0.0084815354330709
0
LINE
8
BLACK
6
CONTINUOUS
10
0.0660341338582677
20
0.0084815354330709
11
0.0653674015748032
21
0.008298937007874
0
LINE
8
BLACK
6
CONTINUOUS
10
0.0653674015748032
20
0.008298937007874
11
0.0640810236220472
21
0.0087277165354331
0
LINE
8
BLACK
6
CONTINUOUS
10
0.0640810236220472
20
0.0087277165354331
11
0.0634746062992126
21
0.0099405511811024
0
LINE
8
BLACK
6
CONTINUOUS
10
0.0634746062992126
20
0.0099405511811024
11
0.0639033858267717
21
0.0112269291338583
0
LINE
8
BLACK
6
CONTINUOUS
10
0.0639033858267717
20
0.0112269291338583
11
0.0644494881889764
21
0.0116507480314961
0
LINE
8
BLACK
6
CONTINUOUS
10
0.0644494881889764
20
0.0116507480314961
11
0.0664420078740157
21
0.0126470472440945
0
LINE
8
BLACK
6
CONTINUOUS
10
0.0664420078740157
20
0.0126470472440945
11
0.0683644881889764
21
0.0145695275590551
0
LINE
8
BLACK
6
CONTINUOUS
10
0.0683644881889764
20
0.0145695275590551
11
0.0705168897637795
21
0.0177980708661417
0
LINE
8
BLACK
6
CONTINUOUS
10
0.0705168897637795
20
0.0177980708661417
11
0.071005157480315
21
0.0182874015748031
0
LINE
8
BLACK
6
CONTINUOUS
10
0.071005157480315
20
0.0182874015748031
11
0.0711840157480315
21
0.018323188976378
0
LINE
8
BLACK
6
CONTINUOUS
10
0.0711840157480315
20
0.018323188976378
11
0.0713129921259843
21
0.018452125984252
0
LINE
8
BLACK
6
CONTINUOUS
10
0.0713129921259843
20
0.018452125984252
11
0.0718288582677165
21
0.018452125984252
0
LINE
8
BLACK
6
CONTINUOUS
10
0.0718288582677165
20
0.018452125984252
11
0.0723348031496063
21
0.0185533070866142
0
LINE
8
BLACK
6
CONTINUOUS
10
0.0723348031496063
20
0.0185533070866142
11
0.0724865748031496
21
0.018452125984252
0
LINE
8
BLACK
6
CONTINUOUS
10
0.0591706692913386
20
0.018452125984252
11
0.0601294881889764
21
0.0174933070866142
0
LINE
8
BLACK
6
CONTINUOUS
10
0.0601294881889764
20
0.0174933070866142
11
0.0601294881889764
21
0.0161373228346457
0
LINE
8
BLACK
6
CONTINUOUS
10
0.0601294881889764
20
0.0161373228346457
11
0.0591706692913386
21
0.0151785039370079
0
LINE
8
BLACK
6
CONTINUOUS
10
0.0591706692913386
20
0.0151785039370079
11
0.0584926771653543
21
0.0150436614173228
0
LINE
8
BLACK
6
CONTINUOUS
10
0.0584926771653543
20
0.0150436614173228
11
0.053515157480315
21
0.0150436614173228
0
LINE
8
BLACK
6
CONTINUOUS
10
0.053515157480315
20
0.0150436614173228
11
0.053515157480315
21
-0.0068067322834646
0
LINE
8
BLACK
6
CONTINUOUS
10
0.053515157480315
20
-0.0068067322834646
11
0.0533803149606299
21
-0.0074847244094488
0
LINE
8
BLACK
6
CONTINUOUS
10
0.0533803149606299
20
-0.0074847244094488
11
0.0524214960629921
21
-0.0084435433070866
0
LINE
8
BLACK
6
CONTINUOUS
10
0.0524214960629921
20
-0.0084435433070866
11
0.0510655118110236
21
-0.0084435433070866
0
LINE
8
BLACK
6
CONTINUOUS
10
0.0510655118110236
20
-0.0084435433070866
11
0.0501066929133858
21
-0.0074847244094488
0
LINE
8
BLACK
6
CONTINUOUS
10
0.0501066929133858
20
-0.0074847244094488
11
0.0499718503937008
21
-0.0068067322834646
0
LINE
8
BLACK
6
CONTINUOUS
10
0.0499718503937008
20
-0.0068067322834646
11
0.0499718503937008
21
0.0150436614173228
0
LINE
8
BLACK
6
CONTINUOUS
10
0.0499718503937008
20
0.0150436614173228
11
0.0449943307086614
21
0.0150436614173228
0
LINE
8
BLACK
6
CONTINUOUS
10
0.0449943307086614
20
0.0150436614173228
11
0.0443163385826772
21
0.0151785039370079
0
LINE
8
BLACK
6
CONTINUOUS
10
0.0443163385826772
20
0.0151785039370079
11
0.0433575196850394
21
0.0161373228346457
0
LINE
8
BLACK
6
CONTINUOUS
10
0.0433575196850394
20
0.0161373228346457
11
0.0433575196850394
21
0.0174933070866142
0
LINE
8
BLACK
6
CONTINUOUS
10
0.0433575196850394
20
0.0174933070866142
11
0.0443163385826772
21
0.018452125984252
0
LINE
8
BLACK
6
CONTINUOUS
10
0.0443163385826772
20
0.018452125984252
11
0.0449943307086614
21
0.018586968503937
0
LINE
8
BLACK
6
CONTINUOUS
10
0.0449943307086614
20
0.018586968503937
11
0.0584926771653543
21
0.018586968503937
0
LINE
8
BLACK
6
CONTINUOUS
10
0.0584926771653543
20
0.018586968503937
11
0.0591706692913386
21
0.018452125984252
0
LINE
8
BLACK
6
CONTINUOUS
10
0.1186666929133858
20
0.0811493700787402
11
0.1197320472440945
21
0.0800840157480315
0
LINE
8
BLACK
6
CONTINUOUS
10
0.1197320472440945
20
0.0800840157480315
11
0.1198818897637795
21
0.0793307086614173
0
LINE
8
BLACK
6
CONTINUOUS
10
0.1198818897637795
20
0.0793307086614173
11
0.1198818897637795
21
-0.0714566929133858
0
LINE
8
BLACK
6
CONTINUOUS
10
0.1198818897637795
20
-0.0714566929133858
11
0.1197320472440945
21
-0.07221
0
LINE
8
BLACK
6
CONTINUOUS
10
0.1197320472440945
20
-0.07221
11
0.1186666929133858
21
-0.0732753543307087
0
LINE
8
BLACK
6
CONTINUOUS
10
0.1186666929133858
20
-0.0732753543307087
11
0.1179133858267716
21
-0.0734251968503937
0
LINE
8
BLACK
6
CONTINUOUS
10
0.1179133858267716
20
-0.0734251968503937
11
0.0080708661417323
21
-0.0734251968503937
0
LINE
8
BLACK
6
CONTINUOUS
10
0.0080708661417323
20
-0.0734251968503937
11
0.0073175590551181
21
-0.0732753543307087
0
LINE
8
BLACK
6
CONTINUOUS
10
0.0073175590551181
20
-0.0732753543307087
11
0.0062522047244094
21
-0.07221
0
LINE
8
BLACK
6
CONTINUOUS
10
0.0062522047244094
20
-0.07221
11
0.0061023622047244
21
-0.0714566929133858
0
LINE
8
BLACK
6
CONTINUOUS
10
0.0061023622047244
20
-0.0714566929133858
11
0.0061023622047244
21
0.0518700787401575
0
LINE
8
BLACK
6
CONTINUOUS
10
0.0061023622047244
20
0.0518700787401575
11
0.0062522047244094
21
0.0526233858267717
0
LINE
8
BLACK
6
CONTINUOUS
10
0.0062522047244094
20
0.0526233858267717
11
0.006678937007874
21
0.0532620078740157
0
LINE
8
BLACK
6
CONTINUOUS
10
0.006678937007874
20
0.0532620078740157
11
0.0341395669291339
21
0.0807226377952756
0
LINE
8
BLACK
6
CONTINUOUS
10
0.0341395669291339
20
0.0807226377952756
11
0.034778188976378
21
0.0811493700787402
0
LINE
8
BLACK
6
CONTINUOUS
10
0.034778188976378
20
0.0811493700787402
11
0.0355314960629921
21
0.0812992125984252
0
LINE
8
BLACK
6
CONTINUOUS
10
0.0355314960629921
20
0.0812992125984252
11
0.1179133858267716
21
0.0812992125984252
0
LINE
8
BLACK
6
CONTINUOUS
10
0.1179133858267716
20
0.0812992125984252
11
0.1186666929133858
21
0.0811493700787402
0
LINE
8
BLACK
6
CONTINUOUS
10
0.0363468503937008
20
0.0773622047244095
11
0.0100393700787402
21
0.0510547244094488
0
LINE
8
BLACK
6
CONTINUOUS
10
0.0100393700787402
20
0.0510547244094488
11
0.0100393700787402
21
-0.069488188976378
0
LINE
8
BLACK
6
CONTINUOUS
10
0.0100393700787402
20
-0.069488188976378
11
0.1159448818897638
21
-0.069488188976378
0
LINE
8
BLACK
6
CONTINUOUS
10
0.1159448818897638
20
-0.069488188976378
11
0.1159448818897638
21
0.0773622047244095
0
LINE
8
BLACK
6
CONTINUOUS
10
0.1159448818897638
20
0.0773622047244095
11
0.0363468503937008
21
0.0773622047244095
0
LINE
8
BLACK
6
CONTINUOUS
10
-0.4356819291338583
20
0.024359842519685
11
-0.435583937007874
21
0.0243192519685039
0
LINE
8
BLACK
6
CONTINUOUS
10
-0.435583937007874
20
0.0243192519685039
11
-0.4354781102362205
21
0.0243117322834646
0
LINE
8
BLACK
6
CONTINUOUS
10
-0.4354781102362205
20
0.0243117322834646
11
-0.4349374803149606
21
0.024104842519685
0
LINE
8
BLACK
6
CONTINUOUS
10
-0.4349374803149606
20
0.024104842519685
11
-0.4311879527559055
21
0.0222300787401575
0
LINE
8
BLACK
6
CONTINUOUS
10
-0.4311879527559055
20
0.0222300787401575
11
-0.4309399606299212
21
0.0220740157480315
0
LINE
8
BLACK
6
CONTINUOUS
10
-0.4309399606299212
20
0.0220740157480315
11
-0.4308679921259843
21
0.0220441732283465
0
LINE
8
BLACK
6
CONTINUOUS
10
-0.4308679921259843
20
0.0220441732283465
11
-0.4307870472440945
21
0.0219777165354331
0
LINE
8
BLACK
6
CONTINUOUS
10
-0.4307870472440945
20
0.0219777165354331
11
-0.4306980708661417
21
0.0219217322834646
0
LINE
8
BLACK
6
CONTINUOUS
10
-0.4306980708661417
20
0.0219217322834646
11
-0.4306469291338583
21
0.0218627559055118
0
LINE
8
BLACK
6
CONTINUOUS
10
-0.4306469291338583
20
0.0218627559055118
11
-0.4304205511811023
21
0.021676968503937
0
LINE
8
BLACK
6
CONTINUOUS
10
-0.4304205511811023
20
0.021676968503937
11
-0.4285457874015748
21
0.0198022047244094
0
LINE
8
BLACK
6
CONTINUOUS
10
-0.4285457874015748
20
0.0198022047244094
11
-0.4283600393700787
21
0.0195758661417323
0
LINE
8
BLACK
6
CONTINUOUS
10
-0.4283600393700787
20
0.0195758661417323
11
-0.4283010236220472
21
0.0195246850393701
0
LINE
8
BLACK
6
CONTINUOUS
10
-0.4283010236220472
20
0.0195246850393701
11
-0.4282450787401575
21
0.0194357480314961
0
LINE
8
BLACK
6
CONTINUOUS
10
-0.4282450787401575
20
0.0194357480314961
11
-0.4281785826771654
21
0.0193547637795276
0
LINE
8
BLACK
6
CONTINUOUS
10
-0.4281785826771654
20
0.0193547637795276
11
-0.428148779527559
21
0.0192828346456693
0
LINE
8
BLACK
6
CONTINUOUS
10
-0.428148779527559
20
0.0192828346456693
11
-0.4279926771653543
21
0.0190348031496063
0
LINE
8
BLACK
6
CONTINUOUS
10
-0.4279926771653543
20
0.0190348031496063
11
-0.4261179133858268
21
0.0152852755905512
0
LINE
8
BLACK
6
CONTINUOUS
10
-0.4261179133858268
20
0.0152852755905512
11
-0.4259110236220472
21
0.0147446850393701
0
LINE
8
BLACK
6
CONTINUOUS
10
-0.4259110236220472
20
0.0147446850393701
11
-0.4259035039370079
21
0.0146388188976378
0
LINE
8
BLACK
6
CONTINUOUS
10
-0.4259035039370079
20
0.0146388188976378
11
-0.4258629133858268
21
0.0145408267716535
0
LINE
8
BLACK
6
CONTINUOUS
10
-0.4258629133858268
20
0.0145408267716535
11
-0.4258061811023622
21
0.0139647637795276
0
LINE
8
BLACK
6
CONTINUOUS
10
-0.4258061811023622
20
0.0139647637795276
11
-0.4258061811023622
21
-0.0010333464566929
0
LINE
8
BLACK
6
CONTINUOUS
10
-0.4258061811023622
20
-0.0010333464566929
11
-0.4258161023622047
21
-0.0011338582677165
0
LINE
8
BLACK
6
CONTINUOUS
10
-0.4258161023622047
20
-0.0011338582677165
11
-0.4258096850393701
21
-0.0011768897637795
0
LINE
8
BLACK
6
CONTINUOUS
10
-0.4258096850393701
20
-0.0011768897637795
11
-0.4258415748031496
21
-0.0013923622047244
0
LINE
8
BLACK
6
CONTINUOUS
10
-0.4258415748031496
20
-0.0013923622047244
11
-0.4258629133858268
21
-0.0016094094488189
0
LINE
8
BLACK
6
CONTINUOUS
10
-0.4258629133858268
20
-0.0016094094488189
11
-0.4258795669291339
21
-0.0016496062992126
0
LINE
8
BLACK
6
CONTINUOUS
10
-0.4258795669291339
20
-0.0016496062992126
11
-0.4258943307086614
21
-0.0017494881889764
0
LINE
8
BLACK
6
CONTINUOUS
10
-0.4258943307086614
20
-0.0017494881889764
11
-0.427769094488189
21
-0.0092485433070866
0
LINE
8
BLACK
6
CONTINUOUS
10
-0.427769094488189
20
-0.0092485433070866
11
-0.4278904330708661
21
-0.009588031496063
0
LINE
8
BLACK
6
CONTINUOUS
10
-0.4278904330708661
20
-0.009588031496063
11
-0.4279045275590551
21
-0.0096594881889764
0
LINE
8
BLACK
6
CONTINUOUS
10
-0.4279045275590551
20
-0.0096594881889764
11
-0.427939094488189
21
-0.0097242519685039
0
LINE
8
BLACK
6
CONTINUOUS
10
-0.427939094488189
20
-0.0097242519685039
11
-0.4279638582677165
21
-0.0097936614173228
0
LINE
8
BLACK
6
CONTINUOUS
10
-0.4279638582677165
20
-0.0097936614173228
11
-0.4280074015748032
21
-0.0098523622047244
0
LINE
8
BLACK
6
CONTINUOUS
10
-0.4280074015748032
20
-0.0098523622047244
11
-0.4281768503937008
21
-0.0101702755905512
0
LINE
8
BLACK
6
CONTINUOUS
10
-0.4281768503937008
20
-0.0101702755905512
11
-0.4319263779527559
21
-0.0157946062992126
0
LINE
8
BLACK
6
CONTINUOUS
10
-0.4319263779527559
20
-0.0157946062992126
11
-0.431927716535433
21
-0.0157961811023622
0
LINE
8
BLACK
6
CONTINUOUS
10
-0.431927716535433
20
-0.0157961811023622
11
-0.4319280708661417
21
-0.015797125984252
0
LINE
8
BLACK
6
CONTINUOUS
10
-0.4319280708661417
20
-0.015797125984252
11
-0.4321065748031496
21
-0.0160146062992126
0
LINE
8
BLACK
6
CONTINUOUS
10
-0.4321065748031496
20
-0.0160146062992126
11
-0.4322931496062992
21
-0.0162424409448819
0
LINE
8
BLACK
6
CONTINUOUS
10
-0.4322931496062992
20
-0.0162424409448819
11
-0.4322940157480315
21
-0.0162429921259843
0
LINE
8
BLACK
6
CONTINUOUS
10
-0.4322940157480315
20
-0.0162429921259843
11
-0.4322953149606299
21
-0.0162446062992126
0
LINE
8
BLACK
6
CONTINUOUS
10
-0.4322953149606299
20
-0.0162446062992126
11
-0.4341700393700788
21
-0.0181193700787402
0
LINE
8
BLACK
6
CONTINUOUS
10
-0.4341700393700788
20
-0.0181193700787402
11
-0.4343964173228346
21
-0.0183051181102362
0
LINE
8
BLACK
6
CONTINUOUS
10
-0.4343964173228346
20
-0.0183051181102362
11
-0.4344475984251969
21
-0.0183641732283465
0
LINE
8
BLACK
6
CONTINUOUS
10
-0.4344475984251969
20
-0.0183641732283465
11
-0.4345365748031496
21
-0.018420157480315
0
LINE
8
BLACK
6
CONTINUOUS
10
-0.4345365748031496
20
-0.018420157480315
11
-0.4346175196850394
21
-0.0184866141732283
0
LINE
8
BLACK
6
CONTINUOUS
10
-0.4346175196850394
20
-0.0184866141732283
11
-0.4346894881889763
21
-0.0185164173228346
0
LINE
8
BLACK
6
CONTINUOUS
10
-0.4346894881889763
20
-0.0185164173228346
11
-0.4349374803149606
21
-0.0186725196850394
0
LINE
8
BLACK
6
CONTINUOUS
10
-0.4349374803149606
20
-0.0186725196850394
11
-0.4386870078740157
21
-0.0205472834645669
0
LINE
8
BLACK
6
CONTINUOUS
10
-0.4386870078740157
20
-0.0205472834645669
11
-0.4392276377952756
21
-0.0207541732283465
0
LINE
8
BLACK
6
CONTINUOUS
10
-0.4392276377952756
20
-0.0207541732283465
11
-0.4393334645669291
21
-0.0207616535433071
0
LINE
8
BLACK
6
CONTINUOUS
10
-0.4393334645669291
20
-0.0207616535433071
11
-0.4394314566929134
21
-0.0208022834645669
0
LINE
8
BLACK
6
CONTINUOUS
10
-0.4394314566929134
20
-0.0208022834645669
11
-0.4400075196850394
21
-0.0208590157480315
0
LINE
8
BLACK
6
CONTINUOUS
10
-0.4400075196850394
20
-0.0208590157480315
11
-0.4475065748031496
21
-0.0208590157480315
0
LINE
8
BLACK
6
CONTINUOUS
10
-0.4475065748031496
20
-0.0208590157480315
11
-0.4480826377952756
21
-0.0208022834645669
0
LINE
8
BLACK
6
CONTINUOUS
10
-0.4480826377952756
20
-0.0208022834645669
11
-0.4491470472440945
21
-0.0203613779527559
0
LINE
8
BLACK
6
CONTINUOUS
10
-0.4491470472440945
20
-0.0203613779527559
11
-0.4499616929133858
21
-0.0195467322834646
0
LINE
8
BLACK
6
CONTINUOUS
10
-0.4499616929133858
20
-0.0195467322834646
11
-0.4504025984251969
21
-0.0184823228346457
0
LINE
8
BLACK
6
CONTINUOUS
10
-0.4504025984251969
20
-0.0184823228346457
11
-0.4504025984251969
21
-0.0173301968503937
0
LINE
8
BLACK
6
CONTINUOUS
10
-0.4504025984251969
20
-0.0173301968503937
11
-0.4499616929133858
21
-0.0162657874015748
0
LINE
8
BLACK
6
CONTINUOUS
10
-0.4499616929133858
20
-0.0162657874015748
11
-0.4491470472440945
21
-0.0154511417322835
0
LINE
8
BLACK
6
CONTINUOUS
10
-0.4491470472440945
20
-0.0154511417322835
11
-0.4480826377952756
21
-0.0150102362204724
0
LINE
8
BLACK
6
CONTINUOUS
10
-0.4480826377952756
20
-0.0150102362204724
11
-0.4475065748031496
21
-0.0149535039370079
0
LINE
8
BLACK
6
CONTINUOUS
10
-0.4475065748031496
20
-0.0149535039370079
11
-0.4407045669291338
21
-0.0149535039370079
0
LINE
8
BLACK
6
CONTINUOUS
10
-0.4407045669291338
20
-0.0149535039370079
11
-0.438007125984252
21
-0.0136047637795276
0
LINE
8
BLACK
6
CONTINUOUS
10
-0.438007125984252
20
-0.0136047637795276
11
-0.4366779921259842
21
-0.0122755905511811
0
LINE
8
BLACK
6
CONTINUOUS
10
-0.4366779921259842
20
-0.0122755905511811
11
-0.4333742519685039
21
-0.0073200393700787
0
LINE
8
BLACK
6
CONTINUOUS
10
-0.4333742519685039
20
-0.0073200393700787
11
-0.4326449606299212
21
-0.004402874015748
0
LINE
8
BLACK
6
CONTINUOUS
10
-0.4326449606299212
20
-0.004402874015748
11
-0.4349374803149606
21
-0.0055491338582677
0
LINE
8
BLACK
6
CONTINUOUS
10
-0.4349374803149606
20
-0.0055491338582677
11
-0.4354781102362205
21
-0.0057560236220472
0
LINE
8
BLACK
6
CONTINUOUS
10
-0.4354781102362205
20
-0.0057560236220472
11
-0.435583937007874
21
-0.0057635039370079
0
LINE
8
BLACK
6
CONTINUOUS
10
-0.435583937007874
20
-0.0057635039370079
11
-0.4356819291338583
21
-0.0058041338582677
0
LINE
8
BLACK
6
CONTINUOUS
10
-0.4356819291338583
20
-0.0058041338582677
11
-0.4362579921259843
21
-0.0058608661417323
0
LINE
8
BLACK
6
CONTINUOUS
10
-0.4362579921259843
20
-0.0058608661417323
11
-0.4437570472440945
21
-0.0058608661417323
0
LINE
8
BLACK
6
CONTINUOUS
10
-0.4437570472440945
20
-0.0058608661417323
11
-0.4443331102362205
21
-0.0058041338582677
0
LINE
8
BLACK
6
CONTINUOUS
10
-0.4443331102362205
20
-0.0058041338582677
11
-0.4444311023622047
21
-0.0057635433070866
0
LINE
8
BLACK
6
CONTINUOUS
10
-0.4444311023622047
20
-0.0057635433070866
11
-0.444536968503937
21
-0.0057560236220472
0
LINE
8
BLACK
6
CONTINUOUS
10
-0.444536968503937
20
-0.0057560236220472
11
-0.4450775590551181
21
-0.0055491338582677
0
LINE
8
BLACK
6
CONTINUOUS
10
-0.4450775590551181
20
-0.0055491338582677
11
-0.4488270866141732
21
-0.0036743700787402
0
LINE
8
BLACK
6
CONTINUOUS
10
-0.4488270866141732
20
-0.0036743700787402
11
-0.4490751181102362
21
-0.0035182677165354
0
LINE
8
BLACK
6
CONTINUOUS
10
-0.4490751181102362
20
-0.0035182677165354
11
-0.4491470472440945
21
-0.0034884645669291
0
LINE
8
BLACK
6
CONTINUOUS
10
-0.4491470472440945
20
-0.0034884645669291
11
-0.449228031496063
21
-0.003421968503937
0
LINE
8
BLACK
6
CONTINUOUS
10
-0.449228031496063
20
-0.003421968503937
11
-0.449316968503937
21
-0.0033660236220472
0
LINE
8
BLACK
6
CONTINUOUS
10
-0.449316968503937
20
-0.0033660236220472
11
-0.4493681496062992
21
-0.0033070078740157
0
LINE
8
BLACK
6
CONTINUOUS
10
-0.4493681496062992
20
-0.0033070078740157
11
-0.4495944881889763
21
-0.0031212598425197
0
LINE
8
BLACK
6
CONTINUOUS
10
-0.4495944881889763
20
-0.0031212598425197
11
-0.4514692519685039
21
-0.0012464960629921
0
LINE
8
BLACK
6
CONTINUOUS
10
-0.4514692519685039
20
-0.0012464960629921
11
-0.4516550393700787
21
-0.0010201181102362
0
LINE
8
BLACK
6
CONTINUOUS
10
-0.4516550393700787
20
-0.0010201181102362
11
-0.4517140157480315
21
-0.0009689763779528
0
LINE
8
BLACK
6
CONTINUOUS
10
-0.4517140157480315
20
-0.0009689763779528
11
-0.45177
21
-0.00088
0
LINE
8
BLACK
6
CONTINUOUS
10
-0.45177
20
-0.00088
11
-0.4518364566929134
21
-0.0007990551181102
0
LINE
8
BLACK
6
CONTINUOUS
10
-0.4518364566929134
20
-0.0007990551181102
11
-0.4518662992125984
21
-0.0007270866141732
0
LINE
8
BLACK
6
CONTINUOUS
10
-0.4518662992125984
20
-0.0007270866141732
11
-0.4520223622047244
21
-0.000479094488189
0
LINE
8
BLACK
6
CONTINUOUS
10
-0.4520223622047244
20
-0.000479094488189
11
-0.453897125984252
21
0.0032704330708661
0
LINE
8
BLACK
6
CONTINUOUS
10
-0.453897125984252
20
0.0032704330708661
11
-0.4541040157480315
21
0.003811062992126
0
LINE
8
BLACK
6
CONTINUOUS
10
-0.4541040157480315
20
0.003811062992126
11
-0.4541115354330709
21
0.0039168897637795
0
LINE
8
BLACK
6
CONTINUOUS
10
-0.4541115354330709
20
0.0039168897637795
11
-0.454152125984252
21
0.0040148818897638
0
LINE
8
BLACK
6
CONTINUOUS
10
-0.454152125984252
20
0.0040148818897638
11
-0.4542088582677165
21
0.0045909448818898
0
LINE
8
BLACK
6
CONTINUOUS
10
-0.4542088582677165
20
0.0045909448818898
11
-0.4542088582677165
21
0.0139647637795276
0
LINE
8
BLACK
6
CONTINUOUS
10
-0.4542088582677165
20
0.0139647637795276
11
-0.454152125984252
21
0.0145408267716535
0
LINE
8
BLACK
6
CONTINUOUS
10
-0.454152125984252
20
0.0145408267716535
11
-0.4541115354330709
21
0.0146388582677165
0
LINE
8
BLACK
6
CONTINUOUS
10
-0.4541115354330709
20
0.0146388582677165
11
-0.4541040157480315
21
0.0147446456692913
0
LINE
8
BLACK
6
CONTINUOUS
10
-0.4541040157480315
20
0.0147446456692913
11
-0.453897125984252
21
0.0152852755905512
0
LINE
8
BLACK
6
CONTINUOUS
10
-0.453897125984252
20
0.0152852755905512
11
-0.4520223622047244
21
0.0190348031496063
0
LINE
8
BLACK
6
CONTINUOUS
10
-0.4520223622047244
20
0.0190348031496063
11
-0.4518662992125984
21
0.0192828346456693
0
LINE
8
BLACK
6
CONTINUOUS
10
-0.4518662992125984
20
0.0192828346456693
11
-0.4518364566929134
21
0.0193547637795276
0
LINE
8
BLACK
6
CONTINUOUS
10
-0.4518364566929134
20
0.0193547637795276
11
-0.45177
21
0.0194357480314961
0
LINE
8
BLACK
6
CONTINUOUS
10
-0.45177
20
0.0194357480314961
11
-0.4517140157480315
21
0.0195246850393701
0
LINE
8
BLACK
6
CONTINUOUS
10
-0.4517140157480315
20
0.0195246850393701
11
-0.4516550393700787
21
0.0195758661417323
0
LINE
8
BLACK
6
CONTINUOUS
10
-0.4516550393700787
20
0.0195758661417323
11
-0.4514692519685039
21
0.0198022047244094
0
LINE
8
BLACK
6
CONTINUOUS
10
-0.4514692519685039
20
0.0198022047244094
11
-0.4495944881889763
21
0.021676968503937
0
LINE
8
BLACK
6
CONTINUOUS
10
-0.4495944881889763
20
0.021676968503937
11
-0.4493681496062992
21
0.0218627559055118
0
LINE
8
BLACK
6
CONTINUOUS
10
-0.4493681496062992
20
0.0218627559055118
11
-0.449316968503937
21
0.0219217322834646
0
LINE
8
BLACK
6
CONTINUOUS
10
-0.449316968503937
20
0.0219217322834646
11
-0.449228031496063
21
0.0219777165354331
0
LINE
8
BLACK
6
CONTINUOUS
10
-0.449228031496063
20
0.0219777165354331
11
-0.4491470472440945
21
0.0220441732283465
0
LINE
8
BLACK
6
CONTINUOUS
10
-0.4491470472440945
20
0.0220441732283465
11
-0.4490751181102362
21
0.0220740157480315
0
LINE
8
BLACK
6
CONTINUOUS
10
-0.4490751181102362
20
0.0220740157480315
11
-0.4488270866141732
21
0.0222300787401575
0
LINE
8
BLACK
6
CONTINUOUS
10
-0.4488270866141732
20
0.0222300787401575
11
-0.4450775590551181
21
0.024104842519685
0
LINE
8
BLACK
6
CONTINUOUS
10
-0.4450775590551181
20
0.024104842519685
11
-0.444536968503937
21
0.0243117322834646
0
LINE
8
BLACK
6
CONTINUOUS
10
-0.444536968503937
20
0.0243117322834646
11
-0.4444311023622047
21
0.0243192913385827
0
LINE
8
BLACK
6
CONTINUOUS
10
-0.4444311023622047
20
0.0243192913385827
11
-0.4443331102362205
21
0.024359842519685
0
LINE
8
BLACK
6
CONTINUOUS
10
-0.4443331102362205
20
0.024359842519685
11
-0.4437570472440945
21
0.0244165748031496
0
LINE
8
BLACK
6
CONTINUOUS
10
-0.4437570472440945
20
0.0244165748031496
11
-0.4362579921259843
21
0.0244165748031496
0
LINE
8
BLACK
6
CONTINUOUS
10
-0.4362579921259843
20
0.0244165748031496
11
-0.4356819291338583
21
0.024359842519685
0
LINE
8
BLACK
6
CONTINUOUS
10
-0.4457574803149606
20
0.0171623228346457
11
-0.4469546062992126
21
0.0159651968503937
0
LINE
8
BLACK
6
CONTINUOUS
10
-0.4469546062992126
20
0.0159651968503937
11
-0.4483033464566929
21
0.0132677165354331
0
LINE
8
BLACK
6
CONTINUOUS
10
-0.4483033464566929
20
0.0132677165354331
11
-0.4483033464566929
21
0.0052879921259843
0
LINE
8
BLACK
6
CONTINUOUS
10
-0.4483033464566929
20
0.0052879921259843
11
-0.4469546062992126
21
0.0025905118110236
0
LINE
8
BLACK
6
CONTINUOUS
10
-0.4469546062992126
20
0.0025905118110236
11
-0.4457574803149606
21
0.0013933858267717
0
LINE
8
BLACK
6
CONTINUOUS
10
-0.4457574803149606
20
0.0013933858267717
11
-0.44306
21
0.0000446456692913
0
LINE
8
BLACK
6
CONTINUOUS
10
-0.44306
20
0.0000446456692913
11
-0.4369550393700787
21
0.0000446456692913
0
LINE
8
BLACK
6
CONTINUOUS
10
-0.4369550393700787
20
0.0000446456692913
11
-0.4342575590551181
21
0.0013933858267717
0
LINE
8
BLACK
6
CONTINUOUS
10
-0.4342575590551181
20
0.0013933858267717
11
-0.4330604330708661
21
0.0025905118110236
0
LINE
8
BLACK
6
CONTINUOUS
10
-0.4330604330708661
20
0.0025905118110236
11
-0.4317116929133858
21
0.0052879921259843
0
LINE
8
BLACK
6
CONTINUOUS
10
-0.4317116929133858
20
0.0052879921259843
11
-0.4317116929133858
21
0.0132677165354331
0
LINE
8
BLACK
6
CONTINUOUS
10
-0.4317116929133858
20
0.0132677165354331
11
-0.4330604330708661
21
0.0159651968503937
0
LINE
8
BLACK
6
CONTINUOUS
10
-0.4330604330708661
20
0.0159651968503937
11
-0.4342575590551181
21
0.0171623228346457
0
LINE
8
BLACK
6
CONTINUOUS
10
-0.4342575590551181
20
0.0171623228346457
11
-0.4369550393700787
21
0.018511062992126
0
LINE
8
BLACK
6
CONTINUOUS
10
-0.4369550393700787
20
0.018511062992126
11
-0.44306
21
0.018511062992126
0
LINE
8
BLACK
6
CONTINUOUS
10
-0.44306
20
0.018511062992126
11
-0.4457574803149606
21
0.0171623228346457
0
LINE
8
BLACK
6
CONTINUOUS
10
-0.4889857086614173
20
0.023918937007874
11
-0.488171062992126
21
0.0231042913385827
0
LINE
8
BLACK
6
CONTINUOUS
10
-0.488171062992126
20
0.0231042913385827
11
-0.487730157480315
21
0.0220398818897638
0
LINE
8
BLACK
6
CONTINUOUS
10
-0.487730157480315
20
0.0220398818897638
11
-0.4876734251968504
21
0.0214638188976378
0
LINE
8
BLACK
6
CONTINUOUS
10
-0.4876734251968504
20
0.0214638188976378
11
-0.4876734251968504
21
0.005668937007874
0
LINE
8
BLACK
6
CONTINUOUS
10
-0.4876734251968504
20
0.005668937007874
11
-0.4710817716535433
21
0.005668937007874
0
LINE
8
BLACK
6
CONTINUOUS
10
-0.4710817716535433
20
0.005668937007874
11
-0.4710817716535433
21
0.0214638188976378
0
LINE
8
BLACK
6
CONTINUOUS
10
-0.4710817716535433
20
0.0214638188976378
11
-0.4710250393700787
21
0.0220398818897638
0
LINE
8
BLACK
6
CONTINUOUS
10
-0.4710250393700787
20
0.0220398818897638
11
-0.4705841338582677
21
0.0231042913385827
0
LINE
8
BLACK
6
CONTINUOUS
10
-0.4705841338582677
20
0.0231042913385827
11
-0.4697694881889763
21
0.023918937007874
0
LINE
8
BLACK
6
CONTINUOUS
10
-0.4697694881889763
20
0.023918937007874
11
-0.4687050787401575
21
0.024359842519685
0
LINE
8
BLACK
6
CONTINUOUS
10
-0.4687050787401575
20
0.024359842519685
11
-0.4675529527559055
21
0.024359842519685
0
LINE
8
BLACK
6
CONTINUOUS
10
-0.4675529527559055
20
0.024359842519685
11
-0.4664885433070866
21
0.023918937007874
0
LINE
8
BLACK
6
CONTINUOUS
10
-0.4664885433070866
20
0.023918937007874
11
-0.4656738976377953
21
0.0231042913385827
0
LINE
8
BLACK
6
CONTINUOUS
10
-0.4656738976377953
20
0.0231042913385827
11
-0.4652329921259842
21
0.0220398818897638
0
LINE
8
BLACK
6
CONTINUOUS
10
-0.4652329921259842
20
0.0220398818897638
11
-0.4651762598425197
21
0.0214638188976378
0
LINE
8
BLACK
6
CONTINUOUS
10
-0.4651762598425197
20
0.0214638188976378
11
-0.4651762598425197
21
-0.0179062598425197
0
LINE
8
BLACK
6
CONTINUOUS
10
-0.4651762598425197
20
-0.0179062598425197
11
-0.4652329921259842
21
-0.0184823228346457
0
LINE
8
BLACK
6
CONTINUOUS
10
-0.4652329921259842
20
-0.0184823228346457
11
-0.4656738976377953
21
-0.0195467322834646
0
LINE
8
BLACK
6
CONTINUOUS
10
-0.4656738976377953
20
-0.0195467322834646
11
-0.4664885433070866
21
-0.0203613779527559
0
LINE
8
BLACK
6
CONTINUOUS
10
-0.4664885433070866
20
-0.0203613779527559
11
-0.4675529527559055
21
-0.0208022834645669
0
LINE
8
BLACK
6
CONTINUOUS
10
-0.4675529527559055
20
-0.0208022834645669
11
-0.4687050787401575
21
-0.0208022834645669
0
LINE
8
BLACK
6
CONTINUOUS
10
-0.4687050787401575
20
-0.0208022834645669
11
-0.4697694881889763
21
-0.0203613779527559
0
LINE
8
BLACK
6
CONTINUOUS
10
-0.4697694881889763
20
-0.0203613779527559
11
-0.4705841338582677
21
-0.0195467322834646
0
LINE
8
BLACK
6
CONTINUOUS
10
-0.4705841338582677
20
-0.0195467322834646
11
-0.4710250393700787
21
-0.0184823228346457
0
LINE
8
BLACK
6
CONTINUOUS
10
-0.4710250393700787
20
-0.0184823228346457
11
-0.4710817716535433
21
-0.0179062598425197
0
LINE
8
BLACK
6
CONTINUOUS
10
-0.4710817716535433
20
-0.0179062598425197
11
-0.4710817716535433
21
-0.0002365748031496
0
LINE
8
BLACK
6
CONTINUOUS
10
-0.4710817716535433
20
-0.0002365748031496
11
-0.4876734251968504
21
-0.0002365748031496
0
LINE
8
BLACK
6
CONTINUOUS
10
-0.4876734251968504
20
-0.0002365748031496
11
-0.4876734251968504
21
-0.0179062598425197
0
LINE
8
BLACK
6
CONTINUOUS
10
-0.4876734251968504
20
-0.0179062598425197
11
-0.487730157480315
21
-0.0184823228346457
0
LINE
8
BLACK
6
CONTINUOUS
10
-0.487730157480315
20
-0.0184823228346457
11
-0.488171062992126
21
-0.0195467322834646
0
LINE
8
BLACK
6
CONTINUOUS
10
-0.488171062992126
20
-0.0195467322834646
11
-0.4889857086614173
21
-0.0203613779527559
0
LINE
8
BLACK
6
CONTINUOUS
10
-0.4889857086614173
20
-0.0203613779527559
11
-0.4900501181102362
21
-0.0208022834645669
0
LINE
8
BLACK
6
CONTINUOUS
10
-0.4900501181102362
20
-0.0208022834645669
11
-0.4912022440944882
21
-0.0208022834645669
0
LINE
8
BLACK
6
CONTINUOUS
10
-0.4912022440944882
20
-0.0208022834645669
11
-0.4922666535433071
21
-0.0203613779527559
0
LINE
8
BLACK
6
CONTINUOUS
10
-0.4922666535433071
20
-0.0203613779527559
11
-0.4930812992125984
21
-0.0195467322834646
0
LINE
8
BLACK
6
CONTINUOUS
10
-0.4930812992125984
20
-0.0195467322834646
11
-0.4935222047244094
21
-0.0184823228346457
0
LINE
8
BLACK
6
CONTINUOUS
10
-0.4935222047244094
20
-0.0184823228346457
11
-0.493578937007874
21
-0.0179062598425197
0
LINE
8
BLACK
6
CONTINUOUS
10
-0.493578937007874
20
-0.0179062598425197
11
-0.493578937007874
21
0.0214638188976378
0
LINE
8
BLACK
6
CONTINUOUS
10
-0.493578937007874
20
0.0214638188976378
11
-0.4935222047244094
21
0.0220398818897638
0
LINE
8
BLACK
6
CONTINUOUS
10
-0.4935222047244094
20
0.0220398818897638
11
-0.4930812992125984
21
0.0231042913385827
0
LINE
8
BLACK
6
CONTINUOUS
10
-0.4930812992125984
20
0.0231042913385827
11
-0.4922666535433071
21
0.023918937007874
0
LINE
8
BLACK
6
CONTINUOUS
10
-0.4922666535433071
20
0.023918937007874
11
-0.4912022440944882
21
0.024359842519685
0
LINE
8
BLACK
6
CONTINUOUS
10
-0.4912022440944882
20
0.024359842519685
11
-0.4900501181102362
21
0.024359842519685
0
LINE
8
BLACK
6
CONTINUOUS
10
-0.4900501181102362
20
0.024359842519685
11
-0.4889857086614173
21
0.023918937007874
0
LINE
8
BLACK
6
CONTINUOUS
10
-0.1719024015748031
20
0.1057246850393701
11
-0.1718044094488189
21
0.105684094488189
0
LINE
8
BLACK
6
CONTINUOUS
10
-0.1718044094488189
20
0.105684094488189
11
-0.1716985826771653
21
0.1056765748031496
0
LINE
8
BLACK
6
CONTINUOUS
10
-0.1716985826771653
20
0.1056765748031496
11
-0.1711579527559055
21
0.1054696850393701
0
LINE
8
BLACK
6
CONTINUOUS
10
-0.1711579527559055
20
0.1054696850393701
11
-0.1674084251968504
21
0.1035949212598425
0
LINE
8
BLACK
6
CONTINUOUS
10
-0.1674084251968504
20
0.1035949212598425
11
-0.1673120866141732
21
0.1035342913385827
0
LINE
8
BLACK
6
CONTINUOUS
10
-0.1673120866141732
20
0.1035342913385827
11
-0.1672666535433071
21
0.1035191338582677
0
LINE
8
BLACK
6
CONTINUOUS
10
-0.1672666535433071
20
0.1035191338582677
11
-0.1672101181102362
21
0.1034701181102362
0
LINE
8
BLACK
6
CONTINUOUS
10
-0.1672101181102362
20
0.1034701181102362
11
-0.1669185433070866
21
0.1032865748031496
0
LINE
8
BLACK
6
CONTINUOUS
10
-0.1669185433070866
20
0.1032865748031496
11
-0.1666759842519685
21
0.1030068897637795
0
LINE
8
BLACK
6
CONTINUOUS
10
-0.1666759842519685
20
0.1030068897637795
11
-0.1663962598425197
21
0.1027642913385827
0
LINE
8
BLACK
6
CONTINUOUS
10
-0.1663962598425197
20
0.1027642913385827
11
-0.1662127559055118
21
0.1024727559055118
0
LINE
8
BLACK
6
CONTINUOUS
10
-0.1662127559055118
20
0.1024727559055118
11
-0.1661637007874016
21
0.1024161811023622
0
LINE
8
BLACK
6
CONTINUOUS
10
-0.1661637007874016
20
0.1024161811023622
11
-0.1661485826771653
21
0.1023707874015748
0
LINE
8
BLACK
6
CONTINUOUS
10
-0.1661485826771653
20
0.1023707874015748
11
-0.1660879133858268
21
0.1022744094488189
0
LINE
8
BLACK
6
CONTINUOUS
10
-0.1660879133858268
20
0.1022744094488189
11
-0.1642131496062992
21
0.0985248818897638
0
LINE
8
BLACK
6
CONTINUOUS
10
-0.1642131496062992
20
0.0985248818897638
11
-0.1640062598425197
21
0.0979842913385827
0
LINE
8
BLACK
6
CONTINUOUS
10
-0.1640062598425197
20
0.0979842913385827
11
-0.1639987401574803
21
0.0978784251968504
0
LINE
8
BLACK
6
CONTINUOUS
10
-0.1639987401574803
20
0.0978784251968504
11
-0.1639581496062992
21
0.0977804330708661
0
LINE
8
BLACK
6
CONTINUOUS
10
-0.1639581496062992
20
0.0977804330708661
11
-0.1639014173228346
21
0.0972043700787402
0
LINE
8
BLACK
6
CONTINUOUS
10
-0.1639014173228346
20
0.0972043700787402
11
-0.1639014173228346
21
0.0765819291338583
0
LINE
8
BLACK
6
CONTINUOUS
10
-0.1639014173228346
20
0.0765819291338583
11
-0.1639581496062992
21
0.0760058661417323
0
LINE
8
BLACK
6
CONTINUOUS
10
-0.1639581496062992
20
0.0760058661417323
11
-0.1643990551181102
21
0.0749414566929134
0
LINE
8
BLACK
6
CONTINUOUS
10
-0.1643990551181102
20
0.0749414566929134
11
-0.1652137007874016
21
0.074126811023622
0
LINE
8
BLACK
6
CONTINUOUS
10
-0.1652137007874016
20
0.074126811023622
11
-0.1662781102362205
21
0.073685905511811
0
LINE
8
BLACK
6
CONTINUOUS
10
-0.1662781102362205
20
0.073685905511811
11
-0.1674302362204724
21
0.073685905511811
0
LINE
8
BLACK
6
CONTINUOUS
10
-0.1674302362204724
20
0.073685905511811
11
-0.1684946456692913
21
0.074126811023622
0
LINE
8
BLACK
6
CONTINUOUS
10
-0.1684946456692913
20
0.074126811023622
11
-0.1686335826771654
21
0.0742657480314961
0
LINE
8
BLACK
6
CONTINUOUS
10
-0.1686335826771654
20
0.0742657480314961
11
-0.169283188976378
21
0.073940905511811
0
LINE
8
BLACK
6
CONTINUOUS
10
-0.169283188976378
20
0.073940905511811
11
-0.1698238188976378
21
0.0737340157480315
0
LINE
8
BLACK
6
CONTINUOUS
10
-0.1698238188976378
20
0.0737340157480315
11
-0.1699296456692913
21
0.0737265354330709
0
LINE
8
BLACK
6
CONTINUOUS
10
-0.1699296456692913
20
0.0737265354330709
11
-0.1700276377952756
21
0.073685905511811
0
LINE
8
BLACK
6
CONTINUOUS
10
-0.1700276377952756
20
0.073685905511811
11
-0.1706037007874016
21
0.0736291732283465
0
LINE
8
BLACK
6
CONTINUOUS
10
-0.1706037007874016
20
0.0736291732283465
11
-0.1799775196850394
21
0.0736291732283465
0
LINE
8
BLACK
6
CONTINUOUS
10
-0.1799775196850394
20
0.0736291732283465
11
-0.1805535826771653
21
0.073685905511811
0
LINE
8
BLACK
6
CONTINUOUS
10
-0.1805535826771653
20
0.073685905511811
11
-0.1806515748031496
21
0.0737264960629921
0
LINE
8
BLACK
6
CONTINUOUS
10
-0.1806515748031496
20
0.0737264960629921
11
-0.1807574409448819
21
0.0737340157480315
0
LINE
8
BLACK
6
CONTINUOUS
10
-0.1807574409448819
20
0.0737340157480315
11
-0.181298031496063
21
0.073940905511811
0
LINE
8
BLACK
6
CONTINUOUS
10
-0.181298031496063
20
0.073940905511811
11
-0.1850475590551181
21
0.0758156692913386
0
LINE
8
BLACK
6
CONTINUOUS
10
-0.1850475590551181
20
0.0758156692913386
11
-0.185143937007874
21
0.0758763385826772
0
LINE
8
BLACK
6
CONTINUOUS
10
-0.185143937007874
20
0.0758763385826772
11
-0.1851893307086614
21
0.0758914566929134
0
LINE
8
BLACK
6
CONTINUOUS
10
-0.1851893307086614
20
0.0758914566929134
11
-0.185245905511811
21
0.0759405118110236
0
LINE
8
BLACK
6
CONTINUOUS
10
-0.185245905511811
20
0.0759405118110236
11
-0.1855374409448819
21
0.0761240157480315
0
LINE
8
BLACK
6
CONTINUOUS
10
-0.1855374409448819
20
0.0761240157480315
11
-0.1857801181102362
21
0.0764038582677165
0
LINE
8
BLACK
6
CONTINUOUS
10
-0.1857801181102362
20
0.0764038582677165
11
-0.1860597244094488
21
0.0766463385826772
0
LINE
8
BLACK
6
CONTINUOUS
10
-0.1860597244094488
20
0.0766463385826772
11
-0.1862432283464567
21
0.0769378346456693
0
LINE
8
BLACK
6
CONTINUOUS
10
-0.1862432283464567
20
0.0769378346456693
11
-0.1862922834645669
21
0.0769944094488189
0
LINE
8
BLACK
6
CONTINUOUS
10
-0.1862922834645669
20
0.0769944094488189
11
-0.1863074409448819
21
0.0770398818897638
0
LINE
8
BLACK
6
CONTINUOUS
10
-0.1863074409448819
20
0.0770398818897638
11
-0.1863680708661417
21
0.0771361811023622
0
LINE
8
BLACK
6
CONTINUOUS
10
-0.1863680708661417
20
0.0771361811023622
11
-0.1882428346456693
21
0.0808857480314961
0
LINE
8
BLACK
6
CONTINUOUS
10
-0.1882428346456693
20
0.0808857480314961
11
-0.1884497244094488
21
0.0814263779527559
0
LINE
8
BLACK
6
CONTINUOUS
10
-0.1884497244094488
20
0.0814263779527559
11
-0.1884572440944882
21
0.0815322047244094
0
LINE
8
BLACK
6
CONTINUOUS
10
-0.1884572440944882
20
0.0815322047244094
11
-0.1884978346456693
21
0.0816301968503937
0
LINE
8
BLACK
6
CONTINUOUS
10
-0.1884978346456693
20
0.0816301968503937
11
-0.1885545669291339
21
0.0822062598425197
0
LINE
8
BLACK
6
CONTINUOUS
10
-0.1885545669291339
20
0.0822062598425197
11
-0.1885545669291339
21
0.0859557874015748
0
LINE
8
BLACK
6
CONTINUOUS
10
-0.1885545669291339
20
0.0859557874015748
11
-0.1884978346456693
21
0.0865318503937008
0
LINE
8
BLACK
6
CONTINUOUS
10
-0.1884978346456693
20
0.0865318503937008
11
-0.1884572440944882
21
0.0866298818897638
0
LINE
8
BLACK
6
CONTINUOUS
10
-0.1884572440944882
20
0.0866298818897638
11
-0.1884497244094488
21
0.0867356692913386
0
LINE
8
BLACK
6
CONTINUOUS
10
-0.1884497244094488
20
0.0867356692913386
11
-0.1882428346456693
21
0.0872762992125984
0
LINE
8
BLACK
6
CONTINUOUS
10
-0.1882428346456693
20
0.0872762992125984
11
-0.1863680708661417
21
0.0910258267716535
0
LINE
8
BLACK
6
CONTINUOUS
10
-0.1863680708661417
20
0.0910258267716535
11
-0.1863074409448819
21
0.0911222047244094
0
LINE
8
BLACK
6
CONTINUOUS
10
-0.1863074409448819
20
0.0911222047244094
11
-0.1862922834645669
21
0.0911675984251969
0
LINE
8
BLACK
6
CONTINUOUS
10
-0.1862922834645669
20
0.0911675984251969
11
-0.1862432677165354
21
0.0912241732283465
0
LINE
8
BLACK
6
CONTINUOUS
10
-0.1862432677165354
20
0.0912241732283465
11
-0.1860597244094488
21
0.0915157086614173
0
LINE
8
BLACK
6
CONTINUOUS
10
-0.1860597244094488
20
0.0915157086614173
11
-0.1857800393700787
21
0.0917583070866142
0
LINE
8
BLACK
6
CONTINUOUS
10
-0.1857800393700787
20
0.0917583070866142
11
-0.1855374409448819
21
0.0920379921259842
0
LINE
8
BLACK
6
CONTINUOUS
10
-0.1855374409448819
20
0.0920379921259842
11
-0.185245905511811
21
0.0922215354330709
0
LINE
8
BLACK
6
CONTINUOUS
10
-0.185245905511811
20
0.0922215354330709
11
-0.1851893307086614
21
0.0922705511811024
0
LINE
8
BLACK
6
CONTINUOUS
10
-0.1851893307086614
20
0.0922705511811024
11
-0.185143937007874
21
0.0922857086614173
0
LINE
8
BLACK
6
CONTINUOUS
10
-0.185143937007874
20
0.0922857086614173
11
-0.1850475590551181
21
0.0923463385826772
0
LINE
8
BLACK
6
CONTINUOUS
10
-0.1850475590551181
20
0.0923463385826772
11
-0.181298031496063
21
0.0942211023622047
0
LINE
8
BLACK
6
CONTINUOUS
10
-0.181298031496063
20
0.0942211023622047
11
-0.1807574409448819
21
0.0944279921259843
0
LINE
8
BLACK
6
CONTINUOUS
10
-0.1807574409448819
20
0.0944279921259843
11
-0.1806515748031496
21
0.0944355511811024
0
LINE
8
BLACK
6
CONTINUOUS
10
-0.1806515748031496
20
0.0944355511811024
11
-0.1805535826771653
21
0.0944761023622047
0
LINE
8
BLACK
6
CONTINUOUS
10
-0.1805535826771653
20
0.0944761023622047
11
-0.1799775196850394
21
0.0945328346456693
0
LINE
8
BLACK
6
CONTINUOUS
10
-0.1799775196850394
20
0.0945328346456693
11
-0.1713007480314961
21
0.0945328346456693
0
LINE
8
BLACK
6
CONTINUOUS
10
-0.1713007480314961
20
0.0945328346456693
11
-0.1698069291338583
21
0.0952797637795276
0
LINE
8
BLACK
6
CONTINUOUS
10
-0.1698069291338583
20
0.0952797637795276
11
-0.1698069291338583
21
0.0965073228346457
0
LINE
8
BLACK
6
CONTINUOUS
10
-0.1698069291338583
20
0.0965073228346457
11
-0.1709298031496063
21
0.0987530708661417
0
LINE
8
BLACK
6
CONTINUOUS
10
-0.1709298031496063
20
0.0987530708661417
11
-0.1731755118110236
21
0.099875905511811
0
LINE
8
BLACK
6
CONTINUOUS
10
-0.1731755118110236
20
0.099875905511811
11
-0.1792804724409449
21
0.099875905511811
0
LINE
8
BLACK
6
CONTINUOUS
10
-0.1792804724409449
20
0.099875905511811
11
-0.1824065354330709
21
0.098312874015748
0
LINE
8
BLACK
6
CONTINUOUS
10
-0.1824065354330709
20
0.098312874015748
11
-0.1829471653543307
21
0.0981059842519685
0
LINE
8
BLACK
6
CONTINUOUS
10
-0.1829471653543307
20
0.0981059842519685
11
-0.1840963779527559
21
0.0980243307086614
0
LINE
8
BLACK
6
CONTINUOUS
10
-0.1840963779527559
20
0.0980243307086614
11
-0.1851893307086614
21
0.0983886614173228
0
LINE
8
BLACK
6
CONTINUOUS
10
-0.1851893307086614
20
0.0983886614173228
11
-0.1860597244094488
21
0.0991435039370079
0
LINE
8
BLACK
6
CONTINUOUS
10
-0.1860597244094488
20
0.0991435039370079
11
-0.1865749606299213
21
0.1001740157480315
0
LINE
8
BLACK
6
CONTINUOUS
10
-0.1865749606299213
20
0.1001740157480315
11
-0.1866566141732283
21
0.1013232283464567
0
LINE
8
BLACK
6
CONTINUOUS
10
-0.1866566141732283
20
0.1013232283464567
11
-0.1862922834645669
21
0.1024161811023622
0
LINE
8
BLACK
6
CONTINUOUS
10
-0.1862922834645669
20
0.1024161811023622
11
-0.1855374409448819
21
0.1032865748031496
0
LINE
8
BLACK
6
CONTINUOUS
10
-0.1855374409448819
20
0.1032865748031496
11
-0.1850475590551181
21
0.1035949212598425
0
LINE
8
BLACK
6
CONTINUOUS
10
-0.1850475590551181
20
0.1035949212598425
11
-0.181298031496063
21
0.1054696850393701
0
LINE
8
BLACK
6
CONTINUOUS
10
-0.181298031496063
20
0.1054696850393701
11
-0.1807574409448819
21
0.1056765748031496
0
LINE
8
BLACK
6
CONTINUOUS
10
-0.1807574409448819
20
0.1056765748031496
11
-0.1806515748031496
21
0.1056841338582677
0
LINE
8
BLACK
6
CONTINUOUS
10
-0.1806515748031496
20
0.1056841338582677
11
-0.1805535826771653
21
0.1057246850393701
0
LINE
8
BLACK
6
CONTINUOUS
10
-0.1805535826771653
20
0.1057246850393701
11
-0.1799775196850394
21
0.1057814173228346
0
LINE
8
BLACK
6
CONTINUOUS
10
-0.1799775196850394
20
0.1057814173228346
11
-0.1724784645669291
21
0.1057814173228346
0
LINE
8
BLACK
6
CONTINUOUS
10
-0.1724784645669291
20
0.1057814173228346
11
-0.1719024015748031
21
0.1057246850393701
0
LINE
8
BLACK
6
CONTINUOUS
10
-0.1698238188976378
20
0.0887321653543307
11
-0.1699296456692913
21
0.0887246850393701
0
LINE
8
BLACK
6
CONTINUOUS
10
-0.1699296456692913
20
0.0887246850393701
11
-0.1700276377952756
21
0.0886840551181102
0
LINE
8
BLACK
6
CONTINUOUS
10
-0.1700276377952756
20
0.0886840551181102
11
-0.1706037007874016
21
0.0886273228346457
0
LINE
8
BLACK
6
CONTINUOUS
10
-0.1706037007874016
20
0.0886273228346457
11
-0.1792804724409449
21
0.0886273228346457
0
LINE
8
BLACK
6
CONTINUOUS
10
-0.1792804724409449
20
0.0886273228346457
11
-0.1815262204724409
21
0.0875044881889764
0
LINE
8
BLACK
6
CONTINUOUS
10
-0.1815262204724409
20
0.0875044881889764
11
-0.1826490551181102
21
0.0852587401574803
0
LINE
8
BLACK
6
CONTINUOUS
10
-0.1826490551181102
20
0.0852587401574803
11
-0.1826490551181102
21
0.0829033070866142
0
LINE
8
BLACK
6
CONTINUOUS
10
-0.1826490551181102
20
0.0829033070866142
11
-0.1815262204724409
21
0.0806575590551181
0
LINE
8
BLACK
6
CONTINUOUS
10
-0.1815262204724409
20
0.0806575590551181
11
-0.1792804724409449
21
0.0795346850393701
0
LINE
8
BLACK
6
CONTINUOUS
10
-0.1792804724409449
20
0.0795346850393701
11
-0.1713007480314961
21
0.0795346850393701
0
LINE
8
BLACK
6
CONTINUOUS
10
-0.1713007480314961
20
0.0795346850393701
11
-0.1698069291338583
21
0.0802816141732283
0
LINE
8
BLACK
6
CONTINUOUS
10
-0.1698069291338583
20
0.0802816141732283
11
-0.1698069291338583
21
0.0887386614173228
0
LINE
8
BLACK
6
CONTINUOUS
10
-0.1698069291338583
20
0.0887386614173228
11
-0.1698238188976378
21
0.0887321653543307
0
LINE
8
BLACK
6
CONTINUOUS
10
-0.1295931496062992
20
0.118407125984252
11
-0.1287785039370079
21
0.1175924803149606
0
LINE
8
BLACK
6
CONTINUOUS
10
-0.1287785039370079
20
0.1175924803149606
11
-0.1283375984251968
21
0.1165280708661417
0
LINE
8
BLACK
6
CONTINUOUS
10
-0.1283375984251968
20
0.1165280708661417
11
-0.1282808661417323
21
0.1159520078740157
0
LINE
8
BLACK
6
CONTINUOUS
10
-0.1282808661417323
20
0.1159520078740157
11
-0.1282808661417323
21
0.0765819291338583
0
LINE
8
BLACK
6
CONTINUOUS
10
-0.1282808661417323
20
0.0765819291338583
11
-0.1283375984251968
21
0.0760058661417323
0
LINE
8
BLACK
6
CONTINUOUS
10
-0.1283375984251968
20
0.0760058661417323
11
-0.1287785039370079
21
0.0749414566929134
0
LINE
8
BLACK
6
CONTINUOUS
10
-0.1287785039370079
20
0.0749414566929134
11
-0.1295931496062992
21
0.074126811023622
0
LINE
8
BLACK
6
CONTINUOUS
10
-0.1295931496062992
20
0.074126811023622
11
-0.1306575590551181
21
0.073685905511811
0
LINE
8
BLACK
6
CONTINUOUS
10
-0.1306575590551181
20
0.073685905511811
11
-0.1318096850393701
21
0.073685905511811
0
LINE
8
BLACK
6
CONTINUOUS
10
-0.1318096850393701
20
0.073685905511811
11
-0.132874094488189
21
0.074126811023622
0
LINE
8
BLACK
6
CONTINUOUS
10
-0.132874094488189
20
0.074126811023622
11
-0.133013031496063
21
0.0742657480314961
0
LINE
8
BLACK
6
CONTINUOUS
10
-0.133013031496063
20
0.0742657480314961
11
-0.1336626377952756
21
0.073940905511811
0
LINE
8
BLACK
6
CONTINUOUS
10
-0.1336626377952756
20
0.073940905511811
11
-0.1342032677165354
21
0.0737340157480315
0
LINE
8
BLACK
6
CONTINUOUS
10
-0.1342032677165354
20
0.0737340157480315
11
-0.134309094488189
21
0.0737265354330709
0
LINE
8
BLACK
6
CONTINUOUS
10
-0.134309094488189
20
0.0737265354330709
11
-0.1344070866141732
21
0.073685905511811
0
LINE
8
BLACK
6
CONTINUOUS
10
-0.1344070866141732
20
0.073685905511811
11
-0.1349831496062992
21
0.0736291732283465
0
LINE
8
BLACK
6
CONTINUOUS
10
-0.1349831496062992
20
0.0736291732283465
11
-0.1424822047244095
21
0.0736291732283465
0
LINE
8
BLACK
6
CONTINUOUS
10
-0.1424822047244095
20
0.0736291732283465
11
-0.1430582677165354
21
0.073685905511811
0
LINE
8
BLACK
6
CONTINUOUS
10
-0.1430582677165354
20
0.073685905511811
11
-0.1431562598425197
21
0.0737264960629921
0
LINE
8
BLACK
6
CONTINUOUS
10
-0.1431562598425197
20
0.0737264960629921
11
-0.143262125984252
21
0.0737340157480315
0
LINE
8
BLACK
6
CONTINUOUS
10
-0.143262125984252
20
0.0737340157480315
11
-0.1438027165354331
21
0.073940905511811
0
LINE
8
BLACK
6
CONTINUOUS
10
-0.1438027165354331
20
0.073940905511811
11
-0.1475522440944882
21
0.0758156692913386
0
LINE
8
BLACK
6
CONTINUOUS
10
-0.1475522440944882
20
0.0758156692913386
11
-0.1478002755905512
21
0.0759717716535433
0
LINE
8
BLACK
6
CONTINUOUS
10
-0.1478002755905512
20
0.0759717716535433
11
-0.1478722047244095
21
0.0760015748031496
0
LINE
8
BLACK
6
CONTINUOUS
10
-0.1478722047244095
20
0.0760015748031496
11
-0.1479531889763779
21
0.076068031496063
0
LINE
8
BLACK
6
CONTINUOUS
10
-0.1479531889763779
20
0.076068031496063
11
-0.148042125984252
21
0.0761240157480315
0
LINE
8
BLACK
6
CONTINUOUS
10
-0.148042125984252
20
0.0761240157480315
11
-0.1480933464566929
21
0.0761830708661417
0
LINE
8
BLACK
6
CONTINUOUS
10
-0.1480933464566929
20
0.0761830708661417
11
-0.1483196850393701
21
0.0763688188976378
0
LINE
8
BLACK
6
CONTINUOUS
10
-0.1483196850393701
20
0.0763688188976378
11
-0.1501944488188976
21
0.0782436220472441
0
LINE
8
BLACK
6
CONTINUOUS
10
-0.1501944488188976
20
0.0782436220472441
11
-0.1503801968503937
21
0.0784699606299213
0
LINE
8
BLACK
6
CONTINUOUS
10
-0.1503801968503937
20
0.0784699606299213
11
-0.1504391732283465
21
0.0785211023622047
0
LINE
8
BLACK
6
CONTINUOUS
10
-0.1504391732283465
20
0.0785211023622047
11
-0.1504951574803149
21
0.0786100393700787
0
LINE
8
BLACK
6
CONTINUOUS
10
-0.1504951574803149
20
0.0786100393700787
11
-0.1505616535433071
21
0.078691062992126
0
LINE
8
BLACK
6
CONTINUOUS
10
-0.1505616535433071
20
0.078691062992126
11
-0.1505914960629921
21
0.0787631102362205
0
LINE
8
BLACK
6
CONTINUOUS
10
-0.1505914960629921
20
0.0787631102362205
11
-0.1507475196850394
21
0.0790109842519685
0
LINE
8
BLACK
6
CONTINUOUS
10
-0.1507475196850394
20
0.0790109842519685
11
-0.1526222834645669
21
0.0827605118110236
0
LINE
8
BLACK
6
CONTINUOUS
10
-0.1526222834645669
20
0.0827605118110236
11
-0.1528291732283465
21
0.0833011417322835
0
LINE
8
BLACK
6
CONTINUOUS
10
-0.1528291732283465
20
0.0833011417322835
11
-0.1528366929133858
21
0.083406968503937
0
LINE
8
BLACK
6
CONTINUOUS
10
-0.1528366929133858
20
0.083406968503937
11
-0.1528772834645669
21
0.0835049606299213
0
LINE
8
BLACK
6
CONTINUOUS
10
-0.1528772834645669
20
0.0835049606299213
11
-0.1529340157480315
21
0.0840810236220472
0
LINE
8
BLACK
6
CONTINUOUS
10
-0.1529340157480315
20
0.0840810236220472
11
-0.1529340157480315
21
0.0953296062992126
0
LINE
8
BLACK
6
CONTINUOUS
10
-0.1529340157480315
20
0.0953296062992126
11
-0.1528772834645669
21
0.0959056692913386
0
LINE
8
BLACK
6
CONTINUOUS
10
-0.1528772834645669
20
0.0959056692913386
11
-0.1528366929133858
21
0.0960037007874016
0
LINE
8
BLACK
6
CONTINUOUS
10
-0.1528366929133858
20
0.0960037007874016
11
-0.1528291732283465
21
0.0961094881889764
0
LINE
8
BLACK
6
CONTINUOUS
10
-0.1528291732283465
20
0.0961094881889764
11
-0.1526222834645669
21
0.0966501181102362
0
LINE
8
BLACK
6
CONTINUOUS
10
-0.1526222834645669
20
0.0966501181102362
11
-0.1507475196850394
21
0.1003996456692913
0
LINE
8
BLACK
6
CONTINUOUS
10
-0.1507475196850394
20
0.1003996456692913
11
-0.1505914566929134
21
0.1006476771653543
0
LINE
8
BLACK
6
CONTINUOUS
10
-0.1505914566929134
20
0.1006476771653543
11
-0.1505616141732283
21
0.1007196062992126
0
LINE
8
BLACK
6
CONTINUOUS
10
-0.1505616141732283
20
0.1007196062992126
11
-0.1504951574803149
21
0.1008005905511811
0
LINE
8
BLACK
6
CONTINUOUS
10
-0.1504951574803149
20
0.1008005905511811
11
-0.1504391732283465
21
0.1008895275590551
0
LINE
8
BLACK
6
CONTINUOUS
10
-0.1504391732283465
20
0.1008895275590551
11
-0.1503801968503937
21
0.1009407086614173
0
LINE
8
BLACK
6
CONTINUOUS
10
-0.1503801968503937
20
0.1009407086614173
11
-0.1501944094488189
21
0.1011670472440945
0
LINE
8
BLACK
6
CONTINUOUS
10
-0.1501944094488189
20
0.1011670472440945
11
-0.1483196456692913
21
0.103041811023622
0
LINE
8
BLACK
6
CONTINUOUS
10
-0.1483196456692913
20
0.103041811023622
11
-0.1480933070866142
21
0.1032275984251969
0
LINE
8
BLACK
6
CONTINUOUS
10
-0.1480933070866142
20
0.1032275984251969
11
-0.148042125984252
21
0.1032865748031496
0
LINE
8
BLACK
6
CONTINUOUS
10
-0.148042125984252
20
0.1032865748031496
11
-0.1479531889763779
21
0.1033425590551181
0
LINE
8
BLACK
6
CONTINUOUS
10
-0.1479531889763779
20
0.1033425590551181
11
-0.1478722047244095
21
0.1034090157480315
0
LINE
8
BLACK
6
CONTINUOUS
10
-0.1478722047244095
20
0.1034090157480315
11
-0.1478002755905512
21
0.1034388582677165
0
LINE
8
BLACK
6
CONTINUOUS
10
-0.1478002755905512
20
0.1034388582677165
11
-0.1475522440944882
21
0.1035949212598425
0
LINE
8
BLACK
6
CONTINUOUS
10
-0.1475522440944882
20
0.1035949212598425
11
-0.1438027165354331
21
0.1054696850393701
0
LINE
8
BLACK
6
CONTINUOUS
10
-0.1438027165354331
20
0.1054696850393701
11
-0.143262125984252
21
0.1056765748031496
0
LINE
8
BLACK
6
CONTINUOUS
10
-0.143262125984252
20
0.1056765748031496
11
-0.1431562598425197
21
0.1056841338582677
0
LINE
8
BLACK
6
CONTINUOUS
10
-0.1431562598425197
20
0.1056841338582677
11
-0.1430582677165354
21
0.1057246850393701
0
LINE
8
BLACK
6
CONTINUOUS
10
-0.1430582677165354
20
0.1057246850393701
11
-0.1424822047244095
21
0.1057814173228346
0
LINE
8
BLACK
6
CONTINUOUS
10
-0.1424822047244095
20
0.1057814173228346
11
-0.1349831496062992
21
0.1057814173228346
0
LINE
8
BLACK
6
CONTINUOUS
10
-0.1349831496062992
20
0.1057814173228346
11
-0.1344070866141732
21
0.1057246850393701
0
LINE
8
BLACK
6
CONTINUOUS
10
-0.1344070866141732
20
0.1057246850393701
11
-0.134309094488189
21
0.105684094488189
0
LINE
8
BLACK
6
CONTINUOUS
10
-0.134309094488189
20
0.105684094488189
11
-0.1342032677165354
21
0.1056765748031496
0
LINE
8
BLACK
6
CONTINUOUS
10
-0.1342032677165354
20
0.1056765748031496
11
-0.1341863779527559
21
0.1056701181102362
0
LINE
8
BLACK
6
CONTINUOUS
10
-0.1341863779527559
20
0.1056701181102362
11
-0.1341863779527559
21
0.1159520078740157
0
LINE
8
BLACK
6
CONTINUOUS
10
-0.1341863779527559
20
0.1159520078740157
11
-0.1341296456692913
21
0.1165280708661417
0
LINE
8
BLACK
6
CONTINUOUS
10
-0.1341296456692913
20
0.1165280708661417
11
-0.1336887401574803
21
0.1175924803149606
0
LINE
8
BLACK
6
CONTINUOUS
10
-0.1336887401574803
20
0.1175924803149606
11
-0.132874094488189
21
0.118407125984252
0
LINE
8
BLACK
6
CONTINUOUS
10
-0.132874094488189
20
0.118407125984252
11
-0.1318096850393701
21
0.118848031496063
0
LINE
8
BLACK
6
CONTINUOUS
10
-0.1318096850393701
20
0.118848031496063
11
-0.1306575590551181
21
0.118848031496063
0
LINE
8
BLACK
6
CONTINUOUS
10
-0.1306575590551181
20
0.118848031496063
11
-0.1295931496062992
21
0.118407125984252
0
LINE
8
BLACK
6
CONTINUOUS
10
-0.1444826377952756
20
0.0985271653543307
11
-0.1456797637795275
21
0.0973300393700787
0
LINE
8
BLACK
6
CONTINUOUS
10
-0.1456797637795275
20
0.0973300393700787
11
-0.1470285039370079
21
0.0946325590551181
0
LINE
8
BLACK
6
CONTINUOUS
10
-0.1470285039370079
20
0.0946325590551181
11
-0.1470285039370079
21
0.0847780708661417
0
LINE
8
BLACK
6
CONTINUOUS
10
-0.1470285039370079
20
0.0847780708661417
11
-0.1456797637795275
21
0.0820805905511811
0
LINE
8
BLACK
6
CONTINUOUS
10
-0.1456797637795275
20
0.0820805905511811
11
-0.1444826377952756
21
0.0808834251968504
0
LINE
8
BLACK
6
CONTINUOUS
10
-0.1444826377952756
20
0.0808834251968504
11
-0.1417851574803149
21
0.0795346850393701
0
LINE
8
BLACK
6
CONTINUOUS
10
-0.1417851574803149
20
0.0795346850393701
11
-0.1356801968503937
21
0.0795346850393701
0
LINE
8
BLACK
6
CONTINUOUS
10
-0.1356801968503937
20
0.0795346850393701
11
-0.1341863779527559
21
0.0802816141732283
0
LINE
8
BLACK
6
CONTINUOUS
10
-0.1341863779527559
20
0.0802816141732283
11
-0.1341863779527559
21
0.0991290157480315
0
LINE
8
BLACK
6
CONTINUOUS
10
-0.1341863779527559
20
0.0991290157480315
11
-0.1356801968503937
21
0.099875905511811
0
LINE
8
BLACK
6
CONTINUOUS
10
-0.1356801968503937
20
0.099875905511811
11
-0.1417851574803149
21
0.099875905511811
0
LINE
8
BLACK
6
CONTINUOUS
10
-0.1417851574803149
20
0.099875905511811
11
-0.1444826377952756
21
0.0985271653543307
0
LINE
8
BLACK
6
CONTINUOUS
10
-0.2075229527559055
20
0.118848031496063
11
-0.2074249606299212
21
0.1188074409448819
0
LINE
8
BLACK
6
CONTINUOUS
10
-0.2074249606299212
20
0.1188074409448819
11
-0.2073191338582677
21
0.1187999212598425
0
LINE
8
BLACK
6
CONTINUOUS
10
-0.2073191338582677
20
0.1187999212598425
11
-0.2067785039370079
21
0.118593031496063
0
LINE
8
BLACK
6
CONTINUOUS
10
-0.2067785039370079
20
0.118593031496063
11
-0.2030289763779528
21
0.1167182677165354
0
LINE
8
BLACK
6
CONTINUOUS
10
-0.2030289763779528
20
0.1167182677165354
11
-0.2027809842519685
21
0.1165622047244095
0
LINE
8
BLACK
6
CONTINUOUS
10
-0.2027809842519685
20
0.1165622047244095
11
-0.2027090157480315
21
0.1165323622047244
0
LINE
8
BLACK
6
CONTINUOUS
10
-0.2027090157480315
20
0.1165323622047244
11
-0.2026280708661417
21
0.116465905511811
0
LINE
8
BLACK
6
CONTINUOUS
10
-0.2026280708661417
20
0.116465905511811
11
-0.202539094488189
21
0.1164099212598425
0
LINE
8
BLACK
6
CONTINUOUS
10
-0.202539094488189
20
0.1164099212598425
11
-0.2024879527559055
21
0.1163509448818898
0
LINE
8
BLACK
6
CONTINUOUS
10
-0.2024879527559055
20
0.1163509448818898
11
-0.2022615748031496
21
0.116165157480315
0
LINE
8
BLACK
6
CONTINUOUS
10
-0.2022615748031496
20
0.116165157480315
11
-0.200386811023622
21
0.1142903937007874
0
LINE
8
BLACK
6
CONTINUOUS
10
-0.200386811023622
20
0.1142903937007874
11
-0.200201062992126
21
0.1140640551181102
0
LINE
8
BLACK
6
CONTINUOUS
10
-0.200201062992126
20
0.1140640551181102
11
-0.2001420472440945
21
0.114012874015748
0
LINE
8
BLACK
6
CONTINUOUS
10
-0.2001420472440945
20
0.114012874015748
11
-0.2000861023622047
21
0.113923937007874
0
LINE
8
BLACK
6
CONTINUOUS
10
-0.2000861023622047
20
0.113923937007874
11
-0.2000196062992126
21
0.1138429527559055
0
LINE
8
BLACK
6
CONTINUOUS
10
-0.2000196062992126
20
0.1138429527559055
11
-0.1999898031496063
21
0.1137710236220472
0
LINE
8
BLACK
6
CONTINUOUS
10
-0.1999898031496063
20
0.1137710236220472
11
-0.1998337007874016
21
0.1135229921259843
0
LINE
8
BLACK
6
CONTINUOUS
10
-0.1998337007874016
20
0.1135229921259843
11
-0.197958937007874
21
0.1097734645669291
0
LINE
8
BLACK
6
CONTINUOUS
10
-0.197958937007874
20
0.1097734645669291
11
-0.1977520472440945
21
0.109232874015748
0
LINE
8
BLACK
6
CONTINUOUS
10
-0.1977520472440945
20
0.109232874015748
11
-0.1977445275590551
21
0.1091270078740157
0
LINE
8
BLACK
6
CONTINUOUS
10
-0.1977445275590551
20
0.1091270078740157
11
-0.197703937007874
21
0.1090290157480315
0
LINE
8
BLACK
6
CONTINUOUS
10
-0.197703937007874
20
0.1090290157480315
11
-0.1976472047244094
21
0.1084529527559055
0
LINE
8
BLACK
6
CONTINUOUS
10
-0.1976472047244094
20
0.1084529527559055
11
-0.1976472047244094
21
0.1028286614173228
0
LINE
8
BLACK
6
CONTINUOUS
10
-0.1976472047244094
20
0.1028286614173228
11
-0.197703937007874
21
0.1022525984251969
0
LINE
8
BLACK
6
CONTINUOUS
10
-0.197703937007874
20
0.1022525984251969
11
-0.1977445275590551
21
0.1021546456692913
0
LINE
8
BLACK
6
CONTINUOUS
10
-0.1977445275590551
20
0.1021546456692913
11
-0.1977520472440945
21
0.1020487401574803
0
LINE
8
BLACK
6
CONTINUOUS
10
-0.1977520472440945
20
0.1020487401574803
11
-0.197958937007874
21
0.1015081496062992
0
LINE
8
BLACK
6
CONTINUOUS
10
-0.197958937007874
20
0.1015081496062992
11
-0.1998337007874016
21
0.0977586220472441
0
LINE
8
BLACK
6
CONTINUOUS
10
-0.1998337007874016
20
0.0977586220472441
11
-0.1999898031496063
21
0.0975106299212598
0
LINE
8
BLACK
6
CONTINUOUS
10
-0.1999898031496063
20
0.0975106299212598
11
-0.2000196062992126
21
0.0974386614173228
0
LINE
8
BLACK
6
CONTINUOUS
10
-0.2000196062992126
20
0.0974386614173228
11
-0.2000861023622047
21
0.0973577165354331
0
LINE
8
BLACK
6
CONTINUOUS
10
-0.2000861023622047
20
0.0973577165354331
11
-0.2001420472440945
21
0.0972687401574803
0
LINE
8
BLACK
6
CONTINUOUS
10
-0.2001420472440945
20
0.0972687401574803
11
-0.200201062992126
21
0.0972175984251969
0
LINE
8
BLACK
6
CONTINUOUS
10
-0.200201062992126
20
0.0972175984251969
11
-0.200386811023622
21
0.0969912204724409
0
LINE
8
BLACK
6
CONTINUOUS
10
-0.200386811023622
20
0.0969912204724409
11
-0.2022615748031496
21
0.0951164566929134
0
LINE
8
BLACK
6
CONTINUOUS
10
-0.2022615748031496
20
0.0951164566929134
11
-0.2024879527559055
21
0.0949307086614173
0
LINE
8
BLACK
6
CONTINUOUS
10
-0.2024879527559055
20
0.0949307086614173
11
-0.202539094488189
21
0.0948716929133858
0
LINE
8
BLACK
6
CONTINUOUS
10
-0.202539094488189
20
0.0948716929133858
11
-0.2026280708661417
21
0.0948157480314961
0
LINE
8
BLACK
6
CONTINUOUS
10
-0.2026280708661417
20
0.0948157480314961
11
-0.2027090157480315
21
0.0947492519685039
0
LINE
8
BLACK
6
CONTINUOUS
10
-0.2027090157480315
20
0.0947492519685039
11
-0.2027809842519685
21
0.0947194488188976
0
LINE
8
BLACK
6
CONTINUOUS
10
-0.2027809842519685
20
0.0947194488188976
11
-0.2030289763779528
21
0.0945633464566929
0
LINE
8
BLACK
6
CONTINUOUS
10
-0.2030289763779528
20
0.0945633464566929
11
-0.2067785039370079
21
0.0926885826771654
0
LINE
8
BLACK
6
CONTINUOUS
10
-0.2067785039370079
20
0.0926885826771654
11
-0.2073191338582677
21
0.0924816929133858
0
LINE
8
BLACK
6
CONTINUOUS
10
-0.2073191338582677
20
0.0924816929133858
11
-0.2074249606299212
21
0.0924742125984252
0
LINE
8
BLACK
6
CONTINUOUS
10
-0.2074249606299212
20
0.0924742125984252
11
-0.2075229527559055
21
0.0924335826771654
0
LINE
8
BLACK
6
CONTINUOUS
10
-0.2075229527559055
20
0.0924335826771654
11
-0.2080990157480315
21
0.0923768503937008
0
LINE
8
BLACK
6
CONTINUOUS
10
-0.2080990157480315
20
0.0923768503937008
11
-0.2201443700787402
21
0.0923768503937008
0
LINE
8
BLACK
6
CONTINUOUS
10
-0.2201443700787402
20
0.0923768503937008
11
-0.2201443700787402
21
0.0765819291338583
0
LINE
8
BLACK
6
CONTINUOUS
10
-0.2201443700787402
20
0.0765819291338583
11
-0.2202011023622047
21
0.0760058661417323
0
LINE
8
BLACK
6
CONTINUOUS
10
-0.2202011023622047
20
0.0760058661417323
11
-0.2206420078740157
21
0.0749414566929134
0
LINE
8
BLACK
6
CONTINUOUS
10
-0.2206420078740157
20
0.0749414566929134
11
-0.2214566535433071
21
0.074126811023622
0
LINE
8
BLACK
6
CONTINUOUS
10
-0.2214566535433071
20
0.074126811023622
11
-0.222521062992126
21
0.073685905511811
0
LINE
8
BLACK
6
CONTINUOUS
10
-0.222521062992126
20
0.073685905511811
11
-0.2236731889763779
21
0.073685905511811
0
LINE
8
BLACK
6
CONTINUOUS
10
-0.2236731889763779
20
0.073685905511811
11
-0.2247375984251968
21
0.074126811023622
0
LINE
8
BLACK
6
CONTINUOUS
10
-0.2247375984251968
20
0.074126811023622
11
-0.2255522440944882
21
0.0749414566929134
0
LINE
8
BLACK
6
CONTINUOUS
10
-0.2255522440944882
20
0.0749414566929134
11
-0.2259931496062992
21
0.0760058661417323
0
LINE
8
BLACK
6
CONTINUOUS
10
-0.2259931496062992
20
0.0760058661417323
11
-0.2260498818897638
21
0.0765819291338583
0
LINE
8
BLACK
6
CONTINUOUS
10
-0.2260498818897638
20
0.0765819291338583
11
-0.2260498818897638
21
0.1159520078740157
0
LINE
8
BLACK
6
CONTINUOUS
10
-0.2260498818897638
20
0.1159520078740157
11
-0.2259931496062992
21
0.1165280708661417
0
LINE
8
BLACK
6
CONTINUOUS
10
-0.2259931496062992
20
0.1165280708661417
11
-0.2255522440944882
21
0.1175924803149606
0
LINE
8
BLACK
6
CONTINUOUS
10
-0.2255522440944882
20
0.1175924803149606
11
-0.2247375984251968
21
0.118407125984252
0
LINE
8
BLACK
6
CONTINUOUS
10
-0.2247375984251968
20
0.118407125984252
11
-0.2236731889763779
21
0.118848031496063
0
LINE
8
BLACK
6
CONTINUOUS
10
-0.2236731889763779
20
0.118848031496063
11
-0.223097125984252
21
0.1189047637795276
0
LINE
8
BLACK
6
CONTINUOUS
10
-0.223097125984252
20
0.1189047637795276
11
-0.2080990157480315
21
0.1189047637795276
0
LINE
8
BLACK
6
CONTINUOUS
10
-0.2080990157480315
20
0.1189047637795276
11
-0.2075229527559055
21
0.118848031496063
0
LINE
8
BLACK
6
CONTINUOUS
10
-0.2201443700787402
20
0.0982823622047244
11
-0.208796062992126
21
0.0982823622047244
0
LINE
8
BLACK
6
CONTINUOUS
10
-0.208796062992126
20
0.0982823622047244
11
-0.2060985826771654
21
0.0996311023622047
0
LINE
8
BLACK
6
CONTINUOUS
10
-0.2060985826771654
20
0.0996311023622047
11
-0.2049014566929134
21
0.1008282283464567
0
LINE
8
BLACK
6
CONTINUOUS
10
-0.2049014566929134
20
0.1008282283464567
11
-0.2035527165354331
21
0.1035257086614173
0
LINE
8
BLACK
6
CONTINUOUS
10
-0.2035527165354331
20
0.1035257086614173
11
-0.2035527165354331
21
0.107755905511811
0
LINE
8
BLACK
6
CONTINUOUS
10
-0.2035527165354331
20
0.107755905511811
11
-0.2049014566929134
21
0.1104533858267717
0
LINE
8
BLACK
6
CONTINUOUS
10
-0.2049014566929134
20
0.1104533858267717
11
-0.2060985826771654
21
0.1116505118110236
0
LINE
8
BLACK
6
CONTINUOUS
10
-0.2060985826771654
20
0.1116505118110236
11
-0.208796062992126
21
0.1129992519685039
0
LINE
8
BLACK
6
CONTINUOUS
10
-0.208796062992126
20
0.1129992519685039
11
-0.2201443700787402
21
0.1129992519685039
0
LINE
8
BLACK
6
CONTINUOUS
10
-0.2201443700787402
20
0.1129992519685039
11
-0.2201443700787402
21
0.0982823622047244
0
LINE
8
BLACK
6
CONTINUOUS
10
-0.1347820472440945
20
0.2448322834645669
11
-0.1337176377952756
21
0.2443913779527559
0
LINE
8
BLACK
6
CONTINUOUS
10
-0.1337176377952756
20
0.2443913779527559
11
-0.1329029921259842
21
0.2435767322834645
0
LINE
8
BLACK
6
CONTINUOUS
10
-0.1329029921259842
20
0.2435767322834645
11
-0.1324620866141732
21
0.2425123228346457
0
LINE
8
BLACK
6
CONTINUOUS
10
-0.1324620866141732
20
0.2425123228346457
11
-0.1324620866141732
21
0.2413601968503937
0
LINE
8
BLACK
6
CONTINUOUS
10
-0.1324620866141732
20
0.2413601968503937
11
-0.1329029921259842
21
0.2402957874015748
0
LINE
8
BLACK
6
CONTINUOUS
10
-0.1329029921259842
20
0.2402957874015748
11
-0.1337176377952756
21
0.2394811417322835
0
LINE
8
BLACK
6
CONTINUOUS
10
-0.1337176377952756
20
0.2394811417322835
11
-0.1347820472440945
21
0.2390402362204724
0
LINE
8
BLACK
6
CONTINUOUS
10
-0.1347820472440945
20
0.2390402362204724
11
-0.1353581102362205
21
0.2389835039370079
0
LINE
8
BLACK
6
CONTINUOUS
10
-0.1353581102362205
20
0.2389835039370079
11
-0.1514335433070866
21
0.2389835039370079
0
LINE
8
BLACK
6
CONTINUOUS
10
-0.1514335433070866
20
0.2389835039370079
11
-0.1524106692913386
21
0.2292122440944882
0
LINE
8
BLACK
6
CONTINUOUS
10
-0.1524106692913386
20
0.2292122440944882
11
-0.1516767322834646
21
0.2295791732283465
0
LINE
8
BLACK
6
CONTINUOUS
10
-0.1516767322834646
20
0.2295791732283465
11
-0.1511361417322835
21
0.229786062992126
0
LINE
8
BLACK
6
CONTINUOUS
10
-0.1511361417322835
20
0.229786062992126
11
-0.1510302755905512
21
0.2297936220472441
0
LINE
8
BLACK
6
CONTINUOUS
10
-0.1510302755905512
20
0.2297936220472441
11
-0.1509322834645669
21
0.2298341732283465
0
LINE
8
BLACK
6
CONTINUOUS
10
-0.1509322834645669
20
0.2298341732283465
11
-0.1503562204724409
21
0.229890905511811
0
LINE
8
BLACK
6
CONTINUOUS
10
-0.1503562204724409
20
0.229890905511811
11
-0.1409824015748032
21
0.229890905511811
0
LINE
8
BLACK
6
CONTINUOUS
10
-0.1409824015748032
20
0.229890905511811
11
-0.1404063385826772
21
0.2298341732283465
0
LINE
8
BLACK
6
CONTINUOUS
10
-0.1404063385826772
20
0.2298341732283465
11
-0.1403083464566929
21
0.2297935826771653
0
LINE
8
BLACK
6
CONTINUOUS
10
-0.1403083464566929
20
0.2297935826771653
11
-0.1402025196850394
21
0.229786062992126
0
LINE
8
BLACK
6
CONTINUOUS
10
-0.1402025196850394
20
0.229786062992126
11
-0.1396618897637795
21
0.2295791732283465
0
LINE
8
BLACK
6
CONTINUOUS
10
-0.1396618897637795
20
0.2295791732283465
11
-0.1359123622047244
21
0.2277044094488189
0
LINE
8
BLACK
6
CONTINUOUS
10
-0.1359123622047244
20
0.2277044094488189
11
-0.1356643700787402
21
0.2275483464566929
0
LINE
8
BLACK
6
CONTINUOUS
10
-0.1356643700787402
20
0.2275483464566929
11
-0.1355924015748032
21
0.2275185039370079
0
LINE
8
BLACK
6
CONTINUOUS
10
-0.1355924015748032
20
0.2275185039370079
11
-0.1355114566929134
21
0.2274520472440945
0
LINE
8
BLACK
6
CONTINUOUS
10
-0.1355114566929134
20
0.2274520472440945
11
-0.1354224803149606
21
0.227396062992126
0
LINE
8
BLACK
6
CONTINUOUS
10
-0.1354224803149606
20
0.227396062992126
11
-0.1353713385826772
21
0.2273370866141732
0
LINE
8
BLACK
6
CONTINUOUS
10
-0.1353713385826772
20
0.2273370866141732
11
-0.1351449606299213
21
0.2271512992125984
0
LINE
8
BLACK
6
CONTINUOUS
10
-0.1351449606299213
20
0.2271512992125984
11
-0.1332701968503937
21
0.2252765354330709
0
LINE
8
BLACK
6
CONTINUOUS
10
-0.1332701968503937
20
0.2252765354330709
11
-0.1330844488188976
21
0.2250501968503937
0
LINE
8
BLACK
6
CONTINUOUS
10
-0.1330844488188976
20
0.2250501968503937
11
-0.1330254330708661
21
0.2249990157480315
0
LINE
8
BLACK
6
CONTINUOUS
10
-0.1330254330708661
20
0.2249990157480315
11
-0.1329694881889764
21
0.2249100787401575
0
LINE
8
BLACK
6
CONTINUOUS
10
-0.1329694881889764
20
0.2249100787401575
11
-0.1329029921259842
21
0.224829094488189
0
LINE
8
BLACK
6
CONTINUOUS
10
-0.1329029921259842
20
0.224829094488189
11
-0.132873188976378
21
0.2247571653543307
0
LINE
8
BLACK
6
CONTINUOUS
10
-0.132873188976378
20
0.2247571653543307
11
-0.1327170866141732
21
0.2245091338582677
0
LINE
8
BLACK
6
CONTINUOUS
10
-0.1327170866141732
20
0.2245091338582677
11
-0.1308423228346457
21
0.2207596062992126
0
LINE
8
BLACK
6
CONTINUOUS
10
-0.1308423228346457
20
0.2207596062992126
11
-0.1306354330708661
21
0.2202190157480315
0
LINE
8
BLACK
6
CONTINUOUS
10
-0.1306354330708661
20
0.2202190157480315
11
-0.1306279133858268
21
0.2201131496062992
0
LINE
8
BLACK
6
CONTINUOUS
10
-0.1306279133858268
20
0.2201131496062992
11
-0.1305873228346457
21
0.2200151574803149
0
LINE
8
BLACK
6
CONTINUOUS
10
-0.1305873228346457
20
0.2200151574803149
11
-0.1305305905511811
21
0.219439094488189
0
LINE
8
BLACK
6
CONTINUOUS
10
-0.1305305905511811
20
0.219439094488189
11
-0.1305305905511811
21
0.2100652755905512
0
LINE
8
BLACK
6
CONTINUOUS
10
-0.1305305905511811
20
0.2100652755905512
11
-0.1305873228346457
21
0.2094892125984252
0
LINE
8
BLACK
6
CONTINUOUS
10
-0.1305873228346457
20
0.2094892125984252
11
-0.1306279133858268
21
0.2093912598425197
0
LINE
8
BLACK
6
CONTINUOUS
10
-0.1306279133858268
20
0.2093912598425197
11
-0.1306354330708661
21
0.2092853543307087
0
LINE
8
BLACK
6
CONTINUOUS
10
-0.1306354330708661
20
0.2092853543307087
11
-0.1308423228346457
21
0.2087447637795276
0
LINE
8
BLACK
6
CONTINUOUS
10
-0.1308423228346457
20
0.2087447637795276
11
-0.1327170866141732
21
0.2049952362204724
0
LINE
8
BLACK
6
CONTINUOUS
10
-0.1327170866141732
20
0.2049952362204724
11
-0.1328731496062992
21
0.2047473622047244
0
LINE
8
BLACK
6
CONTINUOUS
10
-0.1328731496062992
20
0.2047473622047244
11
-0.1329029527559055
21
0.2046753149606299
0
LINE
8
BLACK
6
CONTINUOUS
10
-0.1329029527559055
20
0.2046753149606299
11
-0.1329694881889764
21
0.2045942913385827
0
LINE
8
BLACK
6
CONTINUOUS
10
-0.1329694881889764
20
0.2045942913385827
11
-0.1330254330708661
21
0.2045053543307087
0
LINE
8
BLACK
6
CONTINUOUS
10
-0.1330254330708661
20
0.2045053543307087
11
-0.1330844488188976
21
0.2044542125984252
0
LINE
8
BLACK
6
CONTINUOUS
10
-0.1330844488188976
20
0.2044542125984252
11
-0.1332701968503937
21
0.2042278346456693
0
LINE
8
BLACK
6
CONTINUOUS
10
-0.1332701968503937
20
0.2042278346456693
11
-0.1351449212598425
21
0.2023530708661417
0
LINE
8
BLACK
6
CONTINUOUS
10
-0.1351449212598425
20
0.2023530708661417
11
-0.1353712992125984
21
0.2021673228346457
0
LINE
8
BLACK
6
CONTINUOUS
10
-0.1353712992125984
20
0.2021673228346457
11
-0.1354224803149606
21
0.2021082677165354
0
LINE
8
BLACK
6
CONTINUOUS
10
-0.1354224803149606
20
0.2021082677165354
11
-0.1355114566929134
21
0.2020522834645669
0
LINE
8
BLACK
6
CONTINUOUS
10
-0.1355114566929134
20
0.2020522834645669
11
-0.1355924015748032
21
0.2019858267716535
0
LINE
8
BLACK
6
CONTINUOUS
10
-0.1355924015748032
20
0.2019858267716535
11
-0.1356643700787402
21
0.2019560236220472
0
LINE
8
BLACK
6
CONTINUOUS
10
-0.1356643700787402
20
0.2019560236220472
11
-0.1359123622047244
21
0.2017999212598425
0
LINE
8
BLACK
6
CONTINUOUS
10
-0.1359123622047244
20
0.2017999212598425
11
-0.1396618897637795
21
0.1999251574803149
0
LINE
8
BLACK
6
CONTINUOUS
10
-0.1396618897637795
20
0.1999251574803149
11
-0.1402025196850394
21
0.1997182677165354
0
LINE
8
BLACK
6
CONTINUOUS
10
-0.1402025196850394
20
0.1997182677165354
11
-0.1403083464566929
21
0.1997107874015748
0
LINE
8
BLACK
6
CONTINUOUS
10
-0.1403083464566929
20
0.1997107874015748
11
-0.1404063385826772
21
0.199670157480315
0
LINE
8
BLACK
6
CONTINUOUS
10
-0.1404063385826772
20
0.199670157480315
11
-0.1409824015748032
21
0.1996134251968504
0
LINE
8
BLACK
6
CONTINUOUS
10
-0.1409824015748032
20
0.1996134251968504
11
-0.1503562204724409
21
0.1996134251968504
0
LINE
8
BLACK
6
CONTINUOUS
10
-0.1503562204724409
20
0.1996134251968504
11
-0.1509322834645669
21
0.199670157480315
0
LINE
8
BLACK
6
CONTINUOUS
10
-0.1509322834645669
20
0.199670157480315
11
-0.1510302755905512
21
0.199710748031496
0
LINE
8
BLACK
6
CONTINUOUS
10
-0.1510302755905512
20
0.199710748031496
11
-0.1511361417322835
21
0.1997182677165354
0
LINE
8
BLACK
6
CONTINUOUS
10
-0.1511361417322835
20
0.1997182677165354
11
-0.1516767322834646
21
0.1999251574803149
0
LINE
8
BLACK
6
CONTINUOUS
10
-0.1516767322834646
20
0.1999251574803149
11
-0.1554262598425197
21
0.2017999212598425
0
LINE
8
BLACK
6
CONTINUOUS
10
-0.1554262598425197
20
0.2017999212598425
11
-0.1556742913385827
21
0.2019560236220472
0
LINE
8
BLACK
6
CONTINUOUS
10
-0.1556742913385827
20
0.2019560236220472
11
-0.1557462204724409
21
0.2019858267716535
0
LINE
8
BLACK
6
CONTINUOUS
10
-0.1557462204724409
20
0.2019858267716535
11
-0.1558272047244094
21
0.2020522834645669
0
LINE
8
BLACK
6
CONTINUOUS
10
-0.1558272047244094
20
0.2020522834645669
11
-0.1559161417322835
21
0.2021082677165354
0
LINE
8
BLACK
6
CONTINUOUS
10
-0.1559161417322835
20
0.2021082677165354
11
-0.1559673622047244
21
0.2021673228346457
0
LINE
8
BLACK
6
CONTINUOUS
10
-0.1559673622047244
20
0.2021673228346457
11
-0.1561937007874016
21
0.2023530708661417
0
LINE
8
BLACK
6
CONTINUOUS
10
-0.1561937007874016
20
0.2023530708661417
11
-0.1580684645669291
21
0.204227874015748
0
LINE
8
BLACK
6
CONTINUOUS
10
-0.1580684645669291
20
0.204227874015748
11
-0.1584356692913386
21
0.2046753149606299
0
LINE
8
BLACK
6
CONTINUOUS
10
-0.1584356692913386
20
0.2046753149606299
11
-0.1588765354330709
21
0.2057397244094488
0
LINE
8
BLACK
6
CONTINUOUS
10
-0.1588765354330709
20
0.2057397244094488
11
-0.1588765354330709
21
0.206891811023622
0
LINE
8
BLACK
6
CONTINUOUS
10
-0.1588765354330709
20
0.206891811023622
11
-0.1584356299212598
21
0.2079562204724409
0
LINE
8
BLACK
6
CONTINUOUS
10
-0.1584356299212598
20
0.2079562204724409
11
-0.1576209448818898
21
0.208770905511811
0
LINE
8
BLACK
6
CONTINUOUS
10
-0.1576209448818898
20
0.208770905511811
11
-0.1565565354330709
21
0.2092117716535433
0
LINE
8
BLACK
6
CONTINUOUS
10
-0.1565565354330709
20
0.2092117716535433
11
-0.1554044488188976
21
0.2092117716535433
0
LINE
8
BLACK
6
CONTINUOUS
10
-0.1554044488188976
20
0.2092117716535433
11
-0.1543400393700787
21
0.2087708661417323
0
LINE
8
BLACK
6
CONTINUOUS
10
-0.1543400393700787
20
0.2087708661417323
11
-0.1538925590551181
21
0.2084036220472441
0
LINE
8
BLACK
6
CONTINUOUS
10
-0.1538925590551181
20
0.2084036220472441
11
-0.1523566535433071
21
0.2068676771653543
0
LINE
8
BLACK
6
CONTINUOUS
10
-0.1523566535433071
20
0.2068676771653543
11
-0.1496591732283465
21
0.205518937007874
0
LINE
8
BLACK
6
CONTINUOUS
10
-0.1496591732283465
20
0.205518937007874
11
-0.1416794488188976
21
0.205518937007874
0
LINE
8
BLACK
6
CONTINUOUS
10
-0.1416794488188976
20
0.205518937007874
11
-0.1389820078740157
21
0.2068676771653543
0
LINE
8
BLACK
6
CONTINUOUS
10
-0.1389820078740157
20
0.2068676771653543
11
-0.1377848818897638
21
0.208064842519685
0
LINE
8
BLACK
6
CONTINUOUS
10
-0.1377848818897638
20
0.208064842519685
11
-0.1364361023622047
21
0.2107623228346457
0
LINE
8
BLACK
6
CONTINUOUS
10
-0.1364361023622047
20
0.2107623228346457
11
-0.1364361023622047
21
0.2187420472440945
0
LINE
8
BLACK
6
CONTINUOUS
10
-0.1364361023622047
20
0.2187420472440945
11
-0.137784842519685
21
0.2214395275590551
0
LINE
8
BLACK
6
CONTINUOUS
10
-0.137784842519685
20
0.2214395275590551
11
-0.138981968503937
21
0.2226366535433071
0
LINE
8
BLACK
6
CONTINUOUS
10
-0.138981968503937
20
0.2226366535433071
11
-0.1416794488188976
21
0.2239853937007874
0
LINE
8
BLACK
6
CONTINUOUS
10
-0.1416794488188976
20
0.2239853937007874
11
-0.1496591732283465
21
0.2239853937007874
0
LINE
8
BLACK
6
CONTINUOUS
10
-0.1496591732283465
20
0.2239853937007874
11
-0.1523566535433071
21
0.2226366535433071
0
LINE
8
BLACK
6
CONTINUOUS
10
-0.1523566535433071
20
0.2226366535433071
11
-0.1538925984251968
21
0.2211007086614173
0
LINE
8
BLACK
6
CONTINUOUS
10
-0.1538925984251968
20
0.2211007086614173
11
-0.1543400393700787
21
0.2207335039370079
0
LINE
8
BLACK
6
CONTINUOUS
10
-0.1543400393700787
20
0.2207335039370079
11
-0.1544774015748031
21
0.2206766141732283
0
LINE
8
BLACK
6
CONTINUOUS
10
-0.1544774015748031
20
0.2206766141732283
11
-0.1545924803149606
21
0.2205824409448819
0
LINE
8
BLACK
6
CONTINUOUS
10
-0.1545924803149606
20
0.2205824409448819
11
-0.1550058661417323
21
0.2204577559055118
0
LINE
8
BLACK
6
CONTINUOUS
10
-0.1550058661417323
20
0.2204577559055118
11
-0.1554044881889764
21
0.2202925984251969
0
LINE
8
BLACK
6
CONTINUOUS
10
-0.1554044881889764
20
0.2202925984251969
11
-0.1555531102362205
21
0.2202925984251969
0
LINE
8
BLACK
6
CONTINUOUS
10
-0.1555531102362205
20
0.2202925984251969
11
-0.1556954724409449
21
0.2202496456692913
0
LINE
8
BLACK
6
CONTINUOUS
10
-0.1556954724409449
20
0.2202496456692913
11
-0.156125
21
0.2202925984251969
0
LINE
8
BLACK
6
CONTINUOUS
10
-0.156125
20
0.2202925984251969
11
-0.1565565354330709
21
0.2202925984251969
0
LINE
8
BLACK
6
CONTINUOUS
10
-0.1565565354330709
20
0.2202925984251969
11
-0.1566938976377953
21
0.2203495275590551
0
LINE
8
BLACK
6
CONTINUOUS
10
-0.1566938976377953
20
0.2203495275590551
11
-0.1568418897637795
21
0.2203642913385827
0
LINE
8
BLACK
6
CONTINUOUS
10
-0.1568418897637795
20
0.2203642913385827
11
-0.1572222834645669
21
0.2205683464566929
0
LINE
8
BLACK
6
CONTINUOUS
10
-0.1572222834645669
20
0.2205683464566929
11
-0.1576209842519685
21
0.2207335039370079
0
LINE
8
BLACK
6
CONTINUOUS
10
-0.1576209842519685
20
0.2207335039370079
11
-0.1577261811023622
21
0.2208387007874016
0
LINE
8
BLACK
6
CONTINUOUS
10
-0.1577261811023622
20
0.2208387007874016
11
-0.157857125984252
21
0.220908937007874
0
LINE
8
BLACK
6
CONTINUOUS
10
-0.157857125984252
20
0.220908937007874
11
-0.1581303937007874
21
0.2212429133858268
0
LINE
8
BLACK
6
CONTINUOUS
10
-0.1581303937007874
20
0.2212429133858268
11
-0.1584356299212598
21
0.2215481496062992
0
LINE
8
BLACK
6
CONTINUOUS
10
-0.1584356299212598
20
0.2215481496062992
11
-0.1584925590551181
21
0.2216855118110236
0
LINE
8
BLACK
6
CONTINUOUS
10
-0.1584925590551181
20
0.2216855118110236
11
-0.1585866929133858
21
0.2218005905511811
0
LINE
8
BLACK
6
CONTINUOUS
10
-0.1585866929133858
20
0.2218005905511811
11
-0.1587114173228346
21
0.2222139763779528
0
LINE
8
BLACK
6
CONTINUOUS
10
-0.1587114173228346
20
0.2222139763779528
11
-0.1588765354330709
21
0.2226125984251968
0
LINE
8
BLACK
6
CONTINUOUS
10
-0.1588765354330709
20
0.2226125984251968
11
-0.1588765354330709
21
0.2227612598425197
0
LINE
8
BLACK
6
CONTINUOUS
10
-0.1588765354330709
20
0.2227612598425197
11
-0.1589194881889764
21
0.2229035826771653
0
LINE
8
BLACK
6
CONTINUOUS
10
-0.1589194881889764
20
0.2229035826771653
11
-0.1589186220472441
21
0.2234824409448819
0
LINE
8
BLACK
6
CONTINUOUS
10
-0.1589186220472441
20
0.2234824409448819
11
-0.1570438582677165
21
0.2422300787401575
0
LINE
8
BLACK
6
CONTINUOUS
10
-0.1570438582677165
20
0.2422300787401575
11
-0.1570017716535433
21
0.2424400393700787
0
LINE
8
BLACK
6
CONTINUOUS
10
-0.1570017716535433
20
0.2424400393700787
11
-0.1570017716535433
21
0.2425123228346457
0
LINE
8
BLACK
6
CONTINUOUS
10
-0.1570017716535433
20
0.2425123228346457
11
-0.1569737007874016
21
0.2425801574803149
0
LINE
8
BLACK
6
CONTINUOUS
10
-0.1569737007874016
20
0.2425801574803149
11
-0.1569300787401575
21
0.2427976377952756
0
LINE
8
BLACK
6
CONTINUOUS
10
-0.1569300787401575
20
0.2427976377952756
11
-0.156726062992126
21
0.2431779527559055
0
LINE
8
BLACK
6
CONTINUOUS
10
-0.156726062992126
20
0.2431779527559055
11
-0.1565608661417323
21
0.2435767322834645
0
LINE
8
BLACK
6
CONTINUOUS
10
-0.1565608661417323
20
0.2435767322834645
11
-0.1564557086614173
21
0.2436819291338582
0
LINE
8
BLACK
6
CONTINUOUS
10
-0.1564557086614173
20
0.2436819291338582
11
-0.1563854330708661
21
0.243812874015748
0
LINE
8
BLACK
6
CONTINUOUS
10
-0.1563854330708661
20
0.243812874015748
11
-0.1560514960629921
21
0.2440861417322835
0
LINE
8
BLACK
6
CONTINUOUS
10
-0.1560514960629921
20
0.2440861417322835
11
-0.1557462204724409
21
0.2443913779527559
0
LINE
8
BLACK
6
CONTINUOUS
10
-0.1557462204724409
20
0.2443913779527559
11
-0.1556088976377953
21
0.2444483070866142
0
LINE
8
BLACK
6
CONTINUOUS
10
-0.1556088976377953
20
0.2444483070866142
11
-0.1554937795275591
21
0.2445424409448819
0
LINE
8
BLACK
6
CONTINUOUS
10
-0.1554937795275591
20
0.2445424409448819
11
-0.1550805118110236
21
0.2446671653543307
0
LINE
8
BLACK
6
CONTINUOUS
10
-0.1550805118110236
20
0.2446671653543307
11
-0.1546818110236221
21
0.2448322834645669
0
LINE
8
BLACK
6
CONTINUOUS
10
-0.1546818110236221
20
0.2448322834645669
11
-0.1544611417322835
21
0.2448540551181102
0
LINE
8
BLACK
6
CONTINUOUS
10
-0.1544611417322835
20
0.2448540551181102
11
-0.1543907874015748
21
0.2448752362204724
0
LINE
8
BLACK
6
CONTINUOUS
10
-0.1543907874015748
20
0.2448752362204724
11
-0.1543188188976378
21
0.2448680708661417
0
LINE
8
BLACK
6
CONTINUOUS
10
-0.1543188188976378
20
0.2448680708661417
11
-0.1541057480314961
21
0.2448890157480315
0
LINE
8
BLACK
6
CONTINUOUS
10
-0.1541057480314961
20
0.2448890157480315
11
-0.1353581102362205
21
0.2448890157480315
0
LINE
8
BLACK
6
CONTINUOUS
10
-0.1353581102362205
20
0.2448890157480315
11
-0.1347820472440945
21
0.2448322834645669
0
LINE
8
BLACK
6
CONTINUOUS
10
-0.1937101181102362
20
0.2443913779527559
11
-0.1928954724409449
21
0.2435767322834645
0
LINE
8
BLACK
6
CONTINUOUS
10
-0.1928954724409449
20
0.2435767322834645
11
-0.1924545669291338
21
0.2425123228346457
0
LINE
8
BLACK
6
CONTINUOUS
10
-0.1924545669291338
20
0.2425123228346457
11
-0.1923978346456693
21
0.2419362598425197
0
LINE
8
BLACK
6
CONTINUOUS
10
-0.1923978346456693
20
0.2419362598425197
11
-0.1923978346456693
21
0.2261413779527559
0
LINE
8
BLACK
6
CONTINUOUS
10
-0.1923978346456693
20
0.2261413779527559
11
-0.1758061811023622
21
0.2261413779527559
0
LINE
8
BLACK
6
CONTINUOUS
10
-0.1758061811023622
20
0.2261413779527559
11
-0.1758061811023622
21
0.2419362598425197
0
LINE
8
BLACK
6
CONTINUOUS
10
-0.1758061811023622
20
0.2419362598425197
11
-0.1757494488188976
21
0.2425123228346457
0
LINE
8
BLACK
6
CONTINUOUS
10
-0.1757494488188976
20
0.2425123228346457
11
-0.1753085433070866
21
0.2435767322834645
0
LINE
8
BLACK
6
CONTINUOUS
10
-0.1753085433070866
20
0.2435767322834645
11
-0.1744938976377953
21
0.2443913779527559
0
LINE
8
BLACK
6
CONTINUOUS
10
-0.1744938976377953
20
0.2443913779527559
11
-0.1734294881889764
21
0.2448322834645669
0
LINE
8
BLACK
6
CONTINUOUS
10
-0.1734294881889764
20
0.2448322834645669
11
-0.1722773622047244
21
0.2448322834645669
0
LINE
8
BLACK
6
CONTINUOUS
10
-0.1722773622047244
20
0.2448322834645669
11
-0.1712129527559055
21
0.2443913779527559
0
LINE
8
BLACK
6
CONTINUOUS
10
-0.1712129527559055
20
0.2443913779527559
11
-0.1703983070866142
21
0.2435767322834645
0
LINE
8
BLACK
6
CONTINUOUS
10
-0.1703983070866142
20
0.2435767322834645
11
-0.1699574015748032
21
0.2425123228346457
0
LINE
8
BLACK
6
CONTINUOUS
10
-0.1699574015748032
20
0.2425123228346457
11
-0.1699006692913386
21
0.2419362598425197
0
LINE
8
BLACK
6
CONTINUOUS
10
-0.1699006692913386
20
0.2419362598425197
11
-0.1699006692913386
21
0.2025661811023622
0
LINE
8
BLACK
6
CONTINUOUS
10
-0.1699006692913386
20
0.2025661811023622
11
-0.1699574015748032
21
0.2019901181102362
0
LINE
8
BLACK
6
CONTINUOUS
10
-0.1699574015748032
20
0.2019901181102362
11
-0.1703983070866142
21
0.2009257086614173
0
LINE
8
BLACK
6
CONTINUOUS
10
-0.1703983070866142
20
0.2009257086614173
11
-0.1712129527559055
21
0.200111062992126
0
LINE
8
BLACK
6
CONTINUOUS
10
-0.1712129527559055
20
0.200111062992126
11
-0.1722773622047244
21
0.199670157480315
0
LINE
8
BLACK
6
CONTINUOUS
10
-0.1722773622047244
20
0.199670157480315
11
-0.1734294881889764
21
0.199670157480315
0
LINE
8
BLACK
6
CONTINUOUS
10
-0.1734294881889764
20
0.199670157480315
11
-0.1744938976377953
21
0.200111062992126
0
LINE
8
BLACK
6
CONTINUOUS
10
-0.1744938976377953
20
0.200111062992126
11
-0.1753085433070866
21
0.2009257086614173
0
LINE
8
BLACK
6
CONTINUOUS
10
-0.1753085433070866
20
0.2009257086614173
11
-0.1757494488188976
21
0.2019901181102362
0
LINE
8
BLACK
6
CONTINUOUS
10
-0.1757494488188976
20
0.2019901181102362
11
-0.1758061811023622
21
0.2025661811023622
0
LINE
8
BLACK
6
CONTINUOUS
10
-0.1758061811023622
20
0.2025661811023622
11
-0.1758061811023622
21
0.2202358661417323
0
LINE
8
BLACK
6
CONTINUOUS
10
-0.1758061811023622
20
0.2202358661417323
11
-0.1923978346456693
21
0.2202358661417323
0
LINE
8
BLACK
6
CONTINUOUS
10
-0.1923978346456693
20
0.2202358661417323
11
-0.1923978346456693
21
0.2025661811023622
0
LINE
8
BLACK
6
CONTINUOUS
10
-0.1923978346456693
20
0.2025661811023622
11
-0.1924545669291338
21
0.2019901181102362
0
LINE
8
BLACK
6
CONTINUOUS
10
-0.1924545669291338
20
0.2019901181102362
11
-0.1928954724409449
21
0.2009257086614173
0
LINE
8
BLACK
6
CONTINUOUS
10
-0.1928954724409449
20
0.2009257086614173
11
-0.1937101181102362
21
0.200111062992126
0
LINE
8
BLACK
6
CONTINUOUS
10
-0.1937101181102362
20
0.200111062992126
11
-0.1947745275590551
21
0.199670157480315
0
LINE
8
BLACK
6
CONTINUOUS
10
-0.1947745275590551
20
0.199670157480315
11
-0.1959266535433071
21
0.199670157480315
0
LINE
8
BLACK
6
CONTINUOUS
10
-0.1959266535433071
20
0.199670157480315
11
-0.196991062992126
21
0.200111062992126
0
LINE
8
BLACK
6
CONTINUOUS
10
-0.196991062992126
20
0.200111062992126
11
-0.1978057086614173
21
0.2009257086614173
0
LINE
8
BLACK
6
CONTINUOUS
10
-0.1978057086614173
20
0.2009257086614173
11
-0.1982466141732283
21
0.2019901181102362
0
LINE
8
BLACK
6
CONTINUOUS
10
-0.1982466141732283
20
0.2019901181102362
11
-0.1983033464566929
21
0.2025661811023622
0
LINE
8
BLACK
6
CONTINUOUS
10
-0.1983033464566929
20
0.2025661811023622
11
-0.1983033464566929
21
0.2419362598425197
0
LINE
8
BLACK
6
CONTINUOUS
10
-0.1983033464566929
20
0.2419362598425197
11
-0.1982466141732283
21
0.2425123228346457
0
LINE
8
BLACK
6
CONTINUOUS
10
-0.1982466141732283
20
0.2425123228346457
11
-0.1978057086614173
21
0.2435767322834645
0
LINE
8
BLACK
6
CONTINUOUS
10
-0.1978057086614173
20
0.2435767322834645
11
-0.196991062992126
21
0.2443913779527559
0
LINE
8
BLACK
6
CONTINUOUS
10
-0.196991062992126
20
0.2443913779527559
11
-0.1959266535433071
21
0.2448322834645669
0
LINE
8
BLACK
6
CONTINUOUS
10
-0.1959266535433071
20
0.2448322834645669
11
-0.1947745275590551
21
0.2448322834645669
0
LINE
8
BLACK
6
CONTINUOUS
10
-0.1947745275590551
20
0.2448322834645669
11
-0.1937101181102362
21
0.2443913779527559
0
LINE
8
BLACK
6
CONTINUOUS
10
0.0540068503937008
20
0.3183231102362205
11
0.054104842519685
21
0.3182825196850393
0
LINE
8
BLACK
6
CONTINUOUS
10
0.054104842519685
20
0.3182825196850393
11
0.0542106692913386
21
0.318275
0
LINE
8
BLACK
6
CONTINUOUS
10
0.0542106692913386
20
0.318275
11
0.0547512992125984
21
0.3180681102362204
0
LINE
8
BLACK
6
CONTINUOUS
10
0.0547512992125984
20
0.3180681102362204
11
0.055400905511811
21
0.3177433070866142
0
LINE
8
BLACK
6
CONTINUOUS
10
0.055400905511811
20
0.3177433070866142
11
0.055539842519685
21
0.3178822047244094
0
LINE
8
BLACK
6
CONTINUOUS
10
0.055539842519685
20
0.3178822047244094
11
0.0566042519685039
21
0.3183231102362205
0
LINE
8
BLACK
6
CONTINUOUS
10
0.0566042519685039
20
0.3183231102362205
11
0.0577563779527559
21
0.3183231102362205
0
LINE
8
BLACK
6
CONTINUOUS
10
0.0577563779527559
20
0.3183231102362205
11
0.0588207874015748
21
0.3178822047244094
0
LINE
8
BLACK
6
CONTINUOUS
10
0.0588207874015748
20
0.3178822047244094
11
0.0596354330708661
21
0.3170675590551181
0
LINE
8
BLACK
6
CONTINUOUS
10
0.0596354330708661
20
0.3170675590551181
11
0.0600763385826772
21
0.3160031496062992
0
LINE
8
BLACK
6
CONTINUOUS
10
0.0600763385826772
20
0.3160031496062992
11
0.0601330708661417
21
0.3154270866141732
0
LINE
8
BLACK
6
CONTINUOUS
10
0.0601330708661417
20
0.3154270866141732
11
0.0601330708661417
21
0.283556062992126
0
LINE
8
BLACK
6
CONTINUOUS
10
0.0601330708661417
20
0.283556062992126
11
0.0600763385826772
21
0.28298
0
LINE
8
BLACK
6
CONTINUOUS
10
0.0600763385826772
20
0.28298
11
0.0600357480314961
21
0.2828820472440945
0
LINE
8
BLACK
6
CONTINUOUS
10
0.0600357480314961
20
0.2828820472440945
11
0.0600282283464567
21
0.2827761417322834
0
LINE
8
BLACK
6
CONTINUOUS
10
0.0600282283464567
20
0.2827761417322834
11
0.0598213385826772
21
0.2822355511811023
0
LINE
8
BLACK
6
CONTINUOUS
10
0.0598213385826772
20
0.2822355511811023
11
0.0579465748031496
21
0.2784860236220472
0
LINE
8
BLACK
6
CONTINUOUS
10
0.0579465748031496
20
0.2784860236220472
11
0.0577904724409449
21
0.278238031496063
0
LINE
8
BLACK
6
CONTINUOUS
10
0.0577904724409449
20
0.278238031496063
11
0.0577606692913386
21
0.278166062992126
0
LINE
8
BLACK
6
CONTINUOUS
10
0.0577606692913386
20
0.278166062992126
11
0.0576941732283465
21
0.2780851181102362
0
LINE
8
BLACK
6
CONTINUOUS
10
0.0576941732283465
20
0.2780851181102362
11
0.0576382283464567
21
0.2779961417322834
0
LINE
8
BLACK
6
CONTINUOUS
10
0.0576382283464567
20
0.2779961417322834
11
0.0575792125984252
21
0.277945
0
LINE
8
BLACK
6
CONTINUOUS
10
0.0575792125984252
20
0.277945
11
0.0573934645669291
21
0.2777186220472441
0
LINE
8
BLACK
6
CONTINUOUS
10
0.0573934645669291
20
0.2777186220472441
11
0.0555187007874016
21
0.2758438582677165
0
LINE
8
BLACK
6
CONTINUOUS
10
0.0555187007874016
20
0.2758438582677165
11
0.0552923228346457
21
0.2756581102362204
0
LINE
8
BLACK
6
CONTINUOUS
10
0.0552923228346457
20
0.2756581102362204
11
0.0552411811023622
21
0.275599094488189
0
LINE
8
BLACK
6
CONTINUOUS
10
0.0552411811023622
20
0.275599094488189
11
0.0551522047244094
21
0.2755431496062992
0
LINE
8
BLACK
6
CONTINUOUS
10
0.0551522047244094
20
0.2755431496062992
11
0.0550712598425197
21
0.2754766535433071
0
LINE
8
BLACK
6
CONTINUOUS
10
0.0550712598425197
20
0.2754766535433071
11
0.0549992913385827
21
0.2754468503937008
0
LINE
8
BLACK
6
CONTINUOUS
10
0.0549992913385827
20
0.2754468503937008
11
0.0547512992125984
21
0.2752907480314961
0
LINE
8
BLACK
6
CONTINUOUS
10
0.0547512992125984
20
0.2752907480314961
11
0.0510017716535433
21
0.2734159842519685
0
LINE
8
BLACK
6
CONTINUOUS
10
0.0510017716535433
20
0.2734159842519685
11
0.0504611417322835
21
0.273209094488189
0
LINE
8
BLACK
6
CONTINUOUS
10
0.0504611417322835
20
0.273209094488189
11
0.0503553149606299
21
0.2732016141732284
0
LINE
8
BLACK
6
CONTINUOUS
10
0.0503553149606299
20
0.2732016141732284
11
0.0502573228346457
21
0.2731609842519685
0
LINE
8
BLACK
6
CONTINUOUS
10
0.0502573228346457
20
0.2731609842519685
11
0.0496812598425197
21
0.2731042519685039
0
LINE
8
BLACK
6
CONTINUOUS
10
0.0496812598425197
20
0.2731042519685039
11
0.044056968503937
21
0.2731042519685039
0
LINE
8
BLACK
6
CONTINUOUS
10
0.044056968503937
20
0.2731042519685039
11
0.043480905511811
21
0.2731609842519685
0
LINE
8
BLACK
6
CONTINUOUS
10
0.043480905511811
20
0.2731609842519685
11
0.0433829133858268
21
0.2732015748031496
0
LINE
8
BLACK
6
CONTINUOUS
10
0.0433829133858268
20
0.2732015748031496
11
0.0432770472440945
21
0.273209094488189
0
LINE
8
BLACK
6
CONTINUOUS
10
0.0432770472440945
20
0.273209094488189
11
0.0427364566929134
21
0.2734159842519685
0
LINE
8
BLACK
6
CONTINUOUS
10
0.0427364566929134
20
0.2734159842519685
11
0.0389869291338583
21
0.2752907480314961
0
LINE
8
BLACK
6
CONTINUOUS
10
0.0389869291338583
20
0.2752907480314961
11
0.0384970472440945
21
0.275599094488189
0
LINE
8
BLACK
6
CONTINUOUS
10
0.0384970472440945
20
0.275599094488189
11
0.0377422047244095
21
0.2764694881889764
0
LINE
8
BLACK
6
CONTINUOUS
10
0.0377422047244095
20
0.2764694881889764
11
0.037377874015748
21
0.2775624409448819
0
LINE
8
BLACK
6
CONTINUOUS
10
0.037377874015748
20
0.2775624409448819
11
0.0374595275590551
21
0.2787116535433071
0
LINE
8
BLACK
6
CONTINUOUS
10
0.0374595275590551
20
0.2787116535433071
11
0.0379747637795276
21
0.2797421653543307
0
LINE
8
BLACK
6
CONTINUOUS
10
0.0379747637795276
20
0.2797421653543307
11
0.038845157480315
21
0.2804970078740158
0
LINE
8
BLACK
6
CONTINUOUS
10
0.038845157480315
20
0.2804970078740158
11
0.0399381102362205
21
0.2808613385826771
0
LINE
8
BLACK
6
CONTINUOUS
10
0.0399381102362205
20
0.2808613385826771
11
0.0410873228346457
21
0.2807796850393701
0
LINE
8
BLACK
6
CONTINUOUS
10
0.0410873228346457
20
0.2807796850393701
11
0.0416279527559055
21
0.2805727952755905
0
LINE
8
BLACK
6
CONTINUOUS
10
0.0416279527559055
20
0.2805727952755905
11
0.0447540157480315
21
0.2790097637795276
0
LINE
8
BLACK
6
CONTINUOUS
10
0.0447540157480315
20
0.2790097637795276
11
0.0489842125984252
21
0.2790097637795276
0
LINE
8
BLACK
6
CONTINUOUS
10
0.0489842125984252
20
0.2790097637795276
11
0.0516816929133858
21
0.2803585039370078
0
LINE
8
BLACK
6
CONTINUOUS
10
0.0516816929133858
20
0.2803585039370078
11
0.0528788188976378
21
0.2815556299212598
0
LINE
8
BLACK
6
CONTINUOUS
10
0.0528788188976378
20
0.2815556299212598
11
0.0542275590551181
21
0.2842531102362205
0
LINE
8
BLACK
6
CONTINUOUS
10
0.0542275590551181
20
0.2842531102362205
11
0.0542275590551181
21
0.286338937007874
0
LINE
8
BLACK
6
CONTINUOUS
10
0.0542275590551181
20
0.286338937007874
11
0.0542106692913386
21
0.2863324409448819
0
LINE
8
BLACK
6
CONTINUOUS
10
0.0542106692913386
20
0.2863324409448819
11
0.054104842519685
21
0.2863249606299212
0
LINE
8
BLACK
6
CONTINUOUS
10
0.054104842519685
20
0.2863249606299212
11
0.0540068503937008
21
0.2862843307086614
0
LINE
8
BLACK
6
CONTINUOUS
10
0.0540068503937008
20
0.2862843307086614
11
0.0534307874015748
21
0.2862275984251968
0
LINE
8
BLACK
6
CONTINUOUS
10
0.0534307874015748
20
0.2862275984251968
11
0.0459317322834646
21
0.2862275984251968
0
LINE
8
BLACK
6
CONTINUOUS
10
0.0459317322834646
20
0.2862275984251968
11
0.0453556692913386
21
0.2862843307086614
0
LINE
8
BLACK
6
CONTINUOUS
10
0.0453556692913386
20
0.2862843307086614
11
0.0452576771653543
21
0.2863249212598425
0
LINE
8
BLACK
6
CONTINUOUS
10
0.0452576771653543
20
0.2863249212598425
11
0.045151811023622
21
0.2863324409448819
0
LINE
8
BLACK
6
CONTINUOUS
10
0.045151811023622
20
0.2863324409448819
11
0.0446112204724409
21
0.2865393307086614
0
LINE
8
BLACK
6
CONTINUOUS
10
0.0446112204724409
20
0.2865393307086614
11
0.0408616929133858
21
0.2884140944881889
0
LINE
8
BLACK
6
CONTINUOUS
10
0.0408616929133858
20
0.2884140944881889
11
0.0406136614173228
21
0.2885701968503937
0
LINE
8
BLACK
6
CONTINUOUS
10
0.0406136614173228
20
0.2885701968503937
11
0.0405417322834646
21
0.2886
0
LINE
8
BLACK
6
CONTINUOUS
10
0.0405417322834646
20
0.2886
11
0.0404607480314961
21
0.2886664566929134
0
LINE
8
BLACK
6
CONTINUOUS
10
0.0404607480314961
20
0.2886664566929134
11
0.040371811023622
21
0.2887224409448819
0
LINE
8
BLACK
6
CONTINUOUS
10
0.040371811023622
20
0.2887224409448819
11
0.0403205905511811
21
0.2887814960629921
0
LINE
8
BLACK
6
CONTINUOUS
10
0.0403205905511811
20
0.2887814960629921
11
0.0400942519685039
21
0.2889672440944882
0
LINE
8
BLACK
6
CONTINUOUS
10
0.0400942519685039
20
0.2889672440944882
11
0.0382194881889764
21
0.2908420472440945
0
LINE
8
BLACK
6
CONTINUOUS
10
0.0382194881889764
20
0.2908420472440945
11
0.0380337401574803
21
0.2910683858267716
0
LINE
8
BLACK
6
CONTINUOUS
10
0.0380337401574803
20
0.2910683858267716
11
0.0379747637795276
21
0.2911195275590551
0
LINE
8
BLACK
6
CONTINUOUS
10
0.0379747637795276
20
0.2911195275590551
11
0.0379187795275591
21
0.2912084645669291
0
LINE
8
BLACK
6
CONTINUOUS
10
0.0379187795275591
20
0.2912084645669291
11
0.0378522834645669
21
0.2912894881889764
0
LINE
8
BLACK
6
CONTINUOUS
10
0.0378522834645669
20
0.2912894881889764
11
0.0378224409448819
21
0.2913615354330709
0
LINE
8
BLACK
6
CONTINUOUS
10
0.0378224409448819
20
0.2913615354330709
11
0.0376664173228346
21
0.2916094094488189
0
LINE
8
BLACK
6
CONTINUOUS
10
0.0376664173228346
20
0.2916094094488189
11
0.0357916535433071
21
0.295358937007874
0
LINE
8
BLACK
6
CONTINUOUS
10
0.0357916535433071
20
0.295358937007874
11
0.0355847637795276
21
0.2958995669291338
0
LINE
8
BLACK
6
CONTINUOUS
10
0.0355847637795276
20
0.2958995669291338
11
0.0355772440944882
21
0.2960053937007874
0
LINE
8
BLACK
6
CONTINUOUS
10
0.0355772440944882
20
0.2960053937007874
11
0.0355366535433071
21
0.2961033858267716
0
LINE
8
BLACK
6
CONTINUOUS
10
0.0355366535433071
20
0.2961033858267716
11
0.0354799212598425
21
0.2966794488188976
0
LINE
8
BLACK
6
CONTINUOUS
10
0.0354799212598425
20
0.2966794488188976
11
0.0354799212598425
21
0.307928031496063
0
LINE
8
BLACK
6
CONTINUOUS
10
0.0354799212598425
20
0.307928031496063
11
0.0355366535433071
21
0.308504094488189
0
LINE
8
BLACK
6
CONTINUOUS
10
0.0355366535433071
20
0.308504094488189
11
0.0355772440944882
21
0.308602125984252
0
LINE
8
BLACK
6
CONTINUOUS
10
0.0355772440944882
20
0.308602125984252
11
0.0355847637795276
21
0.3087079133858268
0
LINE
8
BLACK
6
CONTINUOUS
10
0.0355847637795276
20
0.3087079133858268
11
0.0357916535433071
21
0.3092485433070866
0
LINE
8
BLACK
6
CONTINUOUS
10
0.0357916535433071
20
0.3092485433070866
11
0.0376664173228346
21
0.3129980708661417
0
LINE
8
BLACK
6
CONTINUOUS
10
0.0376664173228346
20
0.3129980708661417
11
0.0378224803149606
21
0.3132461023622047
0
LINE
8
BLACK
6
CONTINUOUS
10
0.0378224803149606
20
0.3132461023622047
11
0.0378523228346457
21
0.313318031496063
0
LINE
8
BLACK
6
CONTINUOUS
10
0.0378523228346457
20
0.313318031496063
11
0.0379187795275591
21
0.3133990157480315
0
LINE
8
BLACK
6
CONTINUOUS
10
0.0379187795275591
20
0.3133990157480315
11
0.0379747637795276
21
0.3134879527559055
0
LINE
8
BLACK
6
CONTINUOUS
10
0.0379747637795276
20
0.3134879527559055
11
0.0380337401574803
21
0.3135391338582677
0
LINE
8
BLACK
6
CONTINUOUS
10
0.0380337401574803
20
0.3135391338582677
11
0.0382195275590551
21
0.3137654724409449
0
LINE
8
BLACK
6
CONTINUOUS
10
0.0382195275590551
20
0.3137654724409449
11
0.0400942913385827
21
0.3156402362204724
0
LINE
8
BLACK
6
CONTINUOUS
10
0.0400942913385827
20
0.3156402362204724
11
0.0403206299212598
21
0.3158260236220473
0
LINE
8
BLACK
6
CONTINUOUS
10
0.0403206299212598
20
0.3158260236220473
11
0.040371811023622
21
0.315885
0
LINE
8
BLACK
6
CONTINUOUS
10
0.040371811023622
20
0.315885
11
0.0404607480314961
21
0.3159409842519685
0
LINE
8
BLACK
6
CONTINUOUS
10
0.0404607480314961
20
0.3159409842519685
11
0.0405417322834646
21
0.3160074409448819
0
LINE
8
BLACK
6
CONTINUOUS
10
0.0405417322834646
20
0.3160074409448819
11
0.0406136614173228
21
0.3160372834645669
0
LINE
8
BLACK
6
CONTINUOUS
10
0.0406136614173228
20
0.3160372834645669
11
0.0408616929133858
21
0.3161933464566929
0
LINE
8
BLACK
6
CONTINUOUS
10
0.0408616929133858
20
0.3161933464566929
11
0.0446112204724409
21
0.3180681102362204
0
LINE
8
BLACK
6
CONTINUOUS
10
0.0446112204724409
20
0.3180681102362204
11
0.045151811023622
21
0.318275
0
LINE
8
BLACK
6
CONTINUOUS
10
0.045151811023622
20
0.318275
11
0.0452576771653543
21
0.3182825590551181
0
LINE
8
BLACK
6
CONTINUOUS
10
0.0452576771653543
20
0.3182825590551181
11
0.0453556692913386
21
0.3183231102362205
0
LINE
8
BLACK
6
CONTINUOUS
10
0.0453556692913386
20
0.3183231102362205
11
0.0459317322834646
21
0.318379842519685
0
LINE
8
BLACK
6
CONTINUOUS
10
0.0459317322834646
20
0.318379842519685
11
0.0534307874015748
21
0.318379842519685
0
LINE
8
BLACK
6
CONTINUOUS
10
0.0534307874015748
20
0.318379842519685
11
0.0540068503937008
21
0.3183231102362205
0
LINE
8
BLACK
6
CONTINUOUS
10
0.0439312992125984
20
0.3111255905511811
11
0.0427341732283465
21
0.3099284645669291
0
LINE
8
BLACK
6
CONTINUOUS
10
0.0427341732283465
20
0.3099284645669291
11
0.0413854330708661
21
0.3072309842519685
0
LINE
8
BLACK
6
CONTINUOUS
10
0.0413854330708661
20
0.3072309842519685
11
0.0413854330708661
21
0.2973764960629921
0
LINE
8
BLACK
6
CONTINUOUS
10
0.0413854330708661
20
0.2973764960629921
11
0.0427341732283465
21
0.2946790157480315
0
LINE
8
BLACK
6
CONTINUOUS
10
0.0427341732283465
20
0.2946790157480315
11
0.0439312992125984
21
0.2934818503937008
0
LINE
8
BLACK
6
CONTINUOUS
10
0.0439312992125984
20
0.2934818503937008
11
0.0466287795275591
21
0.2921331102362205
0
LINE
8
BLACK
6
CONTINUOUS
10
0.0466287795275591
20
0.2921331102362205
11
0.0527337401574803
21
0.2921331102362205
0
LINE
8
BLACK
6
CONTINUOUS
10
0.0527337401574803
20
0.2921331102362205
11
0.0542275590551181
21
0.2928800393700787
0
LINE
8
BLACK
6
CONTINUOUS
10
0.0542275590551181
20
0.2928800393700787
11
0.0542275590551181
21
0.3117274409448819
0
LINE
8
BLACK
6
CONTINUOUS
10
0.0542275590551181
20
0.3117274409448819
11
0.0527337401574803
21
0.3124743307086614
0
LINE
8
BLACK
6
CONTINUOUS
10
0.0527337401574803
20
0.3124743307086614
11
0.0466287795275591
21
0.3124743307086614
0
LINE
8
BLACK
6
CONTINUOUS
10
0.0466287795275591
20
0.3124743307086614
11
0.0439312992125984
21
0.3111255905511811
0
LINE
8
BLACK
6
CONTINUOUS
10
-0.1315949606299213
20
0.3183231102362205
11
-0.131496968503937
21
0.3182825196850393
0
LINE
8
BLACK
6
CONTINUOUS
10
-0.131496968503937
20
0.3182825196850393
11
-0.1313911417322835
21
0.318275
0
LINE
8
BLACK
6
CONTINUOUS
10
-0.1313911417322835
20
0.318275
11
-0.1308505118110236
21
0.3180681102362204
0
LINE
8
BLACK
6
CONTINUOUS
10
-0.1308505118110236
20
0.3180681102362204
11
-0.1271009842519685
21
0.3161933464566929
0
LINE
8
BLACK
6
CONTINUOUS
10
-0.1271009842519685
20
0.3161933464566929
11
-0.1268529921259842
21
0.3160372834645669
0
LINE
8
BLACK
6
CONTINUOUS
10
-0.1268529921259842
20
0.3160372834645669
11
-0.1267810236220472
21
0.3160074409448819
0
LINE
8
BLACK
6
CONTINUOUS
10
-0.1267810236220472
20
0.3160074409448819
11
-0.1267000787401575
21
0.3159409842519685
0
LINE
8
BLACK
6
CONTINUOUS
10
-0.1267000787401575
20
0.3159409842519685
11
-0.1266111023622047
21
0.315885
0
LINE
8
BLACK
6
CONTINUOUS
10
-0.1266111023622047
20
0.315885
11
-0.1265599606299213
21
0.3158260236220473
0
LINE
8
BLACK
6
CONTINUOUS
10
-0.1265599606299213
20
0.3158260236220473
11
-0.1263335826771654
21
0.3156402362204724
0
LINE
8
BLACK
6
CONTINUOUS
10
-0.1263335826771654
20
0.3156402362204724
11
-0.1244588188976378
21
0.3137654724409449
0
LINE
8
BLACK
6
CONTINUOUS
10
-0.1244588188976378
20
0.3137654724409449
11
-0.1242730708661417
21
0.3135391338582677
0
LINE
8
BLACK
6
CONTINUOUS
10
-0.1242730708661417
20
0.3135391338582677
11
-0.1242140551181102
21
0.3134879527559055
0
LINE
8
BLACK
6
CONTINUOUS
10
-0.1242140551181102
20
0.3134879527559055
11
-0.1241581102362205
21
0.3133990157480315
0
LINE
8
BLACK
6
CONTINUOUS
10
-0.1241581102362205
20
0.3133990157480315
11
-0.1240916141732283
21
0.313318031496063
0
LINE
8
BLACK
6
CONTINUOUS
10
-0.1240916141732283
20
0.313318031496063
11
-0.124061811023622
21
0.3132461023622047
0
LINE
8
BLACK
6
CONTINUOUS
10
-0.124061811023622
20
0.3132461023622047
11
-0.1239057086614173
21
0.3129980708661417
0
LINE
8
BLACK
6
CONTINUOUS
10
-0.1239057086614173
20
0.3129980708661417
11
-0.1220309448818898
21
0.3092485433070866
0
LINE
8
BLACK
6
CONTINUOUS
10
-0.1220309448818898
20
0.3092485433070866
11
-0.1218240551181102
21
0.3087079527559055
0
LINE
8
BLACK
6
CONTINUOUS
10
-0.1218240551181102
20
0.3087079527559055
11
-0.1218165354330709
21
0.3086020866141732
0
LINE
8
BLACK
6
CONTINUOUS
10
-0.1218165354330709
20
0.3086020866141732
11
-0.1217759448818898
21
0.308504094488189
0
LINE
8
BLACK
6
CONTINUOUS
10
-0.1217759448818898
20
0.308504094488189
11
-0.1217192125984252
21
0.307928031496063
0
LINE
8
BLACK
6
CONTINUOUS
10
-0.1217192125984252
20
0.307928031496063
11
-0.1217192125984252
21
0.2966794488188976
0
LINE
8
BLACK
6
CONTINUOUS
10
-0.1217192125984252
20
0.2966794488188976
11
-0.1217759448818898
21
0.2961033858267716
0
LINE
8
BLACK
6
CONTINUOUS
10
-0.1217759448818898
20
0.2961033858267716
11
-0.1218165354330709
21
0.2960054330708661
0
LINE
8
BLACK
6
CONTINUOUS
10
-0.1218165354330709
20
0.2960054330708661
11
-0.1218240551181102
21
0.2958995275590551
0
LINE
8
BLACK
6
CONTINUOUS
10
-0.1218240551181102
20
0.2958995275590551
11
-0.1220309448818898
21
0.295358937007874
0
LINE
8
BLACK
6
CONTINUOUS
10
-0.1220309448818898
20
0.295358937007874
11
-0.1239057086614173
21
0.2916094094488189
0
LINE
8
BLACK
6
CONTINUOUS
10
-0.1239057086614173
20
0.2916094094488189
11
-0.1240617716535433
21
0.2913615354330709
0
LINE
8
BLACK
6
CONTINUOUS
10
-0.1240617716535433
20
0.2913615354330709
11
-0.1240915748031496
21
0.2912894881889764
0
LINE
8
BLACK
6
CONTINUOUS
10
-0.1240915748031496
20
0.2912894881889764
11
-0.1241581102362205
21
0.2912084645669291
0
LINE
8
BLACK
6
CONTINUOUS
10
-0.1241581102362205
20
0.2912084645669291
11
-0.1242140551181102
21
0.2911195275590551
0
LINE
8
BLACK
6
CONTINUOUS
10
-0.1242140551181102
20
0.2911195275590551
11
-0.1242730708661417
21
0.2910683858267716
0
LINE
8
BLACK
6
CONTINUOUS
10
-0.1242730708661417
20
0.2910683858267716
11
-0.1244588188976378
21
0.2908420078740158
0
LINE
8
BLACK
6
CONTINUOUS
10
-0.1244588188976378
20
0.2908420078740158
11
-0.1263335433070866
21
0.2889672440944882
0
LINE
8
BLACK
6
CONTINUOUS
10
-0.1263335433070866
20
0.2889672440944882
11
-0.1265599212598425
21
0.2887814960629921
0
LINE
8
BLACK
6
CONTINUOUS
10
-0.1265599212598425
20
0.2887814960629921
11
-0.1266111023622047
21
0.2887224409448819
0
LINE
8
BLACK
6
CONTINUOUS
10
-0.1266111023622047
20
0.2887224409448819
11
-0.1267000787401575
21
0.2886664566929134
0
LINE
8
BLACK
6
CONTINUOUS
10
-0.1267000787401575
20
0.2886664566929134
11
-0.1267810236220472
21
0.2886
0
LINE
8
BLACK
6
CONTINUOUS
10
-0.1267810236220472
20
0.2886
11
-0.1268529921259842
21
0.2885701968503937
0
LINE
8
BLACK
6
CONTINUOUS
10
-0.1268529921259842
20
0.2885701968503937
11
-0.1271009842519685
21
0.2884140944881889
0
LINE
8
BLACK
6
CONTINUOUS
10
-0.1271009842519685
20
0.2884140944881889
11
-0.1308505118110236
21
0.2865393307086614
0
LINE
8
BLACK
6
CONTINUOUS
10
-0.1308505118110236
20
0.2865393307086614
11
-0.1313911417322835
21
0.2863324409448819
0
LINE
8
BLACK
6
CONTINUOUS
10
-0.1313911417322835
20
0.2863324409448819
11
-0.131496968503937
21
0.2863249606299212
0
LINE
8
BLACK
6
CONTINUOUS
10
-0.131496968503937
20
0.2863249606299212
11
-0.1315949606299213
21
0.2862843307086614
0
LINE
8
BLACK
6
CONTINUOUS
10
-0.1315949606299213
20
0.2862843307086614
11
-0.1321710236220472
21
0.2862275984251968
0
LINE
8
BLACK
6
CONTINUOUS
10
-0.1321710236220472
20
0.2862275984251968
11
-0.1377953149606299
21
0.2862275984251968
0
LINE
8
BLACK
6
CONTINUOUS
10
-0.1377953149606299
20
0.2862275984251968
11
-0.1383713779527559
21
0.2862843307086614
0
LINE
8
BLACK
6
CONTINUOUS
10
-0.1383713779527559
20
0.2862843307086614
11
-0.1384693700787402
21
0.2863249212598425
0
LINE
8
BLACK
6
CONTINUOUS
10
-0.1384693700787402
20
0.2863249212598425
11
-0.1385752362204724
21
0.2863324409448819
0
LINE
8
BLACK
6
CONTINUOUS
10
-0.1385752362204724
20
0.2863324409448819
11
-0.1391158267716535
21
0.2865393307086614
0
LINE
8
BLACK
6
CONTINUOUS
10
-0.1391158267716535
20
0.2865393307086614
11
-0.1428653543307087
21
0.2884140944881889
0
LINE
8
BLACK
6
CONTINUOUS
10
-0.1428653543307087
20
0.2884140944881889
11
-0.1431133858267717
21
0.2885701968503937
0
LINE
8
BLACK
6
CONTINUOUS
10
-0.1431133858267717
20
0.2885701968503937
11
-0.1431853149606299
21
0.2886
0
LINE
8
BLACK
6
CONTINUOUS
10
-0.1431853149606299
20
0.2886
11
-0.1432662992125984
21
0.2886664566929134
0
LINE
8
BLACK
6
CONTINUOUS
10
-0.1432662992125984
20
0.2886664566929134
11
-0.1433552362204724
21
0.2887224409448819
0
LINE
8
BLACK
6
CONTINUOUS
10
-0.1433552362204724
20
0.2887224409448819
11
-0.1434064566929134
21
0.2887814960629921
0
LINE
8
BLACK
6
CONTINUOUS
10
-0.1434064566929134
20
0.2887814960629921
11
-0.1436327952755906
21
0.2889672440944882
0
LINE
8
BLACK
6
CONTINUOUS
10
-0.1436327952755906
20
0.2889672440944882
11
-0.1455075590551181
21
0.2908420472440945
0
LINE
8
BLACK
6
CONTINUOUS
10
-0.1455075590551181
20
0.2908420472440945
11
-0.1456933070866142
21
0.2910683858267716
0
LINE
8
BLACK
6
CONTINUOUS
10
-0.1456933070866142
20
0.2910683858267716
11
-0.1457522834645669
21
0.2911195275590551
0
LINE
8
BLACK
6
CONTINUOUS
10
-0.1457522834645669
20
0.2911195275590551
11
-0.1458082677165354
21
0.2912084645669291
0
LINE
8
BLACK
6
CONTINUOUS
10
-0.1458082677165354
20
0.2912084645669291
11
-0.1458747637795275
21
0.2912894881889764
0
LINE
8
BLACK
6
CONTINUOUS
10
-0.1458747637795275
20
0.2912894881889764
11
-0.1459046062992126
21
0.2913615354330709
0
LINE
8
BLACK
6
CONTINUOUS
10
-0.1459046062992126
20
0.2913615354330709
11
-0.1460606299212598
21
0.2916094094488189
0
LINE
8
BLACK
6
CONTINUOUS
10
-0.1460606299212598
20
0.2916094094488189
11
-0.1479353937007874
21
0.295358937007874
0
LINE
8
BLACK
6
CONTINUOUS
10
-0.1479353937007874
20
0.295358937007874
11
-0.1481422834645669
21
0.2958995669291338
0
LINE
8
BLACK
6
CONTINUOUS
10
-0.1481422834645669
20
0.2958995669291338
11
-0.1481498031496063
21
0.2960053937007874
0
LINE
8
BLACK
6
CONTINUOUS
10
-0.1481498031496063
20
0.2960053937007874
11
-0.1481903937007874
21
0.2961033858267716
0
LINE
8
BLACK
6
CONTINUOUS
10
-0.1481903937007874
20
0.2961033858267716
11
-0.148247125984252
21
0.2966794488188976
0
LINE
8
BLACK
6
CONTINUOUS
10
-0.148247125984252
20
0.2966794488188976
11
-0.148247125984252
21
0.307928031496063
0
LINE
8
BLACK
6
CONTINUOUS
10
-0.148247125984252
20
0.307928031496063
11
-0.1481903937007874
21
0.308504094488189
0
LINE
8
BLACK
6
CONTINUOUS
10
-0.1481903937007874
20
0.308504094488189
11
-0.1481498031496063
21
0.308602125984252
0
LINE
8
BLACK
6
CONTINUOUS
10
-0.1481498031496063
20
0.308602125984252
11
-0.1481422834645669
21
0.3087079133858268
0
LINE
8
BLACK
6
CONTINUOUS
10
-0.1481422834645669
20
0.3087079133858268
11
-0.1479353937007874
21
0.3092485433070866
0
LINE
8
BLACK
6
CONTINUOUS
10
-0.1479353937007874
20
0.3092485433070866
11
-0.1460606299212598
21
0.3129980708661417
0
LINE
8
BLACK
6
CONTINUOUS
10
-0.1460606299212598
20
0.3129980708661417
11
-0.1459045669291339
21
0.3132461023622047
0
LINE
8
BLACK
6
CONTINUOUS
10
-0.1459045669291339
20
0.3132461023622047
11
-0.1458747244094488
21
0.313318031496063
0
LINE
8
BLACK
6
CONTINUOUS
10
-0.1458747244094488
20
0.313318031496063
11
-0.1458082677165354
21
0.3133990157480315
0
LINE
8
BLACK
6
CONTINUOUS
10
-0.1458082677165354
20
0.3133990157480315
11
-0.1457522834645669
21
0.3134879527559055
0
LINE
8
BLACK
6
CONTINUOUS
10
-0.1457522834645669
20
0.3134879527559055
11
-0.1456933070866142
21
0.3135391338582677
0
LINE
8
BLACK
6
CONTINUOUS
10
-0.1456933070866142
20
0.3135391338582677
11
-0.1455075196850394
21
0.3137654724409449
0
LINE
8
BLACK
6
CONTINUOUS
10
-0.1455075196850394
20
0.3137654724409449
11
-0.1436327559055118
21
0.3156402362204724
0
LINE
8
BLACK
6
CONTINUOUS
10
-0.1436327559055118
20
0.3156402362204724
11
-0.1434064173228347
21
0.3158260236220473
0
LINE
8
BLACK
6
CONTINUOUS
10
-0.1434064173228347
20
0.3158260236220473
11
-0.1433552362204724
21
0.315885
0
LINE
8
BLACK
6
CONTINUOUS
10
-0.1433552362204724
20
0.315885
11
-0.1432662992125984
21
0.3159409842519685
0
LINE
8
BLACK
6
CONTINUOUS
10
-0.1432662992125984
20
0.3159409842519685
11
-0.1431853149606299
21
0.3160074409448819
0
LINE
8
BLACK
6
CONTINUOUS
10
-0.1431853149606299
20
0.3160074409448819
11
-0.1431133858267717
21
0.3160372834645669
0
LINE
8
BLACK
6
CONTINUOUS
10
-0.1431133858267717
20
0.3160372834645669
11
-0.1428653543307087
21
0.3161933464566929
0
LINE
8
BLACK
6
CONTINUOUS
10
-0.1428653543307087
20
0.3161933464566929
11
-0.1391158267716535
21
0.3180681102362204
0
LINE
8
BLACK
6
CONTINUOUS
10
-0.1391158267716535
20
0.3180681102362204
11
-0.1385752362204724
21
0.318275
0
LINE
8
BLACK
6
CONTINUOUS
10
-0.1385752362204724
20
0.318275
11
-0.1384693700787402
21
0.3182825590551181
0
LINE
8
BLACK
6
CONTINUOUS
10
-0.1384693700787402
20
0.3182825590551181
11
-0.1383713779527559
21
0.3183231102362205
0
LINE
8
BLACK
6
CONTINUOUS
10
-0.1383713779527559
20
0.3183231102362205
11
-0.1377953149606299
21
0.318379842519685
0
LINE
8
BLACK
6
CONTINUOUS
10
-0.1377953149606299
20
0.318379842519685
11
-0.1321710236220472
21
0.318379842519685
0
LINE
8
BLACK
6
CONTINUOUS
10
-0.1321710236220472
20
0.318379842519685
11
-0.1315949606299213
21
0.3183231102362205
0
LINE
8
BLACK
6
CONTINUOUS
10
-0.1397957480314961
20
0.3111255905511811
11
-0.140992874015748
21
0.3099284645669291
0
LINE
8
BLACK
6
CONTINUOUS
10
-0.140992874015748
20
0.3099284645669291
11
-0.1423416141732284
21
0.3072309842519685
0
LINE
8
BLACK
6
CONTINUOUS
10
-0.1423416141732284
20
0.3072309842519685
11
-0.1423416141732284
21
0.2973764960629921
0
LINE
8
BLACK
6
CONTINUOUS
10
-0.1423416141732284
20
0.2973764960629921
11
-0.140992874015748
21
0.2946790157480315
0
LINE
8
BLACK
6
CONTINUOUS
10
-0.140992874015748
20
0.2946790157480315
11
-0.1397957480314961
21
0.2934818503937008
0
LINE
8
BLACK
6
CONTINUOUS
10
-0.1397957480314961
20
0.2934818503937008
11
-0.1370982677165354
21
0.2921331102362205
0
LINE
8
BLACK
6
CONTINUOUS
10
-0.1370982677165354
20
0.2921331102362205
11
-0.1328680708661417
21
0.2921331102362205
0
LINE
8
BLACK
6
CONTINUOUS
10
-0.1328680708661417
20
0.2921331102362205
11
-0.1301706299212598
21
0.2934818503937008
0
LINE
8
BLACK
6
CONTINUOUS
10
-0.1301706299212598
20
0.2934818503937008
11
-0.1289735039370079
21
0.2946790157480315
0
LINE
8
BLACK
6
CONTINUOUS
10
-0.1289735039370079
20
0.2946790157480315
11
-0.1276247244094488
21
0.2973764960629921
0
LINE
8
BLACK
6
CONTINUOUS
10
-0.1276247244094488
20
0.2973764960629921
11
-0.1276247244094488
21
0.3072309842519685
0
LINE
8
BLACK
6
CONTINUOUS
10
-0.1276247244094488
20
0.3072309842519685
11
-0.1289734645669291
21
0.3099284645669291
0
LINE
8
BLACK
6
CONTINUOUS
10
-0.1289734645669291
20
0.3099284645669291
11
-0.1301705905511811
21
0.3111255905511811
0
LINE
8
BLACK
6
CONTINUOUS
10
-0.1301705905511811
20
0.3111255905511811
11
-0.1328680708661417
21
0.3124743307086614
0
LINE
8
BLACK
6
CONTINUOUS
10
-0.1328680708661417
20
0.3124743307086614
11
-0.1370982677165354
21
0.3124743307086614
0
LINE
8
BLACK
6
CONTINUOUS
10
-0.1370982677165354
20
0.3124743307086614
11
-0.1397957480314961
21
0.3111255905511811
0
LINE
8
BLACK
6
CONTINUOUS
10
-0.1061585826771654
20
0.3178822047244094
11
-0.105343937007874
21
0.3170675590551181
0
LINE
8
BLACK
6
CONTINUOUS
10
-0.105343937007874
20
0.3170675590551181
11
-0.104903031496063
21
0.3160031496062992
0
LINE
8
BLACK
6
CONTINUOUS
10
-0.104903031496063
20
0.3160031496062992
11
-0.1048462992125984
21
0.3154270866141732
0
LINE
8
BLACK
6
CONTINUOUS
10
-0.1048462992125984
20
0.3154270866141732
11
-0.1048462992125984
21
0.2955017322834645
0
LINE
8
BLACK
6
CONTINUOUS
10
-0.1048462992125984
20
0.2955017322834645
11
-0.1037234645669291
21
0.2932559842519685
0
LINE
8
BLACK
6
CONTINUOUS
10
-0.1037234645669291
20
0.2932559842519685
11
-0.1014777165354331
21
0.2921331102362205
0
LINE
8
BLACK
6
CONTINUOUS
10
-0.1014777165354331
20
0.2921331102362205
11
-0.0972475196850394
21
0.2921331102362205
0
LINE
8
BLACK
6
CONTINUOUS
10
-0.0972475196850394
20
0.2921331102362205
11
-0.0945500787401575
21
0.2934818503937008
0
LINE
8
BLACK
6
CONTINUOUS
10
-0.0945500787401575
20
0.2934818503937008
11
-0.093878937007874
21
0.2941529921259842
0
LINE
8
BLACK
6
CONTINUOUS
10
-0.093878937007874
20
0.2941529921259842
11
-0.093878937007874
21
0.3154270866141732
0
LINE
8
BLACK
6
CONTINUOUS
10
-0.093878937007874
20
0.3154270866141732
11
-0.0938222047244094
21
0.3160031496062992
0
LINE
8
BLACK
6
CONTINUOUS
10
-0.0938222047244094
20
0.3160031496062992
11
-0.0933812992125984
21
0.3170675590551181
0
LINE
8
BLACK
6
CONTINUOUS
10
-0.0933812992125984
20
0.3170675590551181
11
-0.0925666535433071
21
0.3178822047244094
0
LINE
8
BLACK
6
CONTINUOUS
10
-0.0925666535433071
20
0.3178822047244094
11
-0.0915022440944882
21
0.3183231102362205
0
LINE
8
BLACK
6
CONTINUOUS
10
-0.0915022440944882
20
0.3183231102362205
11
-0.0903501181102362
21
0.3183231102362205
0
LINE
8
BLACK
6
CONTINUOUS
10
-0.0903501181102362
20
0.3183231102362205
11
-0.0892857086614173
21
0.3178822047244094
0
LINE
8
BLACK
6
CONTINUOUS
10
-0.0892857086614173
20
0.3178822047244094
11
-0.088471062992126
21
0.3170675590551181
0
LINE
8
BLACK
6
CONTINUOUS
10
-0.088471062992126
20
0.3170675590551181
11
-0.088030157480315
21
0.3160031496062992
0
LINE
8
BLACK
6
CONTINUOUS
10
-0.088030157480315
20
0.3160031496062992
11
-0.0879734251968504
21
0.3154270866141732
0
LINE
8
BLACK
6
CONTINUOUS
10
-0.0879734251968504
20
0.3154270866141732
11
-0.0879734251968504
21
0.2891803543307087
0
LINE
8
BLACK
6
CONTINUOUS
10
-0.0879734251968504
20
0.2891803543307087
11
-0.088030157480315
21
0.2886042913385827
0
LINE
8
BLACK
6
CONTINUOUS
10
-0.088030157480315
20
0.2886042913385827
11
-0.088471062992126
21
0.2875398818897638
0
LINE
8
BLACK
6
CONTINUOUS
10
-0.088471062992126
20
0.2875398818897638
11
-0.0892857086614173
21
0.2867252362204724
0
LINE
8
BLACK
6
CONTINUOUS
10
-0.0892857086614173
20
0.2867252362204724
11
-0.0903501181102362
21
0.2862843307086614
0
LINE
8
BLACK
6
CONTINUOUS
10
-0.0903501181102362
20
0.2862843307086614
11
-0.0915022440944882
21
0.2862843307086614
0
LINE
8
BLACK
6
CONTINUOUS
10
-0.0915022440944882
20
0.2862843307086614
11
-0.0925666535433071
21
0.2867252362204724
0
LINE
8
BLACK
6
CONTINUOUS
10
-0.0925666535433071
20
0.2867252362204724
11
-0.0933305118110236
21
0.287489094488189
0
LINE
8
BLACK
6
CONTINUOUS
10
-0.0933305118110236
20
0.287489094488189
11
-0.0952299606299213
21
0.2865393307086614
0
LINE
8
BLACK
6
CONTINUOUS
10
-0.0952299606299213
20
0.2865393307086614
11
-0.0957705905511811
21
0.2863324409448819
0
LINE
8
BLACK
6
CONTINUOUS
10
-0.0957705905511811
20
0.2863324409448819
11
-0.0958764173228346
21
0.2863249606299212
0
LINE
8
BLACK
6
CONTINUOUS
10
-0.0958764173228346
20
0.2863249606299212
11
-0.0959744094488189
21
0.2862843307086614
0
LINE
8
BLACK
6
CONTINUOUS
10
-0.0959744094488189
20
0.2862843307086614
11
-0.0965504724409449
21
0.2862275984251968
0
LINE
8
BLACK
6
CONTINUOUS
10
-0.0965504724409449
20
0.2862275984251968
11
-0.1021747637795276
21
0.2862275984251968
0
LINE
8
BLACK
6
CONTINUOUS
10
-0.1021747637795276
20
0.2862275984251968
11
-0.1027508267716535
21
0.2862843307086614
0
LINE
8
BLACK
6
CONTINUOUS
10
-0.1027508267716535
20
0.2862843307086614
11
-0.1028488188976378
21
0.2863249212598425
0
LINE
8
BLACK
6
CONTINUOUS
10
-0.1028488188976378
20
0.2863249212598425
11
-0.1029546850393701
21
0.2863324409448819
0
LINE
8
BLACK
6
CONTINUOUS
10
-0.1029546850393701
20
0.2863324409448819
11
-0.1034952755905512
21
0.2865393307086614
0
LINE
8
BLACK
6
CONTINUOUS
10
-0.1034952755905512
20
0.2865393307086614
11
-0.1072448031496063
21
0.2884140944881889
0
LINE
8
BLACK
6
CONTINUOUS
10
-0.1072448031496063
20
0.2884140944881889
11
-0.1073411811023622
21
0.2884747637795276
0
LINE
8
BLACK
6
CONTINUOUS
10
-0.1073411811023622
20
0.2884747637795276
11
-0.1073865748031496
21
0.2884898818897638
0
LINE
8
BLACK
6
CONTINUOUS
10
-0.1073865748031496
20
0.2884898818897638
11
-0.1074431496062992
21
0.288538937007874
0
LINE
8
BLACK
6
CONTINUOUS
10
-0.1074431496062992
20
0.288538937007874
11
-0.1077346850393701
21
0.2887224409448819
0
LINE
8
BLACK
6
CONTINUOUS
10
-0.1077346850393701
20
0.2887224409448819
11
-0.1079773622047244
21
0.2890022834645669
0
LINE
8
BLACK
6
CONTINUOUS
10
-0.1079773622047244
20
0.2890022834645669
11
-0.108256968503937
21
0.2892447637795276
0
LINE
8
BLACK
6
CONTINUOUS
10
-0.108256968503937
20
0.2892447637795276
11
-0.1084404724409449
21
0.2895362598425197
0
LINE
8
BLACK
6
CONTINUOUS
10
-0.1084404724409449
20
0.2895362598425197
11
-0.1084895275590551
21
0.2895928346456693
0
LINE
8
BLACK
6
CONTINUOUS
10
-0.1084895275590551
20
0.2895928346456693
11
-0.1085046850393701
21
0.2896383070866141
0
LINE
8
BLACK
6
CONTINUOUS
10
-0.1085046850393701
20
0.2896383070866141
11
-0.1085653149606299
21
0.2897346062992126
0
LINE
8
BLACK
6
CONTINUOUS
10
-0.1085653149606299
20
0.2897346062992126
11
-0.1104400787401575
21
0.2934841732283465
0
LINE
8
BLACK
6
CONTINUOUS
10
-0.1104400787401575
20
0.2934841732283465
11
-0.110646968503937
21
0.2940248031496063
0
LINE
8
BLACK
6
CONTINUOUS
10
-0.110646968503937
20
0.2940248031496063
11
-0.1106544881889764
21
0.2941306299212598
0
LINE
8
BLACK
6
CONTINUOUS
10
-0.1106544881889764
20
0.2941306299212598
11
-0.1106950787401575
21
0.2942286220472441
0
LINE
8
BLACK
6
CONTINUOUS
10
-0.1106950787401575
20
0.2942286220472441
11
-0.110751811023622
21
0.2948046850393701
0
LINE
8
BLACK
6
CONTINUOUS
10
-0.110751811023622
20
0.2948046850393701
11
-0.110751811023622
21
0.3154270866141732
0
LINE
8
BLACK
6
CONTINUOUS
10
-0.110751811023622
20
0.3154270866141732
11
-0.1106950787401575
21
0.3160031496062992
0
LINE
8
BLACK
6
CONTINUOUS
10
-0.1106950787401575
20
0.3160031496062992
11
-0.1102541732283464
21
0.3170675590551181
0
LINE
8
BLACK
6
CONTINUOUS
10
-0.1102541732283464
20
0.3170675590551181
11
-0.1094395275590551
21
0.3178822047244094
0
LINE
8
BLACK
6
CONTINUOUS
10
-0.1094395275590551
20
0.3178822047244094
11
-0.1083751181102362
21
0.3183231102362205
0
LINE
8
BLACK
6
CONTINUOUS
10
-0.1083751181102362
20
0.3183231102362205
11
-0.1072229921259843
21
0.3183231102362205
0
LINE
8
BLACK
6
CONTINUOUS
10
-0.1072229921259843
20
0.3183231102362205
11
-0.1061585826771654
21
0.3178822047244094
0
LINE
8
BLACK
6
CONTINUOUS
10
-0.0349174803149606
20
0.3310055511811024
11
-0.0341028346456693
21
0.330190905511811
0
LINE
8
BLACK
6
CONTINUOUS
10
-0.0341028346456693
20
0.330190905511811
11
-0.0336619291338583
21
0.3291264960629921
0
LINE
8
BLACK
6
CONTINUOUS
10
-0.0336619291338583
20
0.3291264960629921
11
-0.0336051968503937
21
0.3285504330708661
0
LINE
8
BLACK
6
CONTINUOUS
10
-0.0336051968503937
20
0.3285504330708661
11
-0.0336051968503937
21
0.318379842519685
0
LINE
8
BLACK
6
CONTINUOUS
10
-0.0336051968503937
20
0.318379842519685
11
-0.0271841338582677
21
0.318379842519685
0
LINE
8
BLACK
6
CONTINUOUS
10
-0.0271841338582677
20
0.318379842519685
11
-0.0266080708661417
21
0.3183231102362205
0
LINE
8
BLACK
6
CONTINUOUS
10
-0.0266080708661417
20
0.3183231102362205
11
-0.0255436614173228
21
0.3178822047244094
0
LINE
8
BLACK
6
CONTINUOUS
10
-0.0255436614173228
20
0.3178822047244094
11
-0.0247290157480315
21
0.3170675590551181
0
LINE
8
BLACK
6
CONTINUOUS
10
-0.0247290157480315
20
0.3170675590551181
11
-0.0242881102362205
21
0.3160031496062992
0
LINE
8
BLACK
6
CONTINUOUS
10
-0.0242881102362205
20
0.3160031496062992
11
-0.0242881102362205
21
0.3148510236220473
0
LINE
8
BLACK
6
CONTINUOUS
10
-0.0242881102362205
20
0.3148510236220473
11
-0.0247290157480315
21
0.3137866141732283
0
LINE
8
BLACK
6
CONTINUOUS
10
-0.0247290157480315
20
0.3137866141732283
11
-0.0255436614173228
21
0.312971968503937
0
LINE
8
BLACK
6
CONTINUOUS
10
-0.0255436614173228
20
0.312971968503937
11
-0.0266080708661417
21
0.312531062992126
0
LINE
8
BLACK
6
CONTINUOUS
10
-0.0266080708661417
20
0.312531062992126
11
-0.0271841338582677
21
0.3124743307086614
0
LINE
8
BLACK
6
CONTINUOUS
10
-0.0271841338582677
20
0.3124743307086614
11
-0.0336051968503937
21
0.3124743307086614
0
LINE
8
BLACK
6
CONTINUOUS
10
-0.0336051968503937
20
0.3124743307086614
11
-0.0336051968503937
21
0.2955017322834645
0
LINE
8
BLACK
6
CONTINUOUS
10
-0.0336051968503937
20
0.2955017322834645
11
-0.0324823622047244
21
0.2932559842519685
0
LINE
8
BLACK
6
CONTINUOUS
10
-0.0324823622047244
20
0.2932559842519685
11
-0.0302366141732283
21
0.2921331102362205
0
LINE
8
BLACK
6
CONTINUOUS
10
-0.0302366141732283
20
0.2921331102362205
11
-0.0271841338582677
21
0.2921331102362205
0
LINE
8
BLACK
6
CONTINUOUS
10
-0.0271841338582677
20
0.2921331102362205
11
-0.0266080708661417
21
0.2920763779527559
0
LINE
8
BLACK
6
CONTINUOUS
10
-0.0266080708661417
20
0.2920763779527559
11
-0.0255436614173228
21
0.2916354724409449
0
LINE
8
BLACK
6
CONTINUOUS
10
-0.0255436614173228
20
0.2916354724409449
11
-0.0247290157480315
21
0.2908208267716536
0
LINE
8
BLACK
6
CONTINUOUS
10
-0.0247290157480315
20
0.2908208267716536
11
-0.0242881102362205
21
0.2897564173228346
0
LINE
8
BLACK
6
CONTINUOUS
10
-0.0242881102362205
20
0.2897564173228346
11
-0.0242881102362205
21
0.2886042913385827
0
LINE
8
BLACK
6
CONTINUOUS
10
-0.0242881102362205
20
0.2886042913385827
11
-0.0247290157480315
21
0.2875398818897638
0
LINE
8
BLACK
6
CONTINUOUS
10
-0.0247290157480315
20
0.2875398818897638
11
-0.0255436614173228
21
0.2867252362204724
0
LINE
8
BLACK
6
CONTINUOUS
10
-0.0255436614173228
20
0.2867252362204724
11
-0.0266080708661417
21
0.2862843307086614
0
LINE
8
BLACK
6
CONTINUOUS
10
-0.0266080708661417
20
0.2862843307086614
11
-0.0271841338582677
21
0.2862275984251968
0
LINE
8
BLACK
6
CONTINUOUS
10
-0.0271841338582677
20
0.2862275984251968
11
-0.0309336614173228
21
0.2862275984251968
0
LINE
8
BLACK
6
CONTINUOUS
10
-0.0309336614173228
20
0.2862275984251968
11
-0.0315097244094488
21
0.2862843307086614
0
LINE
8
BLACK
6
CONTINUOUS
10
-0.0315097244094488
20
0.2862843307086614
11
-0.0316077165354331
21
0.2863249212598425
0
LINE
8
BLACK
6
CONTINUOUS
10
-0.0316077165354331
20
0.2863249212598425
11
-0.0317135826771654
21
0.2863324409448819
0
LINE
8
BLACK
6
CONTINUOUS
10
-0.0317135826771654
20
0.2863324409448819
11
-0.0322541732283465
21
0.2865393307086614
0
LINE
8
BLACK
6
CONTINUOUS
10
-0.0322541732283465
20
0.2865393307086614
11
-0.0360037007874016
21
0.2884140944881889
0
LINE
8
BLACK
6
CONTINUOUS
10
-0.0360037007874016
20
0.2884140944881889
11
-0.0361000787401575
21
0.2884747637795276
0
LINE
8
BLACK
6
CONTINUOUS
10
-0.0361000787401575
20
0.2884747637795276
11
-0.0361454724409449
21
0.2884898818897638
0
LINE
8
BLACK
6
CONTINUOUS
10
-0.0361454724409449
20
0.2884898818897638
11
-0.0362020472440945
21
0.288538937007874
0
LINE
8
BLACK
6
CONTINUOUS
10
-0.0362020472440945
20
0.288538937007874
11
-0.0364935826771654
21
0.2887224409448819
0
LINE
8
BLACK
6
CONTINUOUS
10
-0.0364935826771654
20
0.2887224409448819
11
-0.0367362598425197
21
0.2890022834645669
0
LINE
8
BLACK
6
CONTINUOUS
10
-0.0367362598425197
20
0.2890022834645669
11
-0.0370158661417323
21
0.2892447637795276
0
LINE
8
BLACK
6
CONTINUOUS
10
-0.0370158661417323
20
0.2892447637795276
11
-0.0371993700787402
21
0.2895362598425197
0
LINE
8
BLACK
6
CONTINUOUS
10
-0.0371993700787402
20
0.2895362598425197
11
-0.0372484251968504
21
0.2895928346456693
0
LINE
8
BLACK
6
CONTINUOUS
10
-0.0372484251968504
20
0.2895928346456693
11
-0.0372635826771654
21
0.2896383070866141
0
LINE
8
BLACK
6
CONTINUOUS
10
-0.0372635826771654
20
0.2896383070866141
11
-0.0373242125984252
21
0.2897346062992126
0
LINE
8
BLACK
6
CONTINUOUS
10
-0.0373242125984252
20
0.2897346062992126
11
-0.0391989763779528
21
0.2934841732283465
0
LINE
8
BLACK
6
CONTINUOUS
10
-0.0391989763779528
20
0.2934841732283465
11
-0.0394058661417323
21
0.2940248031496063
0
LINE
8
BLACK
6
CONTINUOUS
10
-0.0394058661417323
20
0.2940248031496063
11
-0.0394133858267717
21
0.2941306299212598
0
LINE
8
BLACK
6
CONTINUOUS
10
-0.0394133858267717
20
0.2941306299212598
11
-0.0394539763779528
21
0.2942286220472441
0
LINE
8
BLACK
6
CONTINUOUS
10
-0.0394539763779528
20
0.2942286220472441
11
-0.0395107086614173
21
0.2948046850393701
0
LINE
8
BLACK
6
CONTINUOUS
10
-0.0395107086614173
20
0.2948046850393701
11
-0.0395107086614173
21
0.3124743307086614
0
LINE
8
BLACK
6
CONTINUOUS
10
-0.0395107086614173
20
0.3124743307086614
11
-0.0421822440944882
21
0.3124743307086614
0
LINE
8
BLACK
6
CONTINUOUS
10
-0.0421822440944882
20
0.3124743307086614
11
-0.0427583070866142
21
0.312531062992126
0
LINE
8
BLACK
6
CONTINUOUS
10
-0.0427583070866142
20
0.312531062992126
11
-0.0438227165354331
21
0.312971968503937
0
LINE
8
BLACK
6
CONTINUOUS
10
-0.0438227165354331
20
0.312971968503937
11
-0.0446373622047244
21
0.3137866141732283
0
LINE
8
BLACK
6
CONTINUOUS
10
-0.0446373622047244
20
0.3137866141732283
11
-0.0450782677165354
21
0.3148510236220473
0
LINE
8
BLACK
6
CONTINUOUS
10
-0.0450782677165354
20
0.3148510236220473
11
-0.0450782677165354
21
0.3160031496062992
0
LINE
8
BLACK
6
CONTINUOUS
10
-0.0450782677165354
20
0.3160031496062992
11
-0.0446373622047244
21
0.3170675590551181
0
LINE
8
BLACK
6
CONTINUOUS
10
-0.0446373622047244
20
0.3170675590551181
11
-0.0438227165354331
21
0.3178822047244094
0
LINE
8
BLACK
6
CONTINUOUS
10
-0.0438227165354331
20
0.3178822047244094
11
-0.0427583070866142
21
0.3183231102362205
0
LINE
8
BLACK
6
CONTINUOUS
10
-0.0427583070866142
20
0.3183231102362205
11
-0.0421822440944882
21
0.318379842519685
0
LINE
8
BLACK
6
CONTINUOUS
10
-0.0421822440944882
20
0.318379842519685
11
-0.0395107086614173
21
0.318379842519685
0
LINE
8
BLACK
6
CONTINUOUS
10
-0.0395107086614173
20
0.318379842519685
11
-0.0395107086614173
21
0.3285504330708661
0
LINE
8
BLACK
6
CONTINUOUS
10
-0.0395107086614173
20
0.3285504330708661
11
-0.0394539763779528
21
0.3291264960629921
0
LINE
8
BLACK
6
CONTINUOUS
10
-0.0394539763779528
20
0.3291264960629921
11
-0.0390130708661417
21
0.330190905511811
0
LINE
8
BLACK
6
CONTINUOUS
10
-0.0390130708661417
20
0.330190905511811
11
-0.0381984251968504
21
0.3310055511811024
0
LINE
8
BLACK
6
CONTINUOUS
10
-0.0381984251968504
20
0.3310055511811024
11
-0.0371340157480315
21
0.3314464566929134
0
LINE
8
BLACK
6
CONTINUOUS
10
-0.0371340157480315
20
0.3314464566929134
11
-0.0359818897637795
21
0.3314464566929134
0
LINE
8
BLACK
6
CONTINUOUS
10
-0.0359818897637795
20
0.3314464566929134
11
-0.0349174803149606
21
0.3310055511811024
0
LINE
8
BLACK
6
CONTINUOUS
10
0.1289974803149606
20
0.3183231102362205
11
0.1290954724409449
21
0.3182825196850393
0
LINE
8
BLACK
6
CONTINUOUS
10
0.1290954724409449
20
0.3182825196850393
11
0.1292012992125984
21
0.318275
0
LINE
8
BLACK
6
CONTINUOUS
10
0.1292012992125984
20
0.318275
11
0.1297419291338583
21
0.3180681102362204
0
LINE
8
BLACK
6
CONTINUOUS
10
0.1297419291338583
20
0.3180681102362204
11
0.1334914566929134
21
0.3161933464566929
0
LINE
8
BLACK
6
CONTINUOUS
10
0.1334914566929134
20
0.3161933464566929
11
0.1337394488188976
21
0.3160372834645669
0
LINE
8
BLACK
6
CONTINUOUS
10
0.1337394488188976
20
0.3160372834645669
11
0.1338114173228346
21
0.3160074409448819
0
LINE
8
BLACK
6
CONTINUOUS
10
0.1338114173228346
20
0.3160074409448819
11
0.1338923622047244
21
0.3159409842519685
0
LINE
8
BLACK
6
CONTINUOUS
10
0.1338923622047244
20
0.3159409842519685
11
0.1339813385826772
21
0.315885
0
LINE
8
BLACK
6
CONTINUOUS
10
0.1339813385826772
20
0.315885
11
0.1340324803149606
21
0.3158260236220473
0
LINE
8
BLACK
6
CONTINUOUS
10
0.1340324803149606
20
0.3158260236220473
11
0.1342588582677165
21
0.3156402362204724
0
LINE
8
BLACK
6
CONTINUOUS
10
0.1342588582677165
20
0.3156402362204724
11
0.1361336220472441
21
0.3137654724409449
0
LINE
8
BLACK
6
CONTINUOUS
10
0.1361336220472441
20
0.3137654724409449
11
0.1363193700787401
21
0.3135391338582677
0
LINE
8
BLACK
6
CONTINUOUS
10
0.1363193700787401
20
0.3135391338582677
11
0.1363783858267716
21
0.3134879527559055
0
LINE
8
BLACK
6
CONTINUOUS
10
0.1363783858267716
20
0.3134879527559055
11
0.1364343307086614
21
0.3133990157480315
0
LINE
8
BLACK
6
CONTINUOUS
10
0.1364343307086614
20
0.3133990157480315
11
0.1365008267716535
21
0.313318031496063
0
LINE
8
BLACK
6
CONTINUOUS
10
0.1365008267716535
20
0.313318031496063
11
0.1365306299212598
21
0.3132461023622047
0
LINE
8
BLACK
6
CONTINUOUS
10
0.1365306299212598
20
0.3132461023622047
11
0.1366867322834646
21
0.3129980708661417
0
LINE
8
BLACK
6
CONTINUOUS
10
0.1366867322834646
20
0.3129980708661417
11
0.1385614960629921
21
0.3092485433070866
0
LINE
8
BLACK
6
CONTINUOUS
10
0.1385614960629921
20
0.3092485433070866
11
0.1387683858267716
21
0.3087079527559055
0
LINE
8
BLACK
6
CONTINUOUS
10
0.1387683858267716
20
0.3087079527559055
11
0.138775905511811
21
0.3086020866141732
0
LINE
8
BLACK
6
CONTINUOUS
10
0.138775905511811
20
0.3086020866141732
11
0.1388164960629921
21
0.308504094488189
0
LINE
8
BLACK
6
CONTINUOUS
10
0.1388164960629921
20
0.308504094488189
11
0.1388732283464567
21
0.307928031496063
0
LINE
8
BLACK
6
CONTINUOUS
10
0.1388732283464567
20
0.307928031496063
11
0.1388732283464567
21
0.2966794488188976
0
LINE
8
BLACK
6
CONTINUOUS
10
0.1388732283464567
20
0.2966794488188976
11
0.1388164960629921
21
0.2961033858267716
0
LINE
8
BLACK
6
CONTINUOUS
10
0.1388164960629921
20
0.2961033858267716
11
0.138775905511811
21
0.2960054330708661
0
LINE
8
BLACK
6
CONTINUOUS
10
0.138775905511811
20
0.2960054330708661
11
0.1387683858267716
21
0.2958995275590551
0
LINE
8
BLACK
6
CONTINUOUS
10
0.1387683858267716
20
0.2958995275590551
11
0.1385614960629921
21
0.295358937007874
0
LINE
8
BLACK
6
CONTINUOUS
10
0.1385614960629921
20
0.295358937007874
11
0.1366867322834646
21
0.2916094094488189
0
LINE
8
BLACK
6
CONTINUOUS
10
0.1366867322834646
20
0.2916094094488189
11
0.1365306692913386
21
0.2913615354330709
0
LINE
8
BLACK
6
CONTINUOUS
10
0.1365306692913386
20
0.2913615354330709
11
0.1365008661417323
21
0.2912894881889764
0
LINE
8
BLACK
6
CONTINUOUS
10
0.1365008661417323
20
0.2912894881889764
11
0.1364343307086614
21
0.2912084645669291
0
LINE
8
BLACK
6
CONTINUOUS
10
0.1364343307086614
20
0.2912084645669291
11
0.1363783858267716
21
0.2911195275590551
0
LINE
8
BLACK
6
CONTINUOUS
10
0.1363783858267716
20
0.2911195275590551
11
0.1363193700787401
21
0.2910683858267716
0
LINE
8
BLACK
6
CONTINUOUS
10
0.1363193700787401
20
0.2910683858267716
11
0.1361336220472441
21
0.2908420078740158
0
LINE
8
BLACK
6
CONTINUOUS
10
0.1361336220472441
20
0.2908420078740158
11
0.1342588976377953
21
0.2889672440944882
0
LINE
8
BLACK
6
CONTINUOUS
10
0.1342588976377953
20
0.2889672440944882
11
0.1340325196850394
21
0.2887814960629921
0
LINE
8
BLACK
6
CONTINUOUS
10
0.1340325196850394
20
0.2887814960629921
11
0.1339813385826772
21
0.2887224409448819
0
LINE
8
BLACK
6
CONTINUOUS
10
0.1339813385826772
20
0.2887224409448819
11
0.1338923622047244
21
0.2886664566929134
0
LINE
8
BLACK
6
CONTINUOUS
10
0.1338923622047244
20
0.2886664566929134
11
0.1338114173228346
21
0.2886
0
LINE
8
BLACK
6
CONTINUOUS
10
0.1338114173228346
20
0.2886
11
0.1337394488188976
21
0.2885701968503937
0
LINE
8
BLACK
6
CONTINUOUS
10
0.1337394488188976
20
0.2885701968503937
11
0.1334914566929134
21
0.2884140944881889
0
LINE
8
BLACK
6
CONTINUOUS
10
0.1334914566929134
20
0.2884140944881889
11
0.1297419291338583
21
0.2865393307086614
0
LINE
8
BLACK
6
CONTINUOUS
10
0.1297419291338583
20
0.2865393307086614
11
0.1292012992125984
21
0.2863324409448819
0
LINE
8
BLACK
6
CONTINUOUS
10
0.1292012992125984
20
0.2863324409448819
11
0.1290954724409449
21
0.2863249606299212
0
LINE
8
BLACK
6
CONTINUOUS
10
0.1290954724409449
20
0.2863249606299212
11
0.1289974803149606
21
0.2862843307086614
0
LINE
8
BLACK
6
CONTINUOUS
10
0.1289974803149606
20
0.2862843307086614
11
0.1284214173228346
21
0.2862275984251968
0
LINE
8
BLACK
6
CONTINUOUS
10
0.1284214173228346
20
0.2862275984251968
11
0.122797125984252
21
0.2862275984251968
0
LINE
8
BLACK
6
CONTINUOUS
10
0.122797125984252
20
0.2862275984251968
11
0.122221062992126
21
0.2862843307086614
0
LINE
8
BLACK
6
CONTINUOUS
10
0.122221062992126
20
0.2862843307086614
11
0.1221230708661417
21
0.2863249212598425
0
LINE
8
BLACK
6
CONTINUOUS
10
0.1221230708661417
20
0.2863249212598425
11
0.1220172047244094
21
0.2863324409448819
0
LINE
8
BLACK
6
CONTINUOUS
10
0.1220172047244094
20
0.2863324409448819
11
0.1214766141732283
21
0.2865393307086614
0
LINE
8
BLACK
6
CONTINUOUS
10
0.1214766141732283
20
0.2865393307086614
11
0.1177270866141732
21
0.2884140944881889
0
LINE
8
BLACK
6
CONTINUOUS
10
0.1177270866141732
20
0.2884140944881889
11
0.1174790551181102
21
0.2885701968503937
0
LINE
8
BLACK
6
CONTINUOUS
10
0.1174790551181102
20
0.2885701968503937
11
0.117407125984252
21
0.2886
0
LINE
8
BLACK
6
CONTINUOUS
10
0.117407125984252
20
0.2886
11
0.1173261417322835
21
0.2886664566929134
0
LINE
8
BLACK
6
CONTINUOUS
10
0.1173261417322835
20
0.2886664566929134
11
0.1172372047244094
21
0.2887224409448819
0
LINE
8
BLACK
6
CONTINUOUS
10
0.1172372047244094
20
0.2887224409448819
11
0.1171859842519685
21
0.2887814960629921
0
LINE
8
BLACK
6
CONTINUOUS
10
0.1171859842519685
20
0.2887814960629921
11
0.1169596456692913
21
0.2889672440944882
0
LINE
8
BLACK
6
CONTINUOUS
10
0.1169596456692913
20
0.2889672440944882
11
0.1150848818897638
21
0.2908420472440945
0
LINE
8
BLACK
6
CONTINUOUS
10
0.1150848818897638
20
0.2908420472440945
11
0.1148991338582677
21
0.2910683858267716
0
LINE
8
BLACK
6
CONTINUOUS
10
0.1148991338582677
20
0.2910683858267716
11
0.114840157480315
21
0.2911195275590551
0
LINE
8
BLACK
6
CONTINUOUS
10
0.114840157480315
20
0.2911195275590551
11
0.1147841732283465
21
0.2912084645669291
0
LINE
8
BLACK
6
CONTINUOUS
10
0.1147841732283465
20
0.2912084645669291
11
0.1147176771653543
21
0.2912894881889764
0
LINE
8
BLACK
6
CONTINUOUS
10
0.1147176771653543
20
0.2912894881889764
11
0.1146878346456693
21
0.2913615354330709
0
LINE
8
BLACK
6
CONTINUOUS
10
0.1146878346456693
20
0.2913615354330709
11
0.114531811023622
21
0.2916094094488189
0
LINE
8
BLACK
6
CONTINUOUS
10
0.114531811023622
20
0.2916094094488189
11
0.1126570472440945
21
0.295358937007874
0
LINE
8
BLACK
6
CONTINUOUS
10
0.1126570472440945
20
0.295358937007874
11
0.112450157480315
21
0.2958995669291338
0
LINE
8
BLACK
6
CONTINUOUS
10
0.112450157480315
20
0.2958995669291338
11
0.1124426377952756
21
0.2960053937007874
0
LINE
8
BLACK
6
CONTINUOUS
10
0.1124426377952756
20
0.2960053937007874
11
0.1124020472440945
21
0.2961033858267716
0
LINE
8
BLACK
6
CONTINUOUS
10
0.1124020472440945
20
0.2961033858267716
11
0.1123453149606299
21
0.2966794488188976
0
LINE
8
BLACK
6
CONTINUOUS
10
0.1123453149606299
20
0.2966794488188976
11
0.1123453149606299
21
0.307928031496063
0
LINE
8
BLACK
6
CONTINUOUS
10
0.1123453149606299
20
0.307928031496063
11
0.1124020472440945
21
0.308504094488189
0
LINE
8
BLACK
6
CONTINUOUS
10
0.1124020472440945
20
0.308504094488189
11
0.1124426377952756
21
0.308602125984252
0
LINE
8
BLACK
6
CONTINUOUS
10
0.1124426377952756
20
0.308602125984252
11
0.112450157480315
21
0.3087079133858268
0
LINE
8
BLACK
6
CONTINUOUS
10
0.112450157480315
20
0.3087079133858268
11
0.1126570472440945
21
0.3092485433070866
0
LINE
8
BLACK
6
CONTINUOUS
10
0.1126570472440945
20
0.3092485433070866
11
0.114531811023622
21
0.3129980708661417
0
LINE
8
BLACK
6
CONTINUOUS
10
0.114531811023622
20
0.3129980708661417
11
0.114687874015748
21
0.3132461023622047
0
LINE
8
BLACK
6
CONTINUOUS
10
0.114687874015748
20
0.3132461023622047
11
0.1147177165354331
21
0.313318031496063
0
LINE
8
BLACK
6
CONTINUOUS
10
0.1147177165354331
20
0.313318031496063
11
0.1147841732283465
21
0.3133990157480315
0
LINE
8
BLACK
6
CONTINUOUS
10
0.1147841732283465
20
0.3133990157480315
11
0.114840157480315
21
0.3134879527559055
0
LINE
8
BLACK
6
CONTINUOUS
10
0.114840157480315
20
0.3134879527559055
11
0.1148991338582677
21
0.3135391338582677
0
LINE
8
BLACK
6
CONTINUOUS
10
0.1148991338582677
20
0.3135391338582677
11
0.1150849212598425
21
0.3137654724409449
0
LINE
8
BLACK
6
CONTINUOUS
10
0.1150849212598425
20
0.3137654724409449
11
0.1169596850393701
21
0.3156402362204724
0
LINE
8
BLACK
6
CONTINUOUS
10
0.1169596850393701
20
0.3156402362204724
11
0.1171860236220472
21
0.3158260236220473
0
LINE
8
BLACK
6
CONTINUOUS
10
0.1171860236220472
20
0.3158260236220473
11
0.1172372047244094
21
0.315885
0
LINE
8
BLACK
6
CONTINUOUS
10
0.1172372047244094
20
0.315885
11
0.1173261417322835
21
0.3159409842519685
0
LINE
8
BLACK
6
CONTINUOUS
10
0.1173261417322835
20
0.3159409842519685
11
0.117407125984252
21
0.3160074409448819
0
LINE
8
BLACK
6
CONTINUOUS
10
0.117407125984252
20
0.3160074409448819
11
0.1174790551181102
21
0.3160372834645669
0
LINE
8
BLACK
6
CONTINUOUS
10
0.1174790551181102
20
0.3160372834645669
11
0.1177270866141732
21
0.3161933464566929
0
LINE
8
BLACK
6
CONTINUOUS
10
0.1177270866141732
20
0.3161933464566929
11
0.1214766141732283
21
0.3180681102362204
0
LINE
8
BLACK
6
CONTINUOUS
10
0.1214766141732283
20
0.3180681102362204
11
0.1220172047244094
21
0.318275
0
LINE
8
BLACK
6
CONTINUOUS
10
0.1220172047244094
20
0.318275
11
0.1221230708661417
21
0.3182825590551181
0
LINE
8
BLACK
6
CONTINUOUS
10
0.1221230708661417
20
0.3182825590551181
11
0.122221062992126
21
0.3183231102362205
0
LINE
8
BLACK
6
CONTINUOUS
10
0.122221062992126
20
0.3183231102362205
11
0.122797125984252
21
0.318379842519685
0
LINE
8
BLACK
6
CONTINUOUS
10
0.122797125984252
20
0.318379842519685
11
0.1284214173228346
21
0.318379842519685
0
LINE
8
BLACK
6
CONTINUOUS
10
0.1284214173228346
20
0.318379842519685
11
0.1289974803149606
21
0.3183231102362205
0
LINE
8
BLACK
6
CONTINUOUS
10
0.1207966929133858
20
0.3111255905511811
11
0.1195995669291339
21
0.3099284645669291
0
LINE
8
BLACK
6
CONTINUOUS
10
0.1195995669291339
20
0.3099284645669291
11
0.1182508267716535
21
0.3072309842519685
0
LINE
8
BLACK
6
CONTINUOUS
10
0.1182508267716535
20
0.3072309842519685
11
0.1182508267716535
21
0.2973764960629921
0
LINE
8
BLACK
6
CONTINUOUS
10
0.1182508267716535
20
0.2973764960629921
11
0.1195995669291339
21
0.2946790157480315
0
LINE
8
BLACK
6
CONTINUOUS
10
0.1195995669291339
20
0.2946790157480315
11
0.1207966929133858
21
0.2934818503937008
0
LINE
8
BLACK
6
CONTINUOUS
10
0.1207966929133858
20
0.2934818503937008
11
0.1234941732283465
21
0.2921331102362205
0
LINE
8
BLACK
6
CONTINUOUS
10
0.1234941732283465
20
0.2921331102362205
11
0.1277243700787402
21
0.2921331102362205
0
LINE
8
BLACK
6
CONTINUOUS
10
0.1277243700787402
20
0.2921331102362205
11
0.130421811023622
21
0.2934818503937008
0
LINE
8
BLACK
6
CONTINUOUS
10
0.130421811023622
20
0.2934818503937008
11
0.131618937007874
21
0.2946790157480315
0
LINE
8
BLACK
6
CONTINUOUS
10
0.131618937007874
20
0.2946790157480315
11
0.1329677165354331
21
0.2973764960629921
0
LINE
8
BLACK
6
CONTINUOUS
10
0.1329677165354331
20
0.2973764960629921
11
0.1329677165354331
21
0.3072309842519685
0
LINE
8
BLACK
6
CONTINUOUS
10
0.1329677165354331
20
0.3072309842519685
11
0.1316189763779528
21
0.3099284645669291
0
LINE
8
BLACK
6
CONTINUOUS
10
0.1316189763779528
20
0.3099284645669291
11
0.1304218503937008
21
0.3111255905511811
0
LINE
8
BLACK
6
CONTINUOUS
10
0.1304218503937008
20
0.3111255905511811
11
0.1277243700787402
21
0.3124743307086614
0
LINE
8
BLACK
6
CONTINUOUS
10
0.1277243700787402
20
0.3124743307086614
11
0.1234941732283465
21
0.3124743307086614
0
LINE
8
BLACK
6
CONTINUOUS
10
0.1234941732283465
20
0.3124743307086614
11
0.1207966929133858
21
0.3111255905511811
0
LINE
8
BLACK
6
CONTINUOUS
10
0.1852404724409449
20
0.3183231102362205
11
0.1853384645669291
21
0.3182825196850393
0
LINE
8
BLACK
6
CONTINUOUS
10
0.1853384645669291
20
0.3182825196850393
11
0.1854442913385827
21
0.318275
0
LINE
8
BLACK
6
CONTINUOUS
10
0.1854442913385827
20
0.318275
11
0.1859849212598425
21
0.3180681102362204
0
LINE
8
BLACK
6
CONTINUOUS
10
0.1859849212598425
20
0.3180681102362204
11
0.1897344488188976
21
0.3161933464566929
0
LINE
8
BLACK
6
CONTINUOUS
10
0.1897344488188976
20
0.3161933464566929
11
0.1898307874015748
21
0.3161327165354331
0
LINE
8
BLACK
6
CONTINUOUS
10
0.1898307874015748
20
0.3161327165354331
11
0.1898762204724409
21
0.3161175590551181
0
LINE
8
BLACK
6
CONTINUOUS
10
0.1898762204724409
20
0.3161175590551181
11
0.1899327559055118
21
0.3160685433070866
0
LINE
8
BLACK
6
CONTINUOUS
10
0.1899327559055118
20
0.3160685433070866
11
0.1902243307086614
21
0.315885
0
LINE
8
BLACK
6
CONTINUOUS
10
0.1902243307086614
20
0.315885
11
0.1904668897637795
21
0.3156053149606299
0
LINE
8
BLACK
6
CONTINUOUS
10
0.1904668897637795
20
0.3156053149606299
11
0.1907466141732283
21
0.3153627165354331
0
LINE
8
BLACK
6
CONTINUOUS
10
0.1907466141732283
20
0.3153627165354331
11
0.1909301181102362
21
0.3150711811023622
0
LINE
8
BLACK
6
CONTINUOUS
10
0.1909301181102362
20
0.3150711811023622
11
0.1909791732283465
21
0.3150146062992126
0
LINE
8
BLACK
6
CONTINUOUS
10
0.1909791732283465
20
0.3150146062992126
11
0.1909942913385827
21
0.3149692125984252
0
LINE
8
BLACK
6
CONTINUOUS
10
0.1909942913385827
20
0.3149692125984252
11
0.1910549606299212
21
0.3148728346456693
0
LINE
8
BLACK
6
CONTINUOUS
10
0.1910549606299212
20
0.3148728346456693
11
0.1929297244094488
21
0.3111233070866142
0
LINE
8
BLACK
6
CONTINUOUS
10
0.1929297244094488
20
0.3111233070866142
11
0.1931366141732283
21
0.3105827165354331
0
LINE
8
BLACK
6
CONTINUOUS
10
0.1931366141732283
20
0.3105827165354331
11
0.1931441338582677
21
0.3104768503937008
0
LINE
8
BLACK
6
CONTINUOUS
10
0.1931441338582677
20
0.3104768503937008
11
0.1931847244094488
21
0.3103788582677166
0
LINE
8
BLACK
6
CONTINUOUS
10
0.1931847244094488
20
0.3103788582677166
11
0.1932414566929134
21
0.3098027952755906
0
LINE
8
BLACK
6
CONTINUOUS
10
0.1932414566929134
20
0.3098027952755906
11
0.1932414566929134
21
0.3060532677165354
0
LINE
8
BLACK
6
CONTINUOUS
10
0.1932414566929134
20
0.3060532677165354
11
0.1931847244094488
21
0.3054772047244094
0
LINE
8
BLACK
6
CONTINUOUS
10
0.1931847244094488
20
0.3054772047244094
11
0.193073937007874
21
0.305209842519685
0
LINE
8
BLACK
6
CONTINUOUS
10
0.193073937007874
20
0.305209842519685
11
0.1930178346456693
21
0.3049261417322834
0
LINE
8
BLACK
6
CONTINUOUS
10
0.1930178346456693
20
0.3049261417322834
11
0.192855748031496
21
0.304683031496063
0
LINE
8
BLACK
6
CONTINUOUS
10
0.192855748031496
20
0.304683031496063
11
0.1927438188976378
21
0.3044127952755906
0
LINE
8
BLACK
6
CONTINUOUS
10
0.1927438188976378
20
0.3044127952755906
11
0.1925391732283465
21
0.3042081496062992
0
LINE
8
BLACK
6
CONTINUOUS
10
0.1925391732283465
20
0.3042081496062992
11
0.1923787795275591
21
0.3039675590551181
0
LINE
8
BLACK
6
CONTINUOUS
10
0.1923787795275591
20
0.3039675590551181
11
0.1921359448818898
21
0.3038049606299212
0
LINE
8
BLACK
6
CONTINUOUS
10
0.1921359448818898
20
0.3038049606299212
11
0.1919291732283465
21
0.3035981496062992
0
LINE
8
BLACK
6
CONTINUOUS
10
0.1919291732283465
20
0.3035981496062992
11
0.1916618897637795
21
0.3034874409448819
0
LINE
8
BLACK
6
CONTINUOUS
10
0.1916618897637795
20
0.3034874409448819
11
0.1914215354330709
21
0.3033264566929134
0
LINE
8
BLACK
6
CONTINUOUS
10
0.1914215354330709
20
0.3033264566929134
11
0.1908677559055118
21
0.3031578346456693
0
LINE
8
BLACK
6
CONTINUOUS
10
0.1908677559055118
20
0.3031578346456693
11
0.1744938188976378
21
0.2998830708661417
0
LINE
8
BLACK
6
CONTINUOUS
10
0.1744938188976378
20
0.2998830708661417
11
0.1744938188976378
21
0.2955017322834645
0
LINE
8
BLACK
6
CONTINUOUS
10
0.1744938188976378
20
0.2955017322834645
11
0.1756166535433071
21
0.2932559842519685
0
LINE
8
BLACK
6
CONTINUOUS
10
0.1756166535433071
20
0.2932559842519685
11
0.1778624015748032
21
0.2921331102362205
0
LINE
8
BLACK
6
CONTINUOUS
10
0.1778624015748032
20
0.2921331102362205
11
0.1839673622047244
21
0.2921331102362205
0
LINE
8
BLACK
6
CONTINUOUS
10
0.1839673622047244
20
0.2921331102362205
11
0.1870934251968504
21
0.2936961417322835
0
LINE
8
BLACK
6
CONTINUOUS
10
0.1870934251968504
20
0.2936961417322835
11
0.1876340157480315
21
0.293903031496063
0
LINE
8
BLACK
6
CONTINUOUS
10
0.1876340157480315
20
0.293903031496063
11
0.1887832283464567
21
0.2939846850393701
0
LINE
8
BLACK
6
CONTINUOUS
10
0.1887832283464567
20
0.2939846850393701
11
0.1898762204724409
21
0.2936203543307087
0
LINE
8
BLACK
6
CONTINUOUS
10
0.1898762204724409
20
0.2936203543307087
11
0.1907465748031496
21
0.2928655118110236
0
LINE
8
BLACK
6
CONTINUOUS
10
0.1907465748031496
20
0.2928655118110236
11
0.1912618503937008
21
0.291835
0
LINE
8
BLACK
6
CONTINUOUS
10
0.1912618503937008
20
0.291835
11
0.1913435039370079
21
0.2906857874015748
0
LINE
8
BLACK
6
CONTINUOUS
10
0.1913435039370079
20
0.2906857874015748
11
0.1909791732283465
21
0.2895928346456693
0
LINE
8
BLACK
6
CONTINUOUS
10
0.1909791732283465
20
0.2895928346456693
11
0.1902243307086614
21
0.2887224409448819
0
LINE
8
BLACK
6
CONTINUOUS
10
0.1902243307086614
20
0.2887224409448819
11
0.1897344488188976
21
0.2884140944881889
0
LINE
8
BLACK
6
CONTINUOUS
10
0.1897344488188976
20
0.2884140944881889
11
0.1859849212598425
21
0.2865393307086614
0
LINE
8
BLACK
6
CONTINUOUS
10
0.1859849212598425
20
0.2865393307086614
11
0.1854442913385827
21
0.2863324409448819
0
LINE
8
BLACK
6
CONTINUOUS
10
0.1854442913385827
20
0.2863324409448819
11
0.1853384645669291
21
0.2863249606299212
0
LINE
8
BLACK
6
CONTINUOUS
10
0.1853384645669291
20
0.2863249606299212
11
0.1852404724409449
21
0.2862843307086614
0
LINE
8
BLACK
6
CONTINUOUS
10
0.1852404724409449
20
0.2862843307086614
11
0.1846644094488189
21
0.2862275984251968
0
LINE
8
BLACK
6
CONTINUOUS
10
0.1846644094488189
20
0.2862275984251968
11
0.1771653543307087
21
0.2862275984251968
0
LINE
8
BLACK
6
CONTINUOUS
10
0.1771653543307087
20
0.2862275984251968
11
0.1765892913385827
21
0.2862843307086614
0
LINE
8
BLACK
6
CONTINUOUS
10
0.1765892913385827
20
0.2862843307086614
11
0.1764912992125984
21
0.2863249212598425
0
LINE
8
BLACK
6
CONTINUOUS
10
0.1764912992125984
20
0.2863249212598425
11
0.1763854330708661
21
0.2863324409448819
0
LINE
8
BLACK
6
CONTINUOUS
10
0.1763854330708661
20
0.2863324409448819
11
0.175844842519685
21
0.2865393307086614
0
LINE
8
BLACK
6
CONTINUOUS
10
0.175844842519685
20
0.2865393307086614
11
0.1720953149606299
21
0.2884140944881889
0
LINE
8
BLACK
6
CONTINUOUS
10
0.1720953149606299
20
0.2884140944881889
11
0.171998937007874
21
0.2884747637795276
0
LINE
8
BLACK
6
CONTINUOUS
10
0.171998937007874
20
0.2884747637795276
11
0.1719535433070866
21
0.2884898818897638
0
LINE
8
BLACK
6
CONTINUOUS
10
0.1719535433070866
20
0.2884898818897638
11
0.171896968503937
21
0.288538937007874
0
LINE
8
BLACK
6
CONTINUOUS
10
0.171896968503937
20
0.288538937007874
11
0.1716054330708661
21
0.2887224409448819
0
LINE
8
BLACK
6
CONTINUOUS
10
0.1716054330708661
20
0.2887224409448819
11
0.1713627559055118
21
0.2890022834645669
0
LINE
8
BLACK
6
CONTINUOUS
10
0.1713627559055118
20
0.2890022834645669
11
0.1710831496062992
21
0.2892447637795276
0
LINE
8
BLACK
6
CONTINUOUS
10
0.1710831496062992
20
0.2892447637795276
11
0.1708996456692913
21
0.2895362598425197
0
LINE
8
BLACK
6
CONTINUOUS
10
0.1708996456692913
20
0.2895362598425197
11
0.1708505905511811
21
0.2895928346456693
0
LINE
8
BLACK
6
CONTINUOUS
10
0.1708505905511811
20
0.2895928346456693
11
0.1708354330708661
21
0.2896383070866141
0
LINE
8
BLACK
6
CONTINUOUS
10
0.1708354330708661
20
0.2896383070866141
11
0.1707748031496063
21
0.2897346062992126
0
LINE
8
BLACK
6
CONTINUOUS
10
0.1707748031496063
20
0.2897346062992126
11
0.1689000393700787
21
0.2934841732283465
0
LINE
8
BLACK
6
CONTINUOUS
10
0.1689000393700787
20
0.2934841732283465
11
0.1686931496062992
21
0.2940248031496063
0
LINE
8
BLACK
6
CONTINUOUS
10
0.1686931496062992
20
0.2940248031496063
11
0.1686856299212598
21
0.2941306299212598
0
LINE
8
BLACK
6
CONTINUOUS
10
0.1686856299212598
20
0.2941306299212598
11
0.1686450393700787
21
0.2942286220472441
0
LINE
8
BLACK
6
CONTINUOUS
10
0.1686450393700787
20
0.2942286220472441
11
0.1685883070866142
21
0.2948046850393701
0
LINE
8
BLACK
6
CONTINUOUS
10
0.1685883070866142
20
0.2948046850393701
11
0.1685883070866142
21
0.3098027952755906
0
LINE
8
BLACK
6
CONTINUOUS
10
0.1685883070866142
20
0.3098027952755906
11
0.1686450393700787
21
0.3103788582677166
0
LINE
8
BLACK
6
CONTINUOUS
10
0.1686450393700787
20
0.3103788582677166
11
0.1686856299212598
21
0.3104768897637795
0
LINE
8
BLACK
6
CONTINUOUS
10
0.1686856299212598
20
0.3104768897637795
11
0.1686931496062992
21
0.3105826771653543
0
LINE
8
BLACK
6
CONTINUOUS
10
0.1686931496062992
20
0.3105826771653543
11
0.1689000393700787
21
0.3111233070866142
0
LINE
8
BLACK
6
CONTINUOUS
10
0.1689000393700787
20
0.3111233070866142
11
0.1707748031496063
21
0.3148728346456693
0
LINE
8
BLACK
6
CONTINUOUS
10
0.1707748031496063
20
0.3148728346456693
11
0.1708354330708661
21
0.3149692125984252
0
LINE
8
BLACK
6
CONTINUOUS
10
0.1708354330708661
20
0.3149692125984252
11
0.1708505905511811
21
0.3150146062992126
0
LINE
8
BLACK
6
CONTINUOUS
10
0.1708505905511811
20
0.3150146062992126
11
0.1708996062992126
21
0.3150711811023622
0
LINE
8
BLACK
6
CONTINUOUS
10
0.1708996062992126
20
0.3150711811023622
11
0.1710831496062992
21
0.3153627165354331
0
LINE
8
BLACK
6
CONTINUOUS
10
0.1710831496062992
20
0.3153627165354331
11
0.1713628346456693
21
0.3156053149606299
0
LINE
8
BLACK
6
CONTINUOUS
10
0.1713628346456693
20
0.3156053149606299
11
0.1716054330708661
21
0.315885
0
LINE
8
BLACK
6
CONTINUOUS
10
0.1716054330708661
20
0.315885
11
0.171896968503937
21
0.3160685433070866
0
LINE
8
BLACK
6
CONTINUOUS
10
0.171896968503937
20
0.3160685433070866
11
0.1719535433070866
21
0.3161175590551181
0
LINE
8
BLACK
6
CONTINUOUS
10
0.1719535433070866
20
0.3161175590551181
11
0.171998937007874
21
0.3161327165354331
0
LINE
8
BLACK
6
CONTINUOUS
10
0.171998937007874
20
0.3161327165354331
11
0.1720953149606299
21
0.3161933464566929
0
LINE
8
BLACK
6
CONTINUOUS
10
0.1720953149606299
20
0.3161933464566929
11
0.175844842519685
21
0.3180681102362204
0
LINE
8
BLACK
6
CONTINUOUS
10
0.175844842519685
20
0.3180681102362204
11
0.1763854330708661
21
0.318275
0
LINE
8
BLACK
6
CONTINUOUS
10
0.1763854330708661
20
0.318275
11
0.1764912992125984
21
0.3182825590551181
0
LINE
8
BLACK
6
CONTINUOUS
10
0.1764912992125984
20
0.3182825590551181
11
0.1765892913385827
21
0.3183231102362205
0
LINE
8
BLACK
6
CONTINUOUS
10
0.1765892913385827
20
0.3183231102362205
11
0.1771653543307087
21
0.318379842519685
0
LINE
8
BLACK
6
CONTINUOUS
10
0.1771653543307087
20
0.318379842519685
11
0.1846644094488189
21
0.318379842519685
0
LINE
8
BLACK
6
CONTINUOUS
10
0.1846644094488189
20
0.318379842519685
11
0.1852404724409449
21
0.3183231102362205
0
LINE
8
BLACK
6
CONTINUOUS
10
0.1756166535433071
20
0.3113514960629921
11
0.1744938188976378
21
0.309105748031496
0
LINE
8
BLACK
6
CONTINUOUS
10
0.1744938188976378
20
0.309105748031496
11
0.1744938188976378
21
0.3059055511811024
0
LINE
8
BLACK
6
CONTINUOUS
10
0.1744938188976378
20
0.3059055511811024
11
0.1873359448818898
21
0.308473937007874
0
LINE
8
BLACK
6
CONTINUOUS
10
0.1873359448818898
20
0.308473937007874
11
0.1873359448818898
21
0.309105748031496
0
LINE
8
BLACK
6
CONTINUOUS
10
0.1873359448818898
20
0.309105748031496
11
0.1862130708661417
21
0.3113514960629921
0
LINE
8
BLACK
6
CONTINUOUS
10
0.1862130708661417
20
0.3113514960629921
11
0.1839673622047244
21
0.3124743307086614
0
LINE
8
BLACK
6
CONTINUOUS
10
0.1839673622047244
20
0.3124743307086614
11
0.1778624015748032
21
0.3124743307086614
0
LINE
8
BLACK
6
CONTINUOUS
10
0.1778624015748032
20
0.3124743307086614
11
0.1756166535433071
21
0.3113514960629921
0
LINE
8
BLACK
6
CONTINUOUS
10
0.1544338582677165
20
0.3310055511811024
11
0.1552485039370079
21
0.330190905511811
0
LINE
8
BLACK
6
CONTINUOUS
10
0.1552485039370079
20
0.330190905511811
11
0.1556894094488189
21
0.3291264960629921
0
LINE
8
BLACK
6
CONTINUOUS
10
0.1556894094488189
20
0.3291264960629921
11
0.1557461417322835
21
0.3285504330708661
0
LINE
8
BLACK
6
CONTINUOUS
10
0.1557461417322835
20
0.3285504330708661
11
0.1557461417322835
21
0.2955017322834645
0
LINE
8
BLACK
6
CONTINUOUS
10
0.1557461417322835
20
0.2955017322834645
11
0.1568689763779527
21
0.2932559842519685
0
LINE
8
BLACK
6
CONTINUOUS
10
0.1568689763779527
20
0.2932559842519685
11
0.159738188976378
21
0.2918213779527559
0
LINE
8
BLACK
6
CONTINUOUS
10
0.159738188976378
20
0.2918213779527559
11
0.1602280708661417
21
0.291513031496063
0
LINE
8
BLACK
6
CONTINUOUS
10
0.1602280708661417
20
0.291513031496063
11
0.1609829133858268
21
0.2906426377952756
0
LINE
8
BLACK
6
CONTINUOUS
10
0.1609829133858268
20
0.2906426377952756
11
0.1613472440944882
21
0.2895496850393701
0
LINE
8
BLACK
6
CONTINUOUS
10
0.1613472440944882
20
0.2895496850393701
11
0.1612655905511811
21
0.2884004724409449
0
LINE
8
BLACK
6
CONTINUOUS
10
0.1612655905511811
20
0.2884004724409449
11
0.1607503149606299
21
0.2873699606299213
0
LINE
8
BLACK
6
CONTINUOUS
10
0.1607503149606299
20
0.2873699606299213
11
0.1598799606299213
21
0.2866151181102362
0
LINE
8
BLACK
6
CONTINUOUS
10
0.1598799606299213
20
0.2866151181102362
11
0.158786968503937
21
0.2862507874015748
0
LINE
8
BLACK
6
CONTINUOUS
10
0.158786968503937
20
0.2862507874015748
11
0.1576377559055118
21
0.2863324409448819
0
LINE
8
BLACK
6
CONTINUOUS
10
0.1576377559055118
20
0.2863324409448819
11
0.1570971653543307
21
0.2865393307086614
0
LINE
8
BLACK
6
CONTINUOUS
10
0.1570971653543307
20
0.2865393307086614
11
0.1533476377952756
21
0.2884140944881889
0
LINE
8
BLACK
6
CONTINUOUS
10
0.1533476377952756
20
0.2884140944881889
11
0.1532512598425197
21
0.2884747637795276
0
LINE
8
BLACK
6
CONTINUOUS
10
0.1532512598425197
20
0.2884747637795276
11
0.1532058661417323
21
0.2884898818897638
0
LINE
8
BLACK
6
CONTINUOUS
10
0.1532058661417323
20
0.2884898818897638
11
0.1531492913385827
21
0.288538937007874
0
LINE
8
BLACK
6
CONTINUOUS
10
0.1531492913385827
20
0.288538937007874
11
0.1528577559055118
21
0.2887224409448819
0
LINE
8
BLACK
6
CONTINUOUS
10
0.1528577559055118
20
0.2887224409448819
11
0.1526150787401575
21
0.2890022834645669
0
LINE
8
BLACK
6
CONTINUOUS
10
0.1526150787401575
20
0.2890022834645669
11
0.1523354724409449
21
0.2892447637795276
0
LINE
8
BLACK
6
CONTINUOUS
10
0.1523354724409449
20
0.2892447637795276
11
0.152151968503937
21
0.2895362598425197
0
LINE
8
BLACK
6
CONTINUOUS
10
0.152151968503937
20
0.2895362598425197
11
0.1521029133858268
21
0.2895928346456693
0
LINE
8
BLACK
6
CONTINUOUS
10
0.1521029133858268
20
0.2895928346456693
11
0.1520877559055118
21
0.2896383070866141
0
LINE
8
BLACK
6
CONTINUOUS
10
0.1520877559055118
20
0.2896383070866141
11
0.152027125984252
21
0.2897346062992126
0
LINE
8
BLACK
6
CONTINUOUS
10
0.152027125984252
20
0.2897346062992126
11
0.1501523622047244
21
0.2934841732283465
0
LINE
8
BLACK
6
CONTINUOUS
10
0.1501523622047244
20
0.2934841732283465
11
0.1499454724409449
21
0.2940248031496063
0
LINE
8
BLACK
6
CONTINUOUS
10
0.1499454724409449
20
0.2940248031496063
11
0.1499379527559055
21
0.2941306299212598
0
LINE
8
BLACK
6
CONTINUOUS
10
0.1499379527559055
20
0.2941306299212598
11
0.1498973622047244
21
0.2942286220472441
0
LINE
8
BLACK
6
CONTINUOUS
10
0.1498973622047244
20
0.2942286220472441
11
0.1498406299212598
21
0.2948046850393701
0
LINE
8
BLACK
6
CONTINUOUS
10
0.1498406299212598
20
0.2948046850393701
11
0.1498406299212598
21
0.3285504330708661
0
LINE
8
BLACK
6
CONTINUOUS
10
0.1498406299212598
20
0.3285504330708661
11
0.1498973622047244
21
0.3291264960629921
0
LINE
8
BLACK
6
CONTINUOUS
10
0.1498973622047244
20
0.3291264960629921
11
0.1503382677165354
21
0.330190905511811
0
LINE
8
BLACK
6
CONTINUOUS
10
0.1503382677165354
20
0.330190905511811
11
0.1511529133858268
21
0.3310055511811024
0
LINE
8
BLACK
6
CONTINUOUS
10
0.1511529133858268
20
0.3310055511811024
11
0.1522173228346457
21
0.3314464566929134
0
LINE
8
BLACK
6
CONTINUOUS
10
0.1522173228346457
20
0.3314464566929134
11
0.1533694488188976
21
0.3314464566929134
0
LINE
8
BLACK
6
CONTINUOUS
10
0.1533694488188976
20
0.3314464566929134
11
0.1544338582677165
21
0.3310055511811024
0
LINE
8
BLACK
6
CONTINUOUS
10
-0.1621032677165354
20
0.3314464566929134
11
-0.1615912204724409
21
0.3314464566929134
0
LINE
8
BLACK
6
CONTINUOUS
10
-0.1615912204724409
20
0.3314464566929134
11
-0.1615304724409449
21
0.3314212992125984
0
LINE
8
BLACK
6
CONTINUOUS
10
-0.1615304724409449
20
0.3314212992125984
11
-0.1614646062992126
21
0.3314183858267716
0
LINE
8
BLACK
6
CONTINUOUS
10
-0.1614646062992126
20
0.3314183858267716
11
-0.1609997637795275
21
0.3312014960629921
0
LINE
8
BLACK
6
CONTINUOUS
10
-0.1609997637795275
20
0.3312014960629921
11
-0.160526811023622
21
0.3310055511811024
0
LINE
8
BLACK
6
CONTINUOUS
10
-0.160526811023622
20
0.3310055511811024
11
-0.1604803149606299
21
0.3309590551181102
0
LINE
8
BLACK
6
CONTINUOUS
10
-0.1604803149606299
20
0.3309590551181102
11
-0.1604205905511811
21
0.3309311811023622
0
LINE
8
BLACK
6
CONTINUOUS
10
-0.1604205905511811
20
0.3309311811023622
11
-0.1600743700787401
21
0.3305531102362205
0
LINE
8
BLACK
6
CONTINUOUS
10
-0.1600743700787401
20
0.3305531102362205
11
-0.1597121653543307
21
0.330190905511811
0
LINE
8
BLACK
6
CONTINUOUS
10
-0.1597121653543307
20
0.330190905511811
11
-0.159686968503937
21
0.3301300787401575
0
LINE
8
BLACK
6
CONTINUOUS
10
-0.159686968503937
20
0.3301300787401575
11
-0.1596424803149606
21
0.3300814960629921
0
LINE
8
BLACK
6
CONTINUOUS
10
-0.1596424803149606
20
0.3300814960629921
11
-0.1594674015748032
21
0.3296
0
LINE
8
BLACK
6
CONTINUOUS
10
-0.1594674015748032
20
0.3296
11
-0.1592712598425197
21
0.3291264960629921
0
LINE
8
BLACK
6
CONTINUOUS
10
-0.1592712598425197
20
0.3291264960629921
11
-0.1592623622047244
21
0.3290361417322835
0
LINE
8
BLACK
6
CONTINUOUS
10
-0.1592623622047244
20
0.3290361417322835
11
-0.1592487795275591
21
0.3289987795275591
0
LINE
8
BLACK
6
CONTINUOUS
10
-0.1592487795275591
20
0.3289987795275591
11
-0.1592518503937008
21
0.3289292519685039
0
LINE
8
BLACK
6
CONTINUOUS
10
-0.1592518503937008
20
0.3289292519685039
11
-0.1592145275590551
21
0.3285504330708661
0
LINE
8
BLACK
6
CONTINUOUS
10
-0.1592145275590551
20
0.3285504330708661
11
-0.1592145275590551
21
0.2891803543307087
0
LINE
8
BLACK
6
CONTINUOUS
10
-0.1592145275590551
20
0.2891803543307087
11
-0.1592712598425197
21
0.2886042913385827
0
LINE
8
BLACK
6
CONTINUOUS
10
-0.1592712598425197
20
0.2886042913385827
11
-0.1597121653543307
21
0.2875398818897638
0
LINE
8
BLACK
6
CONTINUOUS
10
-0.1597121653543307
20
0.2875398818897638
11
-0.160526811023622
21
0.2867252362204724
0
LINE
8
BLACK
6
CONTINUOUS
10
-0.160526811023622
20
0.2867252362204724
11
-0.1615912204724409
21
0.2862843307086614
0
LINE
8
BLACK
6
CONTINUOUS
10
-0.1615912204724409
20
0.2862843307086614
11
-0.1627433464566929
21
0.2862843307086614
0
LINE
8
BLACK
6
CONTINUOUS
10
-0.1627433464566929
20
0.2862843307086614
11
-0.1638077559055118
21
0.2867252362204724
0
LINE
8
BLACK
6
CONTINUOUS
10
-0.1638077559055118
20
0.2867252362204724
11
-0.1646224015748032
21
0.2875398818897638
0
LINE
8
BLACK
6
CONTINUOUS
10
-0.1646224015748032
20
0.2875398818897638
11
-0.1650633070866142
21
0.2886042913385827
0
LINE
8
BLACK
6
CONTINUOUS
10
-0.1650633070866142
20
0.2886042913385827
11
-0.1651200393700787
21
0.2891803543307087
0
LINE
8
BLACK
6
CONTINUOUS
10
-0.1651200393700787
20
0.2891803543307087
11
-0.1651200393700787
21
0.3152407086614173
0
LINE
8
BLACK
6
CONTINUOUS
10
-0.1651200393700787
20
0.3152407086614173
11
-0.1726148818897638
21
0.2991803149606299
0
LINE
8
BLACK
6
CONTINUOUS
10
-0.1726148818897638
20
0.2991803149606299
11
-0.172739842519685
21
0.2989694094488189
0
LINE
8
BLACK
6
CONTINUOUS
10
-0.172739842519685
20
0.2989694094488189
11
-0.1727658267716535
21
0.2988979133858268
0
LINE
8
BLACK
6
CONTINUOUS
10
-0.1727658267716535
20
0.2988979133858268
11
-0.1728121653543307
21
0.2988473622047244
0
LINE
8
BLACK
6
CONTINUOUS
10
-0.1728121653543307
20
0.2988473622047244
11
-0.1729099212598425
21
0.2986822834645669
0
LINE
8
BLACK
6
CONTINUOUS
10
-0.1729099212598425
20
0.2986822834645669
11
-0.1732407480314961
21
0.2983793700787402
0
LINE
8
BLACK
6
CONTINUOUS
10
-0.1732407480314961
20
0.2983793700787402
11
-0.173543937007874
21
0.2980482283464567
0
LINE
8
BLACK
6
CONTINUOUS
10
-0.173543937007874
20
0.2980482283464567
11
-0.1736629133858268
21
0.2979927559055118
0
LINE
8
BLACK
6
CONTINUOUS
10
-0.1736629133858268
20
0.2979927559055118
11
-0.1737595669291339
21
0.2979041732283464
0
LINE
8
BLACK
6
CONTINUOUS
10
-0.1737595669291339
20
0.2979041732283464
11
-0.174181062992126
21
0.2977509448818897
0
LINE
8
BLACK
6
CONTINUOUS
10
-0.174181062992126
20
0.2977509448818897
11
-0.1745879527559055
21
0.2975610236220472
0
LINE
8
BLACK
6
CONTINUOUS
10
-0.1745879527559055
20
0.2975610236220472
11
-0.1747191338582677
21
0.2975552755905512
0
LINE
8
BLACK
6
CONTINUOUS
10
-0.1747191338582677
20
0.2975552755905512
11
-0.1748422834645669
21
0.2975104724409449
0
LINE
8
BLACK
6
CONTINUOUS
10
-0.1748422834645669
20
0.2975104724409449
11
-0.1752903937007874
21
0.297530157480315
0
LINE
8
BLACK
6
CONTINUOUS
10
-0.1752903937007874
20
0.297530157480315
11
-0.1757389763779527
21
0.2975104330708661
0
LINE
8
BLACK
6
CONTINUOUS
10
-0.1757389763779527
20
0.2975104330708661
11
-0.1758622834645669
21
0.2975552755905512
0
LINE
8
BLACK
6
CONTINUOUS
10
-0.1758622834645669
20
0.2975552755905512
11
-0.1759933070866142
21
0.2975610236220472
0
LINE
8
BLACK
6
CONTINUOUS
10
-0.1759933070866142
20
0.2975610236220472
11
-0.1763999606299212
21
0.2977508267716535
0
LINE
8
BLACK
6
CONTINUOUS
10
-0.1763999606299212
20
0.2977508267716535
11
-0.1768216929133858
21
0.2979041732283464
0
LINE
8
BLACK
6
CONTINUOUS
10
-0.1768216929133858
20
0.2979041732283464
11
-0.1769185039370079
21
0.2979928346456693
0
LINE
8
BLACK
6
CONTINUOUS
10
-0.1769185039370079
20
0.2979928346456693
11
-0.1770373228346457
21
0.2980482677165354
0
LINE
8
BLACK
6
CONTINUOUS
10
-0.1770373228346457
20
0.2980482677165354
11
-0.1773402755905512
21
0.2983790944881889
0
LINE
8
BLACK
6
CONTINUOUS
10
-0.1773402755905512
20
0.2983790944881889
11
-0.1776713385826772
21
0.2986822440944882
0
LINE
8
BLACK
6
CONTINUOUS
10
-0.1776713385826772
20
0.2986822440944882
11
-0.1777692125984252
21
0.2988474409448819
0
LINE
8
BLACK
6
CONTINUOUS
10
-0.1777692125984252
20
0.2988474409448819
11
-0.1778154330708661
21
0.2988979133858268
0
LINE
8
BLACK
6
CONTINUOUS
10
-0.1778154330708661
20
0.2988979133858268
11
-0.1778414173228346
21
0.2989692913385827
0
LINE
8
BLACK
6
CONTINUOUS
10
-0.1778414173228346
20
0.2989692913385827
11
-0.1779663779527559
21
0.2991802755905512
0
LINE
8
BLACK
6
CONTINUOUS
10
-0.1779663779527559
20
0.2991802755905512
11
-0.1854612204724409
21
0.3152407086614173
0
LINE
8
BLACK
6
CONTINUOUS
10
-0.1854612204724409
20
0.3152407086614173
11
-0.1854612204724409
21
0.2891803543307087
0
LINE
8
BLACK
6
CONTINUOUS
10
-0.1854612204724409
20
0.2891803543307087
11
-0.1855179527559055
21
0.2886042913385827
0
LINE
8
BLACK
6
CONTINUOUS
10
-0.1855179527559055
20
0.2886042913385827
11
-0.1859588582677165
21
0.2875398818897638
0
LINE
8
BLACK
6
CONTINUOUS
10
-0.1859588582677165
20
0.2875398818897638
11
-0.1867735039370079
21
0.2867252362204724
0
LINE
8
BLACK
6
CONTINUOUS
10
-0.1867735039370079
20
0.2867252362204724
11
-0.1878379133858268
21
0.2862843307086614
0
LINE
8
BLACK
6
CONTINUOUS
10
-0.1878379133858268
20
0.2862843307086614
11
-0.1889900393700787
21
0.2862843307086614
0
LINE
8
BLACK
6
CONTINUOUS
10
-0.1889900393700787
20
0.2862843307086614
11
-0.1900544488188976
21
0.2867252362204724
0
LINE
8
BLACK
6
CONTINUOUS
10
-0.1900544488188976
20
0.2867252362204724
11
-0.190869094488189
21
0.2875398818897638
0
LINE
8
BLACK
6
CONTINUOUS
10
-0.190869094488189
20
0.2875398818897638
11
-0.19131
21
0.2886042913385827
0
LINE
8
BLACK
6
CONTINUOUS
10
-0.19131
20
0.2886042913385827
11
-0.1913667322834646
21
0.2891803543307087
0
LINE
8
BLACK
6
CONTINUOUS
10
-0.1913667322834646
20
0.2891803543307087
11
-0.1913667322834646
21
0.3285504330708661
0
LINE
8
BLACK
6
CONTINUOUS
10
-0.1913667322834646
20
0.3285504330708661
11
-0.1913294488188976
21
0.3289292519685039
0
LINE
8
BLACK
6
CONTINUOUS
10
-0.1913294488188976
20
0.3289292519685039
11
-0.1913324803149606
21
0.3289987795275591
0
LINE
8
BLACK
6
CONTINUOUS
10
-0.1913324803149606
20
0.3289987795275591
11
-0.191318937007874
21
0.3290361417322835
0
LINE
8
BLACK
6
CONTINUOUS
10
-0.191318937007874
20
0.3290361417322835
11
-0.19131
21
0.3291264960629921
0
LINE
8
BLACK
6
CONTINUOUS
10
-0.19131
20
0.3291264960629921
11
-0.1911138976377953
21
0.3296
0
LINE
8
BLACK
6
CONTINUOUS
10
-0.1911138976377953
20
0.3296
11
-0.1909387795275591
21
0.3300814960629921
0
LINE
8
BLACK
6
CONTINUOUS
10
-0.1909387795275591
20
0.3300814960629921
11
-0.1908943307086614
21
0.3301300787401575
0
LINE
8
BLACK
6
CONTINUOUS
10
-0.1908943307086614
20
0.3301300787401575
11
-0.190869094488189
21
0.330190905511811
0
LINE
8
BLACK
6
CONTINUOUS
10
-0.190869094488189
20
0.330190905511811
11
-0.1905066929133858
21
0.3305533464566929
0
LINE
8
BLACK
6
CONTINUOUS
10
-0.1905066929133858
20
0.3305533464566929
11
-0.1901606692913386
21
0.3309311417322834
0
LINE
8
BLACK
6
CONTINUOUS
10
-0.1901606692913386
20
0.3309311417322834
11
-0.1901010236220472
21
0.3309590157480315
0
LINE
8
BLACK
6
CONTINUOUS
10
-0.1901010236220472
20
0.3309590157480315
11
-0.1900544488188976
21
0.3310055511811024
0
LINE
8
BLACK
6
CONTINUOUS
10
-0.1900544488188976
20
0.3310055511811024
11
-0.1895811811023622
21
0.3312016141732284
0
LINE
8
BLACK
6
CONTINUOUS
10
-0.1895811811023622
20
0.3312016141732284
11
-0.1891166535433071
21
0.3314183858267716
0
LINE
8
BLACK
6
CONTINUOUS
10
-0.1891166535433071
20
0.3314183858267716
11
-0.1890508661417323
21
0.3314212992125984
0
LINE
8
BLACK
6
CONTINUOUS
10
-0.1890508661417323
20
0.3314212992125984
11
-0.1889900393700787
21
0.3314464566929134
0
LINE
8
BLACK
6
CONTINUOUS
10
-0.1889900393700787
20
0.3314464566929134
11
-0.1884774803149606
21
0.3314464566929134
0
LINE
8
BLACK
6
CONTINUOUS
10
-0.1884774803149606
20
0.3314464566929134
11
-0.1879656299212598
21
0.331468937007874
0
LINE
8
BLACK
6
CONTINUOUS
10
-0.1879656299212598
20
0.331468937007874
11
-0.1879038188976378
21
0.3314464566929134
0
LINE
8
BLACK
6
CONTINUOUS
10
-0.1879038188976378
20
0.3314464566929134
11
-0.1878379133858268
21
0.3314464566929134
0
LINE
8
BLACK
6
CONTINUOUS
10
-0.1878379133858268
20
0.3314464566929134
11
-0.1873644488188976
21
0.3312503543307087
0
LINE
8
BLACK
6
CONTINUOUS
10
-0.1873644488188976
20
0.3312503543307087
11
-0.1868829133858268
21
0.3310752362204724
0
LINE
8
BLACK
6
CONTINUOUS
10
-0.1868829133858268
20
0.3310752362204724
11
-0.1868343700787402
21
0.3310307874015748
0
LINE
8
BLACK
6
CONTINUOUS
10
-0.1868343700787402
20
0.3310307874015748
11
-0.1867735039370079
21
0.3310055511811024
0
LINE
8
BLACK
6
CONTINUOUS
10
-0.1867735039370079
20
0.3310055511811024
11
-0.1864111023622047
21
0.3306431496062992
0
LINE
8
BLACK
6
CONTINUOUS
10
-0.1864111023622047
20
0.3306431496062992
11
-0.1860332677165354
21
0.330297125984252
0
LINE
8
BLACK
6
CONTINUOUS
10
-0.1860332677165354
20
0.330297125984252
11
-0.1859870472440945
21
0.330219094488189
0
LINE
8
BLACK
6
CONTINUOUS
10
-0.1859870472440945
20
0.330219094488189
11
-0.1859588582677165
21
0.330190905511811
0
LINE
8
BLACK
6
CONTINUOUS
10
-0.1859588582677165
20
0.330190905511811
11
-0.1859321653543307
21
0.3301264960629921
0
LINE
8
BLACK
6
CONTINUOUS
10
-0.1859321653543307
20
0.3301264960629921
11
-0.1857382283464567
21
0.3297990944881889
0
LINE
8
BLACK
6
CONTINUOUS
10
-0.1857382283464567
20
0.3297990944881889
11
-0.1752906692913386
21
0.3074114173228346
0
LINE
8
BLACK
6
CONTINUOUS
10
-0.1752906692913386
20
0.3074114173228346
11
-0.164843031496063
21
0.3297991338582677
0
LINE
8
BLACK
6
CONTINUOUS
10
-0.164843031496063
20
0.3297991338582677
11
-0.1646490551181102
21
0.3301266141732284
0
LINE
8
BLACK
6
CONTINUOUS
10
-0.1646490551181102
20
0.3301266141732284
11
-0.1646224015748032
21
0.330190905511811
0
LINE
8
BLACK
6
CONTINUOUS
10
-0.1646224015748032
20
0.330190905511811
11
-0.1645942913385827
21
0.3302190551181102
0
LINE
8
BLACK
6
CONTINUOUS
10
-0.1645942913385827
20
0.3302190551181102
11
-0.1645479921259843
21
0.3302971653543307
0
LINE
8
BLACK
6
CONTINUOUS
10
-0.1645479921259843
20
0.3302971653543307
11
-0.1641699212598425
21
0.3306434251968504
0
LINE
8
BLACK
6
CONTINUOUS
10
-0.1641699212598425
20
0.3306434251968504
11
-0.1638077559055118
21
0.3310055511811024
0
LINE
8
BLACK
6
CONTINUOUS
10
-0.1638077559055118
20
0.3310055511811024
11
-0.1637469291338583
21
0.3310307480314961
0
LINE
8
BLACK
6
CONTINUOUS
10
-0.1637469291338583
20
0.3310307480314961
11
-0.1636983464566929
21
0.3310752362204724
0
LINE
8
BLACK
6
CONTINUOUS
10
-0.1636983464566929
20
0.3310752362204724
11
-0.1632165354330709
21
0.3312504724409449
0
LINE
8
BLACK
6
CONTINUOUS
10
-0.1632165354330709
20
0.3312504724409449
11
-0.1627433464566929
21
0.3314464566929134
0
LINE
8
BLACK
6
CONTINUOUS
10
-0.1627433464566929
20
0.3314464566929134
11
-0.1626775590551181
21
0.3314464566929134
0
LINE
8
BLACK
6
CONTINUOUS
10
-0.1626775590551181
20
0.3314464566929134
11
-0.1626156299212598
21
0.3314689763779528
0
LINE
8
BLACK
6
CONTINUOUS
10
-0.1626156299212598
20
0.3314689763779528
11
-0.1621032677165354
21
0.3314464566929134
0
LINE
8
BLACK
6
CONTINUOUS
10
-0.0603538582677165
20
0.3183231102362205
11
-0.0602558661417323
21
0.3182825196850393
0
LINE
8
BLACK
6
CONTINUOUS
10
-0.0602558661417323
20
0.3182825196850393
11
-0.0601500393700787
21
0.318275
0
LINE
8
BLACK
6
CONTINUOUS
10
-0.0601500393700787
20
0.318275
11
-0.0596094094488189
21
0.3180681102362204
0
LINE
8
BLACK
6
CONTINUOUS
10
-0.0596094094488189
20
0.3180681102362204
11
-0.0558598818897638
21
0.3161933464566929
0
LINE
8
BLACK
6
CONTINUOUS
10
-0.0558598818897638
20
0.3161933464566929
11
-0.0557635433070866
21
0.3161327165354331
0
LINE
8
BLACK
6
CONTINUOUS
10
-0.0557635433070866
20
0.3161327165354331
11
-0.0557181102362205
21
0.3161175590551181
0
LINE
8
BLACK
6
CONTINUOUS
10
-0.0557181102362205
20
0.3161175590551181
11
-0.0556615748031496
21
0.3160685433070866
0
LINE
8
BLACK
6
CONTINUOUS
10
-0.0556615748031496
20
0.3160685433070866
11
-0.05537
21
0.315885
0
LINE
8
BLACK
6
CONTINUOUS
10
-0.05537
20
0.315885
11
-0.0551274409448819
21
0.3156053149606299
0
LINE
8
BLACK
6
CONTINUOUS
10
-0.0551274409448819
20
0.3156053149606299
11
-0.0548477165354331
21
0.3153627165354331
0
LINE
8
BLACK
6
CONTINUOUS
10
-0.0548477165354331
20
0.3153627165354331
11
-0.0546642125984252
21
0.3150711811023622
0
LINE
8
BLACK
6
CONTINUOUS
10
-0.0546642125984252
20
0.3150711811023622
11
-0.054615157480315
21
0.3150146062992126
0
LINE
8
BLACK
6
CONTINUOUS
10
-0.054615157480315
20
0.3150146062992126
11
-0.0546000393700787
21
0.3149692125984252
0
LINE
8
BLACK
6
CONTINUOUS
10
-0.0546000393700787
20
0.3149692125984252
11
-0.0545393700787402
21
0.3148728346456693
0
LINE
8
BLACK
6
CONTINUOUS
10
-0.0545393700787402
20
0.3148728346456693
11
-0.0526646062992126
21
0.3111233070866142
0
LINE
8
BLACK
6
CONTINUOUS
10
-0.0526646062992126
20
0.3111233070866142
11
-0.0524577165354331
21
0.3105827165354331
0
LINE
8
BLACK
6
CONTINUOUS
10
-0.0524577165354331
20
0.3105827165354331
11
-0.0524501968503937
21
0.3104768503937008
0
LINE
8
BLACK
6
CONTINUOUS
10
-0.0524501968503937
20
0.3104768503937008
11
-0.0524096062992126
21
0.3103788582677166
0
LINE
8
BLACK
6
CONTINUOUS
10
-0.0524096062992126
20
0.3103788582677166
11
-0.052352874015748
21
0.3098027952755906
0
LINE
8
BLACK
6
CONTINUOUS
10
-0.052352874015748
20
0.3098027952755906
11
-0.052352874015748
21
0.2891803543307087
0
LINE
8
BLACK
6
CONTINUOUS
10
-0.052352874015748
20
0.2891803543307087
11
-0.0524096062992126
21
0.2886042913385827
0
LINE
8
BLACK
6
CONTINUOUS
10
-0.0524096062992126
20
0.2886042913385827
11
-0.0528505118110236
21
0.2875398818897638
0
LINE
8
BLACK
6
CONTINUOUS
10
-0.0528505118110236
20
0.2875398818897638
11
-0.053665157480315
21
0.2867252362204724
0
LINE
8
BLACK
6
CONTINUOUS
10
-0.053665157480315
20
0.2867252362204724
11
-0.0547295669291339
21
0.2862843307086614
0
LINE
8
BLACK
6
CONTINUOUS
10
-0.0547295669291339
20
0.2862843307086614
11
-0.0558816929133858
21
0.2862843307086614
0
LINE
8
BLACK
6
CONTINUOUS
10
-0.0558816929133858
20
0.2862843307086614
11
-0.0569461023622047
21
0.2867252362204724
0
LINE
8
BLACK
6
CONTINUOUS
10
-0.0569461023622047
20
0.2867252362204724
11
-0.0577607480314961
21
0.2875398818897638
0
LINE
8
BLACK
6
CONTINUOUS
10
-0.0577607480314961
20
0.2875398818897638
11
-0.0582016535433071
21
0.2886042913385827
0
LINE
8
BLACK
6
CONTINUOUS
10
-0.0582016535433071
20
0.2886042913385827
11
-0.0582583858267717
21
0.2891803543307087
0
LINE
8
BLACK
6
CONTINUOUS
10
-0.0582583858267717
20
0.2891803543307087
11
-0.0582583858267717
21
0.309105748031496
0
LINE
8
BLACK
6
CONTINUOUS
10
-0.0582583858267717
20
0.309105748031496
11
-0.0593812598425197
21
0.3113514960629921
0
LINE
8
BLACK
6
CONTINUOUS
10
-0.0593812598425197
20
0.3113514960629921
11
-0.061626968503937
21
0.3124743307086614
0
LINE
8
BLACK
6
CONTINUOUS
10
-0.061626968503937
20
0.3124743307086614
11
-0.0658571653543307
21
0.3124743307086614
0
LINE
8
BLACK
6
CONTINUOUS
10
-0.0658571653543307
20
0.3124743307086614
11
-0.0685546456692913
21
0.3111255905511811
0
LINE
8
BLACK
6
CONTINUOUS
10
-0.0685546456692913
20
0.3111255905511811
11
-0.0692257480314961
21
0.3104544881889764
0
LINE
8
BLACK
6
CONTINUOUS
10
-0.0692257480314961
20
0.3104544881889764
11
-0.0692257480314961
21
0.2891803543307087
0
LINE
8
BLACK
6
CONTINUOUS
10
-0.0692257480314961
20
0.2891803543307087
11
-0.0692824803149606
21
0.2886042913385827
0
LINE
8
BLACK
6
CONTINUOUS
10
-0.0692824803149606
20
0.2886042913385827
11
-0.0697233858267716
21
0.2875398818897638
0
LINE
8
BLACK
6
CONTINUOUS
10
-0.0697233858267716
20
0.2875398818897638
11
-0.070538031496063
21
0.2867252362204724
0
LINE
8
BLACK
6
CONTINUOUS
10
-0.070538031496063
20
0.2867252362204724
11
-0.0716024409448819
21
0.2862843307086614
0
LINE
8
BLACK
6
CONTINUOUS
10
-0.0716024409448819
20
0.2862843307086614
11
-0.0727545669291339
21
0.2862843307086614
0
LINE
8
BLACK
6
CONTINUOUS
10
-0.0727545669291339
20
0.2862843307086614
11
-0.0738189763779528
21
0.2867252362204724
0
LINE
8
BLACK
6
CONTINUOUS
10
-0.0738189763779528
20
0.2867252362204724
11
-0.0746336220472441
21
0.2875398818897638
0
LINE
8
BLACK
6
CONTINUOUS
10
-0.0746336220472441
20
0.2875398818897638
11
-0.0750745275590551
21
0.2886042913385827
0
LINE
8
BLACK
6
CONTINUOUS
10
-0.0750745275590551
20
0.2886042913385827
11
-0.0751312598425197
21
0.2891803543307087
0
LINE
8
BLACK
6
CONTINUOUS
10
-0.0751312598425197
20
0.2891803543307087
11
-0.0751312598425197
21
0.3154270866141732
0
LINE
8
BLACK
6
CONTINUOUS
10
-0.0751312598425197
20
0.3154270866141732
11
-0.0750745275590551
21
0.3160031496062992
0
LINE
8
BLACK
6
CONTINUOUS
10
-0.0750745275590551
20
0.3160031496062992
11
-0.0746336220472441
21
0.3170675590551181
0
LINE
8
BLACK
6
CONTINUOUS
10
-0.0746336220472441
20
0.3170675590551181
11
-0.0738189763779528
21
0.3178822047244094
0
LINE
8
BLACK
6
CONTINUOUS
10
-0.0738189763779528
20
0.3178822047244094
11
-0.0727545669291339
21
0.3183231102362205
0
LINE
8
BLACK
6
CONTINUOUS
10
-0.0727545669291339
20
0.3183231102362205
11
-0.0716024409448819
21
0.3183231102362205
0
LINE
8
BLACK
6
CONTINUOUS
10
-0.0716024409448819
20
0.3183231102362205
11
-0.070538031496063
21
0.3178822047244094
0
LINE
8
BLACK
6
CONTINUOUS
10
-0.070538031496063
20
0.3178822047244094
11
-0.0697742125984252
21
0.3171183858267717
0
LINE
8
BLACK
6
CONTINUOUS
10
-0.0697742125984252
20
0.3171183858267717
11
-0.0678747244094488
21
0.3180681102362204
0
LINE
8
BLACK
6
CONTINUOUS
10
-0.0678747244094488
20
0.3180681102362204
11
-0.0673341338582677
21
0.318275
0
LINE
8
BLACK
6
CONTINUOUS
10
-0.0673341338582677
20
0.318275
11
-0.0672282677165354
21
0.3182825590551181
0
LINE
8
BLACK
6
CONTINUOUS
10
-0.0672282677165354
20
0.3182825590551181
11
-0.0671302755905512
21
0.3183231102362205
0
LINE
8
BLACK
6
CONTINUOUS
10
-0.0671302755905512
20
0.3183231102362205
11
-0.0665542125984252
21
0.318379842519685
0
LINE
8
BLACK
6
CONTINUOUS
10
-0.0665542125984252
20
0.318379842519685
11
-0.0609299212598425
21
0.318379842519685
0
LINE
8
BLACK
6
CONTINUOUS
10
-0.0609299212598425
20
0.318379842519685
11
-0.0603538582677165
21
0.3183231102362205
0
LINE
8
BLACK
6
CONTINUOUS
10
-0.0124202755905512
20
0.3178822047244094
11
-0.0116056299212598
21
0.3170675590551181
0
LINE
8
BLACK
6
CONTINUOUS
10
-0.0116056299212598
20
0.3170675590551181
11
-0.0111647244094488
21
0.3160031496062992
0
LINE
8
BLACK
6
CONTINUOUS
10
-0.0111647244094488
20
0.3160031496062992
11
-0.0111079921259843
21
0.3154270866141732
0
LINE
8
BLACK
6
CONTINUOUS
10
-0.0111079921259843
20
0.3154270866141732
11
-0.0111079921259843
21
0.2891803543307087
0
LINE
8
BLACK
6
CONTINUOUS
10
-0.0111079921259843
20
0.2891803543307087
11
-0.0111647244094488
21
0.2886042913385827
0
LINE
8
BLACK
6
CONTINUOUS
10
-0.0111647244094488
20
0.2886042913385827
11
-0.0116056299212598
21
0.2875398818897638
0
LINE
8
BLACK
6
CONTINUOUS
10
-0.0116056299212598
20
0.2875398818897638
11
-0.0124202755905512
21
0.2867252362204724
0
LINE
8
BLACK
6
CONTINUOUS
10
-0.0124202755905512
20
0.2867252362204724
11
-0.0134846850393701
21
0.2862843307086614
0
LINE
8
BLACK
6
CONTINUOUS
10
-0.0134846850393701
20
0.2862843307086614
11
-0.014636811023622
21
0.2862843307086614
0
LINE
8
BLACK
6
CONTINUOUS
10
-0.014636811023622
20
0.2862843307086614
11
-0.0157012204724409
21
0.2867252362204724
0
LINE
8
BLACK
6
CONTINUOUS
10
-0.0157012204724409
20
0.2867252362204724
11
-0.0165158661417323
21
0.2875398818897638
0
LINE
8
BLACK
6
CONTINUOUS
10
-0.0165158661417323
20
0.2875398818897638
11
-0.0169567716535433
21
0.2886042913385827
0
LINE
8
BLACK
6
CONTINUOUS
10
-0.0169567716535433
20
0.2886042913385827
11
-0.0170135039370079
21
0.2891803543307087
0
LINE
8
BLACK
6
CONTINUOUS
10
-0.0170135039370079
20
0.2891803543307087
11
-0.0170135039370079
21
0.3154270866141732
0
LINE
8
BLACK
6
CONTINUOUS
10
-0.0170135039370079
20
0.3154270866141732
11
-0.0169567716535433
21
0.3160031496062992
0
LINE
8
BLACK
6
CONTINUOUS
10
-0.0169567716535433
20
0.3160031496062992
11
-0.0165158661417323
21
0.3170675590551181
0
LINE
8
BLACK
6
CONTINUOUS
10
-0.0165158661417323
20
0.3170675590551181
11
-0.0157012204724409
21
0.3178822047244094
0
LINE
8
BLACK
6
CONTINUOUS
10
-0.0157012204724409
20
0.3178822047244094
11
-0.014636811023622
21
0.3183231102362205
0
LINE
8
BLACK
6
CONTINUOUS
10
-0.014636811023622
20
0.3183231102362205
11
-0.0134846850393701
21
0.3183231102362205
0
LINE
8
BLACK
6
CONTINUOUS
10
-0.0134846850393701
20
0.3183231102362205
11
-0.0124202755905512
21
0.3178822047244094
0
LINE
8
BLACK
6
CONTINUOUS
10
0.0165115354330709
20
0.3183231102362205
11
0.0166095275590551
21
0.3182825196850393
0
LINE
8
BLACK
6
CONTINUOUS
10
0.0166095275590551
20
0.3182825196850393
11
0.0167153543307087
21
0.318275
0
LINE
8
BLACK
6
CONTINUOUS
10
0.0167153543307087
20
0.318275
11
0.0172559842519685
21
0.3180681102362204
0
LINE
8
BLACK
6
CONTINUOUS
10
0.0172559842519685
20
0.3180681102362204
11
0.0210055118110236
21
0.3161933464566929
0
LINE
8
BLACK
6
CONTINUOUS
10
0.0210055118110236
20
0.3161933464566929
11
0.0211018503937008
21
0.3161327165354331
0
LINE
8
BLACK
6
CONTINUOUS
10
0.0211018503937008
20
0.3161327165354331
11
0.0211472834645669
21
0.3161175590551181
0
LINE
8
BLACK
6
CONTINUOUS
10
0.0211472834645669
20
0.3161175590551181
11
0.0212038188976378
21
0.3160685433070866
0
LINE
8
BLACK
6
CONTINUOUS
10
0.0212038188976378
20
0.3160685433070866
11
0.0214953937007874
21
0.315885
0
LINE
8
BLACK
6
CONTINUOUS
10
0.0214953937007874
20
0.315885
11
0.0217379527559055
21
0.3156053149606299
0
LINE
8
BLACK
6
CONTINUOUS
10
0.0217379527559055
20
0.3156053149606299
11
0.0220176771653543
21
0.3153627165354331
0
LINE
8
BLACK
6
CONTINUOUS
10
0.0220176771653543
20
0.3153627165354331
11
0.0222011811023622
21
0.3150711811023622
0
LINE
8
BLACK
6
CONTINUOUS
10
0.0222011811023622
20
0.3150711811023622
11
0.0222502362204724
21
0.3150146062992126
0
LINE
8
BLACK
6
CONTINUOUS
10
0.0222502362204724
20
0.3150146062992126
11
0.0222653543307087
21
0.3149692125984252
0
LINE
8
BLACK
6
CONTINUOUS
10
0.0222653543307087
20
0.3149692125984252
11
0.0223260236220472
21
0.3148728346456693
0
LINE
8
BLACK
6
CONTINUOUS
10
0.0223260236220472
20
0.3148728346456693
11
0.0242007874015748
21
0.3111233070866142
0
LINE
8
BLACK
6
CONTINUOUS
10
0.0242007874015748
20
0.3111233070866142
11
0.0244076771653543
21
0.3105827165354331
0
LINE
8
BLACK
6
CONTINUOUS
10
0.0244076771653543
20
0.3105827165354331
11
0.0244151968503937
21
0.3104768503937008
0
LINE
8
BLACK
6
CONTINUOUS
10
0.0244151968503937
20
0.3104768503937008
11
0.0244557874015748
21
0.3103788582677166
0
LINE
8
BLACK
6
CONTINUOUS
10
0.0244557874015748
20
0.3103788582677166
11
0.0245125196850394
21
0.3098027952755906
0
LINE
8
BLACK
6
CONTINUOUS
10
0.0245125196850394
20
0.3098027952755906
11
0.0245125196850394
21
0.2891803543307087
0
LINE
8
BLACK
6
CONTINUOUS
10
0.0245125196850394
20
0.2891803543307087
11
0.0244557874015748
21
0.2886042913385827
0
LINE
8
BLACK
6
CONTINUOUS
10
0.0244557874015748
20
0.2886042913385827
11
0.0240148818897638
21
0.2875398818897638
0
LINE
8
BLACK
6
CONTINUOUS
10
0.0240148818897638
20
0.2875398818897638
11
0.0232002362204724
21
0.2867252362204724
0
LINE
8
BLACK
6
CONTINUOUS
10
0.0232002362204724
20
0.2867252362204724
11
0.0221358267716535
21
0.2862843307086614
0
LINE
8
BLACK
6
CONTINUOUS
10
0.0221358267716535
20
0.2862843307086614
11
0.0209837007874016
21
0.2862843307086614
0
LINE
8
BLACK
6
CONTINUOUS
10
0.0209837007874016
20
0.2862843307086614
11
0.0199192913385827
21
0.2867252362204724
0
LINE
8
BLACK
6
CONTINUOUS
10
0.0199192913385827
20
0.2867252362204724
11
0.0191046456692913
21
0.2875398818897638
0
LINE
8
BLACK
6
CONTINUOUS
10
0.0191046456692913
20
0.2875398818897638
11
0.0186637401574803
21
0.2886042913385827
0
LINE
8
BLACK
6
CONTINUOUS
10
0.0186637401574803
20
0.2886042913385827
11
0.0186070078740157
21
0.2891803543307087
0
LINE
8
BLACK
6
CONTINUOUS
10
0.0186070078740157
20
0.2891803543307087
11
0.0186070078740157
21
0.309105748031496
0
LINE
8
BLACK
6
CONTINUOUS
10
0.0186070078740157
20
0.309105748031496
11
0.0174841338582677
21
0.3113514960629921
0
LINE
8
BLACK
6
CONTINUOUS
10
0.0174841338582677
20
0.3113514960629921
11
0.0152384251968504
21
0.3124743307086614
0
LINE
8
BLACK
6
CONTINUOUS
10
0.0152384251968504
20
0.3124743307086614
11
0.0110082283464567
21
0.3124743307086614
0
LINE
8
BLACK
6
CONTINUOUS
10
0.0110082283464567
20
0.3124743307086614
11
0.0083107480314961
21
0.3111255905511811
0
LINE
8
BLACK
6
CONTINUOUS
10
0.0083107480314961
20
0.3111255905511811
11
0.0076396456692913
21
0.3104544881889764
0
LINE
8
BLACK
6
CONTINUOUS
10
0.0076396456692913
20
0.3104544881889764
11
0.0076396456692913
21
0.2891803543307087
0
LINE
8
BLACK
6
CONTINUOUS
10
0.0076396456692913
20
0.2891803543307087
11
0.0075829133858268
21
0.2886042913385827
0
LINE
8
BLACK
6
CONTINUOUS
10
0.0075829133858268
20
0.2886042913385827
11
0.0071420078740157
21
0.2875398818897638
0
LINE
8
BLACK
6
CONTINUOUS
10
0.0071420078740157
20
0.2875398818897638
11
0.0063273622047244
21
0.2867252362204724
0
LINE
8
BLACK
6
CONTINUOUS
10
0.0063273622047244
20
0.2867252362204724
11
0.0052629527559055
21
0.2862843307086614
0
LINE
8
BLACK
6
CONTINUOUS
10
0.0052629527559055
20
0.2862843307086614
11
0.0041108267716535
21
0.2862843307086614
0
LINE
8
BLACK
6
CONTINUOUS
10
0.0041108267716535
20
0.2862843307086614
11
0.0030464173228346
21
0.2867252362204724
0
LINE
8
BLACK
6
CONTINUOUS
10
0.0030464173228346
20
0.2867252362204724
11
0.0022317716535433
21
0.2875398818897638
0
LINE
8
BLACK
6
CONTINUOUS
10
0.0022317716535433
20
0.2875398818897638
11
0.0017908661417323
21
0.2886042913385827
0
LINE
8
BLACK
6
CONTINUOUS
10
0.0017908661417323
20
0.2886042913385827
11
0.0017341338582677
21
0.2891803543307087
0
LINE
8
BLACK
6
CONTINUOUS
10
0.0017341338582677
20
0.2891803543307087
11
0.0017341338582677
21
0.3154270866141732
0
LINE
8
BLACK
6
CONTINUOUS
10
0.0017341338582677
20
0.3154270866141732
11
0.0017908661417323
21
0.3160031496062992
0
LINE
8
BLACK
6
CONTINUOUS
10
0.0017908661417323
20
0.3160031496062992
11
0.0022317716535433
21
0.3170675590551181
0
LINE
8
BLACK
6
CONTINUOUS
10
0.0022317716535433
20
0.3170675590551181
11
0.0030464173228346
21
0.3178822047244094
0
LINE
8
BLACK
6
CONTINUOUS
10
0.0030464173228346
20
0.3178822047244094
11
0.0041108267716535
21
0.3183231102362205
0
LINE
8
BLACK
6
CONTINUOUS
10
0.0041108267716535
20
0.3183231102362205
11
0.0052629527559055
21
0.3183231102362205
0
LINE
8
BLACK
6
CONTINUOUS
10
0.0052629527559055
20
0.3183231102362205
11
0.0063273622047244
21
0.3178822047244094
0
LINE
8
BLACK
6
CONTINUOUS
10
0.0063273622047244
20
0.3178822047244094
11
0.0070911811023622
21
0.3171183858267717
0
LINE
8
BLACK
6
CONTINUOUS
10
0.0070911811023622
20
0.3171183858267717
11
0.0089906692913386
21
0.3180681102362204
0
LINE
8
BLACK
6
CONTINUOUS
10
0.0089906692913386
20
0.3180681102362204
11
0.0095312598425197
21
0.318275
0
LINE
8
BLACK
6
CONTINUOUS
10
0.0095312598425197
20
0.318275
11
0.009637125984252
21
0.3182825590551181
0
LINE
8
BLACK
6
CONTINUOUS
10
0.009637125984252
20
0.3182825590551181
11
0.0097351181102362
21
0.3183231102362205
0
LINE
8
BLACK
6
CONTINUOUS
10
0.0097351181102362
20
0.3183231102362205
11
0.0103111811023622
21
0.318379842519685
0
LINE
8
BLACK
6
CONTINUOUS
10
0.0103111811023622
20
0.318379842519685
11
0.0159354724409449
21
0.318379842519685
0
LINE
8
BLACK
6
CONTINUOUS
10
0.0159354724409449
20
0.318379842519685
11
0.0165115354330709
21
0.3183231102362205
0
LINE
8
BLACK
6
CONTINUOUS
10
0.0775684645669291
20
0.3310055511811024
11
0.0783831102362205
21
0.330190905511811
0
LINE
8
BLACK
6
CONTINUOUS
10
0.0783831102362205
20
0.330190905511811
11
0.0788240157480315
21
0.3291264960629921
0
LINE
8
BLACK
6
CONTINUOUS
10
0.0788240157480315
20
0.3291264960629921
11
0.0788807480314961
21
0.3285504330708661
0
LINE
8
BLACK
6
CONTINUOUS
10
0.0788807480314961
20
0.3285504330708661
11
0.0788807480314961
21
0.3127555511811024
0
LINE
8
BLACK
6
CONTINUOUS
10
0.0788807480314961
20
0.3127555511811024
11
0.0954724015748031
21
0.3127555511811024
0
LINE
8
BLACK
6
CONTINUOUS
10
0.0954724015748031
20
0.3127555511811024
11
0.0954724015748031
21
0.3285504330708661
0
LINE
8
BLACK
6
CONTINUOUS
10
0.0954724015748031
20
0.3285504330708661
11
0.0955291338582677
21
0.3291264960629921
0
LINE
8
BLACK
6
CONTINUOUS
10
0.0955291338582677
20
0.3291264960629921
11
0.0959700393700787
21
0.330190905511811
0
LINE
8
BLACK
6
CONTINUOUS
10
0.0959700393700787
20
0.330190905511811
11
0.0967846850393701
21
0.3310055511811024
0
LINE
8
BLACK
6
CONTINUOUS
10
0.0967846850393701
20
0.3310055511811024
11
0.097849094488189
21
0.3314464566929134
0
LINE
8
BLACK
6
CONTINUOUS
10
0.097849094488189
20
0.3314464566929134
11
0.0990012204724409
21
0.3314464566929134
0
LINE
8
BLACK
6
CONTINUOUS
10
0.0990012204724409
20
0.3314464566929134
11
0.1000656299212598
21
0.3310055511811024
0
LINE
8
BLACK
6
CONTINUOUS
10
0.1000656299212598
20
0.3310055511811024
11
0.1008802755905512
21
0.330190905511811
0
LINE
8
BLACK
6
CONTINUOUS
10
0.1008802755905512
20
0.330190905511811
11
0.1013211811023622
21
0.3291264960629921
0
LINE
8
BLACK
6
CONTINUOUS
10
0.1013211811023622
20
0.3291264960629921
11
0.1013779133858268
21
0.3285504330708661
0
LINE
8
BLACK
6
CONTINUOUS
10
0.1013779133858268
20
0.3285504330708661
11
0.1013779133858268
21
0.2891803543307087
0
LINE
8
BLACK
6
CONTINUOUS
10
0.1013779133858268
20
0.2891803543307087
11
0.1013211811023622
21
0.2886042913385827
0
LINE
8
BLACK
6
CONTINUOUS
10
0.1013211811023622
20
0.2886042913385827
11
0.1008802755905512
21
0.2875398818897638
0
LINE
8
BLACK
6
CONTINUOUS
10
0.1008802755905512
20
0.2875398818897638
11
0.1000656299212598
21
0.2867252362204724
0
LINE
8
BLACK
6
CONTINUOUS
10
0.1000656299212598
20
0.2867252362204724
11
0.0990012204724409
21
0.2862843307086614
0
LINE
8
BLACK
6
CONTINUOUS
10
0.0990012204724409
20
0.2862843307086614
11
0.097849094488189
21
0.2862843307086614
0
LINE
8
BLACK
6
CONTINUOUS
10
0.097849094488189
20
0.2862843307086614
11
0.0967846850393701
21
0.2867252362204724
0
LINE
8
BLACK
6
CONTINUOUS
10
0.0967846850393701
20
0.2867252362204724
11
0.0959700393700787
21
0.2875398818897638
0
LINE
8
BLACK
6
CONTINUOUS
10
0.0959700393700787
20
0.2875398818897638
11
0.0955291338582677
21
0.2886042913385827
0
LINE
8
BLACK
6
CONTINUOUS
10
0.0955291338582677
20
0.2886042913385827
11
0.0954724015748031
21
0.2891803543307087
0
LINE
8
BLACK
6
CONTINUOUS
10
0.0954724015748031
20
0.2891803543307087
11
0.0954724015748031
21
0.3068500393700787
0
LINE
8
BLACK
6
CONTINUOUS
10
0.0954724015748031
20
0.3068500393700787
11
0.0788807480314961
21
0.3068500393700787
0
LINE
8
BLACK
6
CONTINUOUS
10
0.0788807480314961
20
0.3068500393700787
11
0.0788807480314961
21
0.2891803543307087
0
LINE
8
BLACK
6
CONTINUOUS
10
0.0788807480314961
20
0.2891803543307087
11
0.0788240157480315
21
0.2886042913385827
0
LINE
8
BLACK
6
CONTINUOUS
10
0.0788240157480315
20
0.2886042913385827
11
0.0783831102362205
21
0.2875398818897638
0
LINE
8
BLACK
6
CONTINUOUS
10
0.0783831102362205
20
0.2875398818897638
11
0.0775684645669291
21
0.2867252362204724
0
LINE
8
BLACK
6
CONTINUOUS
10
0.0775684645669291
20
0.2867252362204724
11
0.0765040551181102
21
0.2862843307086614
0
LINE
8
BLACK
6
CONTINUOUS
10
0.0765040551181102
20
0.2862843307086614
11
0.0753519291338583
21
0.2862843307086614
0
LINE
8
BLACK
6
CONTINUOUS
10
0.0753519291338583
20
0.2862843307086614
11
0.0742875196850394
21
0.2867252362204724
0
LINE
8
BLACK
6
CONTINUOUS
10
0.0742875196850394
20
0.2867252362204724
11
0.073472874015748
21
0.2875398818897638
0
LINE
8
BLACK
6
CONTINUOUS
10
0.073472874015748
20
0.2875398818897638
11
0.073031968503937
21
0.2886042913385827
0
LINE
8
BLACK
6
CONTINUOUS
10
0.073031968503937
20
0.2886042913385827
11
0.0729752362204724
21
0.2891803543307087
0
LINE
8
BLACK
6
CONTINUOUS
10
0.0729752362204724
20
0.2891803543307087
11
0.0729752362204724
21
0.3285504330708661
0
LINE
8
BLACK
6
CONTINUOUS
10
0.0729752362204724
20
0.3285504330708661
11
0.073031968503937
21
0.3291264960629921
0
LINE
8
BLACK
6
CONTINUOUS
10
0.073031968503937
20
0.3291264960629921
11
0.073472874015748
21
0.330190905511811
0
LINE
8
BLACK
6
CONTINUOUS
10
0.073472874015748
20
0.330190905511811
11
0.0742875196850394
21
0.3310055511811024
0
LINE
8
BLACK
6
CONTINUOUS
10
0.0742875196850394
20
0.3310055511811024
11
0.0753519291338583
21
0.3314464566929134
0
LINE
8
BLACK
6
CONTINUOUS
10
0.0753519291338583
20
0.3314464566929134
11
0.0765040551181102
21
0.3314464566929134
0
LINE
8
BLACK
6
CONTINUOUS
10
0.0765040551181102
20
0.3314464566929134
11
0.0775684645669291
21
0.3310055511811024
0
LINE
8
BLACK
6
CONTINUOUS
10
-0.0125885039370079
20
0.3310752362204724
11
-0.0124202755905512
21
0.3310055511811024
0
LINE
8
BLACK
6
CONTINUOUS
10
-0.0124202755905512
20
0.3310055511811024
11
-0.0119728346456693
21
0.3306383464566929
0
LINE
8
BLACK
6
CONTINUOUS
10
-0.0119728346456693
20
0.3306383464566929
11
-0.0100980708661417
21
0.3287635826771653
0
LINE
8
BLACK
6
CONTINUOUS
10
-0.0100980708661417
20
0.3287635826771653
11
-0.0097308661417323
21
0.3283161417322835
0
LINE
8
BLACK
6
CONTINUOUS
10
-0.0097308661417323
20
0.3283161417322835
11
-0.0093106692913386
21
0.3273017716535433
0
LINE
8
BLACK
6
CONTINUOUS
10
-0.0093106692913386
20
0.3273017716535433
11
-0.0092899606299213
21
0.3272516929133858
0
LINE
8
BLACK
6
CONTINUOUS
10
-0.0092899606299213
20
0.3272516929133858
11
-0.0092899606299213
21
0.3260996062992126
0
LINE
8
BLACK
6
CONTINUOUS
10
-0.0092899606299213
20
0.3260996062992126
11
-0.0097308661417323
21
0.3250351968503937
0
LINE
8
BLACK
6
CONTINUOUS
10
-0.0097308661417323
20
0.3250351968503937
11
-0.0100980708661417
21
0.3245877559055118
0
LINE
8
BLACK
6
CONTINUOUS
10
-0.0100980708661417
20
0.3245877559055118
11
-0.0119728346456693
21
0.3227129921259843
0
LINE
8
BLACK
6
CONTINUOUS
10
-0.0119728346456693
20
0.3227129921259843
11
-0.0124202755905512
21
0.3223457874015748
0
LINE
8
BLACK
6
CONTINUOUS
10
-0.0124202755905512
20
0.3223457874015748
11
-0.0134846850393701
21
0.3219048818897638
0
LINE
8
BLACK
6
CONTINUOUS
10
-0.0134846850393701
20
0.3219048818897638
11
-0.0134847244094488
21
0.3219048818897638
0
LINE
8
BLACK
6
CONTINUOUS
10
-0.0134847244094488
20
0.3219048818897638
11
-0.0146367716535433
21
0.3219048818897638
0
LINE
8
BLACK
6
CONTINUOUS
10
-0.0146367716535433
20
0.3219048818897638
11
-0.014636811023622
21
0.3219048818897638
0
LINE
8
BLACK
6
CONTINUOUS
10
-0.014636811023622
20
0.3219048818897638
11
-0.0157012204724409
21
0.3223457874015748
0
LINE
8
BLACK
6
CONTINUOUS
10
-0.0157012204724409
20
0.3223457874015748
11
-0.0161486614173228
21
0.3227129921259843
0
LINE
8
BLACK
6
CONTINUOUS
10
-0.0161486614173228
20
0.3227129921259843
11
-0.0180234251968504
21
0.3245877559055118
0
LINE
8
BLACK
6
CONTINUOUS
10
-0.0180234251968504
20
0.3245877559055118
11
-0.0183906299212598
21
0.3250351968503937
0
LINE
8
BLACK
6
CONTINUOUS
10
-0.0183906299212598
20
0.3250351968503937
11
-0.0188315354330709
21
0.3260996456692913
0
LINE
8
BLACK
6
CONTINUOUS
10
-0.0188315354330709
20
0.3260996456692913
11
-0.0188315354330709
21
0.3272516929133858
0
LINE
8
BLACK
6
CONTINUOUS
10
-0.0188315354330709
20
0.3272516929133858
11
-0.0183906299212598
21
0.3283161417322835
0
LINE
8
BLACK
6
CONTINUOUS
10
-0.0183906299212598
20
0.3283161417322835
11
-0.0180234251968504
21
0.3287635826771653
0
LINE
8
BLACK
6
CONTINUOUS
10
-0.0180234251968504
20
0.3287635826771653
11
-0.0161486614173228
21
0.3306383464566929
0
LINE
8
BLACK
6
CONTINUOUS
10
-0.0161486614173228
20
0.3306383464566929
11
-0.0157012204724409
21
0.3310055511811024
0
LINE
8
BLACK
6
CONTINUOUS
10
-0.0157012204724409
20
0.3310055511811024
11
-0.014636811023622
21
0.3314464566929134
0
LINE
8
BLACK
6
CONTINUOUS
10
-0.014636811023622
20
0.3314464566929134
11
-0.0134847244094488
21
0.3314464566929134
0
LINE
8
BLACK
6
CONTINUOUS
10
-0.0134847244094488
20
0.3314464566929134
11
-0.0134846850393701
21
0.3314464566929134
0
LINE
8
BLACK
6
CONTINUOUS
10
-0.0134846850393701
20
0.3314464566929134
11
-0.0125885039370079
21
0.3310752362204724
0
LINE
8
BLACK
6
CONTINUOUS
10
0.0139694488188976
20
0.4968007874015748
11
0.0142618503937008
21
0.4968007874015748
0
LINE
8
BLACK
6
CONTINUOUS
10
0.0142618503937008
20
0.4968007874015748
11
0.014529094488189
21
0.4966900787401575
0
LINE
8
BLACK
6
CONTINUOUS
10
0.014529094488189
20
0.4966900787401575
11
0.0148129133858268
21
0.496633937007874
0
LINE
8
BLACK
6
CONTINUOUS
10
0.0148129133858268
20
0.496633937007874
11
0.0150561811023622
21
0.4964717716535433
0
LINE
8
BLACK
6
CONTINUOUS
10
0.0150561811023622
20
0.4964717716535433
11
0.0153262598425197
21
0.4963598818897638
0
LINE
8
BLACK
6
CONTINUOUS
10
0.0153262598425197
20
0.4963598818897638
11
0.0155307086614173
21
0.4961554330708661
0
LINE
8
BLACK
6
CONTINUOUS
10
0.0155307086614173
20
0.4961554330708661
11
0.0157715354330709
21
0.4959948818897638
0
LINE
8
BLACK
6
CONTINUOUS
10
0.0157715354330709
20
0.4959948818897638
11
0.0159342519685039
21
0.4957518897637795
0
LINE
8
BLACK
6
CONTINUOUS
10
0.0159342519685039
20
0.4957518897637795
11
0.016140905511811
21
0.4955452362204724
0
LINE
8
BLACK
6
CONTINUOUS
10
0.016140905511811
20
0.4955452362204724
11
0.0162515748031496
21
0.495278031496063
0
LINE
8
BLACK
6
CONTINUOUS
10
0.0162515748031496
20
0.495278031496063
11
0.0164125984251969
21
0.4950375984251968
0
LINE
8
BLACK
6
CONTINUOUS
10
0.0164125984251969
20
0.4950375984251968
11
0.0164699212598425
21
0.4947509448818898
0
LINE
8
BLACK
6
CONTINUOUS
10
0.0164699212598425
20
0.4947509448818898
11
0.016581811023622
21
0.4944808267716536
0
LINE
8
BLACK
6
CONTINUOUS
10
0.016581811023622
20
0.4944808267716536
11
0.0166379133858268
21
0.493910905511811
0
LINE
8
BLACK
6
CONTINUOUS
10
0.0166379133858268
20
0.493910905511811
11
0.0166385433070866
21
0.493907874015748
0
LINE
8
BLACK
6
CONTINUOUS
10
0.0166385433070866
20
0.493907874015748
11
0.0166383070866142
21
0.4939068503937008
0
LINE
8
BLACK
6
CONTINUOUS
10
0.0166383070866142
20
0.4939068503937008
11
0.0166385433070866
21
0.4939047637795275
0
LINE
8
BLACK
6
CONTINUOUS
10
0.0166385433070866
20
0.4939047637795275
11
0.0166385433070866
21
0.4574874409448819
0
LINE
8
BLACK
6
CONTINUOUS
10
0.0166385433070866
20
0.4574874409448819
11
0.0249343700787402
21
0.4574874409448819
0
LINE
8
BLACK
6
CONTINUOUS
10
0.0249343700787402
20
0.4574874409448819
11
0.0255104330708661
21
0.4574307086614173
0
LINE
8
BLACK
6
CONTINUOUS
10
0.0255104330708661
20
0.4574307086614173
11
0.026574842519685
21
0.4569898031496063
0
LINE
8
BLACK
6
CONTINUOUS
10
0.026574842519685
20
0.4569898031496063
11
0.0273894881889764
21
0.456175157480315
0
LINE
8
BLACK
6
CONTINUOUS
10
0.0273894881889764
20
0.456175157480315
11
0.0278303937007874
21
0.455110748031496
0
LINE
8
BLACK
6
CONTINUOUS
10
0.0278303937007874
20
0.455110748031496
11
0.0278303937007874
21
0.4539586220472441
0
LINE
8
BLACK
6
CONTINUOUS
10
0.0278303937007874
20
0.4539586220472441
11
0.0273894881889764
21
0.4528942125984252
0
LINE
8
BLACK
6
CONTINUOUS
10
0.0273894881889764
20
0.4528942125984252
11
0.026574842519685
21
0.4520795669291339
0
LINE
8
BLACK
6
CONTINUOUS
10
0.026574842519685
20
0.4520795669291339
11
0.0255104330708661
21
0.4516386614173228
0
LINE
8
BLACK
6
CONTINUOUS
10
0.0255104330708661
20
0.4516386614173228
11
0.0249343700787402
21
0.4515819291338583
0
LINE
8
BLACK
6
CONTINUOUS
10
0.0249343700787402
20
0.4515819291338583
11
0.0024372047244094
21
0.4515819291338583
0
LINE
8
BLACK
6
CONTINUOUS
10
0.0024372047244094
20
0.4515819291338583
11
0.0018611417322835
21
0.4516386614173228
0
LINE
8
BLACK
6
CONTINUOUS
10
0.0018611417322835
20
0.4516386614173228
11
0.0007967322834646
21
0.4520795669291339
0
LINE
8
BLACK
6
CONTINUOUS
10
0.0007967322834646
20
0.4520795669291339
11
-0.0000179133858268
21
0.4528942125984252
0
LINE
8
BLACK
6
CONTINUOUS
10
-0.0000179133858268
20
0.4528942125984252
11
-0.0004588188976378
21
0.4539586220472441
0
LINE
8
BLACK
6
CONTINUOUS
10
-0.0004588188976378
20
0.4539586220472441
11
-0.0004588188976378
21
0.455110748031496
0
LINE
8
BLACK
6
CONTINUOUS
10
-0.0004588188976378
20
0.455110748031496
11
-0.0000179133858268
21
0.456175157480315
0
LINE
8
BLACK
6
CONTINUOUS
10
-0.0000179133858268
20
0.456175157480315
11
0.0007967322834646
21
0.4569898031496063
0
LINE
8
BLACK
6
CONTINUOUS
10
0.0007967322834646
20
0.4569898031496063
11
0.0018611417322835
21
0.4574307086614173
0
LINE
8
BLACK
6
CONTINUOUS
10
0.0018611417322835
20
0.4574307086614173
11
0.0024372047244094
21
0.4574874409448819
0
LINE
8
BLACK
6
CONTINUOUS
10
0.0024372047244094
20
0.4574874409448819
11
0.010733031496063
21
0.4574874409448819
0
LINE
8
BLACK
6
CONTINUOUS
10
0.010733031496063
20
0.4574874409448819
11
0.010733031496063
21
0.4849014173228346
0
LINE
8
BLACK
6
CONTINUOUS
10
0.010733031496063
20
0.4849014173228346
11
0.0082746456692913
21
0.482443031496063
0
LINE
8
BLACK
6
CONTINUOUS
10
0.0082746456692913
20
0.482443031496063
11
0.0080482677165354
21
0.4822572834645669
0
LINE
8
BLACK
6
CONTINUOUS
10
0.0080482677165354
20
0.4822572834645669
11
0.007997125984252
21
0.4821982677165354
0
LINE
8
BLACK
6
CONTINUOUS
10
0.007997125984252
20
0.4821982677165354
11
0.0079081496062992
21
0.4821423228346456
0
LINE
8
BLACK
6
CONTINUOUS
10
0.0079081496062992
20
0.4821423228346456
11
0.0078272047244094
21
0.4820758267716536
0
LINE
8
BLACK
6
CONTINUOUS
10
0.0078272047244094
20
0.4820758267716536
11
0.0077552362204724
21
0.4820460236220472
0
LINE
8
BLACK
6
CONTINUOUS
10
0.0077552362204724
20
0.4820460236220472
11
0.0075072440944882
21
0.4818899212598425
0
LINE
8
BLACK
6
CONTINUOUS
10
0.0075072440944882
20
0.4818899212598425
11
0.0037577165354331
21
0.4800151574803149
0
LINE
8
BLACK
6
CONTINUOUS
10
0.0037577165354331
20
0.4800151574803149
11
0.0032170866141732
21
0.4798082677165354
0
LINE
8
BLACK
6
CONTINUOUS
10
0.0032170866141732
20
0.4798082677165354
11
0.002067874015748
21
0.4797266141732283
0
LINE
8
BLACK
6
CONTINUOUS
10
0.002067874015748
20
0.4797266141732283
11
0.0009749212598425
21
0.4800909448818897
0
LINE
8
BLACK
6
CONTINUOUS
10
0.0009749212598425
20
0.4800909448818897
11
0.0001045275590551
21
0.4808457874015748
0
LINE
8
BLACK
6
CONTINUOUS
10
0.0001045275590551
20
0.4808457874015748
11
-0.0004107086614173
21
0.4818762992125984
0
LINE
8
BLACK
6
CONTINUOUS
10
-0.0004107086614173
20
0.4818762992125984
11
-0.0004923622047244
21
0.4830255118110236
0
LINE
8
BLACK
6
CONTINUOUS
10
-0.0004923622047244
20
0.4830255118110236
11
-0.000128031496063
21
0.4841184645669291
0
LINE
8
BLACK
6
CONTINUOUS
10
-0.000128031496063
20
0.4841184645669291
11
0.000626811023622
21
0.4849888582677165
0
LINE
8
BLACK
6
CONTINUOUS
10
0.000626811023622
20
0.4849888582677165
11
0.0011166929133858
21
0.4852972047244095
0
LINE
8
BLACK
6
CONTINUOUS
10
0.0011166929133858
20
0.4852972047244095
11
0.0044376377952756
21
0.4869576771653543
0
LINE
8
BLACK
6
CONTINUOUS
10
0.0044376377952756
20
0.4869576771653543
11
0.0076415354330709
21
0.4901615748031496
0
LINE
8
BLACK
6
CONTINUOUS
10
0.0076415354330709
20
0.4901615748031496
11
0.011228937007874
21
0.4955426771653543
0
LINE
8
BLACK
6
CONTINUOUS
10
0.011228937007874
20
0.4955426771653543
11
0.0112302755905512
21
0.4955443700787401
0
LINE
8
BLACK
6
CONTINUOUS
10
0.0112302755905512
20
0.4955443700787401
11
0.0112306692913386
21
0.4955452362204724
0
LINE
8
BLACK
6
CONTINUOUS
10
0.0112306692913386
20
0.4955452362204724
11
0.0112326771653543
21
0.4955472834645669
0
LINE
8
BLACK
6
CONTINUOUS
10
0.0112326771653543
20
0.4955472834645669
11
0.0115957086614173
21
0.4959905118110236
0
LINE
8
BLACK
6
CONTINUOUS
10
0.0115957086614173
20
0.4959905118110236
11
0.0118385826771654
21
0.4961531889763779
0
LINE
8
BLACK
6
CONTINUOUS
10
0.0118385826771654
20
0.4961531889763779
11
0.0120453149606299
21
0.4963598818897638
0
LINE
8
BLACK
6
CONTINUOUS
10
0.0120453149606299
20
0.4963598818897638
11
0.0123125984251969
21
0.4964706299212598
0
LINE
8
BLACK
6
CONTINUOUS
10
0.0123125984251969
20
0.4964706299212598
11
0.0125529921259843
21
0.4966315748031496
0
LINE
8
BLACK
6
CONTINUOUS
10
0.0125529921259843
20
0.4966315748031496
11
0.0128396062992126
21
0.496688937007874
0
LINE
8
BLACK
6
CONTINUOUS
10
0.0128396062992126
20
0.496688937007874
11
0.0131097244094488
21
0.4968007874015748
0
LINE
8
BLACK
6
CONTINUOUS
10
0.0131097244094488
20
0.4968007874015748
11
0.0133990157480315
21
0.4968007874015748
0
LINE
8
BLACK
6
CONTINUOUS
10
0.0133990157480315
20
0.4968007874015748
11
0.0136826771653543
21
0.4968575196850394
0
LINE
8
BLACK
6
CONTINUOUS
10
0.0136826771653543
20
0.4968575196850394
11
0.0139694488188976
21
0.4968007874015748
0
LINE
8
BLACK
6
CONTINUOUS
10
0.0536319291338583
20
0.4968007874015748
11
0.0537299212598425
21
0.4967601968503937
0
LINE
8
BLACK
6
CONTINUOUS
10
0.0537299212598425
20
0.4967601968503937
11
0.0538357480314961
21
0.4967526771653543
0
LINE
8
BLACK
6
CONTINUOUS
10
0.0538357480314961
20
0.4967526771653543
11
0.0543763779527559
21
0.4965457874015748
0
LINE
8
BLACK
6
CONTINUOUS
10
0.0543763779527559
20
0.4965457874015748
11
0.058125905511811
21
0.4946710236220472
0
LINE
8
BLACK
6
CONTINUOUS
10
0.058125905511811
20
0.4946710236220472
11
0.0583738976377953
21
0.4945149606299212
0
LINE
8
BLACK
6
CONTINUOUS
10
0.0583738976377953
20
0.4945149606299212
11
0.0584458661417323
21
0.4944851181102362
0
LINE
8
BLACK
6
CONTINUOUS
10
0.0584458661417323
20
0.4944851181102362
11
0.058526811023622
21
0.4944186614173228
0
LINE
8
BLACK
6
CONTINUOUS
10
0.058526811023622
20
0.4944186614173228
11
0.0586157874015748
21
0.4943626771653543
0
LINE
8
BLACK
6
CONTINUOUS
10
0.0586157874015748
20
0.4943626771653543
11
0.0586669291338583
21
0.4943037007874015
0
LINE
8
BLACK
6
CONTINUOUS
10
0.0586669291338583
20
0.4943037007874015
11
0.0588933070866142
21
0.4941179133858268
0
LINE
8
BLACK
6
CONTINUOUS
10
0.0588933070866142
20
0.4941179133858268
11
0.0607680708661417
21
0.4922431496062992
0
LINE
8
BLACK
6
CONTINUOUS
10
0.0607680708661417
20
0.4922431496062992
11
0.0609538188976378
21
0.492016811023622
0
LINE
8
BLACK
6
CONTINUOUS
10
0.0609538188976378
20
0.492016811023622
11
0.0610128346456693
21
0.4919656299212598
0
LINE
8
BLACK
6
CONTINUOUS
10
0.0610128346456693
20
0.4919656299212598
11
0.0610687795275591
21
0.4918766929133858
0
LINE
8
BLACK
6
CONTINUOUS
10
0.0610687795275591
20
0.4918766929133858
11
0.0611352755905512
21
0.4917957086614173
0
LINE
8
BLACK
6
CONTINUOUS
10
0.0611352755905512
20
0.4917957086614173
11
0.0611650787401575
21
0.491723779527559
0
LINE
8
BLACK
6
CONTINUOUS
10
0.0611650787401575
20
0.491723779527559
11
0.0613211811023622
21
0.4914757480314961
0
LINE
8
BLACK
6
CONTINUOUS
10
0.0613211811023622
20
0.4914757480314961
11
0.0631959448818898
21
0.4877262204724409
0
LINE
8
BLACK
6
CONTINUOUS
10
0.0631959448818898
20
0.4877262204724409
11
0.0632120472440945
21
0.4876841338582677
0
LINE
8
BLACK
6
CONTINUOUS
10
0.0632120472440945
20
0.4876841338582677
11
0.0632247637795276
21
0.487666968503937
0
LINE
8
BLACK
6
CONTINUOUS
10
0.0632247637795276
20
0.487666968503937
11
0.063311062992126
21
0.4874253937007874
0
LINE
8
BLACK
6
CONTINUOUS
10
0.063311062992126
20
0.4874253937007874
11
0.0634028346456693
21
0.4871856299212599
0
LINE
8
BLACK
6
CONTINUOUS
10
0.0634028346456693
20
0.4871856299212599
11
0.0634043307086614
21
0.4871643700787401
0
LINE
8
BLACK
6
CONTINUOUS
10
0.0634043307086614
20
0.4871643700787401
11
0.0634195275590551
21
0.4871218503937008
0
LINE
8
BLACK
6
CONTINUOUS
10
0.0634195275590551
20
0.4871218503937008
11
0.0652942913385827
21
0.4796227952755905
0
LINE
8
BLACK
6
CONTINUOUS
10
0.0652942913385827
20
0.4796227952755905
11
0.0653090551181102
21
0.4795229527559055
0
LINE
8
BLACK
6
CONTINUOUS
10
0.0653090551181102
20
0.4795229527559055
11
0.0653257086614173
21
0.4794827165354331
0
LINE
8
BLACK
6
CONTINUOUS
10
0.0653257086614173
20
0.4794827165354331
11
0.0653470472440945
21
0.4792657086614173
0
LINE
8
BLACK
6
CONTINUOUS
10
0.0653470472440945
20
0.4792657086614173
11
0.065378937007874
21
0.4790501968503937
0
LINE
8
BLACK
6
CONTINUOUS
10
0.065378937007874
20
0.4790501968503937
11
0.0653725196850394
21
0.4790072047244094
0
LINE
8
BLACK
6
CONTINUOUS
10
0.0653725196850394
20
0.4790072047244094
11
0.0653824409448819
21
0.4789066535433071
0
LINE
8
BLACK
6
CONTINUOUS
10
0.0653824409448819
20
0.4789066535433071
11
0.0653824409448819
21
0.4695328346456693
0
LINE
8
BLACK
6
CONTINUOUS
10
0.0653824409448819
20
0.4695328346456693
11
0.0653725196850394
21
0.4694323228346456
0
LINE
8
BLACK
6
CONTINUOUS
10
0.0653725196850394
20
0.4694323228346456
11
0.065378937007874
21
0.4693892913385826
0
LINE
8
BLACK
6
CONTINUOUS
10
0.065378937007874
20
0.4693892913385826
11
0.0653470472440945
21
0.4691738188976378
0
LINE
8
BLACK
6
CONTINUOUS
10
0.0653470472440945
20
0.4691738188976378
11
0.0653257086614173
21
0.4689567716535433
0
LINE
8
BLACK
6
CONTINUOUS
10
0.0653257086614173
20
0.4689567716535433
11
0.0653090551181102
21
0.4689165748031496
0
LINE
8
BLACK
6
CONTINUOUS
10
0.0653090551181102
20
0.4689165748031496
11
0.0652942913385827
21
0.4688166929133858
0
LINE
8
BLACK
6
CONTINUOUS
10
0.0652942913385827
20
0.4688166929133858
11
0.0634195275590551
21
0.4613176377952756
0
LINE
8
BLACK
6
CONTINUOUS
10
0.0634195275590551
20
0.4613176377952756
11
0.0634043307086614
21
0.4612751574803149
0
LINE
8
BLACK
6
CONTINUOUS
10
0.0634043307086614
20
0.4612751574803149
11
0.0634028346456693
21
0.4612538582677165
0
LINE
8
BLACK
6
CONTINUOUS
10
0.0634028346456693
20
0.4612538582677165
11
0.063311062992126
21
0.4610141338582677
0
LINE
8
BLACK
6
CONTINUOUS
10
0.063311062992126
20
0.4610141338582677
11
0.0632247637795276
21
0.4607725196850394
0
LINE
8
BLACK
6
CONTINUOUS
10
0.0632247637795276
20
0.4607725196850394
11
0.0632120472440945
21
0.4607553937007874
0
LINE
8
BLACK
6
CONTINUOUS
10
0.0632120472440945
20
0.4607553937007874
11
0.0631959448818898
21
0.4607132677165354
0
LINE
8
BLACK
6
CONTINUOUS
10
0.0631959448818898
20
0.4607132677165354
11
0.0613211811023622
21
0.4569637401574803
0
LINE
8
BLACK
6
CONTINUOUS
10
0.0613211811023622
20
0.4569637401574803
11
0.0611651181102362
21
0.4567158661417323
0
LINE
8
BLACK
6
CONTINUOUS
10
0.0611651181102362
20
0.4567158661417323
11
0.0611353149606299
21
0.4566438188976378
0
LINE
8
BLACK
6
CONTINUOUS
10
0.0611353149606299
20
0.4566438188976378
11
0.0610687795275591
21
0.4565627952755905
0
LINE
8
BLACK
6
CONTINUOUS
10
0.0610687795275591
20
0.4565627952755905
11
0.0610128346456693
21
0.4564738582677165
0
LINE
8
BLACK
6
CONTINUOUS
10
0.0610128346456693
20
0.4564738582677165
11
0.0609538188976378
21
0.456422716535433
0
LINE
8
BLACK
6
CONTINUOUS
10
0.0609538188976378
20
0.456422716535433
11
0.0607680708661417
21
0.4561963385826772
0
LINE
8
BLACK
6
CONTINUOUS
10
0.0607680708661417
20
0.4561963385826772
11
0.0588933464566929
21
0.4543215748031496
0
LINE
8
BLACK
6
CONTINUOUS
10
0.0588933464566929
20
0.4543215748031496
11
0.058666968503937
21
0.4541358267716535
0
LINE
8
BLACK
6
CONTINUOUS
10
0.058666968503937
20
0.4541358267716535
11
0.0586157874015748
21
0.4540767716535433
0
LINE
8
BLACK
6
CONTINUOUS
10
0.0586157874015748
20
0.4540767716535433
11
0.058526811023622
21
0.4540207874015748
0
LINE
8
BLACK
6
CONTINUOUS
10
0.058526811023622
20
0.4540207874015748
11
0.0584458661417323
21
0.4539543307086614
0
LINE
8
BLACK
6
CONTINUOUS
10
0.0584458661417323
20
0.4539543307086614
11
0.0583738976377953
21
0.4539245275590551
0
LINE
8
BLACK
6
CONTINUOUS
10
0.0583738976377953
20
0.4539245275590551
11
0.058125905511811
21
0.4537684251968504
0
LINE
8
BLACK
6
CONTINUOUS
10
0.058125905511811
20
0.4537684251968504
11
0.0543763779527559
21
0.4518936614173228
0
LINE
8
BLACK
6
CONTINUOUS
10
0.0543763779527559
20
0.4518936614173228
11
0.0538357480314961
21
0.4516867716535433
0
LINE
8
BLACK
6
CONTINUOUS
10
0.0538357480314961
20
0.4516867716535433
11
0.0537299212598425
21
0.4516792913385826
0
LINE
8
BLACK
6
CONTINUOUS
10
0.0537299212598425
20
0.4516792913385826
11
0.0536319291338583
21
0.4516386614173228
0
LINE
8
BLACK
6
CONTINUOUS
10
0.0536319291338583
20
0.4516386614173228
11
0.0530558661417323
21
0.4515819291338583
0
LINE
8
BLACK
6
CONTINUOUS
10
0.0530558661417323
20
0.4515819291338583
11
0.0493063385826772
21
0.4515819291338583
0
LINE
8
BLACK
6
CONTINUOUS
10
0.0493063385826772
20
0.4515819291338583
11
0.0487302755905512
21
0.4516386614173228
0
LINE
8
BLACK
6
CONTINUOUS
10
0.0487302755905512
20
0.4516386614173228
11
0.0486322834645669
21
0.4516792519685039
0
LINE
8
BLACK
6
CONTINUOUS
10
0.0486322834645669
20
0.4516792519685039
11
0.0485264173228346
21
0.4516867716535433
0
LINE
8
BLACK
6
CONTINUOUS
10
0.0485264173228346
20
0.4516867716535433
11
0.0479858267716535
21
0.4518936614173228
0
LINE
8
BLACK
6
CONTINUOUS
10
0.0479858267716535
20
0.4518936614173228
11
0.0442362992125984
21
0.4537684251968504
0
LINE
8
BLACK
6
CONTINUOUS
10
0.0442362992125984
20
0.4537684251968504
11
0.0439882677165354
21
0.4539245275590551
0
LINE
8
BLACK
6
CONTINUOUS
10
0.0439882677165354
20
0.4539245275590551
11
0.0439163385826772
21
0.4539543307086614
0
LINE
8
BLACK
6
CONTINUOUS
10
0.0439163385826772
20
0.4539543307086614
11
0.0438353543307087
21
0.4540207874015748
0
LINE
8
BLACK
6
CONTINUOUS
10
0.0438353543307087
20
0.4540207874015748
11
0.0437464173228346
21
0.4540767716535433
0
LINE
8
BLACK
6
CONTINUOUS
10
0.0437464173228346
20
0.4540767716535433
11
0.0436951968503937
21
0.4541358267716535
0
LINE
8
BLACK
6
CONTINUOUS
10
0.0436951968503937
20
0.4541358267716535
11
0.0434688582677165
21
0.4543215748031496
0
LINE
8
BLACK
6
CONTINUOUS
10
0.0434688582677165
20
0.4543215748031496
11
0.041594094488189
21
0.4561963779527559
0
LINE
8
BLACK
6
CONTINUOUS
10
0.041594094488189
20
0.4561963779527559
11
0.0414083464566929
21
0.456422716535433
0
LINE
8
BLACK
6
CONTINUOUS
10
0.0414083464566929
20
0.456422716535433
11
0.0413493700787402
21
0.4564738582677165
0
LINE
8
BLACK
6
CONTINUOUS
10
0.0413493700787402
20
0.4564738582677165
11
0.0412933858267717
21
0.4565627952755905
0
LINE
8
BLACK
6
CONTINUOUS
10
0.0412933858267717
20
0.4565627952755905
11
0.0412268897637795
21
0.4566438188976378
0
LINE
8
BLACK
6
CONTINUOUS
10
0.0412268897637795
20
0.4566438188976378
11
0.0411970472440945
21
0.4567158661417323
0
LINE
8
BLACK
6
CONTINUOUS
10
0.0411970472440945
20
0.4567158661417323
11
0.0410410236220472
21
0.4569637401574803
0
LINE
8
BLACK
6
CONTINUOUS
10
0.0410410236220472
20
0.4569637401574803
11
0.0391662598425197
21
0.4607132677165354
0
LINE
8
BLACK
6
CONTINUOUS
10
0.0391662598425197
20
0.4607132677165354
11
0.0391501181102362
21
0.4607553937007874
0
LINE
8
BLACK
6
CONTINUOUS
10
0.0391501181102362
20
0.4607553937007874
11
0.0391374409448819
21
0.4607725196850394
0
LINE
8
BLACK
6
CONTINUOUS
10
0.0391374409448819
20
0.4607725196850394
11
0.0390509842519685
21
0.4610144881889764
0
LINE
8
BLACK
6
CONTINUOUS
10
0.0390509842519685
20
0.4610144881889764
11
0.0389593700787402
21
0.4612538976377953
0
LINE
8
BLACK
6
CONTINUOUS
10
0.0389593700787402
20
0.4612538976377953
11
0.0389578346456693
21
0.4612751574803149
0
LINE
8
BLACK
6
CONTINUOUS
10
0.0389578346456693
20
0.4612751574803149
11
0.0389426771653543
21
0.4613176377952756
0
LINE
8
BLACK
6
CONTINUOUS
10
0.0389426771653543
20
0.4613176377952756
11
0.0370679133858268
21
0.4688166929133858
0
LINE
8
BLACK
6
CONTINUOUS
10
0.0370679133858268
20
0.4688166929133858
11
0.0370531102362205
21
0.4689165748031496
0
LINE
8
BLACK
6
CONTINUOUS
10
0.0370531102362205
20
0.4689165748031496
11
0.0370364960629921
21
0.4689567716535433
0
LINE
8
BLACK
6
CONTINUOUS
10
0.0370364960629921
20
0.4689567716535433
11
0.0370151181102362
21
0.4691738188976378
0
LINE
8
BLACK
6
CONTINUOUS
10
0.0370151181102362
20
0.4691738188976378
11
0.0369832677165354
21
0.4693892913385826
0
LINE
8
BLACK
6
CONTINUOUS
10
0.0369832677165354
20
0.4693892913385826
11
0.0369896456692913
21
0.4694323228346456
0
LINE
8
BLACK
6
CONTINUOUS
10
0.0369896456692913
20
0.4694323228346456
11
0.0369797637795276
21
0.4695328346456693
0
LINE
8
BLACK
6
CONTINUOUS
10
0.0369797637795276
20
0.4695328346456693
11
0.0369797637795276
21
0.4789066535433071
0
LINE
8
BLACK
6
CONTINUOUS
10
0.0369797637795276
20
0.4789066535433071
11
0.0369896456692913
21
0.4790072047244094
0
LINE
8
BLACK
6
CONTINUOUS
10
0.0369896456692913
20
0.4790072047244094
11
0.0369832677165354
21
0.4790501968503937
0
LINE
8
BLACK
6
CONTINUOUS
10
0.0369832677165354
20
0.4790501968503937
11
0.0370151181102362
21
0.4792657086614173
0
LINE
8
BLACK
6
CONTINUOUS
10
0.0370151181102362
20
0.4792657086614173
11
0.0370364960629921
21
0.4794827165354331
0
LINE
8
BLACK
6
CONTINUOUS
10
0.0370364960629921
20
0.4794827165354331
11
0.0370531102362205
21
0.4795229527559055
0
LINE
8
BLACK
6
CONTINUOUS
10
0.0370531102362205
20
0.4795229527559055
11
0.0370679133858268
21
0.4796227952755905
0
LINE
8
BLACK
6
CONTINUOUS
10
0.0370679133858268
20
0.4796227952755905
11
0.0389426771653543
21
0.4871218503937008
0
LINE
8
BLACK
6
CONTINUOUS
10
0.0389426771653543
20
0.4871218503937008
11
0.0389578346456693
21
0.4871643700787401
0
LINE
8
BLACK
6
CONTINUOUS
10
0.0389578346456693
20
0.4871643700787401
11
0.0389593700787402
21
0.4871855905511811
0
LINE
8
BLACK
6
CONTINUOUS
10
0.0389593700787402
20
0.4871855905511811
11
0.0390509842519685
21
0.4874250393700787
0
LINE
8
BLACK
6
CONTINUOUS
10
0.0390509842519685
20
0.4874250393700787
11
0.0391374409448819
21
0.487666968503937
0
LINE
8
BLACK
6
CONTINUOUS
10
0.0391374409448819
20
0.487666968503937
11
0.0391501181102362
21
0.4876841338582677
0
LINE
8
BLACK
6
CONTINUOUS
10
0.0391501181102362
20
0.4876841338582677
11
0.0391662598425197
21
0.4877262204724409
0
LINE
8
BLACK
6
CONTINUOUS
10
0.0391662598425197
20
0.4877262204724409
11
0.0410410236220472
21
0.4914757480314961
0
LINE
8
BLACK
6
CONTINUOUS
10
0.0410410236220472
20
0.4914757480314961
11
0.0411970866141732
21
0.491723779527559
0
LINE
8
BLACK
6
CONTINUOUS
10
0.0411970866141732
20
0.491723779527559
11
0.0412269291338583
21
0.4917957086614173
0
LINE
8
BLACK
6
CONTINUOUS
10
0.0412269291338583
20
0.4917957086614173
11
0.0412933858267717
21
0.4918766929133858
0
LINE
8
BLACK
6
CONTINUOUS
10
0.0412933858267717
20
0.4918766929133858
11
0.0413493700787402
21
0.4919656299212598
0
LINE
8
BLACK
6
CONTINUOUS
10
0.0413493700787402
20
0.4919656299212598
11
0.0414083464566929
21
0.492016811023622
0
LINE
8
BLACK
6
CONTINUOUS
10
0.0414083464566929
20
0.492016811023622
11
0.0415941338582677
21
0.4922431496062992
0
LINE
8
BLACK
6
CONTINUOUS
10
0.0415941338582677
20
0.4922431496062992
11
0.0434688976377953
21
0.4941179133858268
0
LINE
8
BLACK
6
CONTINUOUS
10
0.0434688976377953
20
0.4941179133858268
11
0.0436952362204724
21
0.4943037007874015
0
LINE
8
BLACK
6
CONTINUOUS
10
0.0436952362204724
20
0.4943037007874015
11
0.0437464173228346
21
0.4943626771653543
0
LINE
8
BLACK
6
CONTINUOUS
10
0.0437464173228346
20
0.4943626771653543
11
0.0438353543307087
21
0.4944186614173228
0
LINE
8
BLACK
6
CONTINUOUS
10
0.0438353543307087
20
0.4944186614173228
11
0.0439163385826772
21
0.4944851181102362
0
LINE
8
BLACK
6
CONTINUOUS
10
0.0439163385826772
20
0.4944851181102362
11
0.0439882677165354
21
0.4945149606299212
0
LINE
8
BLACK
6
CONTINUOUS
10
0.0439882677165354
20
0.4945149606299212
11
0.0442362992125984
21
0.4946710236220472
0
LINE
8
BLACK
6
CONTINUOUS
10
0.0442362992125984
20
0.4946710236220472
11
0.0479858267716535
21
0.4965457874015748
0
LINE
8
BLACK
6
CONTINUOUS
10
0.0479858267716535
20
0.4965457874015748
11
0.0485264173228346
21
0.4967526771653543
0
LINE
8
BLACK
6
CONTINUOUS
10
0.0485264173228346
20
0.4967526771653543
11
0.0486322834645669
21
0.4967602362204724
0
LINE
8
BLACK
6
CONTINUOUS
10
0.0486322834645669
20
0.4967602362204724
11
0.0487302755905512
21
0.4968007874015748
0
LINE
8
BLACK
6
CONTINUOUS
10
0.0487302755905512
20
0.4968007874015748
11
0.0493063385826772
21
0.4968575196850394
0
LINE
8
BLACK
6
CONTINUOUS
10
0.0493063385826772
20
0.4968575196850394
11
0.0530558661417323
21
0.4968575196850394
0
LINE
8
BLACK
6
CONTINUOUS
10
0.0530558661417323
20
0.4968575196850394
11
0.0536319291338583
21
0.4968007874015748
0
LINE
8
BLACK
6
CONTINUOUS
10
0.047305905511811
20
0.4896032677165354
11
0.0461087795275591
21
0.4884061417322835
0
LINE
8
BLACK
6
CONTINUOUS
10
0.0461087795275591
20
0.4884061417322835
11
0.0445932677165354
21
0.485375157480315
0
LINE
8
BLACK
6
CONTINUOUS
10
0.0445932677165354
20
0.485375157480315
11
0.0428852755905512
21
0.4785431102362205
0
LINE
8
BLACK
6
CONTINUOUS
10
0.0428852755905512
20
0.4785431102362205
11
0.0428852755905512
21
0.4698963779527559
0
LINE
8
BLACK
6
CONTINUOUS
10
0.0428852755905512
20
0.4698963779527559
11
0.0445932677165354
21
0.4630643307086614
0
LINE
8
BLACK
6
CONTINUOUS
10
0.0445932677165354
20
0.4630643307086614
11
0.0461087795275591
21
0.4600333464566929
0
LINE
8
BLACK
6
CONTINUOUS
10
0.0461087795275591
20
0.4600333464566929
11
0.047305905511811
21
0.4588361811023622
0
LINE
8
BLACK
6
CONTINUOUS
10
0.047305905511811
20
0.4588361811023622
11
0.0500033858267717
21
0.4574874409448819
0
LINE
8
BLACK
6
CONTINUOUS
10
0.0500033858267717
20
0.4574874409448819
11
0.0523588188976378
21
0.4574874409448819
0
LINE
8
BLACK
6
CONTINUOUS
10
0.0523588188976378
20
0.4574874409448819
11
0.0550562598425197
21
0.4588361811023622
0
LINE
8
BLACK
6
CONTINUOUS
10
0.0550562598425197
20
0.4588361811023622
11
0.0562533858267717
21
0.4600333464566929
0
LINE
8
BLACK
6
CONTINUOUS
10
0.0562533858267717
20
0.4600333464566929
11
0.0577688976377953
21
0.4630643307086614
0
LINE
8
BLACK
6
CONTINUOUS
10
0.0577688976377953
20
0.4630643307086614
11
0.0594769291338583
21
0.4698963779527559
0
LINE
8
BLACK
6
CONTINUOUS
10
0.0594769291338583
20
0.4698963779527559
11
0.0594769291338583
21
0.4785431102362205
0
LINE
8
BLACK
6
CONTINUOUS
10
0.0594769291338583
20
0.4785431102362205
11
0.0577688976377953
21
0.485375157480315
0
LINE
8
BLACK
6
CONTINUOUS
10
0.0577688976377953
20
0.485375157480315
11
0.0562534251968504
21
0.4884061417322835
0
LINE
8
BLACK
6
CONTINUOUS
10
0.0562534251968504
20
0.4884061417322835
11
0.0550562992125984
21
0.4896032677165354
0
LINE
8
BLACK
6
CONTINUOUS
10
0.0550562992125984
20
0.4896032677165354
11
0.0523588188976378
21
0.4909520078740157
0
LINE
8
BLACK
6
CONTINUOUS
10
0.0523588188976378
20
0.4909520078740157
11
0.0500033858267717
21
0.4909520078740157
0
LINE
8
BLACK
6
CONTINUOUS
10
0.0500033858267717
20
0.4909520078740157
11
0.047305905511811
21
0.4896032677165354
0
LINE
8
BLACK
6
CONTINUOUS
10
-0.0352924015748032
20
0.4963598818897638
11
-0.0344777559055118
21
0.4955452362204724
0
LINE
8
BLACK
6
CONTINUOUS
10
-0.0344777559055118
20
0.4955452362204724
11
-0.0340368503937008
21
0.4944808267716536
0
LINE
8
BLACK
6
CONTINUOUS
10
-0.0340368503937008
20
0.4944808267716536
11
-0.0339801181102362
21
0.4939047637795275
0
LINE
8
BLACK
6
CONTINUOUS
10
-0.0339801181102362
20
0.4939047637795275
11
-0.0339801181102362
21
0.4781098818897638
0
LINE
8
BLACK
6
CONTINUOUS
10
-0.0339801181102362
20
0.4781098818897638
11
-0.0173884645669291
21
0.4781098818897638
0
LINE
8
BLACK
6
CONTINUOUS
10
-0.0173884645669291
20
0.4781098818897638
11
-0.0173884645669291
21
0.4939047637795275
0
LINE
8
BLACK
6
CONTINUOUS
10
-0.0173884645669291
20
0.4939047637795275
11
-0.0173317322834646
21
0.4944808267716536
0
LINE
8
BLACK
6
CONTINUOUS
10
-0.0173317322834646
20
0.4944808267716536
11
-0.0168908267716535
21
0.4955452362204724
0
LINE
8
BLACK
6
CONTINUOUS
10
-0.0168908267716535
20
0.4955452362204724
11
-0.0160761811023622
21
0.4963598818897638
0
LINE
8
BLACK
6
CONTINUOUS
10
-0.0160761811023622
20
0.4963598818897638
11
-0.0150117716535433
21
0.4968007874015748
0
LINE
8
BLACK
6
CONTINUOUS
10
-0.0150117716535433
20
0.4968007874015748
11
-0.0138596456692913
21
0.4968007874015748
0
LINE
8
BLACK
6
CONTINUOUS
10
-0.0138596456692913
20
0.4968007874015748
11
-0.0127952362204724
21
0.4963598818897638
0
LINE
8
BLACK
6
CONTINUOUS
10
-0.0127952362204724
20
0.4963598818897638
11
-0.0119805905511811
21
0.4955452362204724
0
LINE
8
BLACK
6
CONTINUOUS
10
-0.0119805905511811
20
0.4955452362204724
11
-0.0115396850393701
21
0.4944808267716536
0
LINE
8
BLACK
6
CONTINUOUS
10
-0.0115396850393701
20
0.4944808267716536
11
-0.0114829527559055
21
0.4939047637795275
0
LINE
8
BLACK
6
CONTINUOUS
10
-0.0114829527559055
20
0.4939047637795275
11
-0.0114829527559055
21
0.4545346850393701
0
LINE
8
BLACK
6
CONTINUOUS
10
-0.0114829527559055
20
0.4545346850393701
11
-0.0115396850393701
21
0.4539586220472441
0
LINE
8
BLACK
6
CONTINUOUS
10
-0.0115396850393701
20
0.4539586220472441
11
-0.0119805905511811
21
0.4528942125984252
0
LINE
8
BLACK
6
CONTINUOUS
10
-0.0119805905511811
20
0.4528942125984252
11
-0.0127952362204724
21
0.4520795669291339
0
LINE
8
BLACK
6
CONTINUOUS
10
-0.0127952362204724
20
0.4520795669291339
11
-0.0138596456692913
21
0.4516386614173228
0
LINE
8
BLACK
6
CONTINUOUS
10
-0.0138596456692913
20
0.4516386614173228
11
-0.0150117716535433
21
0.4516386614173228
0
LINE
8
BLACK
6
CONTINUOUS
10
-0.0150117716535433
20
0.4516386614173228
11
-0.0160761811023622
21
0.4520795669291339
0
LINE
8
BLACK
6
CONTINUOUS
10
-0.0160761811023622
20
0.4520795669291339
11
-0.0168908267716535
21
0.4528942125984252
0
LINE
8
BLACK
6
CONTINUOUS
10
-0.0168908267716535
20
0.4528942125984252
11
-0.0173317322834646
21
0.4539586220472441
0
LINE
8
BLACK
6
CONTINUOUS
10
-0.0173317322834646
20
0.4539586220472441
11
-0.0173884645669291
21
0.4545346850393701
0
LINE
8
BLACK
6
CONTINUOUS
10
-0.0173884645669291
20
0.4545346850393701
11
-0.0173884645669291
21
0.4722043700787402
0
LINE
8
BLACK
6
CONTINUOUS
10
-0.0173884645669291
20
0.4722043700787402
11
-0.0339801181102362
21
0.4722043700787402
0
LINE
8
BLACK
6
CONTINUOUS
10
-0.0339801181102362
20
0.4722043700787402
11
-0.0339801181102362
21
0.4545346850393701
0
LINE
8
BLACK
6
CONTINUOUS
10
-0.0339801181102362
20
0.4545346850393701
11
-0.0340368503937008
21
0.4539586220472441
0
LINE
8
BLACK
6
CONTINUOUS
10
-0.0340368503937008
20
0.4539586220472441
11
-0.0344777559055118
21
0.4528942125984252
0
LINE
8
BLACK
6
CONTINUOUS
10
-0.0344777559055118
20
0.4528942125984252
11
-0.0352924015748032
21
0.4520795669291339
0
LINE
8
BLACK
6
CONTINUOUS
10
-0.0352924015748032
20
0.4520795669291339
11
-0.036356811023622
21
0.4516386614173228
0
LINE
8
BLACK
6
CONTINUOUS
10
-0.036356811023622
20
0.4516386614173228
11
-0.037508937007874
21
0.4516386614173228
0
LINE
8
BLACK
6
CONTINUOUS
10
-0.037508937007874
20
0.4516386614173228
11
-0.0385733464566929
21
0.4520795669291339
0
LINE
8
BLACK
6
CONTINUOUS
10
-0.0385733464566929
20
0.4520795669291339
11
-0.0393879921259843
21
0.4528942125984252
0
LINE
8
BLACK
6
CONTINUOUS
10
-0.0393879921259843
20
0.4528942125984252
11
-0.0398288976377953
21
0.4539586220472441
0
LINE
8
BLACK
6
CONTINUOUS
10
-0.0398288976377953
20
0.4539586220472441
11
-0.0398856299212598
21
0.4545346850393701
0
LINE
8
BLACK
6
CONTINUOUS
10
-0.0398856299212598
20
0.4545346850393701
11
-0.0398856299212598
21
0.4939047637795275
0
LINE
8
BLACK
6
CONTINUOUS
10
-0.0398856299212598
20
0.4939047637795275
11
-0.0398288976377953
21
0.4944808267716536
0
LINE
8
BLACK
6
CONTINUOUS
10
-0.0398288976377953
20
0.4944808267716536
11
-0.0393879921259843
21
0.4955452362204724
0
LINE
8
BLACK
6
CONTINUOUS
10
-0.0393879921259843
20
0.4955452362204724
11
-0.0385733464566929
21
0.4963598818897638
0
LINE
8
BLACK
6
CONTINUOUS
10
-0.0385733464566929
20
0.4963598818897638
11
-0.037508937007874
21
0.4968007874015748
0
LINE
8
BLACK
6
CONTINUOUS
10
-0.037508937007874
20
0.4968007874015748
11
-0.036356811023622
21
0.4968007874015748
0
LINE
8
BLACK
6
CONTINUOUS
10
-0.036356811023622
20
0.4968007874015748
11
-0.0352924015748032
21
0.4963598818897638
0
CIRCLE
8
BLACK
10
-0.4724409448818898
20
0.
40
0.0068897637795276
0
CIRCLE
8
BLACK
10
0.
20
-0.4724409448818898
40
0.0068897637795276
0
CIRCLE
8
BLACK
10
0.4251968503937008
20
0.0039370078740157
40
0.0068897637795276
0
CIRCLE
8
BLACK
10
0.3251968503937008
20
0.1039370078740157
40
0.0068897637795276
0
CIRCLE
8
BLACK
10
0.3251968503937008
20
-0.0960629921259843
40
0.0068897637795276
0
CIRCLE
8
BLACK
10
0.5251968503937008
20
0.1039370078740157
40
0.0068897637795276
0
CIRCLE
8
BLACK
10
0.5251968503937008
20
-0.0960629921259843
40
0.0068897637795276
0
CIRCLE
8
BLACK
10
-0.1771653543307087
20
0.2204724409448819
40
0.0068897637795276
0
CIRCLE
8
BLACK
10
0.
20
0.4724409448818898
40
0.0068897637795276
0
CIRCLE
8
BLACK
10
0.1771653543307087
20
-0.2125984251968504
40
0.0068897637795276
0
CIRCLE
8
BLACK
10
-0.1771653543307087
20
-0.2125984251968504
40
0.0068897637795276
0
CIRCLE
8
BLACK
10
0.1771653543307087
20
0.2204724409448819
40
0.0068897637795276
  0
ENDSEC
  0
EOF
